题型,题目,选项,答案,解析
单选题,[2019年][河南中安]根据法的不同效力层级，下列安全生产法律法规和规章中，属于最低层级的安全生产立法是（    ）。,A.国务院通过的《安全生产许可证条例》|B.某直辖市人大常委会通过的《××市安全生产条例》|C.某省人民政府通过的《××省煤矿安全生产监督管理规定》|D.全国人大常委会通过的《特种设备安全法》,C,本题主要考查的是法的效力层级，法律＞行政法规＞地方性法规＞地方政府规章，属于高频考点。做题思路：需重点掌握法律法规的命名规则，通过法律法规的名称判定其所属的类别，以及掌握法的效力层级。 A属于行政法规；B属于地方性法规；C属于地方政府规章；D属于法律。依据法的效力层级由高到低排序是，法律、行政法规、地方性法规、地方政府规章。故选C。
单选题,[2019年][河南中安]县政府通过招商引资，在当地成立了一家大型股份制化工公司。根据《安全生产法》，关于该公司安全生产责任的说法，正确的是（    ）。,A.该公司应当保障安全生产条件所必需的资金投入，用于提高生产效率|B.该公司必须建立健全安全生产责任制和安全生产规章制度，改善安全生产条件，推进安全生产标准化建设|C.该公司股东大会对企业安全生产工作全面负责，应当定期听取安全生产工作汇报|D.该公司在制定或者修改有关安全生产的规章制度时，可以听取本公司工会的意见,B,本题主要考查的是公司安全生产责任，属于高频考点。做题思路：先理解掌握公司安全生产责任主要内容和对应关系，后进行区分记忆。 A错误，错在“用于提高生产效率”。根据《安全生产法》，第二十三条第二款：有关生产经营单位应当按照规定提取和使用安全生产费用，专门用于改善安全生产条件；C错误，错在“股东大会”。第五条：生产经营单位的主要负责人是本单位安全生产第一责任人，对本单位的安全生产工作全面负责；D错误，错在“可以”。第七条：工会依法对安全生产工作进行监督。生产经营单位的工会依法组织职工参加本单位安全生产工作的民主管理和民主监督，维护职工在安全生产方面的合法权益。生产经营单位制定或者修改有关安全生产的规章制度，应当听取工会的意见。故选B。
单选题,[2019年][河南中安]刘某、赵某、黄某、张某四人合伙成立一家金属冶炼公司，该公司董事长由最大的股东刘某担任，但刘某因生病长期休养，并不直接参与公司生产经营活动；公司总经理由赵某担任，全面负责生产经营活动；黄某担任冶炼车间主任，负责车间日常生产管理；张某担任公司工会主席。根据《安全生产法》，由（    ）负责督促、检查公司安全生产工作，及时消除安全生产事故隐患。,A.刘某|B.赵某|C.张某|D.黄某,B,本题主要考查的是生产经营单位的主要负责人，属于高频考点。根据《安全生产法》，生产经营单位主要负责人应当是直接领导、指挥生产经营单位日常生产经营活动、能够承担生产经营单位安全生产工作主要领导的决策人。故选B。
单选题,[2019年][河南中安]某矿山企业为改善矿井安全生产条件，制定了安全生产费用提取和使用管理制度。根据《安全生产法》，关于该企业安全生产费用提取和使用的说法，正确的是（    ）。,A.该企业应当根据经营情况提取和使用安全生产费用|B.该企业可使用安全生产费用提高安全生产管理人员待遇|C.该企业应当在成本中据实列支安全生产费用|D.该企业在发生亏损时可以停止提取安全生产费用,C,本题主要考查的是安全生产费用提取和使用，属于高频考点。做题思路：先理解掌握安全生产费用的提取依据，后进行着重记忆。A错误，错在“根据经营情况提取和使用”；B错误，错在“提高待遇”。有关生产经营单位应当按照规定提取和使用安全生产费用，专门用于改善安全生产条件；D错误，错在“亏损时可以停止提取”。根据《安全生产法》，生产经营单位应当具备的安全生产条件所必需的资金投入，由生产经营单位的决策机构、主要负责人或者个人经营的投资人予以保证，并对由于安全生产所必需的资金投入不足导致的后果承担责任。故选C。
单选题,[2019年][河南中安]根据《生产安全事故应急预案管理办法》，关于应急预案备案的说法，正确的是（    ）。,A.中央企业总部的应急预案，报所在地省级或设区的市级应急管理部门备案|B.油气输送管线运营企业的应急预案，报所跨行政区域的县级应急管理部门备案|C.煤矿企业的应急管理，报所在地的煤矿安全监察机关备案|D.省属金属冶炼企业的应急预案，报省级应急管理部门备案,D,本题主要考查的是应急预案备案。做题思路：先理解掌握各企业的性质和备案的层级，后进行区分记忆。A错误，错在“省级或设区的市级”。根据《生产安全事故应急预案管理办法》，中央企业总部的应急预案，报国务院主管的负有安全生产监督管理职责的部门备案，并抄送应急管理部；B错误，错在“没写和其他负有安全生产监督管理职责的部门进行备案，还应当抄送所经行政区域的县级人民政府应急管理部门”。油气输送管线运营企业的应急预案，按照分级属地原则，向县级以上人民政府应急管理部门和其他负有安全生产监督管理职责的部门进行备案，还应当抄送所经行政区域的县级人民政府应急管理部门；C错误，错在“煤矿安全监察机关”。煤矿企业的应急预案应按照分级属地原则，向县级以上人民政府应急管理部门和其他负有安全生产监督管理职责的部门进行备案，还应当抄送所在地的煤矿安全监察机构。故选D。
单选题,[2019年][河南中安]甲市乙县某焦化企业发生一起有毒气体泄漏事故，当场造成3人死亡、2人重伤。根据《生产安全事故信息报告和处置办法》，关于该事故信息报告与处置的做法，正确的是（    ）。,A.甲市安全监管部门负责人接到报告后，立即安排乙县安全监管部门负责人代其赶赴事故现场组织抢险救援|B.乙县安全监管部门从县医院接到又有1人因伤势过重死亡的报告后，因听说甲市安全监管部门已知该消息，故未向甲市安全监管部门补报|C.乙县安全监管部门按照有关规定，在县政府的统一安排下，组织开展事故调查处理工作|D.乙县安全监管部门在接到报告后2小时内上报甲市安全监管部门，并在1小时内电话快报省安全监管部门,D,本题主要考查的是事故报告，属于高频考点。做题思路：先理解掌握事故等级和上报的主体及时间，后进行区分记忆。A错误，错在“乙县”。发生较大事故的，设区的市级安全生产监督管理部门、省级煤矿安全监察局负责人应当立即赶赴事故现场；B错误，错在“未向甲市安全监管部门补报”。根据《生产安全事故信息报告和处置办法》，第十一条：事故具体情况暂时不清楚的，负责事故报告的单位可以先报事故概况，随后补报事故全面情况。事故信息报告后出现新情况的，负责事故报告的单位应当依照本办法第六条、第七条、第八条、第九条的规定及时续报。较大涉险事故、一般事故、较大事故每日至少续报1次；重大事故、特别重大事故每日至少续报2次。自事故发生之日起30日内（道路交通、火灾事故自发生之日起7日内），事故造成的伤亡人数发生变化的，应于当日续报；C错误，错在“县政府”。根据《生产安全事故报告和调查处理条例》，第十九条：特别重大事故由国务院或者国务院授权有关部门组织事故调查组进行调查。重大事故、较大事故、一般事故分别由事故发生地省级人民政府、设区的市级人民政府、县级人民政府负责调查。故选D。
单选题,[2019年][河南中安]甲建筑公司在某市承建商业大厦，进行吊装作业。根据《安全生产法》，关于该吊装作业现场安全管理的说法，正确的是（    ）。,A.甲建筑公司应当安排专门人员进行现场安全管理|B.该市安全监管部门应当安排专门人员进行现场安全管理|C.该市建设主管部门应当安排专门人员负责现场安全管理|D.项目设计单位应当安排专门人员负责现场安全管理,A,本题主要考查的是现场安全管理。根据《安全生产法》，第四十三条：生产经营单位进行爆破、吊装、动火、临时用电以及国务院应急管理部门会同国务院有关部门规定的其他危险作业，应当安排专门人员进行现场安全管理，确保操作规程的遵守和安全措施的落实。故选A。
单选题,[2019年][河南中安]甲煤矿企业拟对矿井进行改扩建，通过招投标与乙矿山设计院签订了安全设施设计合同，与丙矿山建筑公司签订了施工合同，与丁公司签订了建设项目施工监理合同。根据《安全生产法》，关于该煤矿改扩建项目安全管理的说法，正确的是（    ）。,A.项目安全设施设计应当经甲煤矿企业审查批准后即可施工|B.乙矿山设计院、丁公司应当对该项目安全设施设计共同负责|C.丙公司应当对该矿井改扩建项目安全设施的施工质量负责|D.项目竣工后应当由安全监管部门负责组织对安全设施进行验收,C,本题主要考查的是煤矿改扩建项目安全管理。做题思路：先理解掌握主管煤矿各项事宜的部门，和各方主体的责任，后进行区分记忆。A错误，错在“经甲煤矿企业审查”。矿山、金属冶炼建设项目和用于生产、储存、装卸危险物品的建设项目的安全设施设计应当按照国家有关规定报经有关部门审查，审查部门及其负责审查的人员对审查结果负责；B错误，错在“丁公司”。建设项目安全设施的设计人、设计单位应当对安全设施设计负责；C正确。根据《安全生产法》，第三十四条：矿山、金属冶炼建设项目和用于生产、储存、装卸危险物品的建设项目的施工单位必须按照批准的安全设施设计施工，并对安全设施的工程质量负责；D错误，错在“由安全监管部门负责组织验收”。矿山、金属冶炼建设项目和用于生产、储存、装卸危险物品的建设项目竣工投入生产或者使用前，应当由建设单位负责组织对安全设施进行验收；验收合格后，方可投入生产和使用。负有安全生产监督管理职责的部门应当加强对建设单位验收活动和验收结果的监督核查。故选C。
单选题,[2019年][河南中安]根据《安全生产法》，关于企业安全生产管理的做法，正确的是（    ）。,A.某化工企业因厂房紧张，在外租用一处独栋三层楼房存放电石半成品，一楼用作仓库；二楼用作仓库管理人员宿舍，三楼用作员工活动室|B.某肉类加工企业生产车间设有四个安全出口，为方便职工考勤管理，只保留一个出口作为职工上下班使用，其他三个出口长期锁闭|C.某KTV酒吧重新进行装修，改变了内部格局，同时设置了若干疏散标志和两个紧急安全出口|D.某煤矿企业根据矿井设计要求建设了一处地面炸药库，该炸药库远离该矿职工自盖简易生活用房，但紧邻煤矿地面主要生产经营场所,C,本题主要考查的是企业安全生产管理。做题思路：先理解掌握企业安全生产管理的细节，后进行加强记忆。A错误，错在“二楼用作仓库管理人员宿舍”；B错误，错在“保留一个出口，其他三个出口长期锁闭”；D错误，错在“紧邻煤矿地面主要生产经营场所”。根据《安全生产法》，第四十二条：生产、经营、储存、使用危险物品的车间、商店、仓库不得与员工宿舍在同一座建筑物内，并应当与员工宿舍保持安全距离。生产经营场所和员工宿舍应当设有符合紧急疏散要求、标志明显、保持畅通的出口、疏散通道。禁止占用、锁闭、封堵生产经营场所或者员工宿舍的出口、疏散通道。故选C。
单选题,[2019年][河南中安]根据《安全生产法》，关于生产安全事故应急救援与调查处理的说法，正确的是（    ）。,A.单位负责人接到事故报告后，除因病重、出国或无法及时赶到现场等原因外，必须迅速采取一切有效措施，组织事故抢救|B.除尚未查清伤亡人数、财产损失等原因外，必须立即将事故报告当地安全监管部门|C.除尚未核实事故起因和伤亡人数等原因外，不得迟报事故|D.在任何情况下均不得故意破坏事故现场和毁灭有关证据,D,本题主要考查的是事故应急救援与调查处理，属于高频考点。做题思路：先理解掌握生产经营单位和政府部门的主要职责，后进行区分记忆。A错误，错在“除因病重、出国或无法及时赶到现场等原因外”；B错误，错在“除尚未查清伤亡人数、财产损失等原因外”；D错误，错在“除尚未核实事故起因和伤亡人数等原因外”。根据《安全生产法》，第八十三条：生产经营单位发生生产安全事故后，事故现场有关人员应当立即报告本单位负责人。单位负责人接到事故报告后，应当迅速采取有效措施，组织抢救，防止事故扩大，减少人员伤亡和财产损失，并按照国家有关规定立即如实报告当地负有安全生产监督管理职责的部门，不得隐瞒不报、谎报或者迟报，不得故意破坏事故现场、毁灭有关证据。故选D。
单选题,[2019年][河南中安]根据《安全生产法》，关于安全生产监督检查人员履行安全监管职责的说法，正确的是（    ）。,A.监督检查人员忘记携带执法证件，可以口头告知被检查单位来意|B.涉及被检查单位技术秘密和业务秘密的，监督检查人员不得进行检查|C.监督检查人员将检查出来的问题及其处理情况，可以书面或者口头形式告知被检查单位的负责人|D.被检查单位的负责人拒绝签字的，监督检查人员应当将情况记录在案，并向负有安全监管职责的部门报告,D,本题主要考查的是安全生产监督检查人员安全监管职责，属于高频考点。做题思路：先理解掌握检察人员的职责，后进行细节记忆。A错误，错在“口头告知”；B错误，错在“不得进行检查”。根据《安全生产法》，第六十七条：安全生产监督检查人员应当忠于职守，坚持原则，秉公执法。安全生产监督检查人员执行监督检查任务时，必须出示有效的行政执法证件；对涉及被检查单位的技术秘密和业务秘密，应当为其保密；C错误，错在“口头形式告知”。第六十八条：安全生产监督检查人员应当将检查的时间、地点、内容、发现的问题及其处理情况，作出书面记录，并由检查人员和被检查单位的负责人签字；被检查单位的负责人拒绝签字的，检查人员应当将情况记录在案，并向负有安全生产监督管理职责的部门报告。故选D。
单选题,[2019年][河南中安]根据《安全生产法》，关于生产安全事故应急救援工作的说法，正确的是（    ）。,A.乡镇人民政府组织制定的生产安全事故应急救援预案必须报上级政府安全监管部门批准|B.任何单位和个人都应当支持、配合事故抢救，并提供一切便利条件|C.负有安全监管职责的部门的负责人接到事故报告后，应当立即采取警戒、疏散措施|D.应急救援工作结束后，地方人民政府必须立即对应急救援工作进行评估,B,本题主要考查的是地方各级人民政府应急工作职责，属于高频考点。做题思路：先理解掌握地方各级人民政府应急工作职责，后进行区分记忆。A错误，错在“乡镇人民政府”。根据《安全生产法》，第八十条：县级以上地方各级人民政府应当组织有关部门制定本行政区域内生产安全事故应急救援预案，建立应急救援体系。乡镇人民政府和街道办事处，以及开发区、工业园区、港区、风景区等应当制定相应的生产安全事故应急救援预案，协助人民政府有关部门或者按照授权依法履行生产安全事故应急救援工作职责；B正确；C错误，错在“没写有关地方人民政府”。第八十五条：有关地方人民政府和负有安全生产监督管理职责的部门的负责人接到生产安全事故报告后，应当按照生产安全事故应急救援预案的要求立即赶到事故现场，组织事故抢救。参与事故抢救的部门和单位应当服从统一指挥，加强协同联动，采取有效的应急救援措施，并根据事故救援的需要采取警戒、疏散等措施，防止事故扩大和次生灾害的发生，减少人员伤亡和财产损失；任何单位和个人都应当支持、配合事故抢救，并提供一切便利条件；D错误，错在“地方人民政府”。根据《生产安全事故应急条例》，第二十七条：按照国家有关规定成立的生产安全事故调查组应当对应急救援工作进行评估，并在事故调查报告中作出评估结论。调查组评估，且不需要立即。故选B。
单选题,[2019年][河南中安]某客运公司经营城际客运业务，共有职工65人、中型客车20辆。根据《安全生产法》，关于安全生产管理机构设置和安全生产管理人员配备的说法，正确的是（    ）。,A.该公司应当设置安全生产管理机构或者配备兼职安全生产管理人员|B.该公司应当设置安全生产管理机构或者配备注册安全工程师|C.该公司应当设置安全生产管理机构或者配备专职安全生产管理人员|D.该公司不需设置安全生产管理机构，但应当配备兼职安全生产管理人员,C,本题主要考查的是安全生产管理机构设置和安全生产管理人员配备，属于高频考点。做题思路：先理解掌握需安全生产管理机构设置和专职管理人员的配备要求，后进行区分记忆。根据《安全生产法》，第二十四条：矿山、金属冶炼、建筑施工、运输单位和危险物品的生产、经营、储存、装卸单位，应当设置安全生产管理机构或者配备专职安全生产管理人员。前款规定以外的其他生产经营单位，从业人员超过一百人的，应当设置安全生产管理机构或者配备专职安全生产管理人员；从业人员在一百人以下的，应当配备专职或者兼职的安全生产管理人员。故选C。
单选题,[2019年][河南中安]某化肥生产企业存在重大事故隐患，安全监管部门对该企业作出停产决定，但该企业仍然继续生产，随时有发生生产安全事故的现实危险，安全监管部门决定对该企业采取停止供电措施。根据《安全生产法》，除有危及生产安全的紧急情形外，应当提前（    ）小时通知对该企业采取停止供电措施。,A.8|B.24|C.12|D.36,B,本题主要考查的是强制措施应提前通知，属于高频考点。根据《安全生产法》，第七十条：负有安全生产监督管理职责的部门依法对存在重大事故隐患的生产经营单位作出停产停业、停止施工、停止使用相关设施或者设备的决定，生产经营单位应当依法执行，及时消除事故隐患。生产经营单位拒不执行，有发生生产安全事故的现实危险的，在保证安全的前提下，经本部门主要负责人批准，负有安全生产监督管理职责的部门可以采取通知有关单位停止供电、停止供应民用爆炸物品等措施，强制生产经营单位履行决定。通知应当采用书面形式，有关单位应当予以配合。负有安全生产监督管理职责的部门依照前款规定采取停止供电措施，除有危及生产安全的紧急情形外，应当提前二十四小时通知生产经营单位。生产经营单位依法履行行政决定、采取相应措施消除事故隐患的，负有安全生产监督管理职责的部门应当及时解除前款规定的措施。故选B。
单选题,[2019年][河南中安]根据《矿山安全法》，关于矿山企业开采安全保障的说法，正确的是（    ）。,A.矿山设计规定保留的矿柱、岩柱，经论证在保证安全的前提下可以开采|B.矿山闭坑后，对可能引起的危害，矿山企业应当采取预防措施|C.矿山企业必要时可以对井下空气含氧量进行检测，保证符合作业要求|D.矿山企业使用的有特殊安全要求的设备、器材、安全检测仪器，可以由非专业厂家生产,B,本题主要考查的是矿山开采安全保障。B正确，A错误，错在“可以开采”。根据《矿山安全法》，第十四条：矿山设计规定保留的矿柱、岩柱，在规定的期限内，应当予以保护，不得开采或者毁坏。第十九条：矿山企业对使用机械、电气设备，排土场矸石山、尾矿库和矿山闭坑后可能引起的危害，应当采取预防措施；C错误，错在“必要时可以进行检测”。第十七条：矿山企业必须对作业场所中的有毒有害物质和井下空气含氧量进行检测，保证符合安全要求；D错误，错在“可以由非专业厂家生产”。第十五条：矿山使用的有特殊安全要求的设备、器材、防护用品和安全检测仪器，必须符合国家安全标准或者行业安全标准；不符合国家安全标准或者行业安全标准的，不得使用。故选B。
单选题,"[2019年][河南中安]一、单选题
1
标记
收藏

根据法的不同效力层级，下列安全生产法律法规和规章中，属于最低层级的安全生产立法是（    ）。",A.国务院通过的《安全生产许可证条例》|B.某直辖市人大常委会通过的《××市安全生产条例》|C.某省人民政府通过的《××省煤矿安全生产监督管理规定》|D.全国人大常委会通过的《特种设备安全法》|A.该公司应当保障安全生产条件所必需的资金投入，用于提高生产效率|B.该公司必须建立健全安全生产责任制和安全生产规章制度，改善安全生产条件，推进安全生产标准化建设|C.该公司股东大会对企业安全生产工作全面负责，应当定期听取安全生产工作汇报|D.该公司在制定或者修改有关安全生产的规章制度时，可以听取本公司工会的意见|A.刘某|B.赵某|C.张某|D.黄某|A.该企业应当根据经营情况提取和使用安全生产费用|B.该企业可使用安全生产费用提高安全生产管理人员待遇|C.该企业应当在成本中据实列支安全生产费用|D.该企业在发生亏损时可以停止提取安全生产费用|A.中央企业总部的应急预案，报所在地省级或设区的市级应急管理部门备案|B.油气输送管线运营企业的应急预案，报所跨行政区域的县级应急管理部门备案|C.煤矿企业的应急管理，报所在地的煤矿安全监察机关备案|D.省属金属冶炼企业的应急预案，报省级应急管理部门备案|A.甲市安全监管部门负责人接到报告后，立即安排乙县安全监管部门负责人代其赶赴事故现场组织抢险救援|B.乙县安全监管部门从县医院接到又有1人因伤势过重死亡的报告后，因听说甲市安全监管部门已知该消息，故未向甲市安全监管部门补报|C.乙县安全监管部门按照有关规定，在县政府的统一安排下，组织开展事故调查处理工作|D.乙县安全监管部门在接到报告后2小时内上报甲市安全监管部门，并在1小时内电话快报省安全监管部门|A.甲建筑公司应当安排专门人员进行现场安全管理|B.该市安全监管部门应当安排专门人员进行现场安全管理|C.该市建设主管部门应当安排专门人员负责现场安全管理|D.项目设计单位应当安排专门人员负责现场安全管理|A.项目安全设施设计应当经甲煤矿企业审查批准后即可施工|B.乙矿山设计院、丁公司应当对该项目安全设施设计共同负责|C.丙公司应当对该矿井改扩建项目安全设施的施工质量负责|D.项目竣工后应当由安全监管部门负责组织对安全设施进行验收|A.某化工企业因厂房紧张，在外租用一处独栋三层楼房存放电石半成品，一楼用作仓库；二楼用作仓库管理人员宿舍，三楼用作员工活动室|B.某肉类加工企业生产车间设有四个安全出口，为方便职工考勤管理，只保留一个出口作为职工上下班使用，其他三个出口长期锁闭|C.某KTV酒吧重新进行装修，改变了内部格局，同时设置了若干疏散标志和两个紧急安全出口|D.某煤矿企业根据矿井设计要求建设了一处地面炸药库，该炸药库远离该矿职工自盖简易生活用房，但紧邻煤矿地面主要生产经营场所|A.单位负责人接到事故报告后，除因病重、出国或无法及时赶到现场等原因外，必须迅速采取一切有效措施，组织事故抢救|B.除尚未查清伤亡人数、财产损失等原因外，必须立即将事故报告当地安全监管部门|C.除尚未核实事故起因和伤亡人数等原因外，不得迟报事故|D.在任何情况下均不得故意破坏事故现场和毁灭有关证据|A.监督检查人员忘记携带执法证件，可以口头告知被检查单位来意|B.涉及被检查单位技术秘密和业务秘密的，监督检查人员不得进行检查|C.监督检查人员将检查出来的问题及其处理情况，可以书面或者口头形式告知被检查单位的负责人|D.被检查单位的负责人拒绝签字的，监督检查人员应当将情况记录在案，并向负有安全监管职责的部门报告|A.乡镇人民政府组织制定的生产安全事故应急救援预案必须报上级政府安全监管部门批准|B.任何单位和个人都应当支持、配合事故抢救，并提供一切便利条件|C.负有安全监管职责的部门的负责人接到事故报告后，应当立即采取警戒、疏散措施|D.应急救援工作结束后，地方人民政府必须立即对应急救援工作进行评估|A.该公司应当设置安全生产管理机构或者配备兼职安全生产管理人员|B.该公司应当设置安全生产管理机构或者配备注册安全工程师|C.该公司应当设置安全生产管理机构或者配备专职安全生产管理人员|D.该公司不需设置安全生产管理机构，但应当配备兼职安全生产管理人员|A.8|B.24|C.12|D.36|A.矿山设计规定保留的矿柱、岩柱，经论证在保证安全的前提下可以开采|B.矿山闭坑后，对可能引起的危害，矿山企业应当采取预防措施|C.矿山企业必要时可以对井下空气含氧量进行检测，保证符合作业要求|D.矿山企业使用的有特殊安全要求的设备、器材、安全检测仪器，可以由非专业厂家生产|A.核材料运输车辆|B.军用起重设施|C.航天特种设备|D.大型游乐设施|A.离岗前职业健康检查|B.身体健康综合评估检查|C.上岗前职业健康检查|D.在岗期间职业健康检查|A.工伤保险基金在留有一定比例的储备金后可用于投资经营|B.工伤保险费可以由职工个人缴纳|C.工伤保险费的数额为用人单位职工工资总额乘以单位缴费费率|D.工伤保险费率根据以收定支原则确定|A.45日|B.30日|C.15日|D.7日|A.应当及时开展安全生产事故隐患治理工作|B.必须委托安全评价机构进行安全评估|C.应当适时对治理情况进行安全评估|D.安全评估合格后，再提交恢复生产的申请|A.煤矿企业的主要负责人和安全生产管理人员、特种作业人员的培训大纲由省级安全监管部门组织制定|B.对从业人员的安全培训，具备安全培训条件的生产经营单位应当以自主培训为主，也可以委托具备安全培训条件的机构进行安全培训|C.生产经营单位的从业人员的安全培训，由所在地县级安全监管部门负责|D.生产经营单位委托其他机构进行安全培训的，安全培训责任由被委托的机构承担|A.生活自理障碍分为两个等级：生活完全不能自理、生活部分不能自理|B.对孙某劳动能力鉴定的专家组，应当从专家库中随机抽取7名专家组成|C.劳动功能障碍分为十个伤残等级，最重的为一级，最轻的为十级|D.自劳动能力鉴定结论作出之日起半年后，孙某认为伤残情况发生变化，可以申请劳动能力复查|A.一级重大危险源记录电子数据的保存时间，应当不少于20天|B.涉及剧毒气体的重大危险源，应当至少配备一套气密型化学防护服|C.重大危险源专项应急预案的演练，应当每两年至少进行一次|D.重大危险源中储存剧毒物质的场所或者设施应当设置视频监控系统|A.国家标准无备案阶段，行业标准有备案阶段|B.国家标准有备案阶段，行业标准无备案阶段|C.国家标准有复审要求，行业标准无复审要求|D.国家标准无复审要求，行业标准有复审要求,D,本题主要考查的是特种设备法。做题思路：先理解掌握特种设备的种类，后进行区分记忆。根据《特种设备安全法》，第二条：特种设备的生产（包括设计、制造、安装、改造、修理）、经营、使用、检验、检测和特种设备安全的监督管理，适用本法。本法所称特种设备，是指对人身和财产安全有较大危险性的锅炉、压力容器（含气瓶）、压力管道、电梯、起重机械、客运索道、大型游乐设施、场（厂）内专用机动车辆，以及法律、行政法规规定适用本法的其他特种设备。国家对特种设备实行目录管理。特种设备目录由国务院负责特种设备安全监督管理的部门制定，报国务院批准后执行。第一百条：军事装备、核设施、航空航天器使用的特种设备安全的监督管理不适用本法。故选D。
单选题,[2019年][河南中安]张某在单位从事接触职业病危害作业的劳动，根据《劳动合同法》，该单位未对张某进行（    ），不得解除与张某订立的劳动合同。,A.离岗前职业健康检查|B.身体健康综合评估检查|C.上岗前职业健康检查|D.在岗期间职业健康检查,A,本题主要考查的是劳动合同，属于高频考点。做题思路：先理解掌握从业人员的权利和义务，后进行区分记忆。根据《劳动合同法》，第四十二条：劳动者有下列情形之一的，用人单位不得依照本法第四十条、第四十一条的规定解除劳动合同：（一）从事接触职业病危害作业的劳动者未进行离岗前职业健康检查，或者疑似职业病病人在诊断或者医学观察期间的。故选A。
单选题,[2019年][河南中安]根据《工伤保险条例》，关于工伤保险费缴纳的说法，正确的是（    ）。,A.工伤保险基金在留有一定比例的储备金后可用于投资经营|B.工伤保险费可以由职工个人缴纳|C.工伤保险费的数额为用人单位职工工资总额乘以单位缴费费率|D.工伤保险费率根据以收定支原则确定,C,本题主要考查的是缴纳工伤保险费和享受保险待遇。做题思路：此知识点的核心是生产经营单位应为从业人员缴纳工伤保险和工伤保险费率原则。A错误，错在“可用于投资经营”。根据《工伤保险条例》，第十二条：任何单位或者个人不得将工伤保险基金用于投资运营、兴建或者改建办公场所、发放奖金，或者挪作其他用途；B错误，错在“可以由职工个人缴纳”。第十条：用人单位应当按时缴纳工伤保险费。职工个人不缴纳工伤保险费；D错误，错在“以收定支原则”。第八条：工伤保险费根据以支定收、收支平衡的原则，确定费率。故选C。
单选题,[2019年][河南中安]某金属冶炼厂发生一起火灾事故，当场造成2人死亡、1人重伤、3人轻伤，事故发生3天后，重伤者因救治无效死亡。根据《生产安全事故报告和调查处理条例》，该厂应自事故发生之日起（    ）内补报该事故伤亡情况。,A.45日|B.30日|C.15日|D.7日,D,本题主要考查的是事故补报，属于高频考点。做题思路：先理解掌握事故等级，后进行区分记忆。根据《生产安全事故报告和调查处理条例》，第十三条：事故报告后出现新情况的，应当及时补报。自事故发生之日起30日内，事故造成的伤亡人数发生变化的，应当及时补报。道路交通事故、火灾事故自发生之日起7日内，事故造成的伤亡人数发生变化的，应当及时补报。故选D。
单选题,[2019年][河南中安]某市安全监管部门在安全检查中发现一公司存在重大事故隐患，责令其停产停业。根据《安全生产事故隐患排查治理暂行规定》，关于公司开展隐患治理的说法，错误的是（    ）。,A.应当及时开展安全生产事故隐患治理工作|B.必须委托安全评价机构进行安全评估|C.应当适时对治理情况进行安全评估|D.安全评估合格后，再提交恢复生产的申请,B,本题主要考查的是隐患治理，属于高频考点。做题思路：注意本题是选择“错误的”。B错误，错在“必须”。根据《安全生产事故隐患排查治理暂行规定》，第十八条：地方人民政府或者安全监管监察部门及有关部门挂牌督办并责令全部或者局部停产停业治理的重大事故隐患，治理工作结束后，有条件的生产经营单位应当组织本单位的技术人员和专家对重大事故隐患的治理情况进行评估；其他生产经营单位应当委托具备相应资质的安全评价机构对重大事故隐患的治理情况进行评估。故选B。
单选题,[2019年][河南中安]根据《安全生产培训管理办法》，关于生产经营单位安全生产培训的说法，正确的是（    ）。,A.煤矿企业的主要负责人和安全生产管理人员、特种作业人员的培训大纲由省级安全监管部门组织制定|B.对从业人员的安全培训，具备安全培训条件的生产经营单位应当以自主培训为主，也可以委托具备安全培训条件的机构进行安全培训|C.生产经营单位的从业人员的安全培训，由所在地县级安全监管部门负责|D.生产经营单位委托其他机构进行安全培训的，安全培训责任由被委托的机构承担,B,本题主要考查的是安全生产教育培训，属于高频考点。做题思路：先理解掌握安全生产教育培训的主体与原则，后进行区分记忆。A错误，错在“省级安全监管部门组织制定”。根据《安全生产培训管理办法》，第六条：煤矿企业的主要负责人和安全生产管理人员、特种作业人员的培训大纲由国家煤矿安监局组织制定；C错误，错在“由所在地县级安全监管部门负责”。第八条：生产经营单位的从业人员的安全培训，由生产经营单位负责；D错误，错在“安全培训责任由被委托的机构承担”。第九条：生产经营单位委托其他机构进行安全培训的，保证安全培训的责任仍由本单位负责。故选B。
单选题,[2019年][河南中安]某企业职工孙某发生事故，认定为工伤，经治疗伤情相对稳定后留下残疾，影响劳动能力。根据《工伤保险条例》，关于劳动能力鉴定的说法，正确的是（    ）。,A.生活自理障碍分为两个等级：生活完全不能自理、生活部分不能自理|B.对孙某劳动能力鉴定的专家组，应当从专家库中随机抽取7名专家组成|C.劳动功能障碍分为十个伤残等级，最重的为一级，最轻的为十级|D.自劳动能力鉴定结论作出之日起半年后，孙某认为伤残情况发生变化，可以申请劳动能力复查,C,本题主要考查的是劳动能力鉴定，属于高频考点。做题思路：先理解掌握伤残等级和劳动能力鉴定的内容，后进行区分记忆。A错误，错在“两个等级”。根据《工伤保险条例》，第二十二条：生活自理障碍分为三个等级：生活完全不能自理、生活大部分不能自理和生活部分不能自理；B错误，错在“7名”。第二十五条：设区的市级劳动能力鉴定委员会收到劳动能力鉴定申请后，应当从其建立的医疗卫生专家库中随机抽取3名或者5名相关专家组成专家组，由专家组提出鉴定意见；D错误，错在“半年后”。第二十八条：自劳动能力鉴定结论作出之日起1年后，工伤职工或者其近亲属、所在单位或者经办机构认为伤残情况发生变化的，可以申请劳动能力复查鉴定。故选C。
单选题,[2019年][河南中安]根据《危险化学品重大危险源监督管理暂行规定》关于危险化学品单位重大危险源安全管理的说法，正确的是（    ）。,A.一级重大危险源记录电子数据的保存时间，应当不少于20天|B.涉及剧毒气体的重大危险源，应当至少配备一套气密型化学防护服|C.重大危险源专项应急预案的演练，应当每两年至少进行一次|D.重大危险源中储存剧毒物质的场所或者设施应当设置视频监控系统,D,本题主要考查的是危险化学品重大危险源。A错误，错在“20天”。记录的电子数据的保存时间不少于30天；B错误，错在“一套”。涉及剧毒气体的重大危险源，还应当配备两套以上（含本数）气密型化学防护服；C错误，错在“每两年”。根据《危险化学品重大危险源监督管理暂行规定》，第二十一条：危险化学品单位应当制定重大危险源事故应急预案演练计划，并按照下列要求进行事故应急预案演练：（一）对重大危险源专项应急预案，每年至少进行一次；（二）对重大危险源现场处置方案，每半年至少进行一次。故选D。
单选题,[2019年][河南中安]我国安全生产国家标准与行业标准制修订程序的不同之处是（    ）。,A.国家标准无备案阶段，行业标准有备案阶段|B.国家标准有备案阶段，行业标准无备案阶段|C.国家标准有复审要求，行业标准无复审要求|D.国家标准无复审要求，行业标准有复审要求,A,本题主要考查的是国家标准与行业标准修订程序。行业标准的制定程序：立项、起草、征求意见、审查、报批、发布、备案；国家标准的制定程序：立项、起草、征求意见、审查、报批、发布。故选A。
单选题,[2019年][河南中安]甲装备公司（简称甲公司）在乙化工公司（简称乙公司）生产车间拆除尾气炉，用气割断开与尾气炉相连接的管道，因炉体锈蚀严重发生倾倒，导致甲公司一名工人从炉体顶部坠落死亡。在分析事故时，有四种主要观点：①甲、乙公司应当签订专门的安全生产管理协议，或者在设备拆除施工合同中约定各自的安全生产管理职责；②甲公司应当对在乙公司的施工安全生产工作统一协调、管理；③甲公司在对该施工进行安全检查时发现的问题，应当及时进行整改；④甲公司的拆除作业资质正在审核中，在此期间甲公司是可以进行作业的。根据《安全生产法》，这四种主要观点中，正确的是（    ）。,A.①③|B.①②|C.②③|D.③④,A,本题主要考查的是相关方安全管理，属于高频考点。做题思路：先理解掌握发包单位和承包单位的职责，后进行区分记忆。②错误，错在“甲公司统一协调、管理”。④错误，错在“审核中可以进行作业”。根据《安全生产法》，第四十九条：生产经营单位不得将生产经营项目、场所、设备发包或者出租给不具备安全生产条件或者相应资质的单位或者个人。生产经营项目、场所发包或者出租给其他单位的，生产经营单位应当与承包单位、承租单位签订专门的安全生产管理协议，或者在承包合同、租赁合同中约定各自的安全生产管理职责；生产经营单位对承包单位、承租单位的安全生产工作统一协调、管理，定期进行安全检查，发现安全问题的，应当及时督促整改。矿山、金属冶炼建设项目和用于生产、储存、装卸危险物品的建设项目施工单位应当加强对施工项目的安全管理，不得倒卖、出租、出借、挂靠或者以其他形式非法转让施工资质，不得将其承包的全部建设工程转包给第三人或者将其承包的全部建设工程支解以后以分包的名义分别转包给第三人，不得将工程分包给不具备相应资质条件的单位。故选A。
单选题,[2019年][河南中安]某石化集团欲投资建设生产硫化物的工厂，委托某安全评价机构对项目进行评价。安全评价机构在评价过程中发现了若干不符合安全条件的问题，在石化集团将服务费提高至30万元后，便直接出具了建设项目符合要求的安全评价报告。根据《安全生产法》，关于安全监管部门对该机构实施处罚的做法，正确的是（    ）。,A.没收违法所得，并处120万元的罚款|B.没收违法所得，并处30万元的罚款|C.没收违法所得，并处50万元的罚款|D.没收违法所得，并处200万元的罚款,A,本题主要考查的是安全评价机构的罚款，属于高频考点。做题思路：先理解掌握虚假报告和失实报告的区别，后进行区分记忆。根据《安全生产法》，第九十二条：承担安全评价、认证、检测、检验职责的机构出具失实报告的，责令停业整顿，并处三万元以上十万元以下的罚款；给他人造成损害的，依法承担赔偿责任。承担安全评价、认证、检测、检验职责的机构租借资质、挂靠、出具虚假报告的，没收违法所得；违法所得在十万元以上的，并处违法所得二倍以上五倍以下的罚款；没有违法所得或者违法所得不足十万元的，单处或者并处十万元以上二十万元以下的罚款；对其直接负责的主管人员和其他直接责任人员处五万元以上十万元以下的罚款；给他人造成损害的，与生产经营单位承担连带赔偿责任；构成犯罪的，依照刑法有关规定追究刑事责任。对有前款违法行为的机构及其直接责任人员，吊销其相应资质和资格，五年内不得从事安全评价、认证、检测、检验等工作，情节严重的，实行终身行业和职业禁入。故选A。
单选题,[2019年][河南中安]根据《民用爆炸物品安全管理条例》，关于民用爆炸物品生产的安全管理的说法，正确的是（    ）。,A.民用爆炸物品生产企业应当持《民用爆炸物品生产许可证》到工商行政管理部门办理工商登记，并在办理工商登记后1个月内，向所在地县级人民政府公安机关备案|B.民用爆炸物品生产企业为调整生产能力及品种进行改建、扩建的，应当按规定申请办理《民用爆炸物品生产许可证》|C.民用爆炸物品生产企业应当对民用爆炸物品作出警示标识、登记标识，并编码打号|D.试验或者试制民用爆炸物品，在保障安全距离的条件下，可以在生产车间或者仓库内试验或者试制,B,本题主要考查的是民用爆炸物品的管理，属于高频考点。做题思路：重点掌握民用爆炸物品的管理，并与烟花爆竹、危险化学品的管理做区分。A错误，错在“登记后1个月内”。根据《民用爆炸物品安全管理条例》，第十二条：民用爆炸物品生产企业持《民用爆炸物品生产许可证》到工商行政管理部门办理工商登记，并在办理工商登记后3日内，向所在地县级人民政府公安机关备案；C错误，错在“只有雷管编码打号”。第十五条：民用爆炸物品生产企业应当对民用爆炸物品做出警示标识、登记标识，对雷管编码打号。民用爆炸物品警示标识、登记标识和雷管编码规则，由国务院公安部门会同国务院民用爆炸物品行业主管部门规定；D错误，错在“可以在生产车间或者仓库内试验或者试制”。第十七条：试验或者试制民用爆炸物品，必须在专门的场地或者专门的试验室进行。严禁在生产车间或者仓库内试验或者试制民用爆炸物品。故选B。
单选题,[2019年][河南中安]某市安全监管部门对该市一木材加工厂有限公司进行执法检查，发现该公司多套安全设备的安装、使用不符合国家标准，遂依法作出罚款5万元的行政处罚。根据《行政处罚法》，关于该罚款收缴的说法，正确的是（    ）。,A.该市安全监管部门作出处罚决定后，执法人员应当当场收缴罚款，将罚款交到银行|B.该公司自收到行政处罚决定书之日起15日内应当到指定银行缴纳罚款，银行将收缴的罚款直接上缴国库|C.该公司自收到行政处罚决定书之日起7日内应当到该市安全监督管理部门缴纳罚款，安全监管部门将收缴的罚款直接上缴银行|D.该公司自收到行政处罚决定书之日起30日内应当到该市安全监督管理部门缴纳罚款，安全监管部门将收缴的罚款直接上缴国库,B,本题主要考查的是行政处罚，属于高频考点。做题思路：先理解掌握行政处罚的时间节点，后进行区分记忆。A错误，错在“当场收缴罚款”；C错误，错在“7日内”；D错误，错在“30日内”。根据《行政处罚法》，第四十六条：作出罚款决定的行政机关应当与收缴罚款的机构分离。除依照本法第四十七条、第四十八条的规定当场收缴的罚款外，作出行政处罚决定的行政机关及其执法人员不得自行收缴罚款。当事人应当自收到行政处罚决定书之日起十五日内，到指定的银行缴纳罚款。银行应当收受罚款，并将罚款直接上缴国库。故选B。
单选题,[2019年][河南中安]根据《生产经营单位安全培训规定》，关于安全培训组织实施的说法，正确的是（    ）。,A.生产经营单位从业人员的安全培训工作必须由有资质的机构进行|B.生产经营单位委托其他机构进行安全培训，保证安全培训的责任由其他机构承担|C.生产经营单位安排从业人员参加培训期间，可以不支付从业人员工资|D.生产经营单位安排从业人员参加培训，应当承担从业人员的培训费用,D,本题主要考查的是安全培训，属于高频考点。做题思路：先理解掌握安全培训的主体，后掌握安全培训的细节。A错误，错在“必须由有资质的机构进行”；B错误，错在“保证安全培训的责任由其他机构承担”。根据《生产经营单位安全培训规定》，第二十条：具备安全培训条件的生产经营单位，应当以自主培训为主；可以委托具备安全培训条件的机构，对从业人员进行安全培训。不具备安全培训条件的生产经营单位，应当委托具备安全培训条件的机构，对从业人员进行安全培训。生产经营单位委托其他机构进行安全培训的，保证安全培训的责任仍由本单位负责；C错误，错在“可以不支付从业人员工资”。第二十三条：生产经营单位安排从业人员进行安全培训期间，应当支付工资和必要的费用。故选D。
单选题,[2019年][河南中安]某建筑工程公司在施工中起重机整体倾覆，事故没有造成人员伤亡。根据《特种设备安全法》等法律法规，负责组织对该起事故调查的部门是（    ）。,A.国务院负责特种设备安全监管的部门会同有关部门|B.设区的市级负责特种设备安全监管的部门会同有关部门|C.省级负责特种设备安全监管的部门会同有关部门|D.县级负责特种设备安全监管的部门会同有关部门,C,本题主要考查的是特种设备事故调查。做题思路：重点注意和《安全生产事故调查报告和调查处理条例》中提到事故调查做区分。根据《特种设备安全法》，第六十三条：有下列情形之一的，为较大事故：（四）起重机械整体倾覆的。第七十二条：特种设备发生特别重大事故，由国务院或者国务院授权有关部门组织事故调查组进行调查。发生重大事故，由国务院负责特种设备安全监督管理的部门会同有关部门组织事故调查组进行调查。发生较大事故，由省、自治区、直辖市人民政府负责特种设备安全监督管理的部门会同有关部门组织事故调查组进行调查。发生一般事故，由设区的市级人民政府负责特种设备安全监督管理的部门会同有关部门组织事故调查组进行调查。故选C。
单选题,[2019年][河南中安]负有危险化学品安全监管职责的部门，在监督检查某化工公司时，发现该化工公司未按规定在作业场所设置通信、报警装置。根据《危险化学品安全管理条例》，关于负有安全监管职责的部门采取的执法措施，正确的是（    ）。,A.责令改正，处4万元的罚款|B.查封生产危险化学品的场所|C.暂扣安全生产许可证|D.提请政府予以关闭,A,本题主要考查的是执法检查措施，属于高频考点。做题思路：先理解掌握查封和暂扣的适用情况，后进行区分记忆。根据《危险化学品安全管理条例》，第七十八条：有下列情形之一的，由安全生产监督管理部门责令改正，可以处5万元以下的罚款；拒不改正的，处5万元以上10万元以下的罚款；情节严重的，责令停产停业整顿：（八）生产、储存危险化学品的单位未在作业场所和安全设施、设备上设置明显的安全警示标志，或者未在作业场所设置通信、报警装置的。故选A。
单选题,[2019年][河南中安]根据《道路交通安全法》，关于高速公路车辆通行的说法，正确的是（    ）。,A.韩某驾驶的私家车在高速上行驶赶往医院，时速可以超过130公里|B.某公司运货的全挂拖斗车在高速公路上行驶，时速不得低于70公里|C.人民法院的执法人员依法执行紧急公务时，有权在高速公路上拦截检查行驶的车辆|D.公安机关的人民警察依法执行紧急公务时，可以在高速公路上拦截检查行驶的车辆,D,本题主要考查的是道路交通安全，属于高频考点。A错误，错在“可以超过130公里”；B错误，错在“全挂拖斗车在高速公路上行驶”。根据《道路交通安全法》，第六十七条：行人、非机动车、拖拉机、轮式专用机械车、铰接式客车、全挂拖斗车以及其他设计最高时速低于七十公里的机动车，不得进入高速公路。高速公路限速标志标明的最高时速不得超过一百二十公里；C错误，错在“人民法院的执法人员”。第六十九条：任何单位、个人不得在高速公路上拦截检查行驶的车辆，公安机关的人民警察依法执行紧急公务除外。故选D。
单选题,[2019年][河南中安]根据《特种设备安全法》，关于特种设备检验、检测人员执业要求的说法，正确的是（    ）。,A.注册安全工程师执业范围包括安全检验、检测，可以在特种设备检验、检测机构从事特种设备的检验、检测工作|B.特种设备检验、检测机构的检验、检测人员在为客户服务时可以推荐质量、声誉好的特种设备|C.特种设备检验、检测机构的检验、检测人员可以同时在两个以上检验、检测机构中执业|D.特种设备检验、检测机构的检验、检测人员应当经考核取得检验、检测人员资格，方可从事检验、检测工作,D,本题主要考查的是特种设备安全，属于高频考点。做题思路：先理解掌握特种设备检验、检测机构的检验、检测人员的职责，后进行区分记忆。A错误，错在“包括安全检验、检测，可以在特种设备检验、检测机构从事特种设备的检验、检测工作”；C错误，错在“可以同时在两个以上检验、检测机构中执业”。根据《特种设备安全法》，第五十一条：特种设备检验、检测机构的检验、检测人员应当经考核，取得检验、检测人员资格，方可从事检验、检测工作。特种设备检验、检测机构的检验、检测人员不得同时在两个以上检验、检测机构中执业；变更执业机构的，应当依法办理变更手续；B错误，错在“可以推荐特种设备”。第五十五条：特种设备检验、检测机构及其检验、检测人员对检验、检测过程中知悉的商业秘密，负有保密义务。特种设备检验、检测机构及其检验、检测人员不得从事有关特种设备的生产、经营活动，不得推荐或者监制、监销特种设备。故选D。
单选题,[2019年][河南中安]安全监管部门对某生产经营单位进行安全生产监督检查。根据《安全生产法》，关于对该单位安全监督检查的说法，错误的是（    ）。,A.监督检查人员有权进入现场，调阅相关资料，向现场个人了解相关情况|B.检查发现存在违法行为的，当场予以纠正或者要求限期改正|C.检查发现安全设备使用不符合国家标准的，应当采取停止供电措施|D.检查发现事故隐患的，应当责令立即排除,C,本题主要考查的是执法检查措施，属于高频考点。做题思路：先理解掌握违法行为和事故隐患的区别，后进行区分记忆。注意本题是选择“错误的”。C错误，错在“应当采取停止供电措施”。根据《安全生产法》，第六十五条：应急管理部门和其他负有安全生产监督管理职责的部门依法开展安全生产行政执法工作，对生产经营单位执行有关安全生产的法律、法规和国家标准或者行业标准的情况进行监督检查，行使以下职权：（一）进入生产经营单位进行检查，调阅有关资料，向有关单位和人员了解情况；（二）对检查中发现的安全生产违法行为，当场予以纠正或者要求限期改正；对依法应当给予行政处罚的行为，依照本法和其他有关法律、行政法规的规定作出行政处罚决定；（三）对检查中发现的事故隐患，应当责令立即排除；重大事故隐患排除前或者排除过程中无法保证安全的，应当责令从危险区域内撤出作业人员，责令暂时停产停业或者停止使用相关设施、设备；重大事故隐患排除后，经审查同意，方可恢复生产经营和使用；（四）对有根据认为不符合保障安全生产的国家标准或者行业标准的设施、设备、器材以及违法生产、储存、使用、经营、运输的危险物品予以查封或者扣押，对违法生产、储存、使用、经营危险物品的作业场所予以查封，并依法作出处理决定。监督检查不得影响被检查单位的正常生产经营活动。故选C。
单选题,[2019年][河南中安]某设区的市发生泥石流灾害，该市人民政府启动应急预案，统一领导市应急管理、市自然资源等部门和泥石流灾害发生地县人民政府采取有效措施，及时进行了处置。根据《突发事件应对法》，应急处置工作结束后，由（    ）负责组织进行损失评估，恢复生产、生活、工作和社会秩序。,A.市人民政府|B.市应急管理部门|C.市自然资源部门|D.县人民政府,A,本题主要考查的是突发事件应对的方法，属于高频考点。做题思路：先理解掌握各级政府及部门的职责，后进行区分记忆。根据《突发事件应对法》，第五十九条：突发事件应急处置工作结束后，履行统一领导职责的人民政府应当立即组织对突发事件造成的损失进行评估，组织受影响地区尽快恢复生产、生活、工作和社会秩序，制定恢复重建计划，并向上一级人民政府报告。故选A。
单选题,"[2019年][河南中安]一、单选题
36
标记
收藏

根据《安全生产许可证条例》，企业依法参加（    ），为从业人员缴纳保险费，是取得安全生产许可证的必备条件。",A.人身意外伤害险|B.工伤保险|C.重大疾病险|D.第三者责任险,B,本题主要考查的是缴纳保险。根据《安全生产许可证条例》，第六条：企业取得安全生产许可证，应当具备下列安全生产条件：（七）依法参加工伤保险，为从业人员缴纳保险费。故选B。
单选题,[2019年][河南中安]某市政工程公司进行地下管道安装施工，李某作为项目经理违反安全管理规定安排工人作业，造成2名工人死亡。根据《刑法》及相关司法解释，李某的行为涉嫌构成（    ）。,A.重大责任事故罪|B.一般责任事故罪|C.强令违章冒险作业罪|D.重大劳动安全事故罪,A,本题主要考查的是刑法，属于高频考点。做题思路：先理解掌握重大责任事故罪和重大劳动安全事故罪的内容，后进行区分记忆。根据《刑法》及相关司法解释，重大责任事故罪：是指在生产、作业中违反有关安全管理的规定，因而发生重大伤亡事故或者造成其他严重后果的，处三年以下有期徒刑或者拘役；情节特别恶劣的，处三年以上七年以下有期徒刑。故选A。
单选题,[2019年][河南中安]甲企业为大型危险化学品储存仓库，乙企业为大型建筑施工单位，丙企业为地铁运营单位，丁企业为大型机械加工单位。根据《安全生产法》，关于建立应急救援组织的说法，正确的是（    ）。,A.甲企业可以不建立应急救援组织，但应当指定兼职的应急救援人员|B.乙企业应当建立应急救援组织|C.丙企业可以不建立应急救援组织，但应当指定兼职的应急救援人员|D.丁企业应当建立应急救援组织,B,本题主要考查的是生产安全事故的应急救援，属于高频考点。做题思路：重点掌握应当建立应急救援组织的单位。A错误，错在“可以不建立应急救援组织”；C错误，错在“可以不建立应急救援组织”；D错误，错在“应建立应急救援组织”。根据《安全生产法》，第八十二条：危险物品的生产、经营、储存单位以及矿山、金属冶炼、城市轨道交通运营、建筑施工单位应当建立应急救援组织；生产经营规模较小的，可以不建立应急救援组织，但应当指定兼职的应急救援人员。危险物品的生产、经营、储存、运输单位以及矿山、金属冶炼、城市轨道交通运营、建筑施工单位应当配备必要的应急救援器材、设备和物资，并进行经常性维护、保养，保证正常运转。故选B。
单选题,"[2019年][河南中安]一、单选题
39
标记
收藏

根据《消防法》，应当建立专职消防队的单位是（    ）。",A.大型电子企业|B.大型别墅区管理单位|C.大型发电厂|D.省级重点文物保护单位的古建筑群管理单位,C,本题主要考查的是建立专职消防队单位，属于高频考点。做题思路：特别重点文物保护单位的古建筑群管理单位是国家级。根据《消防法》，第三十九条：下列单位应当建立单位专职消防队，承担本单位的火灾扑救工作：（一）大型核设施单位、大型发电厂、民用机场、主要港口；（二）生产、储存易燃易爆危险品的大型企业；（三）储备可燃的重要物资的大型仓库、基地；（四）第一项、第二项、第三项规定以外的火灾危险性较大、距离国家综合性消防救援队较远的其他大型企业；（五）距离国家综合性消防救援队较远、被列为全国重点文物保护单位的古建筑群的管理单位。故选C。
单选题,[2019年][河南中安]根据《消防法》，关于灭火救援的说法，正确的是（    ）。,A.单位专职消防队参加扑救外单位火灾所损耗的灭火剂和器材等，应当由被救援单位给予补偿|B.消防救援 机构在进行灭火救援时，不得破损毗邻火灾现场的建筑物|C.消防救援机构统一组织和指挥火灾现场扑救，应当优先保障重要设施的安全|D.人员密集场所发生火灾，该场所的现场工作人员应当立即组织、引导在场人员疏散,D,本题主要考查的是灭火救援，属于高频考点。做题思路：多考查法规原文的一些细节要求，要求记忆准确。A错误，错在“由被救援单位给予补偿”。根据《消防法》，第四十九条：国家综合性消防救援队、专职消防队扑救火灾、应急救援，不得收取任何费用。单位专职消防队、志愿消防队参加扑救外单位火灾所损耗的燃料、灭火剂和器材、装备等，由火灾发生地的人民政府给予补偿；B错误，错在“不得破损毗邻火灾现场的建筑物”。火灾现场总指挥根据扑救火灾的需要，有权决定下列事项：（五）为了抢救人员和重要物资，防止火势蔓延，拆除或者破损毗邻火灾现场的建筑物、构筑物或者设施等；C错误，错在“优先保障重要设施的安全”。第四十五条：消防救援机构统一组织和指挥火灾现场扑救，应当优先保障遇险人员的生命安全。故选D。
单选题,[2019年][河南中安]根据《道路交通安全法》，关于道路通行条件的说法，正确的是（    ）。,A.在城市道路范围内，政府有关部门不得施划停车泊位|B.施工作业单位应当在批准的路段和时间内施工作业，并在施工作业地点的去车方向设置安全警示标志|C.工程建设需要穿越道路架设管线设施时，施工单位应当首先征得公安交通管理部门同意|D.学校、医院、养老院门前的道路没有行人过街设施的，应当施划人行横道线，设置提示标志,D,本题主要考查的是道路交通安全，属于高频考点。做题思路：多考查法规原文的一些细节要求，要求记忆准确。A错误，错在“政府有关部门不得施划停车泊位”。根据《道路交通安全法》，第三十三条：新建、改建、扩建的公共建筑、商业街区、居住区、大（中）型建筑等，应当配建、增建停车场；停车泊位不足的，应当及时改建或者扩建；投入使用的停车场不得擅自停止使用或者改作他用。在城市道路范围内，在不影响行人、车辆通行的情况下，政府有关部门可以施划停车泊位；B错误，错在“去车方向”。施工作业单位应当在经批准的路段和时间内施工作业，并在距离施工作业地点来车方向安全距离处设置明显的安全警示标志，采取防护措施；C错误，错在只写了“征得公安交通管理部门同意”。第三十二条：因工程建设需要占用、挖掘道路，或者跨越、穿越道路架设、增设管线设施，应当事先征得道路主管部门的同意；影响交通安全的，还应当征得公安机关交通管理部门的同意。故选D。
单选题,[2019年][河南中安]某医院年轻女职工较多，并且处于生育和哺乳高峰期。该医院安排（    ）的女职工值夜班或者加班工作，违反了《劳动法》。,A.怀孕3个月|B.怀孕6个月|C.哺乳出生未满9个月婴儿|D.哺乳出生未满15个月婴儿,C,本题主要考查的是女职工孕期禁忌，属于高频考点。做题思路：先理解掌握女职工在经期和孕期禁忌的内容，后进行对比记忆。根据《劳动法》，第六十一条：不得安排女职工在怀孕期间从事国家规定的第三级体力劳动强度的劳动和孕期禁忌从事的劳动。对怀孕七个月以上的女职工，不得安排其延长工作时间和夜班劳动。第六十三条：不得安排女职工在哺乳未满一周岁的婴儿期间从事国家规定的第三级体力劳动强度的劳动和哺乳期禁忌从事的其他劳动，不得安排其延长工作时间和夜班劳动。故选C。
单选题,[2019年][河南中安]煤矿安全监察机构在安全生产专项执法检查过程中，发现某煤矿违反安全生产教育培训和特种作业人员持证上岗的规定。根据《国务院关于预防煤矿生产安全事故的特别规定》，应当提请有关地方人民政府对该煤矿予以关闭的情形是（    ）。,A.1个月内2次发现特种作业人员无证上岗|B.1个月内3次发现特种作业人员无证上岗|C.3个月内1次发现特种作业人员无证上岗|D.3个月内2次发现特种作业人员无证上岗,B,本题主要考查的是煤矿生产安全事故，属于高频考点。做题思路：先理解掌握煤矿关闭的情形，后进行加强记忆。根据《国务院关于预防煤矿生产安全事故的特别规定》，第十七条：县级以上地方人民政府负责煤矿安全生产监督管理的部门、煤矿安全监察机构在监督检查中，1个月内3次或者3次以上发现煤矿企业未依照国家有关规定对井下作业人员进行安全生产教育和培训或者特种作业人员无证上岗的，应当提请有关地方人民政府对该煤矿予以关闭。故选B。
单选题,[2019年][河南中安]根据《危险化学品安全管理条例》，关于危险化学品运输安全的说法，正确的是（    ）。,A.通过道路运输剧毒化学品的，托运人应当向运输始发地或者目的地交通运输主管部门申请剧毒化学品道路运输通行证|B.载运危险化学品的船舶在内河航行，通过过船建筑物的，应当提前向水利主管部门申报|C.船舶载运危险化学品进出内河港口，应当将危险化学品的名称、危险特性、包装以及进出港时间等事项，事先报告海事管理机构|D.在内河港口内进行危险化学品的装卸、过驳作业，应当将危险货物的名称、特性、包装和作业的时间、地点等事项报告公安部门,C,本题主要考查的是危险化学品运输安全，属于高频考点。做题思路：先理解掌握剧毒化学品运输安全和危险化学品运输安全，后进行区分记忆。A错误，错在“交通运输主管部门”。根据《危险化学品安全管理条例》，第五十条：通过道路运输剧毒化学品的，托运人应当向运输始发地或者目的地县级人民政府公安机关申请剧毒化学品道路运输通行证；B错误，错在“水利主管部门”。载运危险化学品的船舶在内河航行，通过过船建筑物的，应当提前向交通运输主管部门申报，并接受交通运输主管部门的管理；D错误，错在“报告公安部门”。在内河港口内进行危险化学品的装卸、过驳作业，应当将危险化学品的名称、危险特性、包装和作业的时间、地点等事项报告港口行政管理部门。港口行政管理部门接到报告后，应当在国务院交通运输主管部门规定的时间内作出是否同意的决定，通知报告人，同时通报海事管理机构。故选C。
单选题,"[2019年][河南中安]一、单选题
45
标记
收藏

甲是A市B县的烟花爆竹零售经营商，经由道路向C市D县运输烟花爆竹。根据《烟花爆竹安全管理条例》，甲需要向（    ）公安机关提出运输许可申请。",A.A市|B.B县|C.C市|D.D县,D,本题主要考查的是烟花爆竹安全管理，属于高频考点。做题思路：重点掌握民用爆炸物品运输许可证申领过程，并与烟花爆竹、危险化学品运输许可证的申领做区分。根据《烟花爆竹安全管理条例》，第二十三条：经由道路运输烟花爆竹的，托运人应当向运达地县级人民政府公安部门提出申请，并提交下列有关材料：（一）承运人从事危险货物运输的资质证明；（二）驾驶员、押运员从事危险货物运输的资格证明；（三）危险货物运输车辆的道路运输证明；（四）托运人从事烟花爆竹生产、经营的资质证明；（五）烟花爆竹的购销合同及运输烟花爆竹的种类、规格、数量；（六）烟花爆竹的产品质量和包装合格证明；（七）运输车辆牌号、运输时间、起始地点、行驶路线、经停地点。故选D。
单选题,[2019年][河南中安]根据《烟花爆竹安全管理条例》，关于烟花爆竹生产安全规定的说法，正确的是（    ）。,A.生产烟花爆竹的企业为扩大生产能力进行技术改造的，应当依照规定申请办理安全生产许可证|B.生产烟花爆竹的企业申请获得《烟花爆竹安全生产许可证》后，即可从事烟花爆竹生产活动|C.生产烟花爆竹的企业从事危险工序的作业人员经企业进行专业技术培训合格，方可上岗作业|D.生产烟花爆竹的企业应当在烟花爆竹产品上印制易燃易爆危险物品警示标志，并标注燃放说明,A,本题主要考查的是烟花爆竹安全管理。做题思路：多考查法规原文的一些细节要求，要求记忆准确。B错误，错在“即可”。生产烟花爆竹的企业，持《烟花爆竹安全生产许可证》到工商行政管理部门办理登记手续后，方可从事烟花爆竹生产活动；C错误，错在“没说考核合格”。根据《烟花爆竹安全管理条例》，第十二条：生产烟花爆竹的企业，应当对生产作业人员进行安全生产知识教育，对从事药物混合、造粒、筛选、装药、筑药、压药、切引、搬运等危险工序的作业人员进行专业技术培训。从事危险工序的作业人员经设区的市人民政府安全生产监督管理部门考核合格，方可上岗作业；D错误，错在“产品上印制易燃易爆危险物品警示标志，并标注燃放说明”。第十四条：生产烟花爆竹的企业，应当按照国家标准的规定，在烟花爆竹产品上标注燃放说明，并在烟花爆竹包装物上印制易燃易爆危险物品警示标志。故选A。
单选题,[2019年][河南中安]某企业职工郭某发生工伤。根据《工伤保险条例》，关于郭某工伤保险待遇的说法，正确的是（    ）。,A.社会保险部门作出认定郭某工伤的决定后，发生行政复议、行政诉讼的，行政复议和行政诉讼期间停止支付郭某治疗工伤的医疗费用|B.郭某因暂停工作接受工伤医疗，停工留薪期一般不超过12个月，特殊情况不得超过18个月|C.郭某经评定伤残等级并经劳动能力鉴定委员会确认为生活部分不能自理，护理费标准为统筹地区上年度职工月平均工资的40%|D.郭某经鉴定为六级伤残，从工伤保险基金支付一次性伤残补助金，标准为16个月的本人工资,D,本题主要考查的是工伤保险，属于高频考点。做题思路：劳动能力鉴定的相关内容要与流程要重点记忆。A错误，错在“停止支付”。根据《工伤保险条例》，第三十一条：社会保险行政部门作出认定为工伤的决定后发生行政复议、行政诉讼的，行政复议和行政诉讼期间不停止支付工伤职工治疗工伤的医疗费用；B错误，错在“18个月”。第三十三条：停工留薪期一般不超过12个月。伤情严重或者情况特殊，经设区的市级劳动能力鉴定委员会确认，可以适当延长，但延长不得超过12个月；C错误，错在“40%”。第三十四条：生活护理费按照生活完全不能自理、生活大部分不能自理或者生活部分不能自理3个不同等级支付，其标准分别为统筹地区上年度职工月平均工资的50%、40%或者30%。故选D。
单选题,[2019年][河南中安]根据《特种作业人员安全技术培训考核管理规定》，下列危险化学品特种作业人员应当具备的条件中，正确的是（    ）。,A.具备高中或者相当于高中及以上文化程度|B.经设区的市级以上医疗机构体检健康合格|C.具备3年以上现场工作经验|D.年满16周岁并且不超过国家法定退休年龄,A,本题主要考查的是特种作业人员应当具备的条件，属于高频考点。做题思路：重点记忆相关细节。根据《特种作业人员安全技术培训考核管理规定》，第四条：特种作业人员应当符合下列条件：（一）年满18周岁，且不超过国家法定退休年龄；（二）经社区或者县级以上医疗机构体检健康合格，并无妨碍从事相应特种作业的器质性心脏病、癫痫病、美尼尔氏症、眩晕症、癔病、震颤麻痹症、精神病、痴呆症以及其他疾病和生理缺陷；（三）具有初中及以上文化程度；（四）具备必要的安全技术知识与技能；（五）相应特种作业规定的其他条件。危险化学品特种作业人员除符合前款第（一）项、第（二）项、第（四）项和第（五）项规定的条件外，应当具备高中或者相当于高中及以上文化程度。故选A。
单选题,[2019年][河南中安]根据《建设工程消防监督管理规定》，下列建设工程中，必须向相关政府部门申请消防设计审核和消防验收的是（    ）。,A.建设总面积10000平方米的民用机场航站楼建设工程|B.建筑总面积2000平方米的劳动密集型企业的生产加工车间建设工程|C.国家标准规定的二类高层住宅建筑|D.国家机关办公楼、电信楼、邮政楼、广播电视楼、档案楼建设工程,D,本题主要考查的是消防设计审核和消防验收。做题思路：重点记忆相关建筑规格。《建设工程消防监督管理规定》已经被《建设工程消防设计审查验收管理暂行规定》替代，但核心考点内容未发生变化。根据《建设工程消防监督管理规定》，第十四条：具有下列情形之一的建设工程是特殊建设工程：（一）总建筑面积大于二万平方米的体育场馆、会堂，公共展览馆、博物馆的展示厅；（二）总建筑面积大于一万五千平方米的民用机场航站楼、客运车站候车室、客运码头候船厅；（三）总建筑面积大于一万平方米的宾馆、饭店、商场、市场；（四）总建筑面积大于二千五百平方米的影剧院，公共图书馆的阅览室，营业性室内健身、休闲场馆，医院的门诊楼，大学的教学楼、图书馆、食堂，劳动密集型企业的生产加工车间，寺庙、教堂；（五）总建筑面积大于一千平方米的托儿所、幼儿园的儿童用房，儿童游乐厅等室内儿童活动场所，养老院、福利院，医院、疗养院的病房楼，中小学校的教学楼、图书馆、食堂，学校的集体宿舍，劳动密集型企业的员工集体宿舍；（六）总建筑面积大于五百平方米的歌舞厅、录像厅、放映厅、卡拉OK厅、夜总会、游艺厅、桑拿浴室、网吧、酒吧，具有娱乐功能的餐馆、茶馆、咖啡厅；（七）国家工程建设消防技术标准规定的一类高层住宅建筑；（八）城市轨道交通、隧道工程，大型发电、变配电工程；（九）生产、储存、装卸易燃易爆危险物品的工厂、仓库和专用车站、码头，易燃易爆气体和液体的充装站、供应站、调压站；（十）国家机关办公楼、电力调度楼、电信楼、邮政楼、防灾指挥调度楼、广播电视楼、档案楼；（十一）设有本条第一项至第六项所列情形的建设工程；（十二）本条第十项、第十一项规定以外的单体建筑面积大于四万平方米或者建筑高度超过五十米的公共建筑。故选D。
单选题,[2019年][河南中安]根据《安全生产事故隐患排查治理暂行规定》，关于事故隐患排查治理的做法，正确的是（    ）。,A.某煤矿对排查出的事故隐患，按照事故隐患的等级进行登记，建立事故隐患信息档案|B.某化工企业被有关部门挂牌督办的重大事故隐患治理完毕后，将治理情况报有关部门备案后恢复生产|C.某建筑施工公司将排查出的一般事故隐患及时向安全监管部门报告，并申请整改验收|D.某冶金厂在定期排查中发现的重大事故隐患，由车间负责人组织制定隐患治理方案,A,本题主要考查的是事故隐患排查治理。做题思路：先理解掌握一般事故隐患和重大事故隐患的区别，后进行区分。B错误，错在“备案后恢复生产”。根据《安全生产事故隐患排查治理暂行规定》，第十八条：地方人民政府或者安全监管监察部门及有关部门挂牌督办并责令全部或者局部停产停业治理的重大事故隐患，治理工作结束后，有条件的生产经营单位应当组织本单位的技术人员和专家对重大事故隐患的治理情况进行评估；其他生产经营单位应当委托具备相应资质的安全评价机构对重大事故隐患的治理情况进行评估。经治理后符合安全生产条件的，生产经营单位应当向安全监管监察部门和有关部门提出恢复生产的书面申请，经安全监管监察部门和有关部门审查同意后，方可恢复生产经营。申请报告应当包括治理方案的内容、项目和安全评价机构出具的评价报告等；C错误，错在“一般事故隐患”。对于一般事故隐患，由生产经营单位（车间、分厂、区队等）负责人或者有关人员立即组织整改。不必申请验收；D错误，错在“车间负责人”。第十五条：对于一般事故隐患，由生产经营单位（车间、分厂、区队等）负责人或者有关人员立即组织整改。对于重大事故隐患，由生产经营单位主要负责人组织制定并实施事故隐患治理方案。故选A。
单选题,[2019年][河南中安]为了加强事故应急处置能力，某建筑工程施工公司计划编制生产安全事故应急预案。根据《生产安全事故应急预案管理办法》，关于该公司应急预案编制的说法，正确的是（    ）。,A.该公司根据不同事故类型，针对具体场所、装置所制定的应急处置措施，属于专项应急预案|B.该公司应当针对不同工作场所、岗位的特点，编制简明、实用、有效的应急处置卡|C.该公司应当根据多种事故风险，编制专项应急预案，并可以根据实际需要编制综合应急预案|D.该公司编制应急预案应当成立编制小组，且必须由公司主要负责人担任组长,B,本题主要考查的是应急预案编制，属于高频考点。做题思路：理解掌握应急预案编制的内容。A错误，错在“专项应急预案”。生产经营单位根据不同生产安全事故类型，针对具体场所、装置或者设施所制定的应急处置措施属于现场处置方案；C错误，错在“可以根据实际需要编制综合应急预案”。根据《生产安全事故应急预案管理办法》，第十三条：生产经营单位风险种类多、可能发生多种类型事故的，应当组织编制综合应急预案。综合应急预案应当规定应急组织机构及其职责、应急预案体系、事故风险描述、预警及信息报告、应急响应、保障措施、应急预案管理等内容；D错误，错在“必须”。第九条：编制应急预案应当成立编制工作小组，由本单位有关负责人任组长，吸收与应急预案有关的职能部门和单位的人员，以及有现场处置经验的人员参加。故选B。
单选题,[2019年][河南中安]根据《特种设备安全法》，关于特种设备安全监管的说法，正确的是（    ）。,A.负责特种设备安全监管的部门在紧急情况下，要求有关单位采取紧急处置措施的，应当随后补发特种设备安全监察指令|B.负责特种设备安全监管的部门在特定情形下，可以要求对已经依法在其他地方取得许可的特种设备生产单位重新取得许可|C.负责特种设备安全监管的部门实施安全监督检查时，应当由3名以上特种设备安全监察人员参加|D.负责特种设备安全监管的工作人员经本部门负责人同意，方可监制特种设备,A,本题主要考查的是特种设备安全管理，属于高频考点。做题思路：先理解掌握各种特种设备的安全管理内容，后进行着重记忆。B错误，错在“可以要求对已经依法在其他地方取得许可的特种设备生产单位重新取得许可”。根据《特种设备安全法》，第六十四条：地方各级人民政府负责特种设备安全监督管理的部门不得要求已经依照本法规定在其他地方取得许可的特种设备生产单位重复取得许可，不得要求对已经依照本法规定在其他地方检验合格的特种设备重复进行检验；C错误，错在“3名”。负责特种设备安全监督管理的部门实施安全监督检查时，应当有二名以上特种设备安全监察人员参加，并出示有效的特种设备安全行政执法证件；D错误，错在“可监制”。第六十七条：负责特种设备安全监督管理的部门及其工作人员不得推荐或者监制、监销特种设备；对履行职责过程中知悉的商业秘密负有保密义务。故选A。
单选题,[2019年][河南中安]根据《危险化学品输送管道安全管理规定》，规划危险化学品输送管道时应（    ）。,A.严格控制光气管道穿（跨）越公共区域|B.禁止氨管道穿（跨）越公共区域|C.严格控制硫化氢管道穿（跨）越公共区域|D.严格控制氯气管道穿（跨）越公共区域,C,本题主要考查的是危险化学品输送管道安全管理。做题思路：先理解掌握严格控制和禁止穿越的区别，后进行区分记忆。根据《危险化学品输送管道安全管理规定》，第七条：禁止光气、氯气等剧毒气体化学品管道穿（跨）越公共区域。控制氨、硫化氢等其他有毒气体的危险化学品管道穿（跨）越公共区域。故选C。
单选题,[2019年][河南中安]根据《工贸企业有限空间作业安全管理与监督暂行规定》，关于安全监管部门对违法行为行政处罚的说法，正确的是（    ）。,A.未在有限空间作业场所设置明显的安全警示标志，逾期未改正的，责令停产停业整顿，并处2万元的罚款|B.未按照规定为作业人员提供符合国家标准或者行业标准的劳动防护用品的，责令停产停业整顿，并处1万元的罚款|C.未按照规定对有限空间作业制定作业方案或者方案未经审批擅自作业的，责令限期改正，可处2万元的罚款|D.有限空间作业未按照规定进行危险有害因素检测，未实行专人监护作业，逾期未改正的，责令停产停业整顿，并处5万元的罚款,C,本题主要考查的是行政处罚。做题思路：理解掌握行政处罚的主要内容。A错误，错在“2万元”；B错误，错在“1万元”。根据《工贸企业有限空间作业安全管理与监督暂行规定》，第二十八条：工贸企业有下列行为之一的，由县级以上安全生产监督管理部门责令限期改正，可以处5万元以下的罚款；逾期未改正的，处5万元以上20万元以下的罚款，其直接负责的主管人员和其他直接责任人员处1万元以上2万元以下的罚款；情节严重的，责令停产停业整顿：（一）未在有限空间作业场所设置明显的安全警示标志的；（二）未按照本规定为作业人员提供符合国家标准或者行业标准的劳动防护用品的；D错误，错在“5万元”。第三十条：工贸企业有下列情形之一的，由县级以上安全生产监督管理部门责令限期改正，可以处3万元以下的罚款，对其直接负责的主管人员和其他直接责任人员处1万元以下的罚款：（一）未按照本规定对有限空间作业进行辨识、提出防范措施、建立有限空间管理台账的；（二）未按照本规定对有限空间作业制定作业方案或者方案未经审批擅自作业的；（三）有限空间作业未按照本规定进行危险有害因素检测或者监测，并实行专人监护作业的。故选C。
单选题,[2019年][河南中安]根据《危险化学品重大危险源监督管理暂行规定》，关于危险化学品重大危险源的说法，正确的是（    ）。,A.危险化学品单位必须由安全评价机构对重大危险源每年进行安全评估|B.重大危险源根据其危险程度，分为一级、二级、三级和四级，四级为最高级别|C.对构成重大危险源的场所进行扩建时，危险化学品单位应当对重大危险源重新进行辨识、安全评估及分级|D.构成一级重大危险源，且毒性气体实际存在量与《危险化学品重大危险源辨识》中规定的临界量比值之和小于1的，应当委托具有相应资质的安全评价机构进行安全评估,C,本题主要考查的是危险化学品重大危险源监督管理。做题思路：理解危险化学品重大危险源监督管理的内容，后进行记忆。A错误，错在“必须由安全评价机构”。根据《危险化学品重大危险源监督管理暂行规定》，第八条：危险化学品单位应当对重大危险源进行安全评估并确定重大危险源等级。危险化学品单位可以组织本单位的注册安全工程师、技术人员或者聘请有关专家进行安全评估，也可以委托具有相应资质的安全评价机构进行安全评估。依照法律、行政法规的规定，危险化学品单位需要进行安全评价的，重大危险源安全评估可以与本单位的安全评价一起进行，以安全评价报告代替安全评估报告，也可以单独进行重大危险源安全评估；B错误，错在“四级为最高级别”。重大危险源根据其危险程度，分为一级、二级、三级和四级，一级为最高级别；D错误，错在“小于1的”。第九条：重大危险源有下列情形之一的，应当委托具有相应资质的安全评价机构，按照有关标准的规定采用定量风险评价方法进行安全评估，确定个人和社会风险值：（一）构成一级或者二级重大危险源，且毒性气体实际存在（在线）量与其在《危险化学品重大危险源辨识》中规定的临界量比值之和大于或等于1的。故选C。
单选题,[2019年][河南中安]根据《生产经营单位安全培训规定》，下列从业人员安全培训时间符合规定的是（    ）。,A.食品加工企业新上岗的从业人员，岗前安全培训时间达到20学时|B.危险化学品生产企业的从业人员，每年安全再培训时间达到20学时|C.烟花爆竹企业新上岗的从业人员，岗前安全培训时间达到48学时|D.金属冶炼企业的从业人员，每年安全再培训时间达到16学时,B,本题主要考查的是安全培训，属于高频考点。做题思路：先理解掌握从业人员和管理人员培训时间的区别，后通过高危和非高危进行区分记忆。A错误，食品加工企业新上岗的从业人员，岗前安全培训不得少于24学时；C错误，烟花爆竹企业新上岗的从业人员岗前培训时间不得少于72学时；D错误金属冶炼企业的从业人员，每年安全再培训时间不得少于20学时。故选B。
单选题,[2019年][河南中安]根据《民用爆炸物品安全管理条例》，关于销售和购买民用爆炸物品的说法，正确的是（    ）。,A.购买民用爆炸物品使用现金或者实物进行交易的，应当经所在地县级人民政府公安机关批准|B.民用爆炸物品销售企业取得《民用爆炸物品销售许可证》，即可销售民用爆炸物品|C.民用爆炸物品生产企业凭《民用爆炸物品生产许可证》，可以销售本企业生产的民用爆炸物品|D.购买民用爆炸物品的单位应当自买卖成交之日起5日内，向所在地县级人民政府公安机关备案,C,本题主要考查的是销售和购买民用爆炸物品，属于高频考点。做题思路：先理解掌握剧毒化学品和危险化学品销售和购买的区别，后进行区分记忆。A错误，错在“使用现金或者实物进行交易”。根据《民用爆炸物品安全管理条例》，第二十三条：销售、购买民用爆炸物品，应当通过银行账户进行交易，不得使用现金或者实物进行交易；B错误，错在“即可”。第十九条：民用爆炸物品销售企业持《民用爆炸物品销售许可证》到工商行政管理部门办理工商登记后，方可销售民用爆炸物品；D错误，错在“5日内”。第二十四条：购买民用爆炸物品的单位，应当自民用爆炸物品买卖成交之日起3日内，将购买的品种、数量向所在地县级人民政府公安机关备案。故选C。
单选题,[2019年][河南中安]某市汛期持续多日大雨，市人民政府发布洪灾警报，启动防汛抢险应急预案，下令市水利等部门加强水文监测，及时报告有关信息，责令市防汛抢险大队和有关人员进入待命状态，动员后备人员做好参加防汛抢险工作准备。根据《突发事件应对法》，该市人民政府发布的洪灾警报级别属于（    ）,A.蓝色警报|B.一级或二级警报|C.黄色警报|D.三级或四级警报,B,本题主要考查的是洪灾警报级别。 B属于，ACD不属于。根据《突发事件应对法》，第四十五条：发布一级、二级警报，宣布进入预警期后，县级以上地方各级人民政府除采取本法第四十四条规定的措施外，还应当针对即将发生的突发事件的特点和可能造成的危害，采取下列一项或者多项措施：（一）责令应急救援队伍、负有特定职责的人员进入待命状态，并动员后备人员做好参加应急救援和处置工作的准备。故选B。
单选题,[2019年][河南中安]根据《危险化学品安全管理条例》，关于危险化学品经营安全的说法，正确的是（    ）。,A.依法取得危险化学品生产许可证的企业，可以凭安全生产许可证购买剧毒化学品|B.危险化学品生产企业在其厂范围内销售本企业生产的危险化学品，应取得危险化学品经营许可证|C.危险化学品经营企业经批准，可以在规定范围内经营没有化学品安全说明书的危险化学品|D.个人不得购买剧毒化学品（包括属于剧毒化学品的农药）和易制爆危险化学品,A,本题主要考查的是危险化学品经营安全。做题思路：理解掌握危险化学品经营安全的细节内容，尤其是“在其厂区范围内销售”是否需要办证。 B错误，错在“在其厂区范围内销售应取得”。根据《危险化学品安全管理条例》，第三十三条：依法设立的危险化学品生产企业在其厂区范围内销售本企业生产的危险化学品，不需要取得危险化学品经营许可；C错误，错在“没有化学品安全说明书”。第三十七条：危险化学品经营企业不得向未经许可从事危险化学品生产、经营活动的企业采购危险化学品，不得经营没有化学品安全技术说明书或者化学品安全标签的危险化学品；D错误，错在“包括属于剧毒化学品的农药”。个人不得购买剧毒化学品（属于剧毒化学品的农药除外）和易制爆危险化学品。故选A。
单选题,[2019年][河南中安]根据《危险化学品安全管理条例》，关于危险化学品生产、储存安全管理的说法，正确的是（    ）。,A.剧毒化学品应当在专用仓库内单独存放，并实行双人收发、双人保管制度|B.生产、储存危险化学品的企业，应当每5年进行一次安全评价|C.进行可能危及危险化学品管道安全的施工作业，施工单位应当在开工的5日前书面通知管道所属单位|D.剧毒化学品储存单位应当将储存数量、储存地点以及管理人员的情况，报所在地设区的市级安全监管部门和公安机关备案,A,【解析】本题主要考查的是危险化学品生产、储存安全。做题思路：理解掌握危险化学品生产、储存安全的内容，后进行记忆。 B错误，错在“5年”。根据《危险化学品安全管理条例》，第二十二条：生产、储存危险化学品的企业，应当委托具备国家规定的资质条件的机构，对本企业的安全生产条件每3年进行一次安全评价，提出安全评价报告；C错误，错在“5日前”。第十三条：进行可能危及危险化学品管道安全的施工作业，施工单位应当在开工的7日前书面通知管道所属单位，并与管道所属单位共同制定应急预案，采取相应的安全防护措施。管道所属单位应当指派专门人员到现场进行管道安全保护指导；D错误，错在“市级”。第二十五条：对剧毒化学品以及储存数量构成重大危险源的其他危险化学品，储存单位应当将其储存数量、储存地点以及管理人员的情况，报所在地县级安监部门（在港区内储存的，报港口部门）和公安机关备案。故选A。
单选题,[2019年][河南中安]某自来水公司的安全设施不符合国家规定，造成2名工人在进行管道维修作业时死亡。根据《刑法》及相关司法解释，关于犯罪主体及其罪名的说法，正确的是（    ）。,A.自来水公司直接责任人员涉嫌构成重大责任事故罪|B.自来水公司直接负责的主管人员涉嫌构成重大劳动安全事故罪|C.自来水公司负责人涉嫌构成强令违章冒险作业罪|D.自来水公司安全管理人员涉嫌构成重大责任事故罪,B,本题主要考查的是刑法，属于高频考点。做题思路：先理解掌握各种罪责的内容和刑罚，后进行区分记忆。 根据《刑法》及相关司法解释，第一百三十五条：重大劳动安全事故罪，安全生产设施或者安全生产条件不符合国家规定，因而发生重大伤亡事故或者造成其他严重后果的，对直接负责的主管人员和其他直接责任人员，处三年以下有期徒刑或者拘役；情节特别恶劣的，处三年以上七年以下有期徒刑。故选B。
单选题,[2019年][河南中安]某企业建设100万吨/年乙烯项目，根据《建设项目安全设施“三同时”监督管理办法》，关于该项目试运行和安全设施竣工验收的说法，正确的是（    ）。,A.该建设项目试运行时间，应当不少于60天|B.该建设项目试运行时间，最长可为2年|C.该建设项目试运行方案应当报负责安全许可的安全监管部门备案|D.该建设项目安全设施竣工验收报告应当报安全监管部门备案,C,本题主要考查的是安全设施竣工验收。做题思路：理解掌握安全设施竣工验收的备案和时间节点，后进行记忆。 A错误，错在“60天”。该建设项目试运行时间不少于30日；B错误，错在“2年”。该建设项目试运行时间最长不得超过180日；D错误，错在“竣工验收报告应当报安全监管部门备案”。建设项目安全设施竣工验收合格后，方可投入生产和使用。根据《建设项目安全设施“三同时”监督管理办法》，第二十一条：本办法第七条规定的建设项目竣工后，根据规定建设项目需要试运行（包括生产、使用，下同）的，应当在正式投入生产或者使用前进行试运行。试运行时间应当不少于30日，最长不得超过180日，国家有关部门有规定或者特殊要求的行业除外，生产、储存危险化学品的建设项目和化工建设项目，应当在建设项目试运行前将试运行方案报负责建设项目安全许可的安全生产监督管理部门备案。第二十三条：建设项目竣工投入生产或者使用前，生产经营单位应当组织对安全设施进行竣工验收，并形成书面报告备查。安全设施竣工验收合格后，方可投入生产和使用。故选C。
单选题,[2019年][河南中安]张某由劳务派遣公司派遣到某生产经营单位工作。根据《安全生产法》，关于张某安全生产权利和义务的说法，错误的是（    ）。,A.张某有权了解其作业场所和工作岗位存在的危险因素|B.张某只需接受劳务派遣公司的安全生产教育和培训|C.张某应当遵守该生产经营单位的安全生产规章制度和操作规程|D.张某发现事故隐患应当及时报告,B,本题主要考查的是劳务派遣的权利和义务。做题思路：先理解掌握劳务派遣从业人员的权利和义务，后进行区分记忆。 B错误，错在“只需接受”。根据《安全生产法》，第二十八条：生产经营单位应当对从业人员进行安全生产教育和培训，保证从业人员具备必要的安全生产知识，熟悉有关的安全生产规章制度和安全操作规程，掌握本岗位的安全操作技能，了解事故应急处理措施，知悉自身在安全生产方面的权利和义务。未经安全生产教育和培训合格的从业人员，不得上岗作业。生产经营单位使用被派遣劳动者的，应当将被派遣劳动者纳入本单位从业人员统一管理，对被派遣劳动者进行岗位安全操作规程和安全操作技能的教育和培训。劳务派遣单位应当对被派遣劳动者进行必要的安全生产教育和培训。生产经营单位接收中等职业学校、高等学校学生实习的，应当对实习学生进行相应的安全生产教育和培训，提供必要的劳动防护用品。学校应当协助生产经营单位对实习学生进行安全生产教育和培训。生产经营单位应当建立安全生产教育和培训档案，如实记录安全生产教育和培训的时间、内容、参加人员以及考核结果等情况。故选B。
单选题,[2019年][河南中安]某矿山企业新建项目可能产生职业病危害，应当进行职业病危害预评价。根据《职业病防治法》，关于该矿山企业新建项目职业病危害预评价的说法，正确的是（    ）。,A.矿山企业应当在项目实施阶段进行职业病危害预评价|B.职业病危害预评价报告不包括对劳动者健康影响的评价|C.职业病危害预评价应当经卫生行政部门审核同意|D.矿山企业应当在可行性论证阶段进行职业病危害预评价,D,本题主要考查的是职业病危害预评价。做题思路：理解掌握职业病危害预评价的内容，后进行记忆。 A错误，错在“实施阶段”。根据《职业病防治法》，第十七条：新建、扩建、改建建设项目和技术改造、技术引进项目（以下统称建设项目）可能产生职业病危害的，建设单位在可行性论证阶段应当进行职业病危害预评价；B错误，错在“不包括对劳动者健康影响的评价”。职业病危害预评价报告应当对建设项目可能产生的职业病危害因素及其对工作场所和劳动者健康的影响作出评价，确定危害类别和职业病防护措施。建设项目职业病危害分类管理办法由国务院卫生行政部门制定；C错误，错在“没写可能产生放射性职业病危害的”。医疗机构建设项目可能产生放射性职业病危害的，建设单位应当向卫生行政部门提交放射性职业病危害预评价报告。故选D。
单选题,[2019年][河南中安]甲建筑公司和乙装饰装修公司在同一作业区域内进行作业活动，可能危及对方生产安全。根据《安全生产法》，关于在同一作业区域内安全管理的说法，正确的是（    ）。,A.甲、乙公司应当签订合作经营协议，各指定一名人员负责各自的安全管理|B.所在地安全监管部门应当派专人，负责甲乙公司交叉作业的安全管理|C.所在地建设主管部门应当派专人，负责甲乙公司交叉作业的安全管理|D.甲、乙公司应当签订安全生产管理协议，指定专职安全生产管理人员进行检查与协调,D,【解析】本题主要考查的是相关方管理，属于高频考点。做题思路：先理解掌握相关方的职责，和“应签订”与“可以签订”的区别，后进行区分。 A错误，错在“应当”；B错误，错在“安全监管部门应当派专人”；C错误，错在“建设主管部门应当派专人”。根据《安全生产法》，第四十八条：两个以上生产经营单位在同一作业区域内进行生产经营活动，可能危及对方生产安全的，应当签订安全生产管理协议，明确各自的安全生产管理职责和应当采取的安全措施，并指定专职安全生产管理人员进行安全检查与协调。故选D。
单选题,[2019年][河南中安]根据《煤矿安全监察条例》，煤矿安全监察机构发现某煤矿作业场所的瓦斯浓度超过国家安全标准，应当采取的现场处理措施是（    ）。,A.责令限期改正|B.责令限期达到要求|C.责令立即停止作业|D.责令关闭,C,【解析】本题主要考查的是《煤矿安全监察条例》，已废止。 根据《煤矿安全监察条例》，第三十条：煤矿安全监察人员发现煤矿作业场所的瓦斯、粉尘或者其他有毒有害气体的浓度超过国家安全标准或者行业安全标准的，煤矿擅自开采保安煤柱的，或者采用危及相邻煤矿生产安全的决水、爆破、贯通巷道等危险方法进行采矿作业的，应当责令立即停止作业，并将有关情况报告煤矿安全监察机构。故选C。
单选题,[2019年][河南中安]根据《建设工程安全生产管理条例》，关于实行施工总承包的建设工程安全责任的说法，正确的是（    ）。,A.总承包单位和分包单位依据承包合同的规定，对施工现场的安全生产各自独立承担相应责任|B.建设单位、总承包单位和分包单位对分包工程的安全生产承担连带责任|C.分包单位不服从管理导致生产安全事故的，由分包单位承担全部责任|D.总承包单位依法将建设工程分包给其他单位的，分包合同中应当明确各自的安全生产方面的权利、义务,D,【解析】本题主要考查的是相关方职责，属于高频考点。做题思路：先理解掌握总包和分包的职责，后进行区分记忆。 A错误，错在“各自独立承担相应责任”。根据《建设工程安全生产管理条例》，建设工程实行施工总承包的，由总承包单位对施工现场的安全生产负总责；B错误，错在“建设单位”。总承包单位和分包单位对分包工程的安全生产承担连带责任；C错误，错在“由分包单位承担全部责任”。分包单位应当服从总承包单位的安全生产管理，分包单位不服从管理导致生产安全事故的，由分包单位承担主要责任。故选D。
单选题,[2019年][河南中安]根据《安全生产法》，关于安全生产监督管理的说法，正确的是（    ）。,A.负有安全监管职责的部门对涉及安全生产的事项进行审查、验收，可以收取一定费用|B.负有安全监管职责的部门在监督检查中，应相互配合，实行联合检查|C.负有安全监管职责的部门可以要求接受审查、验收的单位购买指定品牌的安全设备|D.负有安全监管职责的部门可以要求被检查单位停止生产经营活动，接受检查,B,【解析】本题主要考查的是安全生产监督管理，属于高频考点。做题思路：先理解掌握检察人员的职责，后进行区分记忆。 A错误，错在“可以收取一定费用”；C错误，错在“购买指定品牌”。根据《安全生产法》，第六十四条：负有安全生产监督管理职责的部门对涉及安全生产的事项进行审查、验收，不得收取费用；不得要求接受审查、验收的单位购买其指定品牌或者指定生产、销售单位的安全设备、器材或者其他产品；D错误，错在“停止生产经营活动，接受检查”。第六十五条：监督检查不得影响被检查单位的正常生产经营活动。故选B。
单选题,[2019年][河南中安]A市B县的某化工厂于2018年3月5日采购一批压力容器，计划于2018年5月1日投入使用。根据《特种设备安全监察条例》，该化工厂可（    ）登记。,A.在2018年4月15日向A市的特种设备安全监管部门|B.在2018年4月10日向B县的特种设备安全监管部门|C.在2018年6月10日向A市的特种设备安全监管部门|D.在2018年3月10日向B县的特种设备安全监管部门,A,【解析】本题主要考查的是特种设备安全监管部门。 根据《特种设备安全监察条例》，第二十五条：特种设备在投入使用前或者投入使用后30日内，特种设备使用单位应当向直辖市或者设区的市的特种设备安全监督管理部门登记。登记标志应当置于或者附着于该特种设备的显著位置。故选A。
单选题,[2019年][河南中安]某危险化学品生产企业不再具备安全生产条件，省安全监管部门决定依法给予吊销安全生产许可证的行政处罚，该企业提出听证要求。根据《行政处罚法》，省安全监管部门应当在举行听证（    ）前通知该企业举行听证的时间、地点。,A.3日|B.5日|C.7日|D.10日,C,【解析】本题主要考查的是行政处罚程序。 根据《行政处罚法》，第六十四条：听证应当依照以下程序组织：（一）当事人要求听证的，应当在行政机关告知后五日内提出；（二）行政机关应当在举行听证的七日前，通知当事人及有关人员听证的时间、地点。故选C。
多选题,[2019年][河南中安]某生产经营单位未向从业人员提供符合国家标准或者行业标准的劳动防护用品。根据《安全生产法》，关于对该违法行为责任追究的说法，正确的有（    ）。,A.责令限期改正，逾期未改正的，处五万元以上二十万元以下的罚款|B.情节严重的，责令停产停业整顿|C.责令限期改正，可以处十万元以下的罚款|D.相关责任人员构成犯罪的，依照刑法有关规定追究刑事责任 E 对直接负责的主管人员和其他直接责任人员处二万元以上五万元以下的罚款,ABD,【解析】本题主要考查的是劳动防护用品违法行为责任追究。 根据《安全生产法》，第九十九条：生产经营单位有下列行为之一的，责令限期改正，处五万元以下的罚款；逾期未改正的，处五万元以上二十万元以下的罚款，对其直接负责的主管人员和其他直接责任人员处一万元以上二万元以下的罚款；情节严重的，责令停产停业整顿；构成犯罪的，依照刑法有关规定追究刑事责任：（一）未在有较大危险因素的生产经营场所和有关设施、设备上设置明显的安全警示标志的；（二）安全设备的安装、使用、检测、改造和报废不符合国家标准或者行业标准的；（三）未对安全设备进行经常性维护、保养和定期检测的；（四）关闭、破坏直接关系生产安全的监控、报警、防护、救生设备、设施，或者篡改、隐瞒、销毁其相关数据、信息的；（五）未为从业人员提供符合国家标准或者行业标准的劳动防护用品的；（六）危险物品的容器、运输工具，以及涉及人身安全、危险性较大的海洋石油开采特种设备和矿山井下特种设备未经具有专业资质的机构检测、检验合格，取得安全使用证或者安全标志，投入使用的；（七）使用应当淘汰的危及生产安全的工艺、设备的；（八）餐饮等行业的生产经营单位使用燃气未安装可燃气体报警装置的。故选ABD。
多选题,[2019年][河南中安]根据《生产经营单位安全培训规定》，关于生产经营单位主要负责人、安全生产管理人员安全培训学时的做法，正确的有（    ）。,A.某制衣厂主要负责人进行32学时的初次安全培训|B.某铁矿企业安全生产管理人员进行48学时的初次安全培训|C.某金属冶炼企业主要负责人每年进行14学时的安全再培训|D.某烟花爆竹企业安全生产管理人员每年进行20学时的安全再培训 E 某纺织企业安全生产管理人员每年进行12学时的安全再培训,ABD,【解析】本题主要考查的是安全培训，属于高频考点。做题思路：先理解掌握从业人员和管理人员培训时间的区别，后通过高危和非高危进行区分记忆。 根据《生产经营单位安全培训规定》，第九条：生产经营单位主要负责人和安全生产管理人员初次安全培训时间不得少于32学时。每年再培训时间不得少于12学时。煤矿、非煤矿山、危险化学品、烟花爆竹、金属冶炼等生产经营单位主要负责人和安全生产管理人员初次安全培训时间不得少于48学时，每年再培训时间不得少于16学时。故选ABDE。
多选题,[2019年][河南中安]根据《生产安全事故报告和调查处理条例》，属于较大生产安全事故的有（    ）,A.甲企业发生的造成15人重伤、3000万元直接经济损失的事故|B.丁企业发生的造成5人重伤，6000万元直接经济损失的事故|C.乙企业发生的造成3人死亡的事故|D.丙企业发生的造成10人急性工业中毒的事故 E 戊企业发生的造成3人死亡、60人重伤的事故,ACD,本题主要考查的是事故等级。做题思路：理解掌握事故等级。 根据《生产安全事故报告和调查处理条例》，将一般的生产安全事故分为下列四级：（1）特别重大事故，是指一次造成30人以上死亡，或者100人以上重伤（包括急性工业中毒，下同），或者1亿元以上直接经济损失的事故。（2）重大事故，是指一次造成10人以上30人以下死亡，或者50人以上100人以下重伤，或者5000万元以上1亿元以下直接经济损失的事故。（3）较大事故，是指一次造成3人以上10人以下死亡，或者10人以上50人以下重伤，或者1000万元以上5000万元以下直接经济损失的事故。（4）一般事故，是指一次造成3人以下死亡，或者10人以下重伤，或者1000万元以下直接经济损失的事故。上述规定中的“以上”含本数“以下”不含本数。故选ACD。
多选题,[2019年][河南中安]根据《安全生产法》，关于企业安全生产管理机构配置和安全生产管理人员配备的说法，正确的有（    ）。,A.某食品加工厂共有职工115人，配备了3名专职安全生产管理人员|B.某露天采石场共有职工85人，设置了安全生产管理机构，并配备6名专职安全生产管理人员|C.某大型酒店共有职工130人，配备了8名兼职安全生产管理人员|D.某贸易公司共有职工45人，未配备专兼职安全生产管理人员 E 某仓储企业共有职工105人，配备了5名专职安全生产管理人员,AB,本题主要考查的是安全生产管理机构设置和安全生产管理人员配备，属于高频考点。做题思路：先理解掌握安全生产管理机构设置和专职管理人员的设置，后按行业不同进行区分记忆。 C错误，错在“兼职安全生产管理人员”；D错误，错在“未配备专兼职安全生产管理人员”。根据《安全生产法》，第二十四条：矿山、金属冶炼、建筑施工、运输单位和危险物品的生产、经营、储存、装卸单位，应当设置安全生产管理机构或者配备专职安全生产管理人员。前款规定以外的其他生产经营单位，从业人员超过一百人的，应当设置安全生产管理机构或者配备专职安全生产管理人员；从业人员在一百人以下的，应当配备专职或者兼职的安全生产管理人员。故选ABE。
多选题,[2019年][河南中安]根据《行政处罚法》，关于行政处罚管辖的说法，正确的有（    ）。,A.地域管辖以违法行为发生地的行政机关管辖为一般原则|B.对管辖发生争议的，报请共同的上一级行政机关指定管辖|C.行政处罚由具有行政处罚权的行政机关在法定职权范围内实施|D.行政处罚由违法行为人所在地的县级以上人民政府具有行政处罚权的行政机关管辖 E 行政处罚由违法行为发生地的县级以上人民政府具有行政处罚权的行政机关管辖,ABC,【解析】本题主要考查的是行政处罚管辖，属于高频考点。做题思路：先理解掌握交叉地域行政处罚管辖的规定，后进行区分记忆。 D错误，错在“违法行为人所在地”。根据《行政处罚法》，第二十二条：行政处罚由违法行为发生地的行政机关管辖。法律、行政法规、部门规章另有规定的，从其规定。第二十三条：行政处罚由县级以上地方人民政府具有行政处罚权的行政机关管辖。法律、行政法规另有规定的，从其规定。第二十五条：两个以上行政机关都有管辖权的，由最先立案的行政机关管辖。对管辖发生争议的，应当协商解决，协商不成的，报请共同的上一级行政机关指定管辖；也可以直接由共同的上一级行政机关指定管辖。故选ABCE。
多选题,[2019年][河南中安]某危险化学品生产企业发生火灾事故。根据《安全生产法》，等法律法规，关于该企业事故报告和应急救援的说法，正确的有（    ）。,A.事故现场有关人员应当立即报告本单位负责人|B.该企业负责人接到报告后，应当于12小时内向事故发生地县级以上人民政府安全监管部门和负有安全监管职责的有关部门报告|C.该企业负责人接到事故报告后，应当迅速采取有效措施，组织抢救，防止事故扩大，减少人员伤亡和财产损失|D.该企业主要负责人应当按照本企业危险化学品应急预案组织救援，并向当地安全监管部门和环境保护、公安、卫生行政主管部门报告 E 该企业主要负责人不得瞒报，谎报或者迟报，不得故意破坏事故现场、毁灭有关证据,ACD,本题考查的事故报告和应急救援的相关内容，属于高频考点。做题思路：此类题型多结合现场实际选项内容比较灵活，需在法规原文基础上灵活运用。 根据《安全生产法》，单位负责人接到报告后，应当于1小时内向事故发生地县级以上人民政府安全生产监督管理部门和负有安全生产监督管理职责的有关部门报告。故选ACDE。
多选题,[2019年][河南中安]根据《危险化学品安全管理条例》，某化工企业申请危险化学品安全使用许可证，应当具备的条件有（    ）。,A.组织技术人员进行安全评估并出具安全评估报告|B.配备与所使用的危险化学品相适应的专业技术人员|C.制订符合国家规定的危险化学品事故应急预案|D.配置必要应急救援的器材、设备 E 设置安全管理机构和配备专职的安全管理人员,BCD,【解析】本题主要考查的是申请危险化学品安全使用许可证。 根据《危险化学品安全管理条例》，第二十八条：使用危险化学品的单位，其使用条件（包括工艺）应当符合法律、行政法规的规定和国家标准、行业标准的要求，并根据所使用的危险化学品的种类、危险特性以及使用量和使用方式，建立、健全使用危险化学品的安全管理规章制度和安全操作规程，保证危险化学品的安全使用。第三十条：申请危险化学品安全使用许可证的化工企业，除应当符合本条例第二十八条的规定外，还应当具备下列条件：（一）有与所使用的危险化学品相适应的专业技术人员；（二）有安全管理机构和专职安全管理人员；（三）有符合国家规定的危险化学品事故应急预案和必要的应急救援器材、设备；（四）依法进行了安全评价。故选BCDE。
多选题,[2019年][河南中安]王某为某煤矿企业矿长，李某为该矿安全生产管理科科长，根据《安全生产法》，关于此2人安全生产职责的说法，正确的有（    ）。,A.王某负责保证该矿安全生产投入的有效实施|B.王某负责组织制定该矿安全生产规章制度和操作规程|C.王某负责督促落实该矿安全生产整改措施，及时、如实的报告安全生产事故|D.李某负责组织制定并实施该矿安全生产事故应急救援预案 E 李某负责组织检查该矿安全生产状况，及时排查安全生产事故隐患，提出改进安全生产管理的建议,AB,本题主要考查的是管理人员职责，属于高频考点。做题思路：先理解掌握主要负责人和管理人员的职责，后进行区分记忆。 根据《安全生产法》，第二十一条：生产经营单位的主要负责人对本单位安全生产工作负有下列职责：（一）建立健全并落实本单位全员安全生产责任制，加强安全生产标准化建设；（二）组织制定并实施本单位安全生产规章制度和操作规程；（三）组织制定并实施本单位安全生产教育和培训计划；（四）保证本单位安全生产投入的有效实施；（五）组织建立并落实安全风险分级管控和隐患排查治理双重预防工作机制，督促、检查本单位的安全生产工作，及时消除生产安全事故隐患；（六）组织制定并实施本单位的生产安全事故应急救援预案；（七）及时、如实报告生产安全事故。第二十五条：生产经营单位的安全生产管理机构以及安全生产管理人员履行下列职责：（一）组织或者参与拟订本单位安全生产规章制度、操作规程和生产安全事故应急救援预案；（二）组织或者参与本单位安全生产教育和培训，如实记录安全生产教育和培训情况；（三）组织开展危险源辨识和评估，督促落实本单位重大危险源的安全管理措施；（四）组织或者参与本单位应急救援演练；（五）检查本单位的安全生产状况，及时排查生产安全事故隐患，提出改进安全生产管理的建议；（六）制止和纠正违章指挥、强令冒险作业、违反操作规程的行为；（七）督促落实本单位安全生产整改措施。生产经营单位可以设置专职安全生产分管负责人，协助本单位主要负责人履行安全生产管理职责。故选ABE。
多选题,[2019年][河南中安]根据《工贸企业有限空间作业安全管理与监督暂行规定》，关于有限空间作业安全保障的说法，正确的有（    ）。,A.有限空间作业应严格遵守“先检测、再通风、后作业”的原则|B.工贸企业应当对从事有限空间作业的现场负责人、监护人员、作业人员、应急救援人员进行专项安全培训|C.进入有限空间作业必须经检测合格，检测的时间不得早于作业开始前1小时|D.工贸企业应当按照有限空间作业方案，明确作业现场负责人、监护人员、作业人员及其安全职责 E 工贸企业实施有限空间作业前，应当将有限空间作业方案和作业现场可能存在的危险有害因素、防控措施告知作业人员,BD,本题主要考查的是限空间作业，属于高频考点。做题思路：先理解掌握限空间作业的内容和工作流程，后进行区分记忆。 A错误，错在“先检测、再通风”。根据《工贸企业有限空间作业安全管理与监督暂行规定》，有限空间作业应当严格遵守“先通风、再检测、后作业”的原则；C错误，错在“1小时”。未经通风和检测合格，任何人员不得进入有限空间作业。检测的时间不得早于作业开始前30分钟。故选BDE。
多选题,[2019年][河南中安]根据《消防法》关于某公司预防火灾的做法，正确的有（    ）。,A.对建筑消防设施每两年全面检测一次，确保完好有效，将完整准确的检测记录存档备查|B.组织有针对性的消防演练|C.组织防火检查，及时消除火灾隐患|D.保障疏散通道、安全出口、消防车通道畅通 E 按规定设置消防安全标志，并定期组织检验和维修，确保完好有效,BCD,本题主要考查的是预防火灾。做题思路：多考查法规原文的一些细节要求，要求记忆准确。 A错误，错在“每两年”。对建筑消防设施每年至少进行一次全面检测，确保完好有效，检测记录应当完整准确，存档备查。根据《消防法》，第十六条：机关、团体、企业、事业等单位应当履行下列消防安全职责：（一）落实消防安全责任制，制定本单位的消防安全制度、消防安全操作规程，制定灭火和应急疏散预案；（二）按照国家标准、行业标准配置消防设施、器材，设置消防安全标志，并定期组织检验、维修，确保完好有效；（三）对建筑消防设施每年至少进行一次全面检测，确保完好有效，检测记录应当完整准确，存档备查；（四）保障疏散通道、安全出口、消防车通道畅通，保证防火防烟分区、防火间距符合消防技术标准；（五）组织防火检查，及时消除火灾隐患；（六）组织进行有针对性的消防演练；（七）法律、法规规定的其他消防安全职责。单位的主要负责人是本单位的消防安全责任人。故选BCDE。
多选题,[2019年][河南中安]根据《危险化学品输送管道安全管理规定》，关于危险化学品管道运行安全的说法，正确的有（    ）。,A.在穿越河流的危险化学品管道路线中心线两侧1000米地域范围内，管道单位发现有实施水下爆破作业的，应及时予以制止|B.管道单位应当对危险化学品管道设置明显标志，发现标志损毁的，应当及时予以修复或者更新|C.管道单位应建立、健全危险化学品管道巡护制度，配备专人进行日常巡护|D.管道单位对危险化学品管道存在的事故隐患应当及时排除，对自身排除确有困难的外部事故隐患，应向当地安全监管部门报告 E 禁止在危险化学品管道附属设施的上方架设电力线路、通信线路,BCD,本题主要考查的是危险化学品管道的运行中的管理，属于高频考点。做题思路：本知识点需重点掌握危险化学品输送管道及附属设施两侧几米范围有哪些作业内容是禁止。 A错误，错在“1000米”。根据《危险化学品输送管道安全管理规定》，第二十三条：在穿越河流的危险化学品管道线路中心线两侧500米地域范围内，管道单位发现有实施抛锚、拖锚、挖沙、采石、水下爆破等作业的，应当及时予以制止，无法处置时应当向当地安全生产监督管理部门报告。故选BCDE。
多选题,[2019年][河南中安]根据《工伤保险条例》，关于工伤认定的说法，正确的有（    ）。,A.社会保险行政部门应当自受理工伤认定申请之日起60日内作出工伤认定的决定|B.社会保险行政部门对受理事实清楚、权利义务明确的工伤认定申请，应当在15日内做出工伤认定的决定|C.职工或其近亲属认为是工伤，用人单位不认为是工伤的，由用人单位承担举证责任|D.所在单位应当自事故伤害发生之日起或者被诊断、鉴定为职业病之日起60日内，向统筹区社会保险行政部门提出工伤认定申请 E 用人单位未在规定时限内提交工伤认定申请，在此期间发生符合规定的工伤待遇等有关费用由用人单位承担,ABC,本题主要考查的是工伤认定，属于高频考点。做题思路：本题需要掌握认定工伤、视同工伤以及不得认定工伤几种情形的区别。 D错误，错在“60日内”。根据《工伤保险条例》，第十七条：职工发生事故伤害或者按照职业病防治法规定被诊断、鉴定为职业病，所在单位应当自事故伤害发生之日或者被诊断、鉴定为职业病之日起30日内，向统筹地区社会保险行政部门提出工伤认定申请。用人单位未在本条第一款规定的时限内提交工伤认定申请，在此期间发生符合本条例规定的工伤待遇等有关费用由该用人单位负担。第十九条：职工或者其近亲属认为是工伤，用人单位不认为是工伤的，由用人单位承担举证责任。第二十条：社会保险行政部门应当自受理工伤认定申请之日起60日内作出工伤认定的决定，并书面通知申请工伤认定的职工或者其近亲属和该职工所在单位。社会保险行政部门对受理的事实清楚、权利义务明确的工伤认定申请，应当在15日内作出工伤认定的决定。故选ABCE。
多选题,[2019年][河南中安]根据《特种设备安全法》，下列设备的制造，其设计文件需要经过特种设备安全监管部门核准的检验机构鉴定后方可实施的有（    ）。,A.锅炉|B.电梯|C.气瓶|D.客运索道 E 大型游乐设施,ACD,本题主要考查的是特种设备设计文件核准，属于高频考点。做题思路：多考查法规原文的一些细节要求，要求记忆准确。 根据《特种设备安全法》，第二十条：锅炉、气瓶、氧舱、客运索道、大型游乐设施的设计文件，应当经负责特种设备安全监督管理的部门核准的检验机构鉴定，方可用于制造。特种设备产品、部件或者试制的特种设备新产品、新部件以及特种设备采用的新材料，按照安全技术规范的要求需要通过型式试验进行安全性验证的，应当经负责特种设备安全监督管理的部门核准的检验机构进行型式试验。故选ACDE。
多选题,[2019年][河南中安]根据《建设工程安全生产管理条例》，关于建设工程安全管理的说法，正确的有（    ）,A.勘察单位提供的勘察文件应当真实、准确，满足建设工程安全生产的要求|B.监理单位应当与施工单位共同拟定安全技术措施或者专项施工方案|C.采用新结构、新材料、新工艺的建设工程，设计单位应当提出保障施工作业人员安全的措施建议|D.如涉及地下管线的防护、外电防护、深基坑工程，设计单位应当在设计文件中注明 E 监理单位在监理中，发现有事故隐患苗头，应立即要求施工单位停止施工,ACD,本题主要考查的是建设工程安全管理。做题思路：多考查法规原文的一些细节要求，要求记忆准确。 B错误，错在“监理单位应当共同拟定”。根据《建设工程安全生产管理条例》，第十四条：工程监理单位应当审查施工组织设计中的安全技术措施或者专项施工方案是否符合工程建设强制性标准；E错误，错在“有事故隐患苗头，应立即要求停止施工”。工程监理单位在实施监理过程中，发现存在安全事故隐患的，应当要求施工单位整改；情况严重的，应当要求施工单位暂时停止施工，并及时报告建设单位。施工单位拒不整改或者不停止施工的，工程监理单位应当及时向有关主管部门报告。故选ACD。
多选题,[2019年][河南中安]根据《道路交通安全法》，关于道路通行的做法，正确的有（    ）,A.适逢临近春节，某货运机动车顺路搭载了5名急于回老家的客人|B.在允许拖拉机通行的道路上，张某驾驶拖拉机拒绝别人搭载|C.某残疾人驾驶机动轮椅车在非机动车道行驶时，最高时速达14公里|D.为装修新房，孙某将维修用的木材塞满自家的客运机动车，上路行驶 E 某客运机动车核定载客人数为18人，实际载客21人，其中3人为儿童,BC,本题主要考查的是道路交通安全，属于高频考点。做题思路：多考查法规原文的一些细节要求，要求记忆准确。 D错误，错在“木材塞满自家的客运机动车”；E错误，错在“实际载客21人”。根据《道路交通安全法》，第四十九条：机动车载人不得超过核定的人数，客运机动车不得违反规定载货；A错误，错在“货运机动车搭载了5名客人”。第五十条：禁止货运机动车载客。故选BC。
单选题,[2020年][河南中安]2016年10月31日，全国安全生产监管监察系统先进集体和先进工作者表彰大会在京召开，中共中央总书记、国家主席、中央军委主席习近平作出重要指示，强调各级安全监管监察部门要牢固树立发展决不能以牺牲（    ）为代价的红线意识，以防范和遏制重特大事故为重点，坚持标本兼治、综合治理、系统建设，统筹推进安全生产领域改革发展。,A.安全|B.健康|C.环境|D.质量,A,本题主要考查的是中共中央总书记、国家主席、中央军委主席习近平的重要指示。各级安全监管监察部门要牢固树立发展决不能以牺牲安全为代价的红线意识，以防范和遏制重特大事故为重点，坚持标本兼治、综合治理、系统建设，统筹推进安全生产领域改革发展。——习近平总书记在2016年10月31日国家领导人在全国安全生产监管监察系统先进集体和先进工作者表彰大会上的重要指示。故选A。
单选题,[2020年][河南中安]《中共中央国务院关于推进安全生产领域改革发展的意见》强化地方党委和政府的领导责任，明确党政主要负责人是本地区安全生产的第一责任人，地方各级安全生产委员会主任由（    ）担任，成员由同级党委和政府及相关部门负责人组成。,A.党委主要负责人|B.政府主要负责人|C.党委分管负责人|D.政府分管负责人,B,本题主要考查的是地区安全生产的第一责任人。健全落实安全生产责任制（四）明确地方党委和政府领导责任。坚持党政同责、一岗双责、齐抓共管、失职追责，完善安全生产责任体系。地方各级党委和政府要始终把安全生产摆在重要位置，加强组织领导。党政主要负责人是本地区安全生产第一责任人，班子其他成员对分管范围内的安全生产工作负领导责任。地方各级安全生产委员会主任由政府主要负责人担任，成员由同级党委和政府及相关部门负责人组成。故选B。
单选题,[2020年][河南中安]法的效力层次指规范性法律文件之间的效力等级关系。根据《立法法》，关于我国安全生产法律法规层次的说法，正确的是（    ）。,A.《安全生产法》的效力高于《突发事件应对法》|B.国务院安全生产行政法规的效力高于某省安全生产地方性法规|C.应急管理部安全生产规章的效力高于某省政府安全生产规章|D.民族自治区安全生产地方性法规的效力低于民族自治区政府安全生产规章,B,【解析】本题主要考查的是法的效力层级，法律＞行政法规＞地方性法规＞地方政府规章，属于高频考点。做题思路：需重点掌握法律法规的命名规则，通过法律法规的名称判定其所属的类别，以及掌握法的效力层级。A错误，错在“高于”。依据法律法规命名规则，由《xx法》判断出根据《安全生产法》，和《突发事件应对法》都属于法律。所以具有相同的效力；C错误，错在“高于”。依据法律法规命名规则，应急管理部属于国务院组成部门，制定的属于部门规章，省政府制定的规章属于地方政府规章；因此具有相同的效力；D错误，错在“低于”。民族自治区安全生产地方性法规的效力高于民族自治区政府安全生产规章。故选B。
单选题,[2020年][河南中安]某企业开会讨论员工安全培训工作。张某认为，安全培训走走形式就行了，别耽误生产；李某认为，培训的重点是安全规章制度和操作规程，不要培训员工的安全权利；赵某认为，我没有经过培训照样上岗也没出事，培训无所谓；王某认为，培训内容应该与工作相关，培训考核不合格不能工作。根据《安全生产法》，下列员工中，说法正确的是（    ）。,A.张某|B.李某|C.王某|D.赵某,C,【解析】本题主要考查的是安全生产教育培训，属于高频考点。做题思路：先理解掌握考核内容与原则，后进行区分记忆。A错误，错在“安全培训走走形式就行”；B错误，错在“不要培训员工的安全权利”；D错误，错在“培训无所谓”。根据《安全生产法》，第二十八条第一款：生产经营单位应当对从业人员进行安全生产教育和培训，保证从业人员具备必要的安全生产知识，熟悉有关的安全生产规章制度和安全操作规程，掌握本岗位的安全操作技能，了解事故应急处理措施，知悉自身在安全生产方面的权利和义务。未经安全生产教育和培训合格的从业人员，不得上岗作业。故选C。
单选题,[2020年][河南中安]对特种设备进行检测、检验，是保证特种设备性能良好、运行正常的重要措施。根据《安全生产法》，矿山井下特种设备投入使用前应经具有专业资质的机构检测、检验合格，并应取得的证照或者标志是（    ）。,A.生产许可证或者安全警示标志|B.检验合格证或者安全警示标志|C.安全生产许可证或者安全标志|D.安全使用证或者安全标志,D,【解析】本题主要考查的是特种设备安全管理。做题思路：先理解掌握各种特种设备的安全标志，后进行了解记忆。根据《安全生产法》，第三十七条：生产经营单位使用的危险物品的容器、运输工具，以及涉及人身安全、危险性较大的海洋石油开采特种设备和矿山井下特种设备，必须按照国家有关规定，由专业生产单位生产，并经具有专业资质的检测、检验机构检测、检验合格，取得安全使用证或者安全标志，方可投入使用。检测、检验机构对检测、检验结果负责。故选D。
单选题,[2020年][河南中安]张某是某化工工厂的厂长，李某是该厂安全生产管理人员，根据《安全生产法》，关于张某和李某安全生产职责的说法，正确的是（    ）。,A.张某负责拟定安全生产规章制度、操作规程和生产安全事故应急救援预案|B.李某负责组织或者参与安全生产教育和培训，如实记录安全生产教育和培训情况|C.张某负责检查安全生产状况，及时排查生产安全事故隐患，提出改进安全生产管理的建议|D.李某负责实施安全事故应急救援预案，参与应急救援演练,B,【解析】本题主要考查的是主要负责人和安全生产管理人员的安全管理职责，属于高频考点（多考查两者安全管理职责的区分，近两年考查方式为题干中给出多人后判定每个人职责是否正确）。做题思路：首先需要区分出题干中主要负责人与安全管理人员，后逐一对应选项中的安全管理职责。本题中张某是厂长属于主要责任人，李某是安全生产管理人员。A错误，错在“拟定”，负责拟定安全生产规章制度、操作规程和生产安全事故应急救援预案应由安全管理人员（李某）完成；C错误，错在“排查隐患，提出建议”，检查安全生产状况，及时排查生产安全事故隐患，提出改进安全生产管理的建议应当由安全管理人员（李某）完成；D错误，错在“负责实施”。实施安全事故应急救援预案应由主要负责人（张某）完成。故选B。
单选题,[2020年][河南中安]生产经营项目、场所、设备发包或出租必须符合法律规定。根据《安全生产法》，关于生产经营项目、场所、设备发包或者出租的做法，正确的是（    ）。,A.丙仓储企业为盘活固定资产，将位于市郊的300平方米的仓库租赁给附近某加工厂作为库房，双方签订了安全生产管理协议，丙企业定期组织安全检查|B.甲建筑企业将某楼盘附属设施拆除工程发包给个体老板张某，张某借用有建筑施工资质企业的名义与甲企业签订了承包合同|C.乙煤矿企业将某采区副井施工工程承包给某建筑企业，并签订了安全生产管理协议，规定由该建筑企业在施工期间承担全部安全生产管理职责|D.丁公路运输企业具有运输危险化学品专业资质，因运输业务不足，将部分闲置车辆租赁给个人从事危险化学品运输,A,【解析】本题主要考查的是相关方安全管理，属于高频考点。做题思路：首先区分发包方和承包商的职责，后判定管理细节。B错误，错在“借用有建筑施工资质企业的名义”。张某不可以借用有建筑施工资质企业的名义和甲企业签订了承包合同；C错误，错在“由该建筑企业在施工期间承担全部安全生产管理职责”。乙煤矿和该建筑企业应当在签订专门的安全管理协议，或者是在合同中约定各自的安全生产管理职责；D错误，错在“题中并没有说明是否具有相应的资质”。生产经营单位不得将生产经营项目、场所、设备发包或者出租给不具备安全生产条件或者相应资质的单位或者个人。故选A。
单选题,[2020年][河南中安]某企业发生火灾事故，从业人员张三看到火势较大快速撤离现场时背部被灼伤，经鉴定达到了四级伤残。根据《安全生产法》，关于张三安全生产权利和义务的说法，正确的是（    ）。,A.张三应当立即协助救火，保障企业财产安全，不得擅自撤离现场|B.张三撤离现场前未请示当班领导，该企业有权降低其当班工资|C.张三现场工作时未佩戴合格的劳动防护用品，无权享受工伤保险|D.张三有权依照有关民事法律向该企业提出赔偿要求,D,【解析】本题主要考查的是从业人员的权利和义务，属于高频考点，做题思路：从业人员权利和义务的说法判断（例如：紧急避险权、赔偿权等权利的行使）。A错误，错在“保障企业财产安全，不得擅自撤离现场”。张三采取可能的应急措施后可撤离作业场所。从业人员发现直接危及人身安全的紧急情况时，有权停止作业或者在采取可能的应急措施后撤离作业场所；B错误，错在“有权降低其当班工资”。张三的领导不可以因张三撤离而降低其工资。生产经营单位不得因从业人员在前款紧急情况下停止作业或者采取紧急撤离措施而降低其工资、福利等待遇或者解除与其订立的劳动合同；C错误，错在“无权享受工伤保险”。依据《工伤保险条例》只要是工作时间和工作地点，因工作原因受到事故伤害，应当享受工伤保险待遇；D正确。第五十六条：生产经营单位发生生产安全事故后，应当及时采取措施救治有关人员。因生产安全事故受到损害的从业人员，除依法享有工伤保险外，依照有关民事法律尚有获得赔偿的权利的，有权提出赔偿要求。故选D。
单选题,[2020年][河南中安]根据《安全生产法》，关于生产经营单位从业人员安全生产权利和义务的说法，错误的是（    ）。,A.从业人员拒绝违章指挥造成损失的，应承担一定的责任|B.从业人员有权了解其作业场所和工作岗位存在的危险因素、防范措施及事故应急措施|C.从业人员有权对本单位安全生产工作中存在的问题提出批评、检举、控告|D.从业人员发现直接危及人身安全的紧急情况时，有权停止作业,A,【解析】本题主要考查的是从业人员的权利和义务，属于高频考点。做题思路：注意从业人员权利和义务的说法（例如：紧急避险权、赔偿权、拒绝权的行使）。特别注意本题是选择“错误”的。A错误，错在“应承担一定的责任”。从业人员有权拒绝违章指挥和强令冒险作业，且生产经营单位不得因从业人员拒绝违章指挥降低其工资，福利待遇或解除与其订立的劳动合同；B正确。生产经营单位的从业人员有权了解其作业场所和工作岗位存在的危险因素、防范措施及事故应急措施，有权对本单位的安全生产工作提出建议；C正确。从业人员有权对本单位安全生产工作中存在的问题提出批评、检举、控告；有权拒绝违章指挥和强令冒险作业；D正确。从业人员发现直接危及人身安全的紧急情况时，有权停止作业或者在采取可能的应急措施后撤离作业场所。故选A。
单选题,[2020年][河南中安]某化工企业生产车间发生火灾事故，造成1人死亡、2人受伤。根据《安全生产法》，关于企业事故报告和抢救的说法，正确的是（    ）。,A.接到事故报告后，立即向当地有关部门报告并等待抢救|B.立即采取措施组织抢救，防止事故扩大|C.向当地有关部门报告死亡1人，未报2人受伤|D.立即清理事故现场，防止产生负面影响,B,【解析】本题考查的事故报告和抢救的相关内容，属于高频考点。做题思路：此类题型多结合现场实际选项内容比较灵活，需在法规原文基础上灵活运用。A错误，错在“等待抢救”。接到事故报告后，应迅速采取有效措施，组织抢救、防止事故扩大；C错误，错在“未报2人受伤”。按照国家有关规定立即如实报告当地负有安全生产监督管理职责的部门，不得隐瞒不报、谎报或者迟报；D错误，错在“立即清理事故现场”。不得故意破坏事故现场、毁灭有关证据。根据《安全生产法》，第八十三条：生产经营单位发生生产安全事故后，事故现场有关人员应当立即报告本单位负责人。单位负责人接到事故报告后，应当迅速采取有效措施，组织抢救，防止事故扩大，减少人员伤亡和财产损失，并按照国家有关规定立即如实报告当地负有安全生产监督管理职责的部门，不得隐瞒不报、谎报或者迟报，不得故意破坏事故现场、毁灭有关证据。故选B。
单选题,[2020年][河南中安]张某是某矿业公司的法定代表人，该公司一台安全设备已经超过使用期限，因更换成本过高，张某不同意更换该设备，后因该设备故障发生生产安全事故，造成3人死亡。根据《安全生产法》，关于张某职责及事故责任的说法，错误的是（    ）。,A.张某未履行保证本单位必要的安全生产投入的职责|B.张某未履行及时消除生产安全事故隐患的职责|C.张某应当受到负有安全生产监督管理职责部门的行政处罚|D.张某终身不得担任任何生产经营单位的主要负责人,D,【解析】本题主要考查的主要负责人的职责以及相关事故责任，属于高频考点。做题思路：首先依据3人死亡判断出本事故属于较大事故。判断出5年内不得担任任何行业的主要负责人。因此D描述是错误的。AB正确，根据《安全生产法》，第二十一条：生产经营单位的主要负责人对本单位安全生产工作负有下列职责：（四）保证本单位安全生产投入的有效实施；（五）督促、检查本单位的安全生产工作，及时消除生产安全事故隐患；安全设备超过使用期限属于安全事故隐患。第二十三条：生产经营单位应当具备的安全生产条件所必需的资金投入，由生产经营单位的决策机构、主要负责人或者个人经营的投资人予以保证，并对由于安全生产所必需的资金投入不足导致的后果承担责任。有关生产经营单位应当按照规定提取和使用安全生产费用，专门用于改善安全生产条件。安全生产费用在成本中据实列支。安全生产费用提取、使用和监督管理的具体办法由国务院财政部门会同国务院应急管理部门征求国务院有关部门意见后制定；C正确，D错误，错在“终身不得担任任何生产经营单位的主要负责人”。第九十四条：生产经营单位的主要负责人未履行本法规定的安全生产管理职责的，责令限期改正，处二万元以上五万元以下的罚款；逾期未改正的，处五万元以上十万元以下的罚款，责令生产经营单位停产停业整顿。生产经营单位的主要负责人有前款违法行为，导致发生生产安全事故的，给予撤职处分；构成犯罪的，依照刑法有关规定追究刑事责任。生产经营单位的主要负责人依照前款规定受刑事处罚或者撤职处分的，自刑罚执行完毕或者受处分之日起，五年内不得担任任何生产经营单位的主要负责人；对重大、特别重大生产安全事故负有责任的，终身不得担任本行业生产经营单位的主要负责人。本次事故属于较大生产安全事故。第一百一十五条：本法规定的行政处罚，由应急管理部门和其他负有安全生产监督管理职责的部门按照职责分工决定。其中，根据本法第九十五条、第一百一十条、第一百一十四条的规定应当给予民航、铁路、电力行业的生产经营单位及其主要负责人行政处罚的，也可以由主管的负有安全生产监督管理职责的部门进行处罚。予以关闭的行政处罚由负有安全生产监督管理职责的部门报请县级以上人民政府按照国务院规定的权限决定；给予拘留的行政处罚由公安机关依照治安管理处罚的规定决定。故选D。
单选题,[2020年][河南中安]生产经营单位必须为从业人员提供劳动防护用品，并监督、教育从业人员按照使用规则佩戴、使用。根据《安全生产法》，关于企业为员工提供劳动防护用品的做法，正确的是（    ）。,A.甲企业经理办公会研究决定，按照略低于国家标准的本企业标准为从业人员提供劳动防护用品|B.丙企业为特种作业人员只提供了一般劳动防护用品，但是特种防护用品由个人自购后单位报销|C.丁企业通过市场调研，将从业人员所需劳动防护用品折算为现金与工资一并发放|D.乙企业提供符合本省地方标准的劳动防护用品，该地方标准的要求高于国家标准和行业标准,D,【解析】本题主要考查的是劳动防护用品配备，属于高频考点。做题思路：本类题型基本可以根据工作经验判断，重点把握两个原则：①用人单位必须为从业人员配备不得用其他代替；②标准不得低于国家标准或行业标准。A错误，错在“略低于国家标准”；B错误，错在“特种防护用品由个人自购后单位报销”；C错误，错在“将劳动防护用品折现”。第四十五条：生产经营单位必须为从业人员提供符合国家标准或者行业标准的劳动防护用品，并监督、教育从业人员按照使用规则佩戴、使用。故选D。
单选题,[2020年][河南中安]王某是甲化工企业的法定代表人，该企业与农村进城务工人员张某、李某等多人签订了劳动合同。有关部门对甲化工企业现场检查时，发现该企业与张某、李某等人签订的劳动合同中有“员工因自身过错造成工伤的，企业概不承担责任”的约定。根据《安全生产法》《劳动合同法》，关于劳动合同效力及法律责任的说法，错误的是（    ）。,A.关于“员工因自身过错造成工伤的，企业概不承担责任”的约定无效|B.有关部门有权因上述约定对王某进行罚款|C.有关部门无权因上述约定对甲企业进行罚款|D.甲企业与张某、李某等人签订的劳动合同无效,D,【解析】本题主要考查的是《安全生产法》法律责任和《劳动合同法》中劳动合同效力两个知识点，属于高频考点。做题思路：本题型是一个组合题型，更是把两个法规组合在一起进行考查，也是近两年出题的一个趋势。特别注意本题是选择错误的。ABC正确，根据《安全生产法》，第一百零六条：生产经营单位与从业人员订立协议，免除或者减轻其对从业人员因生产安全事故伤亡依法应承担的责任的，该协议无效；对生产经营单位的主要负责人、个人经营的投资人处二万元以上十万元以下的罚款；D错误，错在“劳动合同无效”。《劳动合同法》第二十六条：下列劳动合同无效或者部分无效：（一）以欺诈、胁迫的手段或者乘人之危，使对方在违背真实意思的情况下订立或者变更劳动合同的；（二）用人单位免除自己的法定责任、排除劳动者权利的；（三）违反法律、行政法规强制性规定的；第二十七条：劳动合同部分无效，不影响其他部分效力的，其他部分仍然有效。故选D。
单选题,[2020年][河南中安]某企业发生一起危险化学品爆炸事故，事故发生后，该企业主要负责人擅离职守，未立即组织抢救。根据《安全生产法》，应急管理部门对该企业主要负责人可处上一年年收入百分之（    ）的罚款。,A.七十|B.十|C.三十|D.五十,A,解析】本题主要考查的是《安全生产法》罚则，属于高频考点。做题思路：相关法律法规提到的是罚款均给出的是一个数值区间，但是本类型题目往往给出是几个数字，需要判断哪个数值在范围区间内。A正确，根据《安全生产法》，第一百一十条：生产经营单位的主要负责人在本单位发生生产安全事故时，不立即组织抢救或者在事故调查处理期间擅离职守或者逃匿的，给予降级、撤职的处分，并由应急管理部门处上一年年收入百分之六十至百分之一百的罚款；对逃匿的处十五日以下拘留；构成犯罪的，依照刑法有关规定追究刑事责任。生产经营单位的主要负责人对生产安全事故隐瞒不报、谎报或者迟报的，依照前款规定处罚。故选A。
单选题,[2020年][河南中安]道路通行条件有明确的法律规定和要求。根据《道路交通安全法》，关于道路通行条件的说法，正确的是（    ）,A.施工作业单位施工作业完毕，必须经道路主管部门和公安机关交通管理部门验收合格，方可恢复通行|B.铁路与道路平面交叉的道口，应当设置警示灯、警示标志或者安全防护设施，并配备专人看守|C.穿越道路架设、增设通信线路，必须同时征得道路主管部门和公安机关交通管理部门的同意|D.在城市道路范围内，在不影响行人、车辆通行的情况下，有关企事业单位可施划停车泊位,A,【解析】本题主要考查的是道路通行的条件，属于高频考点。做题思路：常考查相关法条的一些细致要求，故本知识点需要记忆准确。B错误，错在“配备专人看守”。第二十七条：铁路与道路平面交叉的道口，应当设置警示灯、警示标志或者安全防护设施。无人看守的铁路道口，应当在距道口一定距离处设置警示标志；C错误，错在“必须同时征得，选项中未提到影响交通，所以不一定必须征得公安机关交通管理部门”。第三十二条：因工程建设需要占用、挖掘道路，或者跨越、穿越道路架设、增设管线设施，应当事先征得道路主管部门的同意；影响交通安全的，还应当征得公安机关交通管理部门的同意。施工作业单位应当在经批准的路段和时间内施工作业，并在距离施工作业地点来车方向安全距离处设置明显的安全警示标志，采取防护措施；施工作业完毕，应当迅速清除道路上的障碍物，消除安全隐患，经道路主管部门和公安机关交通管理部门验收合格，符合通行要求后，方可恢复通行。对未中断交通的施工作业道路，公安机关交通管理部门应当加强交通安全监督检查，维护道路交通秩序；D错误，错在“有关企事业单位可施划停车泊位”。第三十三条：新建、改建、扩建的公共建筑、商业街区、居住区、大（中）型建筑等，应当配建、增建停车场；停车泊位不足的，应当及时改建或者扩建；投入使用的停车场不得擅自停止使用或者改作他用。在城市道路范围内，在不影响行人、车辆通行的情况下，政府有关部门可以施划停车泊位。故选A。
单选题,[2020年][河南中安]灭火救援工作应当符合法律的规定。根据《消防法》，关于灭火救援的说法，正确的是（    ）。,A.专职消防队参加火灾以外的其他重大灾害事故的应急救援工作，由设区的市级以上人民政府统一领导|B.国家综合性消防救援队扑救火灾的，可以向火灾发生单位收取燃料等耗材的成本费用|C.单位专职消防队参加扑救外单位火灾所损耗的燃料、灭火剂，由火灾发生单位给予补偿|D.消防救援机构的火灾现场总指挥根据扑救火灾的需要，有权截断电力、可燃气体和可燃液体的输送,D,【解析】本题主要考查的是灭火救援，属于高频考点。做题思路：多考查法规原文的一些细节要求，要求记忆准确。A错误，错在“设区的市级以上人民政府统一领导”，应由“县级以上人民政府”统一领导；B错误，错在“收取燃料等耗材的成本费用，国家综合性消防救援队、专职消防队扑救火灾、应急救援，不得收取任何费用”；C错误，错在“火灾发生单位给予补偿”。应由“火灾发生地的人民政府给予补偿”。根据《消防法》，第四十六条：国家综合性消防救援队、专职消防队参加火灾以外的其他重大灾害事故的应急救援工作，由县级以上人民政府统一领导。第四十九条：国家综合性消防救援队、专职消防队扑救火灾、应急救援，不得收取任何费用。单位专职消防队、志愿消防队参加扑救外单位火灾所损耗的燃料、灭火剂和器材、装备等，由火灾发生地的人民政府给予补偿。故选D
单选题,[2020年][河南中安]根据《特种设备安全法》，关于电梯安装的说法，正确的是（    ）。,A.电梯安装必须由电梯制造单位实施，禁止委托其他单位实施安装|B.电梯安装单位对电梯安全性能负责，其他单位不承担任何安全责任|C.电梯安装前，应书面告知直辖市或者设区的市级人民政府负责特种设备安全监督管理的部门|D.完工后，电梯安装施工单位应当在验收后六十日内将相关技术资料和文件移交给电梯使用单位,C,【解析】本题主要考查的是特种设备安装，属于高频考点。做题思路：本知识点需掌握：①特种设备安装单位的要求；②安装前、安装过程以及安装后的一些管理上的要求。A错误，错在“必须由电梯制造单位，禁止委托”。第二十二条：电梯的安装、改造、修理，必须由电梯制造单位或者其委托的依照本法取得相应许可的单位进行。电梯制造单位委托其他单位进行电梯安装、改造、修理的，应当对其安装、改造、修理进行安全指导和监控，并按照安全技术规范的要求进行校验和调试。电梯制造单位对电梯安全性能负责；B错误，错在“其他单位不承担任何安全责任”。第十九条：特种设备生产单位应当保证特种设备生产符合安全技术规范及相关标准的要求，对其生产的特种设备的安全性能负责；C正确，第二十三条：特种设备安装、改造、修理的施工单位应当在施工前将拟进行的特种设备安装、改造、修理情况书面告知直辖市或者设区的市级人民政府负责特种设备安全监督管理的部门；D错误，错在“六十日内”，应是“三十日内”。第二十四条：特种设备安装、改造、修理竣工后，安装、改造、修理的施工单位应当在验收后三十日内将相关技术资料和文件移交特种设备使用单位。特种设备使用单位应当将其存入该特种设备的安全技术档案。故选C。
单选题,[2020年][河南中安]某气瓶充装单位擅自转移被执法机关查封的气瓶，情节严重，其充装许可证于2018年6月30日被依法吊销。根据《特种设备安全法》，特种设备安全监督管理部门不予受理该单位新的许可申请的截止时间为（    ）。,A.2019年6月30日|B.2020年6月30日|C.2021年6月30日|D.2022年6月30日,C,【解析】本题主要考查的是吊销许可证后再次申请许可证的时间的间隔。2020年第一次考查。C正确，第九十六条：违反本法规定，被依法吊销许可证的，自吊销许可证之日起三年内，负责特种设备安全监督管理的部门不予受理其新的许可申请。故选C。
单选题,[2020年][河南中安]某地发生锅炉爆炸重大事故，根据《特种设备安全法》负责组织调查该事故的部门是（    ）。,A.国务院或者国务院授权的有关部门|B.省级人民政府负责特种设备安全监督管理的部门会同有关部门|C.国务院负责特种设备安全监督管理的部门会同有关部门|D.设区的市级人民政府负责特种设备安全监督管理的部门会同有关部门,C,【解析】本题主要考查的是特种设备事故调查。做题思路：重点注意和《安全生产事故调查报告和调查处理条例》中提到的事故调查做区分。C正确，根据《特种设备安全法》，第七十二条：特种设备发生特别重大事故，由国务院或者国务院授权有关部门组织事故调查组进行调查。发生重大事故，由国务院负责特种设备安全监督管理的部门会同有关部门组织事故调查组进行调查。发生较大事故，由省、自治区、直辖市人民政府负责特种设备安全监督管理的部门会同有关部门组织事故调查组进行调查。发生一般事故，由设区的市级人民政府负责特种设备安全监督管理的部门会同有关部门组织事故调查组进行调查。事故调查组应当依法、独立、公正开展调查，提出事故调查报告。故选C。
单选题,[2020年][河南中安]甲公司为某施工项目总承包单位，乙公司为该项目分包单位。根据《建筑法》，关于施工现场安全管理责任的说法，正确的是（    ）。,A.乙公司作为独立单位，承担施工作业任务，全权负责施工现场安全生产管理|B.分包合同中约定乙公司承担安全生产管理责任，甲公司不承担安全生产管理责任|C.甲公司负责施工现场安全，乙公司应向甲公司负责，服从甲公司的安全生产管理|D.乙公司不服从甲公司安全生产管理导致生产安全事故，甲公司不承担安全生产责任,C,【解析】本题主要考查的是总承包以及分包方的安全管理责任，属于高频考点。做题思路：先理解掌握总包和分包公司的职责，后进行对比记忆。A错误，错在“全权负责”。第四十五条：施工现场安全由建筑施工企业负责。实行施工总承包的，由总承包单位负责。分包单位向总承包单位负责，服从总承包单位对施工现场的安全生产管理；BD错误，B错在“甲公司不承担安全生产管理责任”，D错在“甲公司不承担安全生产责任”。第二十九条：建筑工程总承包单位可以将承包工程中的部分工程发包给具有相应资质条件的分包单位；但是，除总承包合同中约定的分包外，必须经建设单位认可。施工总承包的，建筑工程主体结构的施工必须由总承包单位自行完成。建筑工程总承包单位按照总承包合同的约定对建设单位负责；分包单位按照分包合同的约定对总承包单位负责。总承包单位和分包单位就分包工程对建设单位承担连带责任。禁止总承包单位将工程分包给不具备相应资质条件的单位。禁止分包单位将其承包的工程再分包。故选C。
单选题,[2020年][河南中安]某石膏矿发生采空区重大坍塌事故，经调查，该矿总经理尹某涉嫌构成重大责任事故罪。根据《刑法》及相关司法解释，可以对尹某处3年以上7年以下有期徒刑的情形是（    ）。,A.造成1人死亡，负事故次要责任|B.造成1人死亡，负事故主要责任|C.造成经济损失500万元，负事故次要责任|D.造成直接经济损失500万元，负事故主要责任,D,【解析】本题主要考查的是刑法，属于高频考点。做题思路：以往考试主要考查的内容是罪名和判刑年限。但本题考查的是判刑标准，属于一个新的考查方式。D正确，根据《刑法》及相关司法解释，（1）重大责任事故罪：在生产、作业中违反有关安全管理的规定，因而发生重大伤亡事故或者造成其他严重后果的，处3年以下有期徒刑或者拘役；情节特别恶劣的，处3年以上7年以下有期徒刑。（2）具有下列情形之一的，应当认定为情节特别恶劣：①造成死亡3人以上或者重伤10人以上，负事故主要责任的；②造成直接经济损失500万元以上，负事故主要责任的；③其他造成特别严重后果、情节特别恶劣或者后果特别严重的情形。故选D。
单选题,"[2020年][河南中安]一、单选题
22
标记
收藏

根据《行政处罚法》下列行政行为中，属于行政处罚的是（    ）。",A.责令改正安全生产违法行为|B.责令立即排除事故隐患|C.查封不符合国家标准的设备|D.没收非法所得,D,【解析】本题主要考查的是行政处罚的种类。做题思路：本知识单纯考查行政处罚的种类，另还需注意行为罚、财产罚、声誉罚、人身自由罚对应的行政处罚类别。D属于，第九条：行政处罚的种类：（一）警告、通报批评；（二）罚款、没收违法所得、没收非法财物；（三）暂扣许可证件、降低资质等级、吊销许可证件；（四）限制开展生产经营活动、责令停产停业、责令关闭、限制从业；（五）行政拘留；（六）法律、行政法规规定的其他行政处罚。故选D。
单选题,[2020年][河南中安]某煤矿安全监察分局对某矿业公司进行现场检查时，发现该矿业公司存在未建立安全生产责任制度、未记录安全生产教育培训、使用的安全设备不符合国家标准等违法行为，决定对该矿业公司罚款。如果该矿业公司到期未缴纳罚款，根据《行政处罚法》，关于该煤矿安全监察分局采取措施的说法，错误的是（    ）。,A.向该矿业公司的开户行下达划款指令|B.对该矿业公司每日按罚款数额的百分之三加处罚款|C.将查封、扣押的不符合国家标准的安全设备拍卖所得价款抵缴罚款|D.申请人民法院强制执行,A,【解析】本题主要考查的是行政处罚的执行，属于高频考点。A错误，错在“下达划款指令”。依据《金融机构协助查询、冻结、扣划工作管理规定》，对单位和个人存款进行扣划的单位有人民法院、税务机关和海关，没有煤矿安全监察机关；BCD正确，根据《行政处罚法》，当事人逾期不履行行政处罚决定的，作出行政处罚决定的行政机关可以采取下列措施：（一）到期不缴纳罚款的，每日按罚款数额的百分之三加处罚款，加处罚款的数额不得超出罚款的数额；（二）根据法律规定，将查封、扣押的财物拍卖、依法处理或者将冻结的存款、汇款划拨抵缴罚款；（三）根据法律规定，采取其他行政强制执行方式；（四）依照《中华人民共和国行政强制法》的规定申请人民法院强制执行。行政机关批准延期、分期缴纳罚款的，申请人民法院强制执行的期限，自暂缓或者分期缴纳罚款期限结束之日起计算。故选A。
单选题,[2020年][河南中安]某县应急管理部门对甲公司进行现场检查时，发现甲公司存在事故隐患，要求甲公司限期消除，期限届满。甲公司未采取任何有效措施消除事故隐患，该县应急管理部门对甲公司的行为依法责令停产停业整顿，并处20万元罚款。根据《行政处罚法》，关于行政处罚程序的说法，错误的是（    ）。,A.县应急管理部门调查取证时，不得少于2名执法人员|B.该行政处罚不适用听证程序|C.该行政处罚应当进行法制审核|D.该行政处罚应当进行集体讨论决定,B,【解析】本题主要考查的是行政处罚程序。做题思路：CD属于新考点，需重点了解。B错误，错在“不适用”。当事人要求听证的，行政机关应当组织听证。根据《行政处罚法》，第四十四条：行政机关在作出行政处罚决定之前，应当告知当事人拟作出的行政处罚内容及事实、理由、依据，并告知当事人依法享有的陈述、申辩、要求听证等权利。第五十七条：调查终结，行政机关负责人应当对调查结果进行审查，根据不同情况，分别作出如下决定：（一）确有应受行政处罚的违法行为的，根据情节轻重及具体情况，作出行政处罚决定；（二）违法行为轻微，依法可以不予行政处罚的，不予行政处罚；（三）违法事实不能成立的，不予行政处罚；（四）违法行为涉嫌犯罪的，移送司法机关。对情节复杂或者重大违法行为给予行政处罚，行政机关负责人应当集体讨论决定。故选B。
单选题,[2020年][河南中安]【改编】《突发事件应对法》规定了突发事件预防与应急准备的基础性工作。关于突发事件的预防与应急准备的说法，正确的是（    ）,A.各级人民政府应当建立应急救援物资、生活必需品和应急处置装备的储备制度|B.各级各类学校应当把应急教育纳入教育教学计划，对学生及教职工开展应急知识教育和应急演练|C.国务院有关部门组织制定国家突发事件总体应急预案，并适时修订|D.突发事件分国家、省、市、县四级,B,【解析】本题主要考查的是突发事件预防与应急准备，属于高频考点。做题思路：重点掌握各级政府及有关部门的职责和生产经营单位及学校的职责。A错误，错在“各级人民政府”。第四十六条：设区的市级以上人民政府和突发事件易发、多发地区的县级人民政府应当建立应急救援物资、生活必需品和应急处置装备的储备保障制度；C错误，错在“国务院有关部门组织”。第二十六条：国家建立健全突发事件应急预案体系。国务院制定国家突发事件总体应急预案，组织制定国家突发事件专项应急预案；国务院有关部门根据各自的职责和国务院相关应急预案，制定国家突发事件部门应急预案并报国务院备案；D错误，错在“分国家、省、市、县四级”突发事件分为特别重大、重大、较大和一般四级。第三条：按照社会危害程度、影响范围等因素，突发自然灾害、事故灾难、公共卫生事件分为特别重大、重大、较大和一般四级。法律、行政法规或者国务院另有规定的，从其规定。突发事件的分级标准由国务院或者国务院确定的部门制定；B正确，第四十三条：各级各类学校应当把应急教育纳入教育教学计划，对学生及教职工开展应急知识教育和应急演练，培养安全意识，提高自救与互救能力。教育主管部门应当对学校开展应急教育进行指导和监督，应急管理等部门应当给予支持。故选B。
单选题,[2020年][河南中安]某化工厂发生爆炸事故，当地政府立即采取有力措施，积极开展应急救援工作，根据《突发事件应对法》，关于应急处置措施的说法，错误的是（    ）,A.封锁现场，严禁无关人员出入|B.调用急需的物资、设备|C.封锁事故信息，避免群众恐慌|D.疏散、撤离受到威胁的人员,C,【解析】本题主要考查的是事故应急处置措施，属于高频考点。做题思路：此类题型多结合现场实际情况，且选项说法比较灵活。故针对此类题型需要在掌握法规原文基础上灵活应用。C错误，错在“封锁事故消息”。第七十三条：自然灾害、事故灾难或者公共卫生事件发生后，履行统一领导职责的人民政府可以采取下列一项或者多项应急处置措施：（一）组织营救和救治受害人员，疏散、撤离并妥善安置受到威胁的人员以及采取其他救助措施；（二）迅速控制危险源，标明危险区域，封锁危险场所，划定警戒区，实行交通管制、限制人员流动、封闭管理以及其他控制措施；（三）立即抢修被损坏的交通、通信、供水、排水、供电、供气、供热、医疗卫生、广播电视、气象等公共设施，向受到危害的人员提供避难场所和生活必需品，实施医疗救护和卫生防疫以及其他保障措施；（四）禁止或者限制使用有关设备、设施，关闭或者限制使用有关场所，中止人员密集的活动或者可能导致危害扩大的生产经营活动以及采取其他保护措施；（五）启用本级人民政府设置的财政预备费和储备的应急救援物资，必要时调用其他急需物资、设备、设施、工具；（六）组织公民、法人和其他组织参加应急救援和处置工作，要求具有特定专长的人员提供服务；（七）保障食品、饮用水、药品、燃料等基本生活必需品的供应；（八）依法从严惩处囤积居奇、哄抬价格、牟取暴利、制假售假等扰乱市场秩序的行为，维护市场秩序；（九）依法从严惩处哄抢财物、干扰破坏应急处置工作等扰乱社会秩序的行为，维护社会治安；（十）开展生态环境应急监测，保护集中式饮用水水源地等环境敏感目标，控制和处置污染物；（十一）采取防止发生次生、衍生事件的必要措施。故选C。
单选题,[2020年][河南中安]某建筑公司的管理人员强令其员工冒险作业，威胁到员工人身安全。根据《劳动合同法》，关于该员工的做法，错误的是（    ）,A.立即解除劳动合同|B.拒绝执行命令|C.控告用人单位|D.要求给予风险补贴,D,【解析】本题主要考查的是《安全生产法》中强令冒险作业时从业人员的权利以及《劳动合同法》中的劳动合同解除，属于高频考点。做题思路：本题是一个综合性的题型此类题型重点是法条之间的灵活应用。D错误，错在“要求给予风险补贴”。根据《劳动合同法》，第三十八条：用人单位以暴力、威胁或者非法限制人身自由的手段强迫劳动者劳动的，或者用人单位违章指挥、强令冒险作业危及劳动者人身安全的，劳动者可以立即解除劳动合同，不需事先告知用人单位。第三十二条：劳动者拒绝用人单位管理人员违章指挥、强令冒险作业的，不视为违反劳动合同。劳动者对危害生命安全和身体健康的劳动条件，有权对用人单位提出批评、检举和控告。故选D。
单选题,[2020年][河南中安]根据《安全生产许可证条例》，关于安全生产许可证监督管理的说法，正确的是（    ）。,A.县级以上人民政府负责安全生产监督管理的部门负责对建筑施工企业、民用爆炸物品生产企业、煤矿企业取得安全生产许可证的情况进行管理和监督|B.安全生产许可证颁发管理机关在检查中发现取得安全生产许可证的企业不再具备安全生产条件的，应当责令立即停产，并注销安全生产许可证|C.企业取得安全生产许可证后，不得降低安全生产条件，并应当接受安全生产许可证颁发管理机关的监督检查|D.安全生产许可证的有效期为5年，需要延期的，企业应当于期满前3个月向原安全生产许可证颁发管理机关办理延期手续,C,【解析】本题主要考查的是安全生产许可证监督管理，属于高频考点。做题思路：考点考查的多为条款中政府层级、部门等细节内容，故本知识点学习需记忆准确。A错误，错在“县级以上人民政府”。第十二条：国务院安全生产监督管理部门和省、自治区、直辖市人民政府安全生产监督管理部门对建筑施工企业、民用爆炸物品生产企业、煤矿企业取得安全生产许可证的情况进行监督；B错误，错在“注销，不具备生产条件应当暂扣或者吊销安全生产许可证”。第十四条：企业取得安全生产许可证后，不得降低安全生产条件，并应当加强日常安全生产管理，接受安全生产许可证颁发管理机关的监督检查。安全生产许可证颁发管理机关应当加强对取得安全生产许可证的企业的监督检查，发现其不再具备本条例规定的安全生产条件的，应当暂扣或者吊销安全生产许可证；D错误，错在“5年”。第九条：安全生产许可证的有效期为3年。安全生产许可证有效期满需要延期的，企业应当于期满前3个月向原安全生产许可证颁发管理机关办理延期手续。故选C。
单选题,[2020年][河南中安]【改编】国家对煤矿安全实行监察制度。根据《煤矿安全生产条例》，关于煤矿安全监察体制及企业安全职责说法，正确的是（    ）。,A.我国煤矿安全监察实行国家监察、地方监管、企业负责，社会监督制度|B.有高瓦斯的矿井应当编制专项设计|C.县级以上人民政府负有煤矿安全生产监督管理职责的部门对煤矿安全生产实施监督管理|D.煤（岩）与瓦斯（二氧化碳）突出等灾害复杂煤矿应当设立专门机构并配备专职总工程师,C,【解析】本题主要考查的是《煤矿安全生产条例》关于监察和企业安全职责的内容，属于新考点。做题思路：排除法。A错误，错在多了“社会监督”。第三条：煤矿安全生产工作实行管行业必须管安全、管业务必须管安全、管生产经营必须管安全，按照国家监察、地方监管、企业负责，强化和落实安全生产责任；B错误，错在“高瓦斯的矿井”。第三十三条：煤矿开采有下列情形之一的，应当编制专项设计：①有煤（岩）与瓦斯（二氧化碳）突出的；②有冲击地压危险的；③开采需要保护的建筑物、水体、铁路下压煤或者主要井巷留设煤柱的；④水文地质类型复杂、极复杂或者周边有老窑采空区的；⑤开采容易自燃和自燃煤层的；⑥其他需要编制专项设计的；D错误，错在“专职总工程师”。第二十二条：煤矿企业应当为煤矿分别配备专职矿长、总工程师，分管安全、生产、机电的副矿长以及专业技术人员。对煤（岩）与瓦斯（二氧化碳）突出、高瓦斯、冲击地压、煤层容易自燃、水文地质类型复杂和极复杂的煤矿，还应当设立相应的专门防治机构，配备专职副总工程师。故选C。
单选题,[2020年][河南中安]【改编】根据《煤矿安全生产条例》，下列隐患中，属于重大生产安全事故隐患的是（    ）。,A.煤矿超出采矿许可证批准的范围开采煤炭|B.煤矿提升系统没有安全警示标志|C.煤矿放炮监控系统不能正常运行|D.煤矿将井下巷道维修材料的运输作业进行劳务承包,A,【解析】本题主要考查的是煤矿中重大事故隐患。做题思路：2020年首次考查，了解即可。A属于越界开采，BCD不属于，BCD属于一般事故隐患。《煤矿安全生产条例》第三十六条规定，煤矿企业有下列情形之一的，属于重大事故隐患，应当立即停止受影响区域生产、建设，并及时消除事故隐患：①超能力、超强度或者超定员组织生产的；②瓦斯超限作业的；③煤（岩）与瓦斯（二氧化碳）突出矿井未按照规定实施防突措施的；④煤（岩）与瓦斯（二氧化碳）突出矿井、高瓦斯矿井未按照规定建立瓦斯抽采系统，或者系统不能正常运行的；⑤通风系统不完善、不可靠的；⑥超层、越界开采的；⑦有严重水患，未采取有效措施的；⑧有冲击地压危险，未采取有效措施的；⑨自然发火严重，未采取有效措施的；⑩使用应当淘汰的危及生产安全的设备、工艺的；⑪未按照规定建立监控与通讯系统，或者系统不能正常运行的；⑫露天煤矿边坡角大于设计最大值或者边坡发生严重变形，未采取有效措施的；⑬未按照规定采用双回路供电系统的；⑭新建煤矿边建设边生产，煤矿改扩建期间，在改扩建的区域生产，或者在其他区域的生产超出设计规定的范围和规模的；⑮实行整体承包生产经营后，未重新取得或者及时变更安全生产许可证而从事生产，或者承包方再次转包，以及将井下采掘工作面和井巷维修作业外包的；⑯改制、合并、分立期间，未明确安全生产责任人和安全生产管理机构，或者在完成改制、合并、分立后，未重新取得或者及时变更安全生产许可证等的；⑰有其他重大事故隐患的。故选A。
单选题,[2020年][河南中安]甲公司将某住宅项目发包给乙公司施工，并与丙公司签订监理合同。乙公司承接后，将其中的外墙装饰工程分包给丁公司。根据《建设工程安全生产管理条例》，负责统一组织编制建设工程生产安全事故应急预案的单位是（    ）。,A.甲公司|B.丙公司|C.乙公司|D.丁公司,C,【解析】本题主要考查的是施工单位安全管理职责，属于高频考点。做题思路：首先判断出题干给出的公司分别是什么单位，然后根据法规条款要求进行逐项判断。本题：建设单位——甲公司；总承包商——乙公司、分包单位——丁公司；监理单位——丙公司。根据《建设工程安全生产管理条例》，第四十九条：施工单位应当根据建设工程施工的特点、范围，对施工现场易发生重大事故的部位、环节进行监控，制定施工现场生产安全事故应急救援预案。实行施工总承包的，由总承包单位统一组织编制建设工程生产安全事故应急救援预案，工程总承包单位和分包单位按照应急救援预案，各自建立应急救援组织或者配备应急救援人员，配备救援器材、设备，并定期组织演练。故选C。
单选题,[2020年][河南中安]根据《建设工程安全生产管理条例》，关于施工现场起重机械安装及责任的说法，正确的是（    ）。,A.施工现场起重机械必须由施工单位安装，建设单位不承担安全责任|B.施工单位编制安装方案，制定安全措施，建设单位应安排人员现场监督|C.建设单位对施工现场起重机械安装情况进行检验，办理验收手续并签字|D.安装单位安装完毕后应当自检，并出具自检合格证明,D,【解析】本题主要考查的是施工现场起重机械安装及责任。做题思路：本知识点的学习要求掌握不同单位的职责并能够区分，2020年首次考查，了解即可。A错误，错在“必须施工单位安装”施工现场起重机械的安装必须具有相应资质的单位承担；B错误，错在“建设单位安排人员”。应是施工单位应安排技术人员现场监督，重点记忆是“技术人员”；C错误，错在“建设单位对施工现场起重机械安装情况进行检验”。应是安装单位进行自检，并向施工单位进行安全使用说明，办理验收手续并签字。根据《建设工程安全生产管理条例》，第十七条：在施工现场安装、拆卸施工起重机械和整体提升脚手架、模板等自升式架设设施，必须由具有相应资质的单位承担。安装、拆卸施工起重机械和整体提升脚手架、模板等自升式架设设施，应当编制拆装方案、制定安全施工措施，并由专业技术人员现场监督。施工起重机械和整体提升脚手架、模板等自升式架设设施安装完毕后，安装单位应当自检，出具自检合格证明，并向施工单位进行安全使用说明，办理验收手续并签字。故选D。
单选题,[2020年][河南中安]危险化学品单位应当制定本单位事故应急救援预案。根据《危险化学品安全管理条例》，危险化学品事故应急救援预案应当报（    ）应急管理部门备案。,A.省级人民政府|B.县级人民政府|C.设区的市级人民政府|D.乡镇人民政府,C,【解析】本题主要考查的是危险化学品应急预案备案的部门。C正确，根据《危险化学品安全管理条例》，第七十条：危险化学品单位应当制定本单位危险化学品事故应急预案，配备应急救援人员和必要的应急救援器材、设备，并定期组织应急救援演练。危险化学品单位应当将其危险化学品事故应急预案报所在地设区的市级人民政府安全生产监督管理部门备案。故选C。
单选题,[2020年][河南中安]根据《生产安全事故应急条例》，甲市乙县人民政府负有安全生产监督管理职责的部门制定的生产安全事故应急救援预案应当报送（    ）。,A.甲市应急管理部门备案|B.乙县人民政府审批|C.甲市应急管理部门审批|D.乙县人民政府备案,D,【解析】本题主要考查的是生产安全事故应急救援预案报送单位，属于高频考点。做题思路：需要掌握人民政府有关单位和生产经营单位（注意备案层级）备案单位。D正确，根据《生产安全事故应急条例》，第七条：县级以上人民政府负有安全生产监督管理职责的部门应当将其制定的生产安全事故应急救援预案报送本级人民政府备案；易燃易爆物品、危险化学品等危险物品的生产、经营、储存、运输单位，矿山、金属冶炼、城市轨道交通运营、建筑施工单位，以及宾馆、商场、娱乐场所、旅游景区等人员密集场所经营单位，应当将其制定的生产安全事故应急救援预案按照国家有关规定报送县级以上人民政府负有安全生产监督管理职责的部门备案，并依法向社会公布。故选D。
单选题,[2020年][河南中安]国家对危险化学品的使用实施许可制度。根据《危险化学品安全管理条例》，下列使用危险化学品的单位中，必须取得安全使用许可证的是（    ）。,A.使用危险化学品从事生产且使用量达到规定数量的化工企业|B.危险化学品生产企业|C.科研院所实验室|D.使用危险化学品且使用量达到规定数量的金属冶炼企业,A,【解析】本题主要考查危险化学品安全使用许可证。做题思路：本知识点常规考查①取证的条件②取证的流程。特别注意危险化学品生产企业不需要取得危险化学品使用许可证。A正确，根据《危险化学品安全管理条例》，第二十九条：使用危险化学品从事生产并且使用量达到规定数量的化工企业（属于危险化学品生产企业的除外，下同），应当依照本条例的规定取得危险化学品安全使用许可证。故选A。
单选题,[2020年][河南中安]某化工企业生产国家禁止生产的危险化学品，应急管理部门接到群众举报后，依法对该化工企业进行查处。根据《危险化学品安全管理条例》，关于应急管理部门对该企业采取的执法措施，正确的是（    ）。,A.责令限期改正|B.强制关闭|C.处10万元罚款|D.责令停止生产,D,【解析】本题主要考查的是法律责任，属于高频考点。D正确，根据《危险化学品安全管理条例》，第七十五条：生产、经营、使用国家禁止生产、经营、使用的危险化学品的，由安全生产监督管理部门责令停止生产、经营、使用活动，处20万元以上50万元以下的罚款，有违法所得的，没收违法所得；构成犯罪的，依法追究刑事责任。故选D
单选题,"[2020年][河南中安]一、单选题
37
标记
收藏

我国非常重视危险物品安全管理工作，根据《危险化学品安全管理条例》，下列危险物品中，适用该条例的是（    ）。",A.矿山爆破用炸药|B.进口农药|C.实验室放射源|D.烟花爆竹,B,【解析】本题主要考查的是《危险化学品安全管理条例》的适用。做题思路：2020年首次考查，了解即可。ACD不适用，根据《危险化学品安全管理条例》，第九十七条：监控化学品、属于危险化学品的药品和农药的安全管理，依照本条例的规定执行；法律、行政法规另有规定的，依照其规定。民用爆炸物品、烟花爆竹、放射性物品、核能物质以及用于国防科研生产的危险化学品的安全管理，不适用本条例。法律、行政法规对燃气的安全管理另有规定的，依照其规定。危险化学品容器属于特种设备的，其安全管理依照有关特种设备安全的法律、行政法规的规定执行。故选B。
单选题,[2020年][河南中安]李某计划在甲市乙县开办一个烟花爆竹零售点，需要办理烟花爆竹经营（零售）许可证。根据《烟花爆竹安全管理条例》，李某应当向（    ）提出申请办理经营许可证。,A.甲市应急管理部门|B.甲市公安机关|C.乙县应急管理部门|D.乙县公安机关,C,【解析】本题主要考查的是烟花爆竹办理烟花爆竹经营（零售）许可证。做题思路：①区分烟花爆竹经营（零售）许可证和烟花爆竹经营（批发）许可证；②零售和批发申请层级不同。C正确，根据《烟花爆竹安全管理条例》，第十九条：申请从事烟花爆竹零售的经营者，应当向所在地县级人民政府安全生产监督管理部门提出申请，并提供能够证明符合本条例第十八条规定条件的有关材料。受理申请的安全生产监督管理部门应当自受理申请之日起20日内对提交的有关材料和经营场所进行审查，对符合条件的，核发《烟花爆竹经营（零售）许可证》；对不符合条件的，应当说明理由。故选C。
单选题,[2020年][河南中安]张某投资兴办一家烟花爆竹企业，引入新型安全环保生产线生产大型焰火晚会专用烟花。根据《烟花爆竹安全管理条例》，关于该企业安全管理的说法，正确的是（    ）。,A.扩大产能进行技术改造的，应当按规定办理安全生产许可证|B.从事危险工序的作业人员经企业培训考核合格，即可上岗作业|C.使用的原料超过规定用量的，应当报企业主要负责人批准|D.在生产的烟花爆竹上，应当印制易燃易爆危险品警示标志,A,【解析】本题主要考查的是烟花爆竹企业的安全管理，属于高频考点。做题思路：重点记忆安全管理的细节。A正确，第十条：生产烟花爆竹的企业为扩大生产能力进行基本建设或者技术改造的，应当依照本条例的规定申请办理安全生产许可证。生产烟花爆竹的企业，持《烟花爆竹安全生产许可证》到工商行政管理部门办理登记手续后，方可从事烟花爆竹生产活动；B错误，错在“企业培训考核合格”。第十二条：生产烟花爆竹的企业，应当对生产作业人员进行安全生产知识教育，对从事药物混合、造粒、筛选、装药、筑药、压药、切引、搬运等危险工序的作业人员进行专业技术培训。从事危险工序的作业人员经设区的市人民政府安全生产监督管理部门考核合格，方可上岗作业；C错误，错在“超过规定用量的”。第十三条：生产烟花爆竹使用的原料，应当符合国家标准的规定。生产烟花爆竹使用的原料，国家标准有用量限制的，不得超过规定的用量。不得使用国家标准规定禁止使用或者禁忌配伍的物质生产烟花爆竹；D错误，错在“烟花爆竹上印制易燃易爆危险品警示标志”，应在“烟花爆竹上标注燃放说明”。第十四条：生产烟花爆竹的企业，应当按照国家标准的规定，在烟花爆竹产品上标注燃放说明，并在烟花爆竹包装物上印制易燃易爆危险物品警示标志。故选A。
单选题,[2020年][河南中安]某省甲市乙县某化工厂委托该县某具备资质的运输公司，将其生产的1吨TNT炸药，运至该省丙市丁县某爆破公司。根据《民用爆炸物品安全管理条例》，该爆破公司应向（    ）申领民用爆炸物品运输许可证。,A.甲市公安机关|B.丁县公安机关|C.乙县公安机关|D.丙市公安机关,B,【解析】本题主要考查的是民用爆炸物品的运输，属于高频考点。做题思路：重点掌握民用爆炸物品运输许可证申领过程，并与烟花爆竹、危险化学品运输许可证的申领做区分。B正确，根据《民用爆炸物品安全管理条例》，第二十六条：运输民用爆炸物品，收货单位应当向运达地县级人民政府公安机关提出申请，并提交包括下列内容的材料：（一）民用爆炸物品生产企业、销售企业、使用单位以及进出口单位分别提供的《民用爆炸物品生产许可证》《民用爆炸物品销售许可证》《民用爆炸物品购买许可证》或者进出口批准证明；（二）运输民用爆炸物品的品种、数量、包装材料和包装方式；（三）运输民用爆炸物品的特性、出现险情的应急处置方法；（四）运输时间、起始地点、运输路线、经停地点。故选B。
单选题,[2020年][河南中安]民用爆炸物品储存不当极易导致重大事故，我国实行严格的民用爆炸物品储存安全管理制度。根据《民用爆炸物品安全管理条例》，关于民用爆炸物品储存安全的说法，正确的是（    ）,A.对性质相抵触的民用爆炸物品同库储存时，必须分开存放|B.容易引起燃烧、爆炸的其他物品带入仓库内时，应与所储存爆炸物品保持安全距离|C.民用爆炸物品应当储存在专用仓库内，其储存的数量不得超过设计容量|D.爆破作业现场严禁存放民用爆炸物品,C,【解析】本题主要考查的是民用爆炸物品储存安全管理制度，属于高频考点。做题思路：此类题目多考查条款中一些细节的规定并进行混淆出题，要求学习记忆准确。C正确，AB错误，A错在“性质相抵触的民用爆炸物品同库储存”，B错在“容易引起燃烧、爆炸的其他物品带入仓库内”。根据《民用爆炸物品安全管理条例》，第四十一条：储存民用爆炸物品应当遵守下列规定：（一）建立出入库检查、登记制度，收存和发放民用爆炸物品必须进行登记，做到账目清楚，账物相符；（二）储存的民用爆炸物品数量不得超过储存设计容量，对性质相抵触的民用爆炸物品必须分库储存，严禁在库房内存放其他物品；（三）专用仓库应当指定专人管理、看护，严禁无关人员进入仓库区内，严禁在仓库区内吸烟和用火，严禁把其他容易引起燃烧、爆炸的物品带入仓库区内，严禁在库房内住宿和进行其他活动；（四）民用爆炸物品丢失、被盗、被抢，应当立即报告当地公安机关；D错误，错在“严禁存放”。第四十二条：在爆破作业现场临时存放民用爆炸物品的，应当具备临时存放民用爆炸物品的条件，并设专人管理、看护，不得在不具备安全存放条件的场所存放民用爆炸物品。故选C。
单选题,[2020年][河南中安]某港务公司起重机械数量众多，经有关部门核准设立了特种设备检测所，具体负责本公司起重机械检验检测工作。根据《特种设备安全监察条例》，下列检验检测工作中，该检测所可以开展的是（    ）。,A.起重机械监督检验|B.起重机械定期检验|C.自制非标起重机的型式试验|D.起重机械无损检测,B,【解析】本题主要考查的是检测所检验检测工作的范围。做题思路：属于2020年首次考查，重点了解。ACD错误，ACD中的检验特种设备检验检测机构可以开展。根据《特种设备安全监察条例》，第四十一条：从事本条例规定的监督检验、定期检验、型式试验以及专门为特种设备生产、使用、检验检测提供无损检测服务的特种设备检验检测机构，应当经国务院特种设备安全监督管理部门核准。特种设备使用单位设立的特种设备检验检测机构，经国务院特种设备安全监督管理部门核准，负责本单位核准范围内的特种设备定期检验工作。故选B。
单选题,[2020年][河南中安]根据《生产安全事故应急条例》，关于生产安全事故应急工作的说法，正确的是（    ）。,A.国务院应急管理部门统一领导全国的生产安全事故应急工作|B.生产安全事故应急工作涉及两个行政区域的，可由共同的上一级人民政府负责|C.根据生产安全事故的类型确定统一领导生产安全事故应急工作的部门|D.生产安全事故应急工作涉及两个行政区域的可由这两个行政区域人民政府共同负责,B,【解析】本题主要考查的是各级政府的事故应急工作，属于高频考点。做题思路重点区分不同层级和不同部门的职责。A错误，错在“国务院应急管理部”。国务院统一领导全国的生产安全事故应急工作；C错误，错在“根据生产安全事故的类型确定”。县级以上地方人民政府统一领导本行政区域内的生产安全事故应急工作；D错误，错在“由这两个行政区域人民政府共同负责”。涉及两个以上行政区域的，由有关行政区域共同的上一级人民政府负责，或者由各有关行政区域的上一级人民政府共同负责。根据《生产安全事故应急条例》，第三条：国务院统一领导全国的生产安全事故应急工作，县级以上地方人民政府统一领导本行政区域内的生产安全事故应急工作。生产安全事故应急工作涉及两个以上行政区域的，由有关行政区域共同的上一级人民政府负责，或者由各有关行政区域的上一级人民政府共同负责。县级以上人民政府应急管理部门和其他对有关行业、领域的安全生产工作实施监督管理的部门（以下统称负有安全生产监督管理职责的部门）在各自职责范围内，做好有关行业、领域的生产安全事故应急工作。县级以上人民政府应急管理部门指导、协调本级人民政府其他负有安全生产监督管理职责的部门和下级人民政府的生产安全事故应急工作。乡、镇人民政府以及街道办事处等地方人民政府派出机关应当协助上级人民政府有关部门依法履行生产安全事故应急工作职责。故选B。
单选题,[2020年][河南中安]2019年12月，某公司因必要的安全投入不足导致生产安全事故，造成2人死亡、3人重伤。王某任该公司总经理，其2018年、2019年的年收入分别为200万元、300万元。根据《生产安全事故报告和调查处理条例》，应急管理部门对王某处以罚款的金额应当为（    ）万元。,A.80|B.60|C.90|D.120,B,【解析】本题主要考查的是法律责任，属于高频考点。做题思路：做题首先判断事故等级。根据2人死亡（一般），3人重伤（一般）确定属于一般事故。其次应明确是根据本年度还是上一年度的年收入，最后根据规定的比例进行处罚。发生一般事故的，处上一年年收入30%的罚款，200×30%＝60万。B正确，根据《生产安全事故报告和调查处理条例》，第三十八条：事故发生单位主要负责人未依法履行安全生产管理职责，导致事故发生的，依照下列规定处以罚款；属于国家工作人员的，并依法给予处分；构成犯罪的，依法追究刑事责任：（一）发生一般事故的，处上一年年收入30%的罚款；（二）发生较大事故的，处上一年年收入40%的罚款；（三）发生重大事故的，处上一年年收入60%的罚款；（四）发生特别重大事故的，处上一年年收入80%的罚款。故选B。
单选题,[2020年][河南中安]某建筑施工企业的注册地在甲县，该企业在乙县施工过程中发生脚手架坍塌事故，造成1人死亡、1人重伤，直接经济损失1350万元。甲县和乙县相邻，都隶属于丙省丁市。根据《生产安全事故报告和调查处理条例》，负责调查该事故的单位是（    ）。,A.甲县人民政府|B.丁市人民政府|C.丙省人民政府|D.乙县人民政府,B,【解析】本题主要考查的是事故调查，属于高频考点。做题思路：首先确定事故的等级：1人死亡——一般事故；1人重伤——一般事故；直接经济损失1350元——较大事故。其次根据“就高不就低”原则，判断出属于较大事故。最后判断调查单位。（特别注意和上报单位以及特种设备事故调查区分）。较大事故由事故发生地设区的市级人民政府负责调查。确定答案选择B。B正确，根据《生产安全事故报告和调查处理条例》，第十九条：特别重大事故由国务院或者国务院授权有关部门组织事故调查组进行调查。重大事故、较大事故、一般事故分别由事故发生地省级人民政府、设区的市级人民政府、县级人民政府负责调查。省级人民政府、设区的市级人民政府、县级人民政府可以直接组织事故调查组进行调查，也可以授权或者委托有关部门组织事故调查组进行调查。故选B。
单选题,[2020年][河南中安]某县化工企业发生危险化学品泄漏爆炸事故，造成5人死亡。根据《生产安全事故报告和调查处理条例》，关于事故报告的说法，正确的是（    ）。,A.该化工企业负责人接到事故报告后，应当在2小时内向县应急管理部门报告|B.县应急管理部门接到事故报告后，应当在24小时内向上级应急管理部门报告|C.县应急管理部门在向上一级应急管理部门报告的同时，应当将事故情况报告本级人民政府|D.该事故应当逐级上报，不得越级直接向所在地省应急管理部门报告,C,【解析】本题主要考查的是事故报告，属于高频考点。做题思路：此类题目多考查事故上报时限要求、上报政府层级，需重点记忆。A错误，错在“2小时”。第九条：事故发生后，事故现场有关人员应当立即向本单位负责人报告；本单位负责人接到报告后，应当于1小时内向事故发生地县级以上人民政府安全生产监督管理部门和负有安全生产监督管理职责的有关部门报告；B错误，错在“24小时”。第十一条：安全生产监督管理部门和负有安全生产监督管理职责的有关部门逐级上报事故情况，每级上报的时间不得超过2小时；C正确，D错误，错在“不得越级”。第十条：安全生产监督管理部门和负有安全生产监督管理职责的有关部门依照前款规定上报事故情况，应当同时报告本级人民政府。国务院安全生产监督管理部门和负有安全生产监督管理职责的有关部门以及省级人民政府接到发生特别重大事故、重大事故的报告后，应当立即报告国务院。必要时，安全生产监督管理部门和负有安全生产监督管理职责的有关部门可以越级上报事故情况。故选C。
单选题,[2020年][河南中安]根据《工伤保险条例》，下列情形中，应当认定为工伤或者视同工伤的是（    ）。,A.李某在公司上班期间突发脑溢血，经抢救无效三天后死亡|B.王某下班乘公交车回家途中，因公交车发生交通事故死亡|C.张某调任新工作岗位后，因工作压力大患抑郁症自杀死亡|D.贾某在公司上班期间因过量饮酒，经抢救无效死亡,B,【解析】本题主要考查的是工伤认定，属于高频考点。做题思路：本题需要掌握认定工伤、视同工伤以及不得认定工伤几种情形的区别。根据《工伤保险条例》，第十四条：职工有下列情形之一的，应当认定为工伤：（一）在工作时间和工作场所内，因工作原因受到事故伤害的；（二）工作时间前后在工作场所内，从事与工作有关的预备性或者收尾性工作受到事故伤害的；（三）在工作时间和工作场所内，因履行工作职责受到暴力等意外伤害的；（四）患职业病的；（五）因工外出期间，由于工作原因受到伤害或者发生事故下落不明的；（六）在上下班途中，受到非本人主要责任的交通事故或者城市轨道交通、客运轮渡、火车事故伤害的；（七）法律、行政法规规定应当认定为工伤的其他情形。A错误，错在“三天后死亡（三天已经48小时之后）”。第十五条：职工有下列情形之一的，视同工伤：（一）在工作时间和工作岗位，突发疾病死亡或者在48小时之内经抢救无效死亡的；（二）在抢险救灾等维护国家利益、公共利益活动中受到伤害的；（三）职工原在军队服役，因战、因公负伤致残，已取得革命伤残军人证，到用人单位后旧伤复发的；CD错误，C错在“自杀”，D错在“过量饮酒”。第十六条：职工符合本条例第十四条、第十五条的规定，但是有下列情形之一的，不得认定为工伤或者视同工伤：（一）故意犯罪的；（二）醉酒或者吸毒的；（三）自残或者自杀的。故选B。
单选题,[2020年][河南中安]根据以支定收、收支平衡的原则，以一个周期内工伤保险基金的支付额度确定工伤保险费征缴额度。根据《工伤保险条例》，下列费用中，不属于工伤保险基金支付范围的是（    ）。,A.工伤保险待遇费用|B.劳动能力鉴定费用|C.工伤预防宣传和培训费用|D.工伤保险经办机构运行费用,D,【解析】本题主要考查的是工伤保险基金使用范围，属于高频考点。做题思路：特别注意本题考查的是“不属于”的。D不属于，ABC属于。根据《工伤保险条例》，第十二条：工伤保险基金存入社会保障基金财政专户，用于本条例规定的工伤保险待遇，劳动能力鉴定，工伤预防的宣传、培训等费用，以及法律、法规规定的用于工伤保险的其他费用的支付。工伤预防费用的提取比例、使用和管理的具体办法，由国务院社会保险行政部门会同国务院财政、卫生行政、安全生产监督管理等部门规定。任何单位或者个人不得将工伤保险基金用于投资运营、兴建或者改建办公场所、发放奖金，或者挪作其他用途。故选D。
单选题,[2020年][河南中安]工伤保险是法定的强制性社会保险，是通过对受害人实施医疗救治和给予必要的经济补偿以保障其经济权利的补救措施。根据《工伤保险条例》，关于缴纳工伤保险费和享受工伤保险待遇的说法，正确的是（    ）。,A.用人单位的全体职工享有工伤保险待遇的权利|B.合伙制律师事务所不需要为员工缴纳工伤保险费|C.因职工过错导致事故发生的，该职工不享受工伤保险待遇|D.未缴纳工伤保险费的用人单位职工不享受工伤保险待遇,A,【解析】本题主要考查的是缴纳工伤保险费和享受保险待遇。做题思路：此知识点的核心是生产经营单位应为从业人员缴纳工伤保险，不缴纳工伤保险应由用人单位承担责任。A正确，B错误，错在“不需要”。第二条：中华人民共和国境内的企业、事业单位、社会团体、民办非企业单位、基金会、律师事务所、会计师事务所等组织和有雇工的个体工商户（以下称用人单位）应当依照本条例规定参加工伤保险，为本单位全部职工或者雇工（以下称职工）缴纳工伤保险费。中华人民共和国境内的企业、事业单位、社会团体、民办非企业单位、基金会、律师事务所、会计师事务所等组织的职工和个体工商户的雇工，均有依照本条例的规定享受工伤保险待遇的权利；C错误，错在“不享受”。第三十条：职工因工作遭受事故伤害或者患职业病进行治疗，享受工伤医疗待遇。职工在工作中因过错导致事故发生的也享受工伤医疗待遇；D错误，错在“不享受”。第六十二条：用人单位依照本条例规定应当参加工伤保险而未参加的，由社会保险行政部门责令限期参加，补缴应当缴纳的工伤保险费，并自欠缴之日起，按日加收万分之五的滞纳金；逾期仍不缴纳的，处欠缴数额1倍以上3倍以下的罚款。依照本条例规定应当参加工伤保险而未参加工伤保险的用人单位职工发生工伤的，由该用人单位按照本条例规定的工伤保险待遇项目和标准支付费用。故选A
单选题,[2020年][河南中安]根据《大型群众性活动安全管理条例》，举办大型群众性活动预计参加人数达到（    ）人以上的，由活动所在地设区的市级人民政府公安机关实施安全许可。,A.3000|B.5000|C.8000|D.10000,B,【解析】本题主要考查的是大型群众活动实施安全许可。做题思路：本知识点首次考查，重点掌握不同规模的群众性活动对应不同层级公安机关实施安全许可。B正确，根据《大型群众性活动安全管理条例》，第十二条：大型群众性活动的预计参加人数在1000人以上5000人以下的，由活动所在地县级人民政府公安机关实施安全许可；预计参加人数在5000人以上的，由活动所在地设区的市级人民政府公安机关或者直辖市人民政府公安机关实施安全许可；跨省、自治区、直辖市举办大型群众性活动的，由国务院公安部门实施安全许可。故选B。
单选题,[2020年][河南中安]根据《女职工劳动保护特别规定》，下列劳动作业中，属于女职工禁忌从事的劳动作业是（    ）。,A.体力劳动强度分级标准中规定的第三级体力劳动强度的作业|B.体力劳动强度分级标准中规定的第四级体力劳动强度的作业|C.高处作业分级标准中规定的第三级高处作业|D.高处作业分级标准中规定的第四级高处作业,B,本题主要考查的是女职工禁忌从事的劳动作业，属于高频考点。做题思路：重点区分女职工不同时期（孕期、哺乳期、经期）的不同要求。B属于，ACD不属于。根据《女职工劳动保护特别规定》，女职工禁忌从事的劳动范围：（一）矿山井下作业；（二）体力劳动强度分级标准中规定的第四级体力劳动强度的作业；（三）每小时负重6次以上、每次负重超过20公斤的作业，或者间断负重、每次负重超过25公斤的作业。女职工在经期禁忌从事的劳动范围：（一）冷水作业分级标准中规定的第二级、第三级、第四级冷水作业；（二）低温作业分级标准中规定的第二级、第三级、第四级低温作业；（三）体力劳动强度分级标准中规定的第三级、第四级体力劳动强度的作业；（四）高处作业分级标准中规定的第三级、第四级高处作业。故选B。
单选题,"[2020年][河南中安]一、单选题
52
标记
收藏

根据《注册安全工程师分类管理办法》，下列专业类别中，属于注册安全工程师专业类别的是（    ）。",A.特种设备安全|B.矿山安全|C.机械安全|D.金属冶炼安全,D,本题主要考查的是注册工程师专业类别。D属于，ABC不属于。根据《注册安全工程师分类管理办法》，第三条：注册安全工程师专业类别划分为：煤矿安全、金属非金属矿山安全、化工安全、金属冶炼安全、建筑施工安全、道路运输安全、其他安全（不包括消防安全）。故选D。
单选题,[2020年][河南中安]根据《注册安全工程师分类管理办法》，该办法实施2年内，危险化学品生产企业安全生产管理人员中的中级及以上注册安全工程师占比应当达到（    ）左右并逐步提升。,A.5%|B.10%|C.15%|D.20%,C,本题主要考查的是注册安全工程师占比。C正确，根据《注册安全工程师分类管理办法》，第十二条：危险物品的生产、储存单位以及矿山、金属冶炼单位应当有相应专业类别的中级及以上注册安全工程师从事安全生产管理工作。危险物品的生产、储存单位以及矿山单位安全生产管理人员中的中级及以上注册安全工程师比例应自本办法施行之日起2年内，金属冶炼单位安全生产管理人员中的中级及以上注册安全工程师比例应自本办法施行之日起5年内达到15%左右并逐步提高。故选C。
单选题,[2020年][河南中安]某中央企业总部位于北京市朝阳区，王某是该企业设在石家庄市的河北分公司主要负责人，按规定参加安全生产培训。根据《安全生产培训管理办法》，安全生产培训结束后，负责对王某进行考核的部门是（    ）。,A.河北省应急管理部门|B.北京市应急管理部门|C.北京市朝阳区应急管理部门|D.河北省石家庄市应急管理部门,A,本题主要考查的是主要责任人考核部门。做题思路：首先需要明确企业类型（中央企业、总厂、集团公司还是中央企业分公司、子公司）。再判断考核单位。本题中的企业属于中央企业的分公司，应由省级监督管理部门进行考核。A正确，根据《安全生产培训管理办法》，第二十条：国家安全监管总局负责省级以上安全生产监督管理部门的安全生产监管人员、各级煤矿安全监察机构的煤矿安全监察人员的考核；负责中央企业的总公司、总厂或者集团公司的主要负责人和安全生产管理人员的考核。省级安全生产监督管理部门负责市级、县级安全生产监督管理部门的安全生产监管人员的考核；负责省属生产经营单位和中央企业分公司、子公司及其所属单位的主要负责人和安全生产管理人员的考核；负责特种作业人员的考核。故选A。
单选题,[2020年][河南中安]根据《安全生产培训管理办法》，关于负有安全监督管理职责的部门颁发的证书效力的说法，正确的是（    ）,A.赵某在北京市取得的企业安全管理人员安全合格证，在广东省也有效|B.李某在上海市取得的企业主要负责人安全合格证，仅在上海市范围内有效|C.李某在上海市取得的企业主要负责人安全合格证，仅在上海市范围内有效|D.张某在安徽省取得的特种作业操作证，仅在安徽省范围内有效,A,本题主要考查的是证书的效力。做题思路：本知识点首次考查，多做了解。BCD错误，错在“仅在某个地方有效”，应在全国范围内有效。根据《安全生产培训管理办法》，第二十六条：特种作业操作证和省级安全生产监督管理部门、省级煤矿安全培训监管机构颁发的主要负责人、安全生产管理人员的安全合格证，在全国范围内有效。故选A。
单选题,[2020年][河南中安]张某从技工学校电焊专业毕业后，被招录到某建筑公司从事电焊工作，按要求申办特种作业操作证。根据《特种作业人员安全技术培训考核管理规定》，关于张某安全培训要求的说法，正确的是（    ）。,A.免于安全培训，可以直接取得操作证|B.免于实际操作培训，仍需理论培训|C.免于理论培训，仍需实际操作培训|D.持学历证明经考核发证机关同意，可免于专业培训,D,本题主要考查的是特种作业人员的培训，属于高频考点。做题思路：根据《安全生产培训管理办法》第十四条：国家鼓励生产经营单位招录职业院校毕业生。职业院校毕业生从事与所学专业相关的作业，可以免予参加初次培训，实际操作培训除外。注意本题所考核的是《特种作业人员安全技术培训考核管理规定》。D正确，根据《特种作业人员安全技术培训考核管理规定》，第九条：特种作业人员应当接受与其所从事的特种作业相应的安全技术理论培训和实际操作培训。已经取得职业高中、技工学校及中专以上学历的毕业生从事与其所学专业相应的特种作业，持学历证明经考核发证机关同意，可以免予相关专业的培训。跨省、自治区、直辖市从业的特种作业人员，可以在户籍所在地或者从业所在地参加培训。故选D。
单选题,[2020年][河南中安]特种作业操作证应当定期复审。根据《特种作业人员安全技术培训考核管理规定》，关于特种作业人员特种作业操作证复审的说法，正确的是（    ）。,A.申请复审的，应当参加必要的安全培训并考核合格|B.连续从事本工种10年，复审时间自动延长至每6年一次|C.申请复审的，安全培训时间不少于4学时|D.有1次违章行为并查证属实的，复审不予通过,A,本题主要考查的是特种作业人员特种作业操作证的复审，属于高频考点。做题思路：需要重点掌握复审要求中相关数字。B错误，错在“满10年自动延长”。第二十一条：特种作业操作证每3年复审1次。特种作业人员在特种作业操作证有效期内，连续从事本工种10年以上，严格遵守有关安全生产法律法规的，经原考核发证机关或者从业所在地考核发证机关同意，特种作业操作证的复审时间可以延长至每6年1次；C错误，错在“4学时”。第二十三条：特种作业操作证申请复审或者延期复审前，特种作业人员应当参加必要的安全培训并考试合格。安全培训时间不少于8个学时，主要培训法律、法规、标准、事故案例和有关新工艺、新技术、新装备等知识；D错误，错在“1次”。第二十五条：特种作业人员有下列情形之一的，复审或者延期复审不予通过：（二）违章操作造成严重后果或者有2次以上违章行为，并经查证确实的。故选A。
单选题,[2020年][河南中安]王某是某化工企业氯化岗位特种作业人员，2019年5月因病住院，2020年6月病愈上班。根据《特种作业人员安全技术培训考核管理规定》，关于王某重新上岗的说法，正确的是（    ）。,A.无需参加理论和实际操作考试|B.必须再申请特种作业操作证|C.应当重新进行实际操作考试并经确认合格|D.应当经过实际操作培训但无需进行考试,C,本题主要考查的是离开岗位的特种作业人员重新上岗的要求，属于高频考点。C正确，根据《特种作业人员安全技术培训考核管理规定》，第三十二条：离开特种作业岗位6个月以上的特种作业人员，应当重新进行实际操作考试，经确认合格后方可上岗作业。故选C。
单选题,[2020年][河南中安]王某是一家金属矿山公司的董事长，聘请李某担任该公司的高级安全主管。根据《生产经营单位安全培训规定》，关于从业人员安全培训时间要求的说法，正确的是（    ）。,A.王某的初次安全培训时间不得少于32学时|B.王某每年再培训时间不得少于16学时|C.李某的初次安全培训时间不得少于24学时|D.李某每年再培训时间不得少于12学时,B,本题主要考查的是安全培训学时，属于高频考点。做题思路：首先明确企业类型。其次判断人员类别。（口诀：两矿两危一冶炼，二四六八十二加）本题企业是金属矿山企业，适用高危行业的培训时间，王某和李某是主要负责人和安全生产管理人员。A错误，错在“32”。王某是主要负责人。初次安全培训时间不得少于48学时；C错误，错在“24”。李某是安全管理人员。初次安全培训时间不得少于48学时；D错误，错在“12”。李某是安全管理人员。每年再培训时间不得少于16学时。根据《生产经营单位安全培训规定》，第九条：生产经营单位主要负责人和安全生产管理人员初次安全培训时间不得少于32学时。每年再培训时间不得少于12学时。煤矿、非煤矿山、危险化学品、烟花爆竹、金属冶炼等生产经营单位主要负责人和安全生产管理人员初次安全培训时间不得少于48学时，每年再培训时间不得少于16学时。故选B。
单选题,[2020年][河南中安]规范生产安全事故应急预案管理工作，是提高预案质量、科学开展应急救援工作的重要举措。根据《生产安全事故应急预案管理办法》，关于企业应急预案论证或评审的说法，正确的是（    ）。,A.危险化学品存储企业应当对本单位编制的应急预案进行评审|B.金属冶炼企业应当对本单位编制的应急预案进行论证|C.大型食品加工企业应当对本单位编制的应急预案进行论证|D.小型家具制造企业应当对本单位编制的应急预案进行评审,A,本题主要考查的是应急预案论证或评审，属于高频考点。做题思路：重点记忆需要对应急预案进行评审的单位，通过排除法做题。A正确，BCD错误，BC错在“应当进行论证”，D错在“应当进行评审”。根据《生产安全事故应急预案管理办法》，第二十一条：矿山、金属冶炼企业和易燃易爆物品、危险化学品的生产、经营（带储存设施的，下同）、储存、运输企业，以及使用危险化学品达到国家规定数量的化工企业、烟花爆竹生产、批发经营企业和中型规模以上的其他生产经营单位，应当对本单位编制的应急预案进行评审，并形成书面评审纪要。前款规定以外的其他生产经营单位可以根据自身需要，对本单位编制的应急预案进行论证。故选A。
单选题,[2020年][河南中安]应急预案演练是应急管理的基础工作，是检验和提升应急救援预案科学性和有效性的重要措施。根据《生产安全事故应急预案管理办法》，关于应急预案演练的说法，正确的是（    ）。,A.旅游景区应当每半年至少组织一次应急预案演练|B.矿山企业应当每年至少组织一次现场处置方案演练|C.建筑施工企业应当每年至少组织一次应急预案演练|D.高尔夫球场应当每半年至少组织一次专项应急预案演练,A,本题主要考查的是应急预案演练的周期，属于高频考点。做题思路：重点掌握不同类型应急预案演练周期。B错误，错在“每年”。矿山企业应当每半年至少组织一次现场处置方案演练；C错误，错在“每年”。建筑施工企业应当每半年至少组织一次应急预案演练；D错误，错在“每半年”。高尔夫球场应当每年至少组织一次专项应急预案演练。根据《生产安全事故应急预案管理办法》，第三十三条：生产经营单位应当制定本单位的应急预案演练计划，根据本单位的事故风险特点，每年至少组织一次综合应急预案演练或者专项应急预案演练，每半年至少组织一次现场处置方案演练。易燃易爆物品、危险化学品等危险物品的生产、经营、储存、运输单位，矿山、金属冶炼、城市轨道交通运营、建筑施工单位，以及宾馆、商场、娱乐场所、旅游景区等人员密集场所经营单位，应当至少每半年组织一次生产安全事故应急预案演练，并将演练情况报送所在地县级以上地方人民政府负有安全生产监督管理职责的部门。故选A。
单选题,[2020年][河南中安]根据《生产安全事故信息报告和处置办法》，下列事故中，属于较大涉险事故的是（    ）。,A.非煤矿山企业的矿井坍塌，导致1人被困井下、1人下落不明|B.纺织加工企业仓库突然发生火灾，紧急疏散员工及周边居民300人|C.设备安装公司的装卸平台倒塌，所幸8名现场工作人员都有惊无险|D.化工企业的运输车辆发生故障，泄漏的化学品流入农田造成严重污染,D,本题主要考查的是较大涉险事故包含内容。做题思路：本知识点首次考查，重点掌握。D属于，ABC不属于。根据《生产安全事故信息报告和处置办法》，第二十六条：本办法所称的较大涉险事故是指：（一）涉险10人以上的事故；（二）造成3人以上被困或者下落不明的事故；（三）紧急疏散人员500人以上的事故；（四）因生产安全事故对环境造成严重污染（人员密集场所、生活水源、农田、河流、水库、湖泊等）的事故；（五）危及重要场所和设施安全（电站、重要水利设施、危化品库、油气站和车站、码头、港口、机场及其他人员密集场所等）的事故；（六）其他较大涉险事故。故选D。
单选题,[2020年][河南中安]安全预评价是分析与预测性质的评价，其主要目的是预测发生事故的可能性及其严重程度，提出安全对策措施建议，作出安全评价结论。根据《建设项目安全设施“三同时”监督管理办法》，安全预评价应当在建设项目的（    ）阶段进行。,A.建议书编制|B.可行性研究|C.初步设计|D.开工建设,B,本题主要考查的是安全预评价，属于高频考点。B正确，根据《建设项目安全设施“三同时”监督管理办法》，第七条：下列建设项目在进行可行性研究时，生产经营单位应当按照国家规定，进行安全预评价：（一）非煤矿矿山建设项目；（二）生产、储存危险化学品（包括使用长输管道输送危险化学品，下同）的建设项目；（三）生产、储存烟花爆竹的建设项目；（四）金属冶炼建设项目；（五）使用危险化学品从事生产并且使用量达到规定数量的化工建设项目（属于危险化学品生产的除外，以下简称化工建设项目）；（六）法律、行政法规和国务院规定的其他建设项目。故选B。
单选题,[2020年][河南中安]建设项目安全设施“三同时”是安全生产基本制度，是预防事故隐患的重要措施。根据《建设项目安全设施“三同时”监督管理办法》，下列建设项目安全设施设计中，可以由生产经营单位组织审查的是（    ）。,A.使用危险化学品从事非危险物品生产的化工建设项目|B.金属矿山建设项目|C.烟花爆竹储存建设项目|D.金属冶炼建设项目,A,本题主要考查的是安全设施设计审查，属于高频考点。做题思路：重点掌握不同类型建设项目安全设施设计审查的单位。根据《建设项目安全设施“三同时”监督管理办法》，第七条：下列建设项目在进行可行性研究时，生产经营单位应当按照国家规定，进行安全预评价：（一）非煤矿矿山建设项目；（二）生产、储存危险化学品（包括使用长输管道输送危险化学品，下同）的建设项目；（三）生产、储存烟花爆竹的建设项目；（四）金属冶炼建设项目；（五）使用危险化学品从事生产并且使用量达到规定数量的化工建设项目（属于危险化学品生产的除外，以下简称化工建设项目）；（六）法律、行政法规和国务院规定的其他建设项目。BCD错误，错在“应当由安全生产监督管理部门审查”。第十二条：本办法第七条第（一）项、第（二）项、第（三）项、第（四）项规定的建设项目安全设施设计完成后，生产经营单位应当按照本办法第五条的规定向安全生产监督管理部门提出审查申请，并提交下列文件资料：（一）建设项目审批、核准或者备案的文件；（二）建设项目安全设施设计审查申请；（三）设计单位的设计资质证明文件；（四）建设项目安全设施设计；（五）建设项目安全预评价报告及相关文件资料；（六）法律、行政法规、规章规定的其他文件资料。安全生产监督管理部门收到申请后，对属于本部门职责范围内的，应当及时进行审查，并在收到申请后5个工作日内作出受理或者不予受理的决定，书面告知申请人；对不属于本部门职责范围内的，应当将有关文件资料转送有审查权的安全生产监督管理部门，并书面告知申请人。A正确，第十六条：本办法第七条第一项、第二项、第三项和第四项规定以外的建设项目安全设施设计，由生产经营单位组织审查，形成书面报告备查。故选A。
单选题,[2020年][河南中安]【改编】根据《建设工程消防设计审查验收管理暂行规定》，下列属于特殊建设工程的是（    ）。,A.总建筑面积25000㎡的体育场馆|B.总建筑面积12000㎡的民用机场航站楼|C.总建筑面积8000㎡的宾馆|D.总建筑面积9000㎡的商场,A,本题主要考查的是《建设工程消防设计审查验收管理暂行规定》适用范围，记忆类知识点。A正确，BCD错误，错在“数据”。第十四条：具有下列情形之一的建设工程是特殊建设工程：（一）总建筑面积大于二万平方米的体育场馆、会堂，公共展览馆、博物馆的展示厅；（二）总建筑面积大于一万五千平方米的民用机场航站楼、客运车站候车室、客运码头候船厅；（三）总建筑面积大于一万平方米的宾馆、饭店、商场、市场。故选A。
单选题,[2020年][河南中安]根据《安全生产事故隐患排查治理暂行规定》，由生产经营单位（    ）组织制定和实施重大事故隐患治理方案。,A.安全生产管理机构|B.安全生产管理机构负责人|C.主要负责人|D.车间、分厂、区队等负责人,C,本题主要考查的是事故隐患治理，属于高频考点。做题思路：本知识点需要掌握重大事故隐患和一般事故隐患治理要求。C正确，根据《安全生产事故隐患排查治理暂行规定》，第十五条：对于一般事故隐患，由生产经营单位（车间、分厂、区队等）负责人或者有关人员立即组织整改。对于重大事故隐患，由生产经营单位主要负责人组织制定并实施事故隐患治理方案。故选C。
单选题,[2020年][河南中安]根据《危险化学品输送管道安全管理规定》，管道单位发现的下列行为应当及时予以制止的是（    ）。,A.在距离危险化学品管道附属设施外缘一侧10米处进行挖掘施工|B.在距离危险化学品管道中心线一侧15米处修水渠|C.在距离危险化学品管道附属设施外缘一侧20米处修建水产养殖场|D.在距离危险化学品管道中心线一侧4米处种植芦苇,D,本题主要考查的是危险化学品管道的运行中的管理，属于高频考点。做题思路：本知识点需重点掌握危险化学品输送管道及附属设施两侧几米范围有哪些作业内容是禁止。ABC错误，错在“距离都在5米外”。根据《危险化学品输送管道安全管理规定》，第二十一条：在危险化学品管道及其附属设施外缘两侧各5米地域范围内，管道单位发现下列危害管道安全运行的行为的，应当及时予以制止，无法处置时应当向当地安全生产监督管理部门报告：（一）种植乔木、灌木、藤类、芦苇、竹子或者其他根系深达管道埋设部位可能损坏管道防腐层的深根植物；（二）取土、采石、用火、堆放重物、排放腐蚀性物质、使用机械工具进行挖掘施工、工程钻探；（三）挖塘、修渠、修晒场、修建水产养殖场、建温室、建家畜棚圈、建房以及修建其他建（构）筑物。故选D。
单选题,[2020年][河南中安]某企业在库区存放大量危险化学品，2017年1月经过评估后，构成三级重大危险源。根据《危险化学品重大危险源监督管理暂行规定》，关于该重大危险源辨识评估的说法，正确的是（    ）。,A.该企业进行重大危险源评估时，必须委托具有资质的评价机构进行安全评估|B.该企业应当最迟在2020年2月前，对重大危险源重新进行辨别、安全评估及分级|C.该企业应当最迟在2019年2月前，对重大危险源重新进行辨别、安全评估及分级|D.该库区危险化学品的储存量激增，重新评估后可能升级为四级重大危险源,B,本题主要考查的是重大危险源辨识评估，属于高频考点。做题思路：本题考查的重点为重大危险源的评估要求，需要进行重新辨识评估的几种情形。AD错误，A错在“必须委托”，D错在“可能升级为四级”，四级重大危险源是最低危险程度。第八条：危险化学品单位应当对重大危险源进行安全评估并确定重大危险源等级。危险化学品单位可以组织本单位的注册安全工程师、技术人员或者聘请有关专家进行安全评估，也可以委托具有相应资质的安全评价机构进行安全评估。依照法律、行政法规的规定，危险化学品单位需要进行安全评价的，重大危险源安全评估可以与本单位的安全评价一起进行，以安全评价报告代替安全评估报告，也可以单独进行重大危险源安全评估。重大危险源根据其危险程度，分为一级、二级、三级和四级，一级为最高级别；B正确，C错误，错在“2017年2月到2019年2月是两年”。第十一条：有下列情形之一的，危险化学品单位应当对重大危险源重新进行辨识、安全评估及分级：（一）重大危险源安全评估已满三年的；（二）构成重大危险源的装置、设施或者场所进行新建、改建、扩建的；（三）危险化学品种类、数量、生产、使用工艺或者储存方式及重要设备、设施等发生变化，影响重大危险源级别或者风险程度的；（四）外界生产安全环境因素发生变化，影响重大危险源级别和风险程度的；（五）发生危险化学品事故造成人员死亡，或者10人以上受伤，或者影响到公共安全的；（六）有关重大危险源辨识和安全评估的国家标准、行业标准发生变化的。故选B。
单选题,[2020年][河南中安]【改编】某乳制品生产企业4名员工进入有限空间沉淀池进行清淤作业，根据《工贸企业有限空间作业安全规定》，关于该企业清淤作业安全保障的做法，正确的是（    ）。,A.采用纯氧通风换气|B.检测氧含量为16%，佩戴过滤式呼吸器进入沉淀池作业|C.在开始作业前20分钟进行检测|D.先检测，再通风，后进入沉淀池作业,C,本题主要考查的是工贸行业对有限空间的相关规定，属于高频考点。A错误，错在“纯氧”。第十五条：在有限空间作业过程中，工贸企业应当采取通风措施，保持空气流通，禁止采用纯氧通风换气；B错误，错在“过滤式”，应采用隔离式呼吸器；D错误，错在“先检测，再通风”，应当严格遵守“先通风、再检测、后作业”的原则。第十二条：有限空间作业应当严格遵守“先通风、再检测、后作业”的原则。检测指标包括氧浓度、易燃易爆物质（可燃性气体、爆炸性粉尘）浓度、有毒有害气体浓度。检测应当符合相关国家标准或者行业标准的规定。未经通风和检测合格，任何人员不得进入有限空间作业。检测的时间不得早于作业开始前30min。故选C。
单选题,[2020年][河南中安]应急管理部门发现某企业高炉煤气上升存在重大事故隐患，责令停止生产，并对隐患治理实行挂牌督办。该企业治理后向该部门提出恢复生产的书面申请。根据《安全生产事故隐患排查治理暂行规定》，关于该部门对重大事故隐患治理监督检查的说法，正确的是（    ）。,A.经审查不合格的，对企业主要负责人罚款10万元|B.经审查发现该企业整改无望的，注销其安全生产许可证|C.收到申请报告后，在10日内进行现场审查|D.对拒不执行整改指令的，提请政府予以关闭,C,本题主要考查的是重大事故隐患治理监督检查，属于高频考点。A错误，错在“罚款10万元”。审查不合格的，依法责令改正或下达停产整改指令；B错误，错在“注销其安全生产许可证”。经审查发现该企业整改无望的，依法实施行政处罚；D错误，错在“提请政府予以关闭”。对拒不执行整改指令的，依法实施行政处罚。根据《安全生产事故隐患排查治理暂行规定》。第二十三条：对挂牌督办并采取全部或者局部停产停业治理的重大事故隐患，安全监管监察部门收到生产经营单位恢复生产的申请报告后，应当在10日内进行现场审查。审查合格的，对事故隐患进行核销，同意恢复生产经营；审查不合格的，依法责令改正或者下达停产整改指令。对整改无望或者生产经营单位拒不执行整改指令的，依法实施行政处罚；不具备安全生产条件的，依法提请县级以上人民政府按照国务院规定的权限予以关闭。故选C。
多选题,[2020年][河南中安]发生事故后，生产经营单位应该开展事故应急救援工作。根据《安全生产法》，关于企业应急管理的做法，正确的有（    ）。,A.某金属冶炼企业制定生产安全事故应急救援预案后，建立了应急救援组织，配备了专职应急救援人员|B.某危险化学品经营企业制定生产安全事故应急救援预案，多年未发生事故，未定期组织应急演练|C.某矿山企业因生产经营规模较小，未建立应急救援组织，但指定了若干名兼职的应急救援人员|D.某城市轨道交通运营企业独立制定生产安全事故应急救援预案，未与所在地政府生产安全事故应急救援预案相衔接 E 某建筑施工企业根据生产安全事故应急救援预案规定，配备了应急救援器材、设备和物资，并进行经常性维护、保养,AC,本题主要考查的是企业应急管理，属于高频考点。做题思路：重点掌握①应当建立应急救援组织的单位②应急救援预案③应急救援预案的管理。BD错误，B错在“未定期组织应急演练”，D错在“未与所在地政府生产安全事故应急救援预案相衔接”。第八十一条：生产经营单位应当制定本单位生产安全事故应急救援预案，与所在地县级以上地方人民政府组织制定的生产安全事故应急救援预案相衔接，并定期组织演练；ACE正确，第八十二条：危险物品的生产、经营、储存单位以及矿山、金属冶炼、城市轨道交通运营、建筑施工单位应当建立应急救援组织；生产经营规模较小的，可以不建立应急救援组织，但应当指定兼职的应急救援人员。危险物品的生产、经营、储存、运输单位以及矿山、金属冶炼、城市轨道交通运营、建筑施工单位应当配备必要的应急救援器材、设备和物资，并进行经常性维护、保养，保证正常运转。故选ACE。
多选题,[2020年][河南中安]依据《工伤保险条例》，确定工伤保险缴费档次和费率的依据有（    ）。,A.企业所有制性质|B.工伤发生率|C.工伤保险费的使用情况|D.不同行业不同工种的危险等级 E 不同行业的工伤风险程度,BC,本题主要考查的是工伤保险费缴纳依据。做题思路：2020年首次考查，重点进行了解。BCE正确，第八条：工伤保险费根据以支定收、收支平衡的原则，确定费率。国家根据不同行业的工伤风险程度确定行业的差别费率，并根据工伤保险费使用、工伤发生率等情况在每个行业内确定若干费率档次。行业差别费率及行业内费率档次由国务院社会保险行政部门制定，报国务院批准后公布施行。故选BCE。
多选题,[2020年][河南中安]某化工企业拟投资设立一条易制爆危险化学品的生产线。根据《危险化学品安全管理条例》，关于该企业易制爆危险化学品生产、储存安全的说法，正确的有（    ）。,A.易制爆危险化学品管道应设置明显标志，并定期检查、检测|B.发现易制爆危险化学品丢失的，应当立即向当地应急管理部门报告|C.应当设置治安保卫机构或配备专职治安保卫人员|D.易制爆危险化学品专用仓库应当设置相应的技术防范措施 E 应当如实记录易制爆危险化学品的数量和流向,AD,本题主要考查的是易制爆危化品生产、储存，属于高频考点。做题思路：此类题目多考查法条原文中细节内容，故本知识点学习需要记忆准确。E正确，BC错误，B错在“向应急管理部门报告”，C错在“或”。第二十三条：生产、储存剧毒化学品或者国务院公安部门规定的可用于制造爆炸物品的危险化学品（以下简称易制爆危险化学品）的单位，应当如实记录其生产、储存的剧毒化学品、易制爆危险化学品的数量、流向，并采取必要的安全防范措施，防止剧毒化学品、易制爆危险化学品丢失或者被盗；发现剧毒化学品、易制爆危险化学品丢失或者被盗的，应当立即向当地公安机关报告。生产、储存剧毒化学品、易制爆危险化学品的单位，应当设置治安保卫机构，配备专职治安保卫人员；A正确，第十三条：生产、储存危险化学品的单位，应当对其铺设的危险化学品管道设置明显标志，并对危险化学品管道定期检查、检测。进行可能危及危险化学品管道安全的施工作业，施工单位应当在开工的7日前书面通知管道所属单位，并与管道所属单位共同制定应急预案，采取相应的安全防护措施。管道所属单位应当指派专门人员到现场进行管道安全保护指导；D正确，第二十六条：危险化学品专用仓库应当符合国家标准、行业标准的要求，并设置明显的标志。储存剧毒化学品、易制爆危险化学品的专用仓库，应当按照国家有关规定设置相应的技术防范设施。储存危险化学品的单位应当对其危险化学品专用仓库的安全设施、设备定期进行检测、检验。故选ADE。
多选题,[2020年][河南中安]【改编】煤矿从事生产，必须依法取得相关证照。根据《煤矿安全生产条例》，关于煤矿证照的说法，正确的有（    ）。,A.县级以上地方人民政府负有煤矿安全生产监督管理职责的部门对被责令停产整顿或者关闭的煤矿企业，应当在7个工作日内向社会公告|B.煤矿从事生产必须依法取得安全生产许可证|C.未取得安全生产许可证等擅自进行煤矿生产的，应当责令限期整改|D.未依法取得安全生产许可证等擅自进行生产的，应当提请县级以上地方人民政府予以关闭 E 乡镇人民政府在所辖区域内发现未依法取得安全生产许可证等擅自进行煤矿生产的，应当采取有效措施制止，并向县级人民政府相关主管部门报告,BD,本题主要考查的是煤矿证照相关规定。做题思路：属于首次考查，关于证照的相关内容需要重点了解。A错误，错在“7个工作日内”。第四十九条：县级以上地方人民政府负有煤矿安全生产监督管理职责的部门对被责令停产整顿或者关闭的煤矿企业，应当在5个工作日内向社会公告；对被责令停产整顿的煤矿企业经验收合格恢复生产的，应当自恢复生产之日起5个工作日内向社会公告；B正确，第十七条：煤矿企业进行生产，应当依照《安全生产许可证条例》的规定取得安全生产许可证。未取得安全生产许可证的，不得生产；C错误，错在“责令限期整改”。第六十一条：未依法取得安全生产许可证等擅自进行煤矿生产的，应当责令立即停止生产，没收违法所得和开采出的煤炭以及采掘设备；违法所得在10万元以上的，并处违法所得2倍以上5倍以下的罚款；没有违法所得或者违法所得不足10万元的，并处10万元以上20万元以下的罚款。关闭的煤矿企业擅自恢复生产的，依照前款规定予以处罚；D正确，第七十条：煤矿企业存在下列情形之一的，应当提请县级以上地方人民政府予以关闭：（一）未依法取得安全生产许可证等擅自进行生产的；E正确，第四十条：省、自治区、直辖市人民政府应当按照分级分类监管的原则，明确煤矿企业的安全生产监管主体。县级以上人民政府相关主管部门对未依法取得安全生产许可证等擅自进行煤矿生产的，应当依法查处。乡镇人民政府在所辖区域内发现未依法取得安全生产许可证等擅自进行煤矿生产的，应当采取有效措施制止，并向县级人民政府相关主管部门报告。故选BDE。
多选题,[2020年][河南中安]根据《危险化学品安全管理条例》，关于危险化学品生产、储存安全管理的说法，正确的有（    ）。,A.企业进行生产前，应当取得危险化学品生产许可证|B.施工单位进行可能危及危险化学品管道安全的施工作业应当在开工3日前书面通知管道所属单位|C.剧毒化学品以及储存数量构成重大危险源的其他危险化学品应当在专用仓库内单独存放并实行双人收发、双人保管制度|D.已建的危险化学品生产装置不符合规定，需要转产、停产、搬迁、关闭的由设区的市人民政府应急管理部门决定并组织实施 E 生产、储存危险化学品的企业，应当委托安全技术专家对本企业的安全生产条件每3年进行一次安全评价,AC,本题主要考查的是危化品的生产、储存安全管理，属于高频考点。做题思路：此类题目多考查法条原文中细节内容，故本知识点学习需要记忆准确。A正确，第十四条：危险化学品生产企业进行生产前，应当依照《安全生产许可证条例》的规定，取得危险化学品安全生产许可证。生产列入国家实行生产许可证制度的工业产品目录的危险化学品的企业，应当依照《中华人民共和国工业产品生产许可证管理条例》的规定，取得工业产品生产许可证。负责颁发危险化学品安全生产许可证、工业产品生产许可证的部门，应当将其颁发许可证的情况及时向同级工业和信息化主管部门、环境保护主管部门和公安机关通报；B错误，错在“开工3日前”。第十三条：生产、储存危险化学品的单位，应当对其铺设的危险化学品管道设置明显标志，并对危险化学品管道定期检查、检测。进行可能危及危险化学品管道安全的施工作业，施工单位应当在开工的7日前书面通知管道所属单位，并与管道所属单位共同制定应急预案，采取相应的安全防护措施。管道所属单位应当指派专门人员到现场进行管道安全保护指导；D错误，错在“由设区的市人民政府应急管理部门”。第十九条：已建的危险化学品生产装置或者储存数量构成重大危险源的危险化学品储存设施不符合前款规定的，由所在地设区的市级人民政府安全生产监督管理部门会同有关部门监督其所属单位在规定期限内进行整改；需要转产、停产、搬迁、关闭的，由本级人民政府决定并组织实施；E错误，错在“委托安全技术专家”。第二十二条：生产、储存危险化学品的企业，应当委托具备国家规定的资质条件的机构，对本企业的安全生产条件每3年进行一次安全评价，提出安全评价报告。安全评价报告的内容应当包括对安全生产条件存在的问题进行整改的方案；C正确，第二十四条：危险化学品应当储存在专用仓库、专用场地或者专用储存室（以下统称专用仓库）内，并由专人负责管理；剧毒化学品以及储存数量构成重大危险源的其他危险化学品，应当在专用仓库内单独存放，并实行双人收发、双人保管制度。故选AC。
多选题,[2020年][河南中安]重大危险源具有较大危险性，一旦发生事故后果非常严重，根据《安全生产法》《危险化学品重大危险源监督管理暂行规定》，关于生产经营单位重大危险源安全管理的说法，正确的是（    ）。,A.应对一级或二级重大危险源装备紧急停车系统|B.对辨别确认的重大危险源应当及时报送县应急管理部门逐项登记建档|C.对重大危险源现场处置方案，应当每年组织一次事故应急演练并记录在档|D.应当告知有关人员在紧急情况下采取的应急措施 E 应当将本单位重大危险源及有关安全措施报有关地方人民政府审批,AD,本题主要考查的是重大危险源安全管理，属于高频考点。做题思路：重点掌握安全监测监控体系以及相应的重大危险源的安全管理措施。根据《危险化学品重大危险源监督管理暂行规定》，A正确，第十三条：危险化学品单位应当根据构成重大危险源的危险化学品种类、数量、生产、使用工艺（方式）或者相关设备、设施等实际情况，按照下列要求建立健全安全监测监控体系，完善控制措施：（二）重大危险源的化工生产装置装备满足安全生产要求的自动化控制系统；一级或者二级重大危险源，装备紧急停车系统；B错误，错在“报送县应急管理部门逐项登记建档”。第二十二条：危险化学品单位应当对辨识确认的重大危险源及时、逐项进行登记建档。重大危险源档案应当包括下列文件、资料：（一）辨识、分级记录；（二）重大危险源基本特征表；（三）涉及的所有化学品安全技术说明书；（四）区域位置图、平面布置图、工艺流程图和主要设备一览表；（五）重大危险源安全管理规章制度及安全操作规程；（六）安全监测监控系统、措施说明、检测、检验结果；（七）重大危险源事故应急预案、评审意见、演练计划和评估报告；（八）安全评估报告或者安全评价报告；（九）重大危险源关键装置、重点部位的责任人、责任机构名称；（十）重大危险源场所安全警示标志的设置情况；（十一）其他文件、资料；C错误，错在“每年”。第二十一条：危险化学品单位应当制定重大危险源事故应急预案演练计划，并按照下列要求进行事故应急预案演练：（一）对重大危险源专项应急预案，每年至少进行一次；（二）对重大危险源现场处置方案，每半年至少进行一次。应急预案演练结束后，危险化学品单位应当对应急预案演练效果进行评估，撰写应急预案演练评估报告，分析存在的问题，对应急预案提出修订意见，并及时修订完善；E错误，错在“报有关地方人民政府审批”。第二十三条：危险化学品单位在完成重大危险源安全评估报告或者安全评价报告后15日内，应当填写重大危险源备案申请表，连同本规定第二十二条规定的重大危险源档案材料（其中第二款第五项规定的文件资料只需提供清单），报送所在地县级人民政府安全生产监督管理部门备案；D正确，根据《安全生产法》，第四十条：生产经营单位对重大危险源应当登记建档，进行定期检测、评估、监控，并制定应急预案，告知从业人员和相关人员在紧急情况下应当采取的应急措施。生产经营单位应当按照国家有关规定将本单位重大危险源及有关安全措施、应急措施报有关地方人民政府应急管理部门和有关部门备案。有关地方人民政府应急管理部门和有关部门应当通过相关信息系统实现信息共享。故选AD。
多选题,[2020年][河南中安]矿山开采危险性较大，安全设施是矿山开采的重要组成部分，根据《矿山安全法》，关于矿山建设工程设计、施工和验收的说法，正确的有（    ）。,A.矿山建设工程的安全设施，必须和主体工程同时设计、同时施工、同时投入生产和使用|B.矿山建设工程的设计文件，必须符合矿山安全规程和行业技术规范|C.每个矿井必须有两个以上的出口，出口之间的距离必须符合矿山安全规程和行业技术规范|D.矿山建设工程安全设施竣工后，由施工单位负责组织对安全设施进行验收 E 矿山必须有与外界相通的，符合安全要求的运输和通讯设施,AB,本题主要考查的是矿山建设工程设计、施工和验收，属于高频考点。A正确，第七条：矿山建设工程的安全设施必须和主体工程同时设计、同时施工、同时投入生产和使用；B正确，第八条：矿山建设工程的设计文件，必须符合矿山安全规程和行业技术规范，并按照国家规定经管理矿山企业的主管部门批准；不符合矿山安全规程和行业技术规范的，不得批准；C错误，错在没有说明是“直线水平距离”。第十条：每个矿井必须有两个以上能行人的安全出口，出口之间的直线水平距离必须符合矿山安全规程和行业技术规范；D错误，错在“施工单位负责”。第十二条：矿山建设工程必须按照管理矿山企业的主管部门批准的设计文件施工。矿山建设工程安全设施竣工后，由管理矿山企业的主管部门验收，并须有劳动行政主管部门参加；不符合矿山安全规程和行业技术规范的，不得验收，不得投入生产；E正确，第十一条：矿山必须有与外界相通的、符合安全要求的运输和通讯设施。故选ABE。
单选题,[2020年][河南中安]有关单位建立专职消防队，应当符合国家有关规定，并报当地消防救援机构验收。根据《消防法》，下列单位中，必须建立专职消防队的有（    ）。,A.大中型危化品仓储企业|B.大型玻璃制造厂|C.大型钢材仓库|D.小型民用飞机场 E 大型核能发电厂,D,本题主要考查的是建立专职消防队单位，属于高频考点。做题思路：特别注意①核设施、发电厂是大型。②民用机场不需要区分是大型还是小型。ABC错误，A错在“中型”，B错在“玻璃是不燃的”，C错在“钢材是不燃的”。根据《消防法》，第三十九条：下列单位应当建立单位专职消防队，承担本单位的火灾扑救工作：（一）大型核设施单位、大型发电厂、民用机场、主要港口；（二）生产、储存易燃易爆危险品的大型企业；（三）储备可燃的重要物资的大型仓库、基地；（四）第一项、第二项、第三项规定以外的火灾危险性较大、距离国家综合性消防救援队较远的其他大型企业；（五）距离国家综合性消防救援队较远、被列为全国重点文物保护单位的古建筑群的管理单位。故选DE。
多选题,[2020年][河南中安]应急管理部门在对某机械铸造企业进行安全生产监督检查时，发现熔炼炉存在重大事故隐患。根据《安全生产法》，《安全生产事故隐患排查治理暂行规定》关于该部门处理该重大事故隐患的说法，正确的有（    ）。,A.必要时做出关闭该企业的决定|B.应当下达整改指令书并建立信息管理台账|C.有权做出该企业停止使用熔炼炉的决定|D.经负责人批准可以对该企业做出停电的决定 E 应当采用书面的方式通知相关部门对该企业停电,BC,本题主要考查的是事故隐患监督检查，属于高频考点。做题思路：本题的题型属于综合性题型，在于法和法的混合考查。本类题型需要对法条的灵活应用。B正确，A错误，错在“做出关闭该企业的决定”。根据《安全生产事故隐患排查治理暂行规定》，第二十条：安全监管监察部门应当建立事故隐患排查治理监督检查制度，定期组织对生产经营单位事故隐患排查治理情况开展监督检查；应当加强对重点单位的事故隐患排查治理情况的监督检查。对检查过程中发现的重大事故隐患，应当下达整改指令书，并建立信息管理台账。必要时，报告同级人民政府并对重大事故隐患实行挂牌督办。通常人民政府才可以关闭企业，应急管理部无权关闭煤矿；C正确，DE错误，错在“题干只提到发现重大隐患，并没有说明企业拒不执行”，且D错误，错在“经负责人批准”。第六十七条：负有安全生产监督管理职责的部门依法对存在重大事故隐患的生产经营单位作出停产停业、停止施工、停止使用相关设施或者设备的决定，生产经营单位应当依法执行，及时消除事故隐患。生产经营单位拒不执行，有发生生产安全事故的现实危险的，在保证安全的前提下，经本部门主要负责人批准，负有安全生产监督管理职责的部门可以采取通知有关单位停止供电、停止供应民用爆炸物品等措施，强制生产经营单位履行决定。通知应当采用书面形式，有关单位应当予以配合。题干只提到发现重大隐患，并没有说明企业拒不执行，而DE的前提是企业拒不执行停产整改后才采取的措施，故DE不选。故选BC。
多选题,[2020年][河南中安]发生事故后，生产经营单位应当实施应急救援。根据《生产安全事故应急条例》，生产经营单位采取的应急救援措施，正确的有（    ）。,A.及时通知可能受到事故影响的单位和人员|B.事故发生后立即组织现场人员撤离|C.维护事故现场秩序，等待救援|D.采取必要措施，防止事故危险扩大和次生、衍生灾害发生 E 立即征用相邻单位的物资进行救援，控制事故危害扩大,AD,本题主要考查的是生产经营单位的应急救援措施，属于高频考点。做题思路：重点区分生产经营单位的应急救援措施和政府的应急救援措施。本类题型需要对法条的记忆准确。B错误，错在“立即撤离”；C错误，错在“等待救援”。根据事故危害程度，组织现场人员撤离或者采取可能的应急措施后撤离；E错误，错在“征用”。根据需要请求邻近的应急救援队伍参加救援，并向参加救援的应急救援队伍提供相关技术资料、信息和处置方法。根据《生产安全事故应急条例》，第十七条：发生生产安全事故后，生产经营单位应当立即启动生产安全事故应急救援预案，采取下列一项或者多项应急救援措施，并按照国家有关规定报告事故情况：（一）迅速控制危险源，组织抢救遇险人员；（二）根据事故危害程度，组织现场人员撤离或者采取可能的应急措施后撤离；（三）及时通知可能受到事故影响的单位和人员；（四）采取必要措施，防止事故危害扩大和次生、衍生灾害发生；（五）根据需要请求邻近的应急救援队伍参加救援，并向参加救援的应急救援队伍提供相关技术资料、信息和处置方法；（六）维护事故现场秩序，保护事故现场和相关证据；（七）法律、法规规定的其他应急救援措施。故选AD。
单选题,[2020年][河南中安]甲煤矿在A区进行开采活动，乙采石场在B区进行采石活动，,A.B两区相邻，甲煤矿的开采活动可能危及乙采石场安全生产。根据《安全生产法》，关于甲、乙安全管理的说法，正确的有（ ）。|A.甲、乙可以不签订协议，但必须明确各自的安全生产管理职责|B.甲、乙可以通过口头约定，明确各自的管理范围|C.甲、乙协商由甲设立安全生产管理机构，同时负责甲、乙的安全管理|D.甲、乙应当签订安全生产管理协议 E 甲、乙应当协商指定专职安全生产管理人员进行安全检查与协调,D,本题主要考查的是相关方管理，属于高频考点。做题思路：先理解掌握相关方的职责，和“应签订”与“可以签订”的区别，后进行区分。A错误，错在“不签订协议”。甲乙应当签订安全管理协议，明确各自的安全生产管理职责；B错误，错在“口头约定”。甲乙应当签订安全管理协议，明确各自的安全生产管理职责；C错误，错在“设立安全生产管理机构”。指定专职安全生产管理人员进行安全检查与协调。根据《安全生产法》，第四十八条：两个以上生产经营单位在同一作业区域内进行生产经营活动，可能危及对方生产安全的，应当签订安全生产管理协议，明确各自的安全生产管理职责和应当采取的安全措施，并指定专职安全生产管理人员进行安全检查与协调。故选DE。
多选题,[2020年][河南中安]根据《特种作业人员安全技术培训考核管理规定》，关于特种作业人员资格许可的说法，正确的有（    ）。,A.特种作业人员必须取得《中华人民共和国特种作业操作证》后，方可上岗作业|B.县级以上地方人民政府应急管理部门负责监督检查本行政区域特种作业人员的安全技术培训和持证上岗工作|C.特种作业人员的安全技术培训、考核、发证、复审工作，实行统一监管、集中考核、分类实施、教考分离的原则|D.煤矿特种作业人员的安全技术培训、考核、发证、复审工作，由省级煤矿安全监督管理部门指导、监督 E 省级人民政府应急管理部门可以委托县级人民政府应急管理部门实施特种作业人员的考核、发证、复审工作,AB,本题主要考查的是特种作业人员资格许可。A正确，第五条：特种作业人员必须经专门的安全技术培训并考核合格，取得《中华人民共和国特种作业操作证》（以下简称特种作业操作证）后，方可上岗作业；C错误，错在“集中考核、分类实施”。第六条：特种作业人员的安全技术培训、考核、发证、复审工作实行统一监管、分级实施、教考分离的原则；B正确，D错误，错在“省级煤矿安全监督管理部门”。煤矿特种作业人员的安全技术培训、考核、发证、复审工作，由省、自治区、直辖市人民政府负责煤矿特种作业人员考核发证工作的部门或者指定的机构指导、监督；E错误，错在“委托县级人民政府应急管理部门”。省级人民政府应急管理部门可以委托设区的市级人民政府安全生产监督管理部门和负责煤矿特种作业人员考核发证工作的部门或指定的机构实施特种作业人员的考核、发证、复审工作。第七条：国家安全生产监督管理总局（以下简称安全监管总局）指导、监督全国特种作业人员的安全技术培训、考核、发证、复审工作；省、自治区、直辖市人民政府安全生产监督管理部门指导、监督本行政区域特种作业人员的安全技术培训工作，负责本行政区域特种作业人员的考核、发证、复审工作；县级以上地方人民政府安全生产监督管理部门负责监督检查本行政区域特种作业人员的安全技术培训和持证上岗工作。国家煤矿安全监察局（以下简称煤矿安监局）指导、监督全国煤矿特种作业人员（含煤矿矿井使用的特种设备作业人员）的安全技术培训、考核、发证、复审工作；省、自治区、直辖市人民政府负责煤矿特种作业人员考核发证工作的部门或者指定的机构指导、监督本行政区域煤矿特种作业人员的安全技术培训工作，负责本行政区域煤矿特种作业人员的考核、发证、复审工作。省、自治区、直辖市人民政府安全生产监督管理部门和负责煤矿特种作业人员考核发证工作的部门或者指定的机构（以下统称考核发证机关）可以委托设区的市人民政府安全生产监督管理部门和负责煤矿特种作业人员考核发证工作的部门或者指定的机构实施特种作业人员的考核、发证、复审工作。故选AB。
多选题,[2020年][河南中安]事故单位的责任人和对事故负有监管职责的人员在事故发生后弄虚作假，贻误事故抢救，应承担相应的法律责任。根据《刑法》及相关司法解释，关于不报、谎报安全事故罪犯罪情形，应当认定为情节特别严重的有（    ）。,A.导致事故后果扩大增加死亡3人以上的|B.导致事故后果扩大增加重伤10人以上的|C.采用暴力、胁迫、命令等方式阻止他人报告事故情况，导致事故后果扩大的|D.导致事故后果扩大增加死亡2人以下的 E 导致事故后果扩大增加经济损失500万元以上的,ABC,本题主要考查的是《刑法》及相关解释中的情节特别严重。做题思路：本题型属于新型题型，以往考试主要考查的是①罪名②判刑年限。本题是将以往选项和答案做了改变，考查的判刑的情形，熟悉新的出题思路。D错误，错在“3人”。导致事故后果扩大增加死亡2人以下的属于“情节严重”；E错误，错在“经济损失”。注意应是“直接经济损失”。根据《刑法》及相关司法解释，第八条：在安全事故发生后，负有报告职责的人员不报或者谎报事故情况，贻误事故抢救，具有下列情形之一的，应当认定为刑法第一百三十九条之一规定的“情节严重”：（一）导致事故后果扩大，增加死亡一人以上，或者增加重伤三人以上，或者增加直接经济损失一百万元以上的；（二）实施下列行为之一，致使不能及时有效开展事故抢救的：1决定不报、迟报、谎报事故情况或者指使、串通有关人员不报、迟报、谎报事故情况的；2在事故抢救期间擅离职守或者逃匿的；3伪造、破坏事故现场，或者转移、藏匿、毁灭遇难人员尸体，或者转移、藏匿受伤人员的；4毁灭、伪造、隐匿与事故有关的图纸、记录、计算机数据等资料以及其他证据的；（三）其他情节严重的情形。具有下列情形之一的，应当认定为刑法第一百三十九条之一规定的“情节特别严重”：（一）导致事故后果扩大，增加死亡三人以上，或者增加重伤十人以上，或者增加直接经济损失五百万元以上的；（二）采用暴力、胁迫、命令等方式阻止他人报告事故情况，导致事故后果扩大的；（三）其他情节特别严重的情形。故选ABC。
多选题,[2020年][河南中安]职工发生工伤，经治疗伤情相对稳定后仍然存在残疾、影响劳动能力的，应当进行劳动能力鉴定。根据《工伤保险条例》，关于劳动能力鉴定的说法，正确的有（    ）。,A.劳动能力鉴定是指劳动功能障碍程度和生活自理障碍程度的等级鉴定，劳动能力鉴定标准由国务院卫生行政部门会同国务院应急管理部门等部门制定|B.劳动能力鉴定委员会由社会保险行政部门、卫生行政部门、应急管理部门、工会组织、经办机构代表以及用人单位代表组成|C.劳动能力鉴定由用人单位、工伤职工或者其近亲属向设区的市级劳动能力鉴定委员会提出申请，并提供工伤认定决定和职工工伤医疗的有关资料|D.劳动能力鉴定委员会建立医疗卫生专家库，设区的市级劳动能力鉴定委员会根据专家组的鉴定意见作出工伤职工劳动能力鉴定结论 E 自劳动能力鉴定结论作出之日起半年内，工伤职工或者其近亲属、所在单位或者经办机构认为伤残情况发生变化的，可以申请劳动能力复查鉴定,CD,本题主要考查的是劳动能力鉴定，属于高频考点。做题思路：劳动能力鉴定的相关内容要与工伤认定相关内容做区分。A错误，错在“国务院卫生行政部门会同国务院应急管理部门等部门制定”，应是“国务院社会保险行政部门会同国务院卫生行政部门等部门制定”。第二十二条：劳动能力鉴定是指劳动功能障碍程度和生活自理障碍程度的等级鉴定。劳动功能障碍分为十个伤残等级，最重的为一级，最轻的为十级。生活自理障碍分为三个等级：生活完全不能自理、生活大部分不能自理和生活部分不能自理。劳动能力鉴定标准由国务院社会保险行政部门会同国务院卫生行政部门等部门制定；B错误，错在“应急管理部门”。第二十四条：省、自治区、直辖市劳动能力鉴定委员会和设区的市级劳动能力鉴定委员会分别由省、自治区、直辖市和设区的市级社会保险行政部门、卫生行政部门、工会组织、经办机构代表以及用人单位代表组成；E错误，错在“半年内”，应是“1年后”。第二十八条：自劳动能力鉴定结论作出之日起1年后，工伤职工或者其近亲属、所在单位或者经办机构认为伤残情况发生变化的，可以申请劳动能力复查鉴定；C正确，第二十三条：劳动能力鉴定由用人单位、工伤职工或者其近亲属向设区的市级劳动能力鉴定委员会提出申请，并提供工伤认定决定和职工工伤医疗的有关资料；D正确，第二十五条：设区的市级劳动能力鉴定委员会收到劳动能力鉴定申请后，应当从其建立的医疗卫生专家库中随机抽取3名或者5名相关专家组成专家组，由专家组提出鉴定意见。设区的市级劳动能力鉴定委员会根据专家组的鉴定意见作出工伤职工劳动能力鉴定结论；必要时，可以委托具备资格的医疗机构协助进行有关的诊断。故选CD。
单选题,[2020年][河南中安]陈某应聘到一家危险化学品生产企业从事过氧化工艺作业。根据《特种作业人员安全技术培训考核管理规定》，陈某应当具备的条件有（    ）。,A.身体健康，并无妨碍从事相应特种作业的疾病和生理缺陷|B.年满16周岁|C.具有初中及以上文化程度|D.具有3年以上相应工作岗位经历 E 具备必要的安全技术知识与技能,A,本题主要考查的是特种作业人员具备的条件。B错误，应年满18周岁；C错误，错在“初中”。本企业是危险化学品企业，应当具备高中及高中以上文化程度；D错误，错在“3年以上”。工作岗位经历在本法条中没有明确规定。根据《特种作业人员安全技术培训考核管理规定》，第四条：特种作业人员应当符合下列条件：（一）年满18周岁，且不超过国家法定退休年龄；（二）经社区或者县级以上医疗机构体检健康合格，并无妨碍从事相应特种作业的器质性心脏病、癫痫病、美尼尔氏症、眩晕症、癔病、震颤麻痹症、精神病、痴呆症以及其他疾病和生理缺陷；（三）具有初中及以上文化程度；（四）具备必要的安全技术知识与技能；（五）相应特种作业规定的其他条件。危险化学品特种作业人员除符合前款第（一）项、第（二）项、第（四）项和第（五）项规定的条件外，应当具备高中或者相当于高中及以上文化程度。故选AE。
单选题,[2021年][河南中安]大型群众性活动的安全管理应当遵循安全第一、预防为主的方针。根据《大型群众性活动安全管理条例》，大型群众性活动应当坚持的安全管理原则是（    ）。,A.承办者负责、社会监督|B.承办者负责、政府监管|C.主办者负责、政府监管|D.主办者负责、社会监督,B,本题主要考查的是大型群众性活动的安全管理原则。做题思路：先理解掌握谁负责、谁监管，后进行区分记忆。 根据《大型群众性活动安全管理条例》第三条：大型群众性活动的安全管理应当遵循安全第一、预防为主的方针，坚持承办者负责、政府监管的原则。故选B。
单选题,[2021年][河南中安]生产安全事故应急预案的及时修订是保证生产安全事故应急预案针对性、时效性的重要措施。根据《生产安全事故应急预案管理办法》，不属于应当及时修订生产安全事故应急预案的情形是（    ）。,A.安全生产风险发生重大变化的|B.重要应急资源发生重大变化的|C.企业主要负责人发生重大变化的|D.在应急演练中发现重大问题的,C,本题主要考查的是修订生产安全事故应急预案的情形，属于高频考点。做题思路：先理解掌握应当及时修订生产安全事故应急预案的情形，后进行着重记忆。 ABD属于，C不属于应当及时修订生产安全事故应急预案的情形。根据《生产安全事故应急预案管理办法》第三十六条：有下列情形之一的，应急预案应当及时修订并归档：（一）依据的法律、法规、规章、标准及上位预案中的有关规定发生重大变化的；（二）应急指挥机构及其职责发生调整的；（三）安全生产面临的风险发生重大变化的；（四）重要应急资源发生重大变化的；（五）在应急演练和事故应急救援中发现需要修订预案的重大问题的；（六）编制单位认为应当修订的其他情况。故选C。
单选题,[2021年][河南中安]某石化公司的120万吨/年石脑油综合利用项目，2021年8月2日，因催化重整联合装置加热炉管膨胀破裂，导致原料石脑油、氢气泄漏，引发火灾事故，造成1人重伤，直接经济损失800万元。调查发现，事故起因是操作工违规操作引起炉管短期过热破裂，根据《安全生产法》，应急管理部门有权对该公司作出的罚款数额是（    ）。,A.80万元|B.150万元|C.140万元|D.200万元,A,本题主要考查的是罚款数额。做题思路：先理解掌握罚款数额，后通过事故等级进行区分。 A正确。根据《安全生产法》（2021年版），第一百一十四条：发生生产安全事故，对负有责任的生产经营单位除要求其依法承担相应的赔偿等责任外，由应急管理部门依照下列规定处以罚款：（一）发生一般事故的，处三十万元以上一百万元以下的罚款；（二）发生较大事故的，处一百万元以上二百万元以下的罚款；（三）发生重大事故的，处二百万元以上一千万元以下的罚款；（四）发生特别重大事故的，处一千万元以上二千万元以下的罚款。发生生产安全事故，情节特别严重、影响特别恶劣的，应急管理部门可以按照前款罚款数额的二倍以上五倍以下对负有责任的生产经营单位处以罚款。故选A。
单选题,[2021年][河南中安]危险化学品重大危险源登记建档是一项重要的安全管理工作，根据《危险化学品重大危险源监督管理暂行规定》，不属于危险化学品重大危险源档案的文件资料是（    ）。,A.涉及的所有化学品安全标签|B.重大危险源主要设备一览表|C.重大危险源的基本特征表|D.场所安全警示标志设置情况,A,本题主要考查的是危险化学品重大危险源档案的文件资料。做题思路：先理解掌握危险化学品重大危险源档案的内容，后进行记忆。 BCD属于，A不属于危险化学品重大危险源档案的文件资料。根据《危险化学品重大危险源监督管理暂行规定》第二十二条：危险化学品单位应当对辨识确认的重大危险源及时、逐项进行登记建档。重大危险源档案应当包括下列文件、资料：（一）辨识、分级记录；（二）重大危险源基本特征表；（三）涉及的所有化学品安全技术说明书；（四）区域位置图、平面布置图、工艺流程图和主要设备一览表；（五）重大危险源安全管理规章制度及安全操作规程；（六）安全监测监控系统、措施说明、检测、检验结果；（七）重大危险源事故应急预案、评审意见、演练计划和评估报告；（八）安全评估报告或者安全评价报告；（九）重大危险源关键装置、重点部位的责任人、责任机构名称；（十）重大危险源场所安全警示标志的设置情况；（十一）其他文件、资料。故选A。
单选题,[2021年][河南中安]甲化工企业生产的剧毒化学品拟通过与外界无通航联系的内河封闭水域运输到乙化工品生产企业。甲化工企业委托依法取得危险货物水路运输许可的丙企业承运该批货物。根据《危险化学品安全管理条例》，关于该批剧毒化学品运输安全的说法，正确的是（    ）。,A.该批剧毒化学品经有关部门批准后，可通过该水域运输|B.丙企业依法取得了危险货物水路运输许可，可以按甲企业要求进行运输|C.丙企业可再委托其他专门从事剧毒化学品运输的单位通过该水域运输|D.该剧毒化学品不得通过该水域运输,D,本题主要考查的是剧毒化学品运输安全，属于高频考点。做题思路：先理解掌握剧毒化学品运输安全和危险化学品运输安全，后进行区分记忆。 A错误，错在“可通过该水域运输”；B错误，错在“可以按甲企业要求进行运输”；C错误，错在“可再委托其他专门从事剧毒化学品运输的单位通过该水域运输”。根据《危险化学品安全管理条例》第五十四条：禁止通过内河封闭水域运输剧毒化学品以及国家规定禁止通过内河运输的其他危险化学品。故选D。
单选题,[2021年][河南中安]对安全生产许可证申请的审查工作分为形式审查和实质审查。考虑到实质审查工作的安全技术要求和办理时间要求，某市应急管理局拟将现场审查工作委托给其他单位代为进行。市应急管理局可以依法委托的单位是（    ）。,A.申请企业所在地的县应急管理局|B.依法登记的市安全生产管理协会|C.依法取得相应资质的安全评价机构|D.市应急管理局下属的安全生产技术研究院,A,本题主要考查的是依法委托。做题思路：先理解掌握可以被依法委托的单位和层级，后进行区分记忆。 安全生产许可证颁发管理机关进行实质性审查的方式主要有3种：一是委派本机关的工作人员直接进行审查或者核实；二是委托其他行政机关代为进行审查或者核实；三是委托安全中介机构对一些专业技术性很强的设施、设备和工艺进行专门的检测、检验。故选A。
单选题,[2021年][河南中安]某能源集团控股煤矿是由甲省煤矿企业兼并重组整合工作领导小组办公室批准的资源整合煤矿，该煤矿处于基建期间，乙省某建设工程集团公司承建该煤矿的建设工程，丙省某煤矿安全设计院承担该煤矿的建设工程安全设施设计。根据《煤矿安全生产条例》，关于该煤矿建设工程安全设施设计审查的说法，正确的是（    ）。,A.负有煤矿安全生产监督管理职责的部门在审查煤矿建设项目安全设施设计时，应当自受理之日起15日内审查完毕|B.必须经甲省煤矿安全监管部门审查同意|C.必须经乙省建设工程行政主管部门审查同意|D.必须经丙省煤矿安全设计院主管部门审查同意,B,本题主要考查的是《煤矿安全生产条例》建设工程安全设施设计审查，属于高频考点。做题思路：首先排除CD明显错误选项，并注意煤矿建设工程安全设施设计审查的特殊性。 A错误，错在“15日”，应该是30日；CD错误，错在“乙省建设工程行政主管部门、丙省煤矿安全设计院主管部门”。根据《煤矿安全生产条例》第四十一条：‌省、自治区、直辖市人民政府负有煤矿安全生产监督管理职责的部门在审查煤矿建设项目安全设施设计时，应当自受理之日起30日内审查完毕，并签署同意或者不同意的意见，同时书面答复建设单位‌‌。故选B。
单选题,[2021年][河南中安]某化工公司需要使用危险化学品。根据《危险化学品安全管理条例》，关于危险化学品使用安全的说法，正确的是（    ）。,A.该公司属于化工企业，需要取得危险化学品安全使用许可证|B.该公司应在易爆危险化学品储存罐上设置明显的安全标志|C.该公司不再使用危险化学品时，要制定处置方案并报应急管理部门|D.该公司丢失危险化学品时，应立即向当地应急管理部门报告,B,本题主要考查的是危险化学品使用安全的规定。做题思路：先理解掌握危险化学品使用安全的规定，后通过排除法进行选择。 A错误，错在“没有说明规格”。根据《危险化学品安全管理条例》第二十九条：使用危险化学品从事生产并且使用量达到规定数量的化工企业（属于危险化学品生产企业的除外，下同），应当依照本条例的规定取得危险化学品安全使用许可证。前款规定的危险化学品使用量的数量标准，由国务院安全生产监督管理部门会同国务院公安部门、农业主管部门确定并公布；C错误，错在“报应急管理部门”。第二十七条：生产、储存危险化学品的单位转产、停产、停业或者解散的，应当采取有效措施，及时、妥善处置其危险化学品生产装置、储存设施以及库存的危险化学品，不得丢弃危险化学品；处置方案应当报所在地县级人民政府安全生产监督管理部门、工业和信息化主管部门、环境保护主管部门和公安机关备案。安全生产监督管理部门应当会同环境保护主管部门和公安机关对处置情况进行监督检查，发现未依照规定处置的，应当责令其立即处置；D错误，错在“向当地应急管理部门报告”。第二十三条：生产、储存剧毒化学品或者国务院公安部门规定的可用于制造爆炸物品的危险化学品（以下简称易制爆危险化学品）的单位，应当如实记录其生产、储存的剧毒化学品、易制爆危险化学品的数量、流向，并采取必要的安全防范措施，防止剧毒化学品、易制爆危险化学品丢失或者被盗；发现剧毒化学品、易制爆危险化学品丢失或者被盗的，应当立即向当地公安机关报告。故选B。
单选题,[2021年][河南中安]某公司为预防劳动过程中的职业病采取了一系列举措。根据《中华人民共和国职业病防治法》，关于该公司劳动过程中职业病防护与管理的做法，错误的是（    ）。,A.安排专人负责职业病危害因素的日常监测，确保监测系统处于正常运行状态|B.配备专职和兼职的职业卫生管理人员，负责公司的职业病防治工作|C.为劳动者提供符合卫生标准和防治职业病要求的个人职业病防护用品|D.口头告知劳动者职业病的危害及其后果、职业病防护措施和待遇,D,本题主要考查的是劳动过程中职业病防护与管理，属于高频考点。做题思路：先理解掌握劳动过程中职业病防护与管理的做法，后进行区分记忆。 D错误，错在“口头告知”。根据《中华人民共和国职业病防治法》，第三十三条：用人单位与劳动者订立劳动合同（含聘用合同，下同）时，应当将工作过程中可能产生的职业病危害及其后果、职业病防护措施和待遇等如实告知劳动者，并在劳动合同中写明，不得隐瞒或者欺骗。故选D。
单选题,[2021年][河南中安]某省甲市乙县和丙市丁县的交界处发生山体滑坡，造成乙县和丁县的村民住宅被冲垮、20人被埋压，调查发现，山体滑坡因乙县某采石场违规放炮采石导致。根据《生产安全事故应急条例》，负责此次山体滑坡事故应急工作的是（    ）。,A.甲市和丙市人民政府|B.省应急管理部门|C.乙县人民政府|D.乙县和丁县人民政府,A,本题主要考查的是交叉地域应急处置的部门，属于高频考点。做题思路：先理解掌握交叉地域应急处置的规定和各层级之间的关系，后通过选项进行排除选择。 根据《生产安全事故应急条例》，第三条：国务院统一领导全国的生产安全事故应急工作，县级以上地方人民政府统一领导本行政区域内的生产安全事故应急工作。生产安全事故应急工作涉及两个以上行政区域的，由有关行政区域共同的上一级人民政府负责，或者由各有关行政区域的上一级人民政府共同负责。县级以上人民政府应急管理部门和其他对有关行业、领域的安全生产工作实施监督管理的部门（以下统称负有安全生产监督管理职责的部门）在各自职责范围内，做好有关行业、领域的生产安全事故应急工作。县级以上人民政府应急管理部门指导、协调本级人民政府其他负有安全生产监督管理职责的部门和下级人民政府的生产安全事故应急工作。乡、镇人民政府以及街道办事处等地方人民政府派出机关应当协助上级人民政府有关部门依法履行生产安全事故应急工作职责。故选A。
单选题,[2021年][河南中安]小王是某企业的安全生产管理人员，其主要工作任务是开展安全生产检查、发现事故隐患并督促进行整改。根据《安全生产事故隐患排查治理暂行规定》，小王检查发现的事故隐患，应当认定为一般事故隐患的是（    ）。,A.职工李某在离地面2米高的外墙进行设备安装作业，未系好安全带具有坠落危险|B.职工张某等3人在新开挖的深槽内进行维修作业，深槽边坡未支护具有坍塌危险|C.其他企业的易燃物品库房毗邻本企业，可能发生火灾事故危及本企业安全|D.生产车间的大型生产设备的接地装置接地阻值偏大，接地保护系统失效,A,本题主要考查的是一般事故隐患。做题思路：先理解掌握一般事故隐患和重大事故隐患的区别，后进行区分记忆。 BCD是危害和整改难度较大，应当全部或者局部停产停业，并经过一定时间整改治理方能排除的隐患，或者因外部因素影响致使生产经营单位自身难以排除的隐患。根据《安全生产事故隐患排查治理暂行规定》，第三条：本规定所称安全生产事故隐患（以下简称事故隐患），是指生产经营单位违反安全生产法律、法规、规章、标准、规程和安全生产管理制度的规定，或者因其他因素在生产经营活动中存在可能导致事故发生的物的危险状态、人的不安全行为和管理上的缺陷。事故隐患分为一般事故隐患和重大事故隐患。一般事故隐患，是指危害和整改难度较小，发现后能够立即整改排除的隐患。重大事故隐患，是指危害和整改难度较大，应当全部或者局部停产停业，并经过一定时间整改治理方能排除的隐患，或者因外部因素影响致使生产经营单位自身难以排除的隐患。故选A。
单选题,[2021年][河南中安]某玩具生产企业因业务高速增长，通过多种渠道扩大员工规模，包括面向高校招收应届毕业生、面向社会招聘技术人员、使用被派遣劳动者、接收实习生等。根据《安全生产法》，关于有关人员安全生产教育培训的说法，正确的是（    ）。,A.该企业接收的实习生，由学校负责进行相应的安全生产教育培训，企业应当协助学校按规定开展教育培训|B.该企业对被派遣劳动者与本企业从业人员统一实施安全教育培训，并保证相同岗位的考核标准一致|C.该企业面向社会招聘的技术人员，具有同类工作经验的，上岗前可不要求进行安全教育培训|D.该企业对新入厂的各类人员，必须按照统一的时间、内容和考核标准，经过安全生产教育培训后，方可上岗,B,本题主要考查的是安全生产教育培训，属于高频考点。做题思路：先理解掌握安全生产教育培训的主体和考核内容与原则，后进行区分记忆。 A错误，错在“由学校负责进行相应的安全生产教育培训，企业应当协助学校按规定开展教育培训”；C错误，错在“上岗前可不要求进行安全教育培训”；D错误，错在“必须按照统一的内容”。根据《安全生产法》，第二十八条：生产经营单位应当对从业人员进行安全生产教育和培训，保证从业人员具备必要的安全生产知识，熟悉有关的安全生产规章制度和安全操作规程，掌握本岗位的安全操作技能，了解事故应急处理措施，知悉自身在安全生产方面的权利和义务。未经安全生产教育和培训合格的从业人员，不得上岗作业。生产经营单位使用被派遣劳动者的，应当将被派遣劳动者纳入本单位从业人员统一管理，对被派遣劳动者进行岗位安全操作规程和安全操作技能的教育和培训。劳务派遣单位应当对被派遣劳动者进行必要的安全生产教育和培训。生产经营单位接收中等职业学校、高等学校学生实习的，应当对实习学生进行相应的安全生产教育和培训，提供必要的劳动防护用品。学校应当协助生产经营单位对实习学生进行安全生产教育和培训。生产经营单位应当建立安全生产教育和培训档案，如实记录安全生产教育和培训的时间、内容、参加人员以及考核结果等情况。故选B。
单选题,[2021年][河南中安]县级以上地方各级人民政府在各类生产安全事故应急救援工作中处于组织指挥的核心地位。根据《安全生产法》，根据《生产安全事故应急条例》，关于县级以上地方各级人民政府应急工作职责的说法，错误的是（    ）。,A.组织有关部门制定本行政区域内生产安全事故应急救援预案|B.在重点行业、领域必须单独建立生产安全事故应急救援队伍|C.组织有关部门建立本行政区域内生产安全事故应急救援体系|D.对制定的生产安全事故应急救援预案应当定期组织演练,B,本题主要考查的是地方各级人民政府应急工作职责，属于高频考点。做题思路：先理解掌握地方各级人民政府和生产经营单位的应急工作职责，后进行区分记忆。 AC正确。根据《安全生产法》，第八十条：县级以上地方各级人民政府应当组织有关部门制定本行政区域内生产安全事故应急救援预案，建立应急救援体系；D正确。第八十一条：生产经营单位应当制定本单位生产安全事故应急救援预案，与所在地县级以上地方人民政府组织制定的生产安全事故应急救援预案相衔接，并定期组织演练；B错误，错在“必须单独建立生产安全事故应急救援队伍”。根据《生产安全事故应急条例》，第九条：县级以上人民政府应当加强对生产安全事故应急救援队伍建设的统一规划、组织和指导。县级以上人民政府负有安全生产监督管理职责的部门根据生产安全事故应急工作的实际需要，在重点行业、领域单独建立或者依托有条件的生产经营单位、社会组织共同建立应急救援队伍。故选B。
单选题,[2021年][河南中安]煤矿安全最大威胁主要来自重大事故隐患。根据《煤矿重大生产安全事故隐患判定标准》，下列事故隐患中，属于煤矿重大事故隐患的是（    ）。,A.低瓦斯矿井安全监控系统出现故障没有及时采取措施予以排除|B.建设矿井进入三期工程前，没有按设计建成永久排水系统|C.有自然发火征兆的矿井没有加大防灭火费用投入力度仍继续生产|D.进入二期工程的低瓦斯矿井没有形成双回路供电系统,B,本题主要考查的是煤矿重大事故隐患。做题思路：先理解掌握煤矿重大事故隐患的内容，后进行记忆，此题了解即可。 B属于，ACD不属于；A错误，错在“低瓦斯矿井”。根据《煤矿重大生产安全事故隐患判定标准》，第三条：煤矿重大事故隐患包括下列15个方面：（四）高瓦斯矿井未建立瓦斯抽采系统和监控系统，或者系统不能正常运行。第九条：有严重水患，未采取有效措施的重大事故隐患，是指有下列情形之一的：（七）建设矿井进入三期工程前，未按照设计建成永久排水系统；C错误，错在“没有加大防灭火费用投入力度”，应为没有采取相应安全防范措施继续生产；D错误，错在“低瓦斯矿井没有形成双回路供电系统”。“煤矿没有双回路供电系统”重大事故隐患，是指有下列情形之一的：（三）进入二期工程的高瓦斯、煤与瓦斯突出、水文地质类型为复杂和极复杂的建设矿井，以及进入三期工程的其他建设矿井，未形成两回路供电的。故选B。
单选题,[2021年][河南中安]甲矿业公司需要使用炸药和雷管进行爆破作业，向非法生产炸药的乙公司购买炸药，并向丙进出口公司购买雷管。根据《民用爆炸物品安全管理条例》，关于购买、使用炸药和雷管的安全监管的说法，正确的是（    ）。,A.应急管理部门负责组织查处乙公司非法生产炸药的行为|B.公安机关负责甲矿业公司爆破作业的安全监督管理|C.市场监管部门负责炸药和雷管销售、购买和进出口的监督管理|D.煤矿安全监察机构负责监控甲矿业公司所使用炸药和雷管的流向,B,本题主要考查的是炸药和雷管的安全监管。做题思路：先理解掌握炸药和雷管的安全监管的部门和层级，后进行区分记忆。 A错误，错在“应急管理部门负责”。根据《民用爆炸物品安全管理条例》，民用爆炸物品行业主管部门、公安机关、工商行政管理部门按照职责分工，负责组织查处非法生产、销售、购买、储存、运输、邮寄、使用民用爆炸物品的行为；C错误，错在“市场监管部门负责”；D错误，错在“煤矿安全监察机构负责”。第四条：民用爆炸物品行业主管部门负责民用爆炸物品生产、销售的安全监督管理。公安机关负责民用爆炸物品公共安全管理和民用爆炸物品购买、运输、爆破作业的安全监督管理，监控民用爆炸物品流向。安全生产监督、铁路、交通、民用航空主管部门依照法律、行政法规的规定，负责做好民用爆炸物品的有关安全监督管理工作。民用爆炸物品行业主管部门、公安机关、工商行政管理部门按照职责分工，负责组织查处非法生产、销售、购买、储存、运输、邮寄、使用民用爆炸物品的行为。故选B。
单选题,[2021年][河南中安]某化工企业发生爆燃事故，政府有关部门和相关单位赶赴现场组织开展应急救援工作。根据《安全生产法》，关于事故应急救援的说法，错误的是（    ）。,A.参与事故抢救的部门应当根据事故救援的需要采取警戒、疏散等措施|B.参与事故抢救的不同单位和部门应当服从统一指挥，并加强协同联动|C.为支持、配合事故救援，任何单位和个人都应当无条件地提供一切便利|D.单位负责人接到事故报告后，应当立即采取有效措施保护事故现场,D,本题主要考查的是事故应急救援，属于高频考点。做题思路：先理解掌握地方各级人民政府和生产经营单位的应急工作职责，后进行区分记忆。 D错误，错在“立即采取有效措施保护事故现场”。根据《安全生产法》，第八十三条：生产经营单位发生生产安全事故后，事故现场有关人员应当立即报告本单位负责人。单位负责人接到事故报告后，应当迅速采取有效措施，组织抢救，防止事故扩大，减少人员伤亡和财产损失，并按照国家有关规定立即如实报告当地负有安全生产监督管理职责的部门，不得隐瞒不报、谎报或者迟报，不得故意破坏事故现场、毁灭有关证据；AB正确，第八十五条：有关地方人民政府和负有安全生产监督管理职责的部门的负责人接到生产安全事故报告后，应当按照生产安全事故应急救援预案的要求立即赶到事故现场，组织事故抢救。参与事故抢救的部门和单位应当服从统一指挥，加强协同联动，采取有效的应急救援措施，并根据事故救援的需要采取警戒、疏散等措施，防止事故扩大和次生灾害的发生，减少人员伤亡和财产损失。事故抢救过程中应当采取必要措施，避免或者减少对环境造成的危害；C正确，任何单位和个人都应当支持、配合事故抢救，并提供一切便利条件。故选D。
单选题,[2021年][河南中安]某公司法定代表人是周某，该公司发生爆炸事故，共造成10人死亡15人重伤，直接经济损失6000多万元。事故调查报告显示，该公司安全设备管理存在重大缺陷，需要时无法启动，造成本次事故的发生。法定代表人周某被依法追究刑事责任。根据《安全生产法》，关于该起事故责任追究的说法，正确的是（    ）。,A.应当对周某处上一年年收入60%的罚款|B.应当对该公司处1000万元以上2000万元以下的罚款|C.可以对周某和该公司同时给予罚款|D.周某终身不得担任任何行业生产经营单位的主要负责人,C,本题主要考查的是事故责任追究，属于高频考点。做题思路：先理解掌握事故等级和事故责任追究罚款，后进行区分记忆。 本次事故属于重大事故，A错误，错在“60%”。根据《安全生产法》，第九十五条：生产经营单位的主要负责人未履行本法规定的安全生产管理职责，导致发生生产安全事故的，由应急管理部门依照下列规定处以罚款：（三）发生重大事故的，处上一年年收入百分之八十的罚款；B错误，错在“1000万元以上2000万元以下”。第一百一十四条：发生生产安全事故，对负有责任的生产经营单位除要求其依法承担相应的赔偿等责任外，由应急管理部门依照下列规定处以罚款：（三）发生重大事故的，处二百万元以上一千万元以下的罚款；D错误，错在“终身不得担任任何行业”。第九十四条：生产经营单位的主要负责人依照前款规定受刑事处罚或者撤职处分的，自刑罚执行完毕或者受处分之日起，五年内不得担任任何生产经营单位的主要负责人；对重大、特别重大生产安全事故负有责任的，终身不得担任本行业生产经营单位的主要负责人。故选C。
单选题,[2021年][河南中安]根据《建设工程安全生产管理条例》，关于建筑施工单位的主要负责人对本单位安全生产工作职责的说法，错误的是（    ）。,A.保证本单位安全生产条件|B.对建设工程项目的安全施工负责|C.对所承担的建设工程进行定期和专项安全检查|D.建立健全安全生产责任制,B,本题主要考查的是管理人员职责，属于高频考点。做题思路：先理解掌握主要负责人和管理人员的职责，后通过关键词进行区分。 B错误，错在“对安全施工负责”。根据《建设工程安全生产管理条例》，第二十一条：施工单位主要负责人依法对本单位的安全生产工作全面负责。施工单位应当建立健全安全生产责任制度和安全生产教育培训制度，制定安全生产规章制度和操作规程，保证本单位安全生产条件所需资金的投入，对所承担的建设工程进行定期和专项安全检查，并做好安全检查记录。施工单位的项目负责人应当由取得相应执业资格的人员担任，对建设工程项目的安全施工负责，落实安全生产责任制度、安全生产规章制度和操作规程，确保安全生产费用的有效使用，并根据工程的特点组织制定安全施工措施，消除安全事故隐患，及时、如实报告生产安全事故。故选B。
单选题,[2021年][河南中安]某国有公司厂房发生火灾事故，造成l人死亡，财产损失约500万元。公司总经理赵某按规定向县应急管理部门进行了报告。在事故调查期间，赵某因工作原因未经批准擅自离开。根据《安全生产法》，关于赵某擅自离开的法律责任的做法，正确的是（    ）。,A.通报批评并扣发全年奖金|B.处上一年年收入50%的罚款|C.处15日以下拘留|D.降级处分并处上一年年收入60%的罚款,D,本题主要考查的是事故责任追究，属于高频考点。做题思路：先理解掌握事故等级和事故责任追究罚款，后进行区分记忆。 A错误，错在“通报批评并扣发全年奖金”；B错误，错在“50%”；C错误，错在“15日以下拘留”。根据《安全生产法》，第一百一十条：生产经营单位的主要负责人在本单位发生生产安全事故时，不立即组织抢救或者在事故调查处理期间擅离职守或者逃匿的，给予降级、撤职的处分，并由应急管理部门处上一年年收入百分之六十至百分之一百的罚款；对逃匿的处十五日以下拘留；构成犯罪的，依照刑法有关规定追究刑事责任。生产经营单位的主要负责人对生产安全事故隐瞒不报、谎报或者迟报的，依照前款规定处罚。故选D。
单选题,[2021年][河南中安]有关机关作为行政处罚的主体，应当依法行使行政处罚权。根据《行政处罚法》，关于行政处罚的种类及规定的说法，正确的是（    ）。,A.国家行政机关都有行政处罚权|B.行政机关所作出的警告处罚属于声誉罚|C.行政机关所作出的加处罚款属于财产罚|D.部门规章可以设定吊销证照的行政处罚,B,本题主要考查的是行政处罚的种类及规定。做题思路：先理解掌握行政处罚的种类及规定的内容，后进行了解记忆。 A错误，错在“都有”。根据《行政处罚法》（2021年版），只有法律和国务院规定有关行政机关才有行政处罚权，不是所有的行政机关都有行政处罚权。第十八条：国家在城市管理、市场监管、生态环境、文化市场、交通运输、应急管理、农业等领域推行建立综合行政执法制度，相对集中行政处罚权。国务院或者省、自治区、直辖市人民政府可以决定一个行政机关行使有关行政机关的行政处罚权。限制人身自由的行政处罚权只能由公安机关和法律规定的其他机关行使；C错误，错在“财产罚”。依据《中华人民共和国行政强制法》第十二条：行政强制执行的方式：（一）加处罚款或者滞纳金；（二）划拨存款、汇款；（三）拍卖或者依法处理查封、扣押的场所、设施或者财物；（四）排除妨碍、恢复原状；（五）代履行；（六）其他强制执行方式；D错误，错在“可以设定吊销证照的行政处罚”。第十三条：国务院部门规章可以在法律、行政法规规定的给予行政处罚的行为、种类和幅度的范围内作出具体规定。故选B。
单选题,[2021年][河南中安]危险化学品管道输送单位应当加强管道运行安全管理。根据《危险化学品输送管道安全管理规定》，关于管道单位安全管理的说法，正确的是（    ）。,A.管道单位发现危险化学品管道阀门被擅自开启的，应当立即向有关部门报告|B.管道单位发现危险化学品管道两侧6米处有种植乔木的，应当立即向有关部门报告|C.管道单位应当及时更新不符合安全标准的危险化学品管道，并向应急管理部门报告|D.管道单位在巡查中发现存在事故隐患的，应当立即向应急管理部门报告,C,本题主要考查的是危险化学品输送管道安全管理。做题思路：先理解掌握危险化学品输送管道安全管理的内容，后对数字及具体规定进行着重记忆。 A错误，错在“立即向有关部门报告”。根据《危险化学品输送管道安全管理规定》，第十九条：管道单位发现下列危害危险化学品管道安全运行行为的，应当及时予以制止，无法处置时应当向当地安全生产监督管理部门报告：擅自开启、关闭危险化学品管道阀门；B错误，错在“6米”。第二十一条：在危险化学品管道及其附属设施外缘两侧各5米地域范围内，管道单位发现下列危害管道安全运行的行为的，应当及时予以制止，无法处置时应当向当地安全生产监督管理部门报告：种植乔木、灌木、藤类、芦苇、竹子或者其他根系深达管道埋设部位可能损坏管道防腐层的深根植物；D错误，错在“存在事故隐患的，应当立即向应急管理部门报告”。第十七条：管道单位对危险化学品管道存在的事故隐患应当及时排除；对自身排除确有困难的外部事故隐患，应当向当地安全生产监督管理部门报告。故选C。
单选题,[2021年][河南中安]某应急管理局执法人员对某化工公司的储罐及装卸作业进行检查时发现：（1）危险化学品储罐没有防雷系统；（2）罐区安装的可燃气体报警器检测数据不准确；（3）公司超过批准范围，违法生产消毒与抑菌产品；（4）没有制定装卸作业事故应急救援预案。根据《危险化学品安全管理条例》，关于此次执法检查应采取措施的说法，正确的是（    ）。,A.“危险化学品储罐没有防雷系统”属于违法行为，应责令停止使用危险化学品储罐|B.“超过批准范围，违法生产消毒与抑菌产品”属于违法行为，应直接查扣违法生产的消毒与抑菌产品|C.“没有制定装卸作业事故应急救援预案”属于事故隐患，应责令限期消除|D.“罐区安装的可燃气体报警器检测数据不准确”属于违法行为，应责令改正,A,本题主要考查的是执法检查措施，属于高频考点。做题思路：先理解掌握违法行为和事故隐患的区别，后进行区分记忆。 根据《危险化学品安全管理条例》，第七条：负有危险化学品安全监督管理职责的部门依法进行监督检查，可以采取下列措施：（一）进入危险化学品作业场所实施现场检查，向有关单位和人员了解情况，查阅、复制有关文件、资料；D错误，错在“属于违法行为”。“罐区安装的可燃气体报警器检测数据不准确”属于事故隐患，（二）发现危险化学品事故隐患，责令立即消除或者限期消除；A正确。（三）对不符合法律、行政法规、规章规定或者国家标准、行业标准要求的设施、设备、装置、器材、运输工具，责令立即停止使用；B错误，错在“属于违法行为”。（四）经本部门主要负责人批准，查封违法生产、储存、使用、经营危险化学品的场所，扣押违法生产、储存、使用、经营、运输的危险化学品以及用于违法生产、使用、运输危险化学品的原材料、设备、运输工具；C错误，错在“属于事故隐患”。“没有制定装卸作业事故应急救援预案”与法律法规，标准规范要求有冲突，属于违法行为，（五）发现影响危险化学品安全的违法行为，当场予以纠正或者责令限期改正。故选A。
单选题,[2021年][河南中安]2021年9月12日，某县应急管理局接到举报称某煤矿发生一起生产安全事故，造成1人死亡。根据《安全生产法》，对该起举报负责核查处理的是（    ）。,A.县级人民政府|B.县应急管理局|C.所在地煤矿安全监察分局|D.县公安局,A,本题主要考查的是举报核查处理。做题思路：先理解掌握对于举报来说，各层级和各部门的主要职责，后进行了解记忆。 根据《安全生产法》，第七十三条：负有安全生产监督管理职责的部门应当建立举报制度，公开举报电话、信箱或者电子邮件地址等网络举报平台，受理有关安全生产的举报；受理的举报事项经调查核实后，应当形成书面材料；需要落实整改措施的，报经有关负责人签字并督促落实。对不属于本部门职责，需要由其他有关部门进行调查处理的，转交其他有关部门处理。涉及人员死亡的举报事项，应当由县级以上人民政府组织核查处理。故选A。
单选题,[2021年][河南中安]某文旅公司在其运营的新区设有客运索道，根据《特种设备安全法》，关于公司对客运索道安全管理的说法，正确的是（    ）。,A.应当设置专职或者兼职客运索道安全管理人员|B.应当将该客运索道的安全警示标志置于易于被乘客注意的显著位置|C.应当每周对该客运索道进行试运行和例行安全检查|D.无需为该客运索道设置安全使用说明,B,本题主要考查的是特种设备安全管理，属于高频考点。做题思路：先理解掌握各种特种设备的安全管理内容，后进行着重记忆。 A错误，错在“兼职”。根据《特种设备安全法》，第三十六条：电梯、客运索道、大型游乐设施等为公众提供服务的特种设备的运营使用单位，应当对特种设备的使用安全负责，设置特种设备安全管理机构或者配备专职的特种设备安全管理人员；其他特种设备使用单位，应当根据情况设置特种设备安全管理机构或者配备专职、兼职的特种设备安全管理人员；C错误，错在“每周”。第四十三条：客运索道、大型游乐设施在每日投入使用前，其运营使用单位应当进行试运行和例行安全检查，并对安全附件和安全保护装置进行检查确认；D错误，错在“无需”。电梯、客运索道、大型游乐设施的运营使用单位应当将电梯、客运索道、大型游乐设施的安全使用说明、安全注意事项和警示标志置于易于为乘客注意的显著位置。故选B。
单选题,[2021年][河南中安]行政处罚的管辖和适用应依法进行。根据《行政处罚法》，关于行政处罚的管辖和适用的做法，正确的是（    ）。,A.赵某驾驶私家车在某镇超速行驶，该镇政府综合执法大队对其进行行政处罚|B.李某在驾车行驶时突发精神疾病，车辆失去控制造成多车受损，当地公安交通管理行政部门对其进行行政处罚|C.王某13岁，在机动车道路上使用滑行工具并闯红灯，当地公安交通管理行政部门对其作出警告的行政处罚|D.张某是甲市人，在乙市驾驶车辆发生违章行为，乙市的公安交通管理行政部门对其进行行政处罚,D,本题主要考查的是行政处罚的管辖和适用，属于高频考点。做题思路：先理解掌握从轻处罚和不予处罚的区别，后进行区分记忆。 A错误，错在“镇政府综合执法大队”。根据《行政处罚法》，第二十三条：行政处罚由县级以上地方人民政府具有行政处罚权的行政机关管辖。法律、行政法规另有规定的，从其规定；B错误，错在“突发精神疾病”。第三十一条：精神病人、智力残疾人在不能辨认或者不能控制自己行为时有违法行为的，不予行政处罚，但应当责令其监护人严加看管和治疗。间歇性精神病人在精神正常时有违法行为的，应当给予行政处罚。尚未完全丧失辨认或者控制自己行为能力的精神病人、智力残疾人有违法行为的，可以从轻或者减轻行政处罚；C错误，错在“13岁”。不满十四周岁的未成年人有违法行为的，不予行政处罚，责令监护人加以管教。故选D。
单选题,[2021年][河南中安]某高速公路甲市乙区路段，一辆小型面包车与一辆重型罐车相撞，导致重型罐车后下部防护装置及卸料管损坏，所载汽油泄漏，起火燃烧。该重型罐车属丙市丁区市区某危险化学品道路运输公司所有。根据《危险化学品安全管理条例》，关于该起危险化学品事故应急救援的说法，正确的是（    ）。,A.驾驶员除应向甲市乙区应急管理部门报告外，还应向丙市丁区交通运输、应急管理等部门报告|B.该事故发生在甲市乙区，运输公司主要负责人无须向丙市丁区有关部门报告事故|C.因该事故发生在异地，运输公司的应急预案无法适用于本次事故救援|D.甲市乙区人民政府应当立即组织有关部门启动本地区危险化学品事故应急救援预案并组织实施救援,D,本题主要考查的是危险化学品事故应急救援，属于高频考点。做题思路：先理解掌握交叉地域事故情况下主管危险化学品事故应急救援的部门和职责，后进行着重记忆。 A错误，错在“还应向丙市丁区交通运输、应急管理等部门报告”。根据《危险化学品安全管理条例》，第七十一条：发生危险化学品事故，事故单位主要负责人应当立即按照本单位危险化学品应急预案组织救援，并向当地安全生产监督管理部门和环境保护、公安、卫生主管部门报告；道路运输、水路运输过程中发生危险化学品事故的，驾驶人员、船员或者押运人员还应当向事故发生地交通运输主管部门报告；B错误，错在“无须向丙市丁区有关部门报告事故”。重型罐车属丙市丁区市区某危险化学品道路运输公司所有，所以应当向丙市丁区有关部门报告；C错误，错在“无法适用于本次事故救援”。依据《生产安全事故报告和调查处理条例》第十四条：事故发生单位负责人接到事故报告后，应当立即启动事故相应应急预案，或者采取有效措施，组织抢救，防止事故扩大，减少人员伤亡和财产损失。故选D。
单选题,[2021年][河南中安]某道路运输公司有从业人员120人，受新冠肺炎疫情影响，该公司削减经营规模，成员30人。根据《安全生产法》，关于该公司安全生产管理机构设置和安全生产管理人员配备的说法，正确的是（    ）。,A.应当设置安全生产管理机构或者配备专职安全生产管理人员|B.可以不设置安全生产管理机构，但必须委托具有相应资质的机构提供管理服务|C.应当配备专职安全生产管理人员或者兼职安全生产管理人员|D.可以配备兼职安全生产管理人员，但必须配备至少一名注册安全工程师,A,本题主要考查的是安全生产管理机构设置和安全生产管理人员配备，属于高频考点。做题思路：先理解掌握需安全生产管理机构设置和专职管理人员的设置，后进行区分记忆。 B错误，错在“可以不设置安全生产管理机构”；C错误，错在“或者兼职安全生产管理人员”；D错误，错在“可以配备兼职安全生产管理人员”。根据《安全生产法》，第二十四条：矿山、金属冶炼、建筑施工、运输单位和危险物品的生产、经营、储存、装卸单位，应当设置安全生产管理机构或者配备专职安全生产管理人员。前款规定以外的其他生产经营单位，从业人员超过一百人的，应当设置安全生产管理机构或者配备专职安全生产管理人员；从业人员在一百人以下的，应当配备专职或者兼职的安全生产管理人员。故选A。
单选题,[2021年][河南中安]国家对特种作业人员实行分类管理，根据《特种作业人员安全技术培训考核管理规定》，关于电工类特种作业的分类，正确的是（    ）。,A.低压电工作业、高压电工作业、超高压电工作业|B.低压电工作业、高压电工作业、防爆电气作业|C.低压电工作业、高压电工作业、特高压电工作业|D.低压电工作业、中压电工作业、高压电工作业,B,本题主要考查的是电工类特种作业的分类，了解即可。 根据《特种作业人员安全技术培训考核管理规定》，特种作业目录：电工作业包括高压电工作业、低压电工作业、防爆电气作业。故选B。
单选题,[2021年][河南中安]根据《工伤保险条例》，关于工伤保险基金的说法，正确的是（    ）。,A.工伤保险基金不能用于兴建或者改建办公场所等，可用于投资运营，获取更多收益，充实基金|B.工伤保险基金应留有一定比例的储备金，用于统筹地区各类工伤事故的工伤保险待遇支付|C.工伤保险基金用于支付工伤保险待遇，职工个人申请因工伤而引起的劳动能力鉴定费用应由用人单位承担，不能从工伤保险基金中支付|D.工伤保险基金的目的在于保障工伤劳动者及时得到赔偿，工伤保险基金中应有一定比例的资金用于工伤预防,D,本题主要考查的是工伤保险基金，属于高频考点。做题思路：先理解掌握工伤保险基金的适用范围和原则，后进行着重记忆。 A错误，错在“可用于投资运营，获取更多收益，充实基金”。根据《工伤保险条例》，第十二条：任何单位或者个人不得将工伤保险基金用于投资运营、兴建或者改建办公场所、发放奖金，或者挪作其他用途；B错误，错在“各类工伤事故”。第十三条：工伤保险基金应当留有一定比例的储备金，用于统筹地区重大事故的工伤保险待遇支付；储备金不足支付的，由统筹地区的人民政府垫付；C错误，错在“不能从工伤保险基金中支付”。第十二条：工伤保险基金存入社会保障基金财政专户，用于本条例规定的工伤保险待遇，劳动能力鉴定，工伤预防的宣传、培训等费用，以及法律、法规规定的用于工伤保险的其他费用的支付。故选D。
单选题,[2021年][河南中安]国家对女职工实施特殊劳动保护。根据《女职工劳动保护特别规定》，关于女职工在经期和孕期禁忌从事劳动范围的说法，正确的是（    ）。,A.在经期可以从事第二级低温作业|B.在孕期可以从事低温作业|C.在经期可以从事第二级高处作业|D.在孕期可以从事第三级高温作业,C,本题主要考查的是女职工在经期和孕期禁忌，属于高频考点。做题思路：先理解掌握女职工在经期和孕期禁忌的内容，后与《劳动法》进行对比记忆。 A错误，错在“二级低温”。根据《女职工劳动保护特别规定》，女职工在经期禁忌从事的劳动范围：（一）冷水作业分级标准中规定的第二级、第三级、第四级冷水作业；（二）低温作业分级标准中规定的第二级、第三级、第四级低温作业；（三）体力劳动强度分级标准中规定的第三级、第四级体力劳动强度的作业；（四）高处作业分级标准中规定的第三级、第四级高处作业；B错误，错在“低温作业”；D错误，错在“三级高温”。女职工在孕期禁忌从事的劳动范围：（一）作业场所空气中铅及其化合物、汞及其化合物、苯、镉、铍、砷、氰化物、氮氧化物、一氧化碳、二硫化碳、氯、己内酰胺、氯丁二烯、氯乙烯、环氧乙烷、苯胺、甲醛等有毒物质浓度超过国家职业卫生标准的作业；（二）从事抗癌药物、己烯雌酚生产，接触麻醉剂气体等的作业；（三）非密封源放射性物质的操作，核事故与放射事故的应急处置；（四）高处作业分级标准中规定的高处作业；（五）冷水作业分级标准中规定的冷水作业；（六）低温作业分级标准中规定的低温作业；（七）高温作业分级标准中规定的第三级、第四级的作业；（八）噪声作业分级标准中规定的第三级、第四级的作业；（九）体力劳动强度分级标准中规定的第三级、第四级体力劳动强度的作业；（十）在密闭空间、高压室作业或者潜水作业，伴有强烈振动的作业，或者需要频繁弯腰、攀高、下蹲的作业。故选C。
单选题,[2021年][河南中安]某露天矿洗煤厂维修工韩某、郭某进行设备检修作业时，因不遵守操作规程发生事故，造成韩某死亡、郭某轻伤。事故发生时，现场值班负责人是赵某，该洗煤厂的法定代表人是张某。该事故没有报告有关部门。根据《中华人民共和国刑法》及《关于办理危害生产安全刑事案件适用法律若干问题的解释》，关于不报、谎报事故罪犯罪主体的说法，正确的是（    ）。,A.郭某在事故现场，负有事故报告义务，属于不报、谎报事故罪的犯罪主体|B.张某负有事故报告职责，属于不报、谎报事故罪的犯罪主体|C.赵某是现场值班负责人，但不属于不报、谎报事故罪的犯罪主体|D.洗煤厂外部人员不可能成为本次事故不报、谎报事故罪的犯罪主体,B,本题主要考查的是不报、谎报事故罪犯罪主体。做题思路：先理解掌握不报、谎报事故罪犯罪主体的对象，后进行区分记忆。 根据《关于办理危害生产安全刑事案件适用法律若干问题的解释》，第二条：刑法第一百三十四条第二款规定的犯罪主体，包括对生产、作业负有组织、指挥或者管理职责的负责人、管理人员、实际控制人、投资人等人员。《中华人民共和国刑法》于2020年进行过修订，原《中华人民共和国刑法》一百三十四条已变更为一百三十九条。《中华人民共和国刑法》第一百三十九条之一【不报、谎报安全事故罪】在安全事故发生后，负有报告职责的人员不报或者谎报事故情况，贻误事故抢救，情节严重的，处三年以下有期徒刑或者拘役；情节特别严重的，处三年以上七年以下有期徒刑。故选B。
单选题,[2021年][河南中安]某危险化学品公司拟申请核销重大危险源。根据《危险化学品重大危险源监督管理暂行规定》，关于该公司重大危险源申请核销的说法，错误的是（    ）。,A.经安全评价不再构成重大危险源的，方可申请核销|B.危险化学品单位应当向所在地县级人民政府应急管理部门申请核销|C.县级人民政府应急管理部门应当将一级重大危险源核销材料报送上一级部门|D.应急管理部门应自收到核销材料之日起45日内进行审查,D,本题主要考查的是重大危险源申请核销。做题思路：先理解掌握重大危险源申请核销的主管层级和部门，后进行着重记忆。 AB正确，第二十七条：重大危险源经过安全评价或者安全评估不再构成重大危险源的，危险化学品单位应当向所在地县级人民政府安全生产监督管理部门申请核销；C正确，第二十九条：县级人民政府安全生产监督管理部门应当每季度将辖区内一级、二级重大危险源的核销材料报送至设区的市级人民政府安全生产监督管理部门。设区的市级人民政府安全生产监督管理部门应当每半年将辖区内一级重大危险源的核销材料报送至省级人民政府安全生产监督管理部门；D错误，错在“45日”。二十八条：县级人民政府安全生产监督管理部门应当自收到申请核销的文件、资料之日起30日内进行审查，符合条件的，予以核销并出具证明文书；不符合条件的，说明理由并书面告知申请单位。必要时，县级人民政府安全生产监督管理部门应当聘请有关专家进行现场核查。故选D。
单选题,[2021年][河南中安]有限空间是指封闭或者部分封闭，与外界相对隔离，出入口较为狭窄，作业人员不能长时间在内工作，自然通风不良，易造成有毒有害、易燃易爆物质积聚或者氧含量不足的空间，根据《工贸企业有限空间作业安全规定》，关于有限空间作业安全保障的说法，正确的是（    ）。,A.发现有限空间内氧含量浓度低于国家标准规定的限值时，工贸企业必须立即停止有限空间作业，撤出作业人员|B.工贸企业实施有限空间作业前，应当制定有限空间作业方案，并报当地应急管理部门|C.在有限空间作业过程中，工贸企业应当采取通风措施，保持空气流通，必要时应采用纯氧通风换气|D.有限空间作业中断超过15分钟，作业人员再次进入有限空间作业前，应当重新通风，检测合格后方可进入,A,本题主要考查的是限空间作业，属于高频考点。做题思路：先理解掌握限空间作业的内容和工作流程，后进行着重记忆。 B错误，错在“报当地应急管理部门”。根据《工贸企业有限空间作业安全管理与监督暂行规定》，工贸企业实施有限空间作业前，应当对作业环境进行评估，分析存在的危险有害因素，提出消除、控制危害的措施，制定有限空间作业方案，并经本企业安全生产管理人员审核，负责人批准；C错误，错在“纯氧”。在有限空间作业过程中，工贸企业应当采取通风措施，保持空气流通，禁止采用纯氧通风换气；D错误，错在“15分钟”。作业中断超过30分钟，作业人员再次进入有限空间作业前，应当重新通风、检测合格后方可进入。故选A。
单选题,[2021年][河南中安]根据《特种设备安全监察条例》，关于特种设备检验检测人员进行特种设备检验检测活动的说法，正确的是（    ）。,A.特种设备检验检测机构发现严重事故隐患的，应当及时告知使用单位|B.从事特种设备检验检测的人员应当经单位培训考核合格后执业|C.从事特种设备检验检测的人员最多可在两个检验检测机构执业|D.特种设备检验检测机构负责人对检验检测结果、鉴定结论负责,A,本题主要考查的是特种设备检验检测人员职责，属于高频考点。做题思路：先理解掌握特种设备检验检测人员的职责，后进行着重记忆。 B错误，错在“经单位培训考核合格后执业”。根据《特种设备安全监察条例》，第四十四条：从事本条例规定的监督检验、定期检验、型式试验和无损检测的特种设备检验检测人员应当经国务院特种设备安全监督管理部门组织考核合格，取得检验检测人员证书，方可从事检验检测工作；C错误，错在“可在两个检验检测机构执业”。检验检测人员从事检验检测工作，必须在特种设备检验检测机构执业，但不得同时在两个以上检验检测机构中执业；D错误，错在只写了“检验检测机构负责人”。第四十六条：特种设备检验检测机构和检验检测人员对检验检测结果、鉴定结论负责。故选A。
单选题,[2021年][河南中安]小王和小李是某机械厂机修车间的两名焊工，从事压力焊作业。因工作需要，两人被调至该厂的其他岗位，小王做了4个月的质量管理工作，小李做了9个月的安全管理工作。小王和小李重回机修车间从事压力焊工作，两人的特种作业操作证书都在有效期内。根据《特种作业人员安全技术培训考核管理规定》，关于小王和小李重新从事压力焊作业的说法，正确的是（    ）。,A.小王和小李的特种作业操作证书都在有效期内，两人都可以直接上岗|B.小王和小李都应当参加特种作业实际操作考试，经确认合格后方可上岗|C.小王可以直接上岗，小李应当参加特种作业实际操作考试，经确认合格后方上岗|D.小王和小李应当参加特种作业安全技术理论和实际操作考试，经确认合格后方可上岗,C,本题考查的是特种作业人员离岗后重新回岗的相关规定，属于高频考点。做题思路：先理解掌握初次上岗和重新上岗的培训考核内容，后进行区分记忆。 根据《特种作业人员安全技术培训考核管理规定》，第三十二条：离开特种作业岗位6个月以上的特种作业人员，应当重新进行实际操作考试，经确认合格后方可上岗作业。小王离岗4个月，小李离岗9个月，所以小王不需要参加特种作业实际操作考试，但小李需要参加。故选C
单选题,[2021年][河南中安]甲单位投资建设高层住宅，通过公开招标确定乙公司为总承包单位，乙公司将基坑开挖分包给丙公司，丙公司李工长带领10名工人在9米深基坑进行清理作业。由于护坡混凝土刚喷锚完成，未达到养护强度，大型载重汽车在基坑边沿通道上通行时可能导致边坡坍塌。根据《安全生产法》，关于李工长采取安全措施的做法，正确的是（    ）。,A.安排专人观察情况，其余人员继续施工，发现危险立即撤离|B.自己去找乙公司现场安全员沟通，建议停止大型运土车通过基坑边道行驶|C.安排所有坑底施工人员暂时停止作业，撤离现场并马上报告丙公司现场经理|D.要求工地所有人员立即撤离现场，停止工地施工作业,C,本题主要考查的是在建工程应急处置措施。做题思路：先理解掌握在建工程各管理人员的职责，后进行排除选择。 根据《安全生产法》，第五十九条：从业人员发现事故隐患或者其他不安全因素，应当立即向现场安全生产管理人员或者本单位负责人报告；接到报告的人员应当及时予以处理。本题中的李工长和10名工人均为乙公司的从业人员，在发现存在事故隐患或不安全因素，应立即报告相关的负责人。故选C。
单选题,[2021年][河南中安]根据《建设工程消防设计审查验收管理暂行规定》，关于建设工程消防设计审查验收管理的说法，正确的是（    ）。,A.建设单位依法对建设工程消防设计，施工质量负主体责任|B.国家实行建设工程消防设计审查制度|C.建设工程消防设计审查抽查比例由设区的市级人民政府住房和城乡建设主管部门确定|D.实行施工图设计文件联合审查的，建设工程消防设计的技术审查应并入联合审查,D,本题主要考查的是建设工程消防设计审查验收，属于高频考点。做题思路：先理解掌握建设工程消防设计审查验收的主体和各部门的职责，后进行区分记忆。 A错误，错在“主体责任”。根据《建设工程消防设计审查验收管理暂行规定》，第八条：建设单位依法对建设工程消防设计、施工质量负首要责任。设计、施工、工程监理、技术服务等单位依法对建设工程消防设计、施工质量负主体责任；B错误，错在“没说特殊”。第十五条：对特殊建设工程实行消防设计审查制度；C错误，错在“市级”。第三十六条：消防设计审查验收主管部门应当对备案的其他建设工程进行抽查。抽查工作推行“双随机、一公开”制度，随机抽取检查对象，随机选派检查人员。抽取比例由省、自治区、直辖市人民政府住房和城乡建设主管部门，结合辖区内消防设计、施工质量情况确定，并向社会公示。故选D。
单选题,[2021年][河南中安]甲投资设立一家个人独资企业，聘请乙为总经理，2021年9月5日，该企业在生产过程中发生一起爆炸事故，造成2人死亡，1人重伤，直接经济损失1000万元。调查发现，企业近年效益不佳，安全投入不足，紧急停车系统发生故障已带病运行超过1年。根据《安全生产法》，关于安全投入责任及事故处罚的做法，正确的是（    ）。,A.对乙处上一年年收入30%的罚款，对该企业处50万元的罚款|B.对甲处上一年年收入40%的罚款，对该企业处100万元的罚款|C.对甲处2万元以上20万元以下的罚款，对该企业处100万元的罚款|D.对乙处上一年年收入30%的罚款，对该企业处100万元的罚款,C,本题主要考查的是安全投入责任及事故处罚。做题思路：先理解掌握主要负责人和管理人员的区分，后通过事故级别进行选择。 根据《安全生产法》，第九十三条：生产经营单位的决策机构、主要负责人或者个人经营的投资人不依照本法规定保证安全生产所必需的资金投入，致使生产经营单位不具备安全生产条件的，责令限期改正，提供必需的资金；逾期未改正的，责令生产经营单位停产停业整顿。有前款违法行为，导致发生生产安全事故的，对生产经营单位的主要负责人给予撤职处分，对个人经营的投资人处二万元以上二十万元以下的罚款；构成犯罪的，依照刑法有关规定追究刑事责任。第九十五条：生产经营单位的主要负责人未履行本法规定的安全生产管理职责，导致发生生产安全事故的，由应急管理部门依照下列规定处以罚款：（一）发生一般事故的，处上一年年收入百分之四十的罚款；（二）发生较大事故的，处上一年年收入百分之六十的罚款；（三）发生重大事故的，处上一年年收入百分之八十的罚款；（四）发生特别重大事故的，处上一年年收入百分之一百的罚款。第一百一十四条：发生生产安全事故，对负有责任的生产经营单位除要求其依法承担相应的赔偿等责任外，由应急管理部门依照下列规定处以罚款：（一）发生一般事故的，处三十万元以上一百万元以下的罚款；（二）发生较大事故的，处一百万元以上二百万元以下的罚款；（三）发生重大事故的，处二百万元以上一千万元以下的罚款；（四）发生特别重大事故的，处一千万元以上二千万元以下的罚款。本题直接经济损失1000万元，所以该起事故为较大事故，所以应对甲处以二万元以上二十万元以下的罚款，对乙处上一年年收入百分之六十的罚款，对企业处以一百万元以上二百万元以下的罚款。故选C。
单选题,[2021年][河南中安]具有中国特色的安全生产法律体系正在不断发展和完善，各层级的法律规范相互依存、相互联系、辩证统一，不同层级的法律法规效力不同。关于我国安全生产法律法规效力的说法正确的是（    ）。,A.《安全生产法》的效力高于《中华人民共和国职业病防治法》|B.《安全生产许可证条例》的效力高于《煤矿安全监察条例》|C.《女职工劳动保护特别规定》与根据《生产安全事故应急条例》，效力相同|D.《北京市安全生产条例》的效力高于《沈阳市安全生产条例》,C,本题主要考查的是法的效力层级，法律＞行政法规＞地方性法规＞地方政府规章，属于高频考点。做题思路：需重点掌握法律法规的命名规则，通过法律法规的名称判定其所属的类别，以及掌握法的效力层级。 A错误，错在“高于”。《安全生产法》和《中华人民共和国职业病防治法》都属于法律，具有同等效力；B错误，错在“高于”。《安全生产许可证条例》和《煤矿安全检查条例》均属于行政法规，具有同等效力；D错误，错在“高于”。《北京市安全生产条例》和《沈阳市安全生产条例》均属于地方性法规，两者具有同等效力。故选C。
单选题,[2021年][河南中安]根据《安全生产法》，关于安全生产条件的说法，正确的是（    ）。,A.个体工商户从事生产经营活动应具备安全生产条件|B.事业单位不适用根据《安全生产法》，关于安全生产条件的规定|C.各类生产经营单位应具备相同的安全生产条件|D.生产经营单位应具备有关安全生产的法律、法规、规章和标准规定的条件,A,本题主要考查的是安全生产条件。 D错误，错在“没说行业标准规定”。根据《安全生产法》，第二十条：生产经营单位应当具备本法和有关法律、行政法规和国家标准或者行业标准规定的安全生产条件；不具备安全生产条件的，不得从事生产经营活动。生产经营单位：指从事生产经营活动的基本单元，即一切从事生产经营活动的企业、事业单位、个体经济组织和其他组织，既包括企业法人，也包括不具有企业法人资格的单位、事业单位、个人合伙组织、个体工商户、社会团体等生产经营主体；A正确，B错误，错在“事业单位不适用”。个体工商户、事业单位都属于生产经营单位；C错误，错在“相同的”；C不同场所的安全生产条件不同。故选A。
单选题,[2021年][河南中安]某县应急管理局对某企业进行安全生产监督检查时发现正在作业的起重机属于国家明令淘汰产品，存在重大事故隐患，于是作出责令该企业立即停止使用决定。该企业以疫情期间设备更换困难、可以通过加强监控避免事故为由拒不执行，县应急管理局决定通知供电公司停止电力供应。根据《安全生产法》，县应急管理局采取该强制措施应提前（    ）小时以书面形式通知该企业。,A.24|B.12|C.36|D.48,A,本题主要考查的是强制措施应提前通知，属于高频考点。 根据《安全生产法》，负有安全生产监督管理职责的部门依法对存在重大事故隐患的生产经营单位作出停产停业、停止施工、停止使用相关设施或者设备的决定，生产经营单位应当依法执行，及时消除事故隐患。生产经营单位拒不执行，有发生生产安全事故的现实危险的，在保证安全的前提下，经本部门主要负责人批准，负有安全生产监督管理职责的部门可以采取通知有关单位停止供电、停止供应民用爆炸物品等措施，强制生产经营单位履行决定。通知应当采用书面形式，有关单位应当予以配合。负有安全生产监督管理职责的部门依照前款规定采取停止供电措施，除有危及生产安全的紧急情形外，应当提前二十四小时通知生产经营单位。生产经营单位依法履行行政决定、采取相应措施消除事故隐患的，负有安全生产监督管理职责的部门应当及时解除前款规定的措施。故选A。
单选题,[2021年][河南中安]甲公司从事危险化学品生产，乙公司从事燃煤发电，丙公司从事煤矿开采，丁公司从事机械设备制造，根据《建设项目安全设施“三同时”监督管理办法》，关于该四家公司扩建项目安全设施“三同时”的说法，正确的是（    ）。,A.甲、乙、丙公司可以自行组织扩建项目安全设施的竣工验收，形成书面报告备查|B.甲、乙、丙、丁公司均应委托安全评价机构对其扩建项目进行安全预评价，并编制安全预评价报告|C.甲、乙、丙公司的扩建项目安全设施设计完成后，应向应急管理部门提出审查申请|D.甲、乙、丙，丁公司均应委托安全评价机构对其扩建项目安全设施进行验收评价，并编制建设项目安全验收评价报告,A,本题主要考查的是安全设施“三同时”。属于高频考点。做题思路：先理解掌握竣工验收的主体和验收文档编辑的内容，后进行着重记忆。 A正确。根据《建设项目安全设施“三同时”监督管理办法》，建设项目竣工投入生产或者使用前，生产经营单位应当组织对安全设施进行竣工验收，并形成书面报告备查。安全设施竣工验收合格后，方可投入生产和使用；B错误，错在“均应委托”。第七条：下列建设项目在进行可行性研究时，生产经营单位应当按照国家规定，进行安全预评价：（一）非煤矿矿山建设项目；（二）生产、储存危险化学品（包括使用长输管道输送危险化学品，下同）的建设项目；（三）生产、储存烟花爆竹的建设项目；（四）金属冶炼建设项目；（五）使用危险化学品从事生产并且使用量达到规定数量的化工建设项目（属于危险化学品生产的除外，以下简称化工建设项目）；（六）法律、行政法规和国务院规定的其他建设项目；C错误，错在“乙公司”。非煤矿山建设项目，生产、储存危险化学品（包括使用长输管道输送危险化学品，下同）的建设项目，生产、储存烟花爆竹的建设项目，金属冶炼建设项目的安全设施设计完成后，生产经营单位应当按照本办法第五条的规定向安全生产监督管理部门提出审查申请，并提交文件资料。而乙公司不需要审查；D错误，错在“均应委托”。第二十二条：本办法第七条规定的建设项目安全设施竣工或者试运行完成后，生产经营单位应当委托具有相应资质的安全评价机构对安全设施进行验收评价，并编制建设项目安全验收评价报告。建设项目安全验收评价报告应当符合国家标准或者行业标准的规定。生产、储存危险化学品的建设项目和化工建设项目安全验收评价报告除符合本条第二款的规定外，还应当符合有关危险化学品建设项目的规定。故选A。
单选题,[2021年][河南中安]《中共中央国务院关于推进安全生产领域改革发展的意见》提出加快落实安全生产责任制。根据该意见，关于安全生产责任制的说法，正确的是（    ）。,A.地方党委和政府的安全生产领导责任是全员安全生产责任制的应有之义|B.党政同责，一岗双责适用于地方各级党政领导，也适用于国有企业党政领导|C.地方各级党委和政府应做到安全责任、管理、投入、培训和应急救援“五到位”|D.企业应建立向应急管理部门和职代会报告重大事故隐患治理情况的“双报告”制度,B,本题主要考查的是安全生产责任制。做题思路：熟悉了解国家政策，后进行记忆。 A错误，错在“地方党委和政府的安全生产领导责任”。根据《中共中央国务院关于推进安全生产领域改革发展的意见》，企业实行全员安全生产责任制度，法定代表人和实际控制人同为安全生产第一责任人，主要技术负责人负有安全生产技术决策和指挥权，强化部门安全生产职责，落实一岗双责；B正确。坚持党政同责、一岗双责、齐抓共管、失职追责，完善安全生产责任体系是明确地方党委和政府领导责任；C错误，错在“地方各级党委和政府应做到”。企业应建立企业全过程安全生产和职业健康管理制度，做到安全责任、管理、投入、培训和应急救援“五到位”；D错误，错在“应急管理部门”。企业应建立健全隐患排查治理制度、重大隐患治理情况向负有安全生产监督管理职责的部门和企业职代会“双报告”制度，实行自查自改自报闭环管理。故选B。
单选题,[2021年][河南中安]甲、乙、丙、丁四个乡隶属于某县。根据《安全生产法》，关于四个乡人民政府履行安全生产管理职责的做法，正确的是（    ）。,A.甲乡人民政府协助县应急管理部门开展安全生产监督检查，对轻微违法行为进行处罚|B.乙乡人民政府协助县应急管理部门开展生产安全事故应急救援，调查处理轻伤事故|C.丙乡人民政府监督检查辖区内生产经营单位的安全生产情况，发现重大违法行为，根据县人民政府的授权予以处罚|D.丁乡人民政府监督检查辖区内生产经营单位的安全生产情况，督促事故隐患整改工作,D,本题主要考查的是人民政府安全生产管理职责，属于高频考点。做题思路：先理解掌握各层级人民政府应履行的安全生产管理职责，后进行区分记忆。 A错误，错在“进行处罚”；C错误，错在“予以处罚”。根据《安全生产法》，乡镇人民政府没有权利对违法行为进行处罚；B错误，错在“调查处理轻伤事故”。乡镇人民政府没有调查处理权，调查处理事故一般都是由县级以上人民政府调查。第九条：国务院和县级以上地方各级人民政府应当加强对安全生产工作的领导，建立健全安全生产工作协调机制，支持、督促各有关部门依法履行安全生产监督管理职责，及时协调、解决安全生产监督管理中存在的重大问题。乡镇人民政府和街道办事处，以及开发区、工业园区、港区、风景区等应当明确负责安全生产监督管理的有关工作机构及其职责，加强安全生产监管力量建设，按照职责对本行政区域或者管理区域内生产经营单位安全生产状况进行监督检查，协助人民政府有关部门或者按照授权依法履行安全生产监督管理职责。故选D。
单选题,[2021年][河南中安]【改编】根据《工贸企业有限空间作业安全规定》，作业前，应当组织对作业人员进行安全交底，（     ）应当对通风、检测和必要的隔断、清除、置换等风险管控措施逐项进行检查。,A.监护人员|B.作业人员领导|C.应急救援人员|D.主要负责人,A,本题主要考查的是监护人员的职责。 根据《工贸企业有限空间作业安全规定》，第十四条：有限空间作业应当严格遵守“先通风、再检测、后作业”要求。存在爆炸风险的，应当采取消除或者控制措施，相关电气设施设备、照明灯具、应急救援装备等应当符合防爆安全要求。作业前，应当组织对作业人员进行安全交底，监护人员应当对通风、检测和必要的隔断、清除、置换等风险管控措施逐项进行检查，确认防护用品能够正常使用且作业现场配备必要的应急救援装备，确保各项作业条件符合安全要求。有专业救援队伍的工贸企业，应急救援人员应当做好应急救援准备，确保及时有效处置突发情况。故选A。
单选题,[2021年][河南中安]某大型危险化学品生产集团公司成立了由专职救援人员组成的应急救援队伍，集团公司下属子公司建立了兼职专业应急救援队伍。集团公司所在地的市应急管理部门依托该集团公司建立了应急救援队伍。根据《生产安全事故应急条例》，关于应急救援队伍建设的说法，正确的是（    ）。,A.该集团公司设立的应急救援队伍符合法律规定|B.该集团公司各子公司必须建立应急救援队伍|C.市应急管理部门依托集团公司建立应急救援队伍不符合法律规定|D.该集团公司应急救援队伍建设情况无须报送有关部门,A,本题主要考查的是应急救援队伍建设，属于高频考点。做题思路：先理解掌握总公司和子公司对于建立应急救援队伍建设的职责，后进行区分记忆。 B错误，错在“必须建立”。根据《生产安全事故应急条例》，第十条：易燃易爆物品、危险化学品等危险物品的生产、经营、储存、运输单位，矿山、金属冶炼、城市轨道交通运营、建筑施工单位，以及宾馆、商场、娱乐场所、旅游景区等人员密集场所经营单位，应当建立应急救援队伍；其中，小型企业或者微型企业等规模较小的生产经营单位，可以不建立应急救援队伍，但应当指定兼职的应急救援人员，并且可以与邻近的应急救援队伍签订应急救援协议。【若子公司规模小，可以不建立应急救援队伍，但应当指定兼职的应急救援人员】；C错误，错在“不符合法律规定”。第九条：县级以上人民政府负有安全生产监督管理职责的部门根据生产安全事故应急工作的实际需要，在重点行业、领域单独建立或者依托有条件的生产经营单位、社会组织共同建立应急救援队伍；D错误，错在“无须报送有关部门”。第十二条：生产经营单位应当及时将本单位应急救援队伍建立情况按照国家有关规定报送县级以上人民政府负有安全生产监督管理职责的部门，并依法向社会公布。故选A。
单选题,[2021年][河南中安]某建筑施工企业在进行设备安装作业时发生一起设备倾覆事故，造成1人死亡、1人受伤。事故发生后，该企业立即启动生产安全事故应急救援预案。根据《生产安全事故应急条例》，关于该企业采取应急救援措施的做法，错误的是（    ）。,A.迅速控制危险源，组织抢救遇险人员|B.及时通知可能受到事故影响的单位和人员|C.研判事故危害程度，等待专业应急救援队伍救援|D.采取必要措施，防止事故危害扩大,C,本题主要考查的是应急救援措施，属于高频考点。做题思路：先理解掌握政府部门和企业应急救援措施的区别和内容，后进行区分记忆。 根据《生产安全事故应急条例》，第十七条：发生生产安全事故后，生产经营单位应当立即启动生产安全事故应急救援预案，采取下列一项或者多项应急救援措施，并按照国家有关规定报告事故情况：（一）迅速控制危险源，组织抢救遇险人员；（二）根据事故危害程度，组织现场人员撤离或者采取可能的应急措施后撤离；（三）及时通知可能受到事故影响的单位和人员；（四）采取必要措施，防止事故危害扩大和次生、衍生灾害发生；（五）根据需要请求邻近的应急救援队伍参加救援，并向参加救援的应急救援队伍提供相关技术资料、信息和处置方法；（六）维护事故现场秩序，保护事故现场和相关证据；（七）法律、法规规定的其他应急救援措施。故选C。
单选题,[2021年][河南中安]烟花爆竹的生产、经营、运输、储存等单位应当遵守烟花爆竹安全管理的规定。根据《烟花爆竹安全管理条例》，关于烟花爆竹安全管理的说法，正确的是（    ）。,A.中华全国工商业联合会应当加强对会员单位经营烟花爆竹活动的管理|B.国家对烟花爆竹的生产、经营、运输实行安全生产许可证制度|C.烟花爆竹生产、经营、运输企业和焰火晚会以及其他大型焰火燃放活动主办单位的主要负责人对本单位的烟花爆竹安全工作负责|D.应急管理部门应当组织查处非法生产、经营、储存、运输、邮寄烟花爆竹以及非法燃放烟花爆竹的行为,C,本题主要考查的是烟花爆竹安全管理，属于高频考点。做题思路：先理解掌握烟花爆竹许可制度和管理制度的内容，后进行理解记忆。 A错误，错在“中华全国工商业联合会”。根据《烟花爆竹安全管理条例》，中华全国供销合作总社应当加强对本系统企业烟花爆竹经营活动的管理；B错误，错在“没说和举办焰火晚会以及其他大型焰火燃放活动”。第三条：国家对烟花爆竹的生产、经营、运输和举办焰火晚会以及其他大型焰火燃放活动，实行许可证制度；D错误，错在“应急管理部门”。第五条：公安部门、安全生产监督管理部门、质量监督检验部门、工商行政管理部门应当按照职责分工，组织查处非法生产、经营、储存、运输、邮寄烟花爆竹以及非法燃放烟花爆竹的行为。故选C。
单选题,[2021年][河南中安]某房屋中介公司新开业、为提升公司知名度开展宣传、咨询等活动，其中一些活动与道路通行安全有关。根据《道路交通安全法》，关于该公司影响道路通行条件的做法，正确的是（    ）。,A.公司临时使用公共停车场所组织开业活动|B.在公司门前人行道上临时摆放办公桌接待咨询人员|C.在道路隔离带上邻近红绿灯设置发光红色广告牌|D.征得有关主管部门同意后开挖门前道路，设置广告牌,D,本题主要考查的是道路交通安全，属于高频考点。 A错误，错在“公共停车场所组织开业活动”。根据《道路交通安全法》，第三十三条：新建、改建、扩建的公共建筑、商业街区、居住区、大（中）型建筑等，应当配建、增建停车场；停车泊位不足的，应当及时改建或者扩建；投入使用的停车场不得擅自停止使用或者改作他用；B错误，错在“人行道上”。第三十一条：未经许可，任何单位和个人不得占用道路从事非交通活动；C错误，错在“邻近红绿灯设置发光红色广告牌”。第二十八条：任何单位和个人不得擅自设置、移动、占用、损毁交通信号灯、交通标志、交通标线。道路两侧及隔离带上种植的树木或者其他植物，设置的广告牌、管线等，应当与交通设施保持必要的距离，不得遮挡路灯、交通信号灯、交通标志，不得妨碍安全视距，不得影响通行。故选D。
单选题,[2021年][河南中安]新修订的《安全生产法》，对安全生产公益诉讼作出规定。根据《安全生产法》，关于安全生产公益诉讼的说法。错误的是（    ）。,A.安全生产公益诉讼包括安全生产行政公益诉讼和民事公益诉讼|B.因安全生产违法行为导致重大事故的，应当提起安全生产公益诉讼|C.只有人民检察院有权提起安全生产公益诉讼|D.人民检察院决定应否提起安全生产公益诉讼,B,本题主要考查的是公益诉讼。做题思路：先理解掌握公益诉讼的主体和发起诉讼的情况，后进行理解记忆。 B错误，错在“应当”和没说“致使国家利益或者社会公共利益受到侵害的”，根据《安全生产法》，第七十四条：任何单位或者个人对事故隐患或者安全生产违法行为，均有权向负有安全生产监督管理职责的部门报告或者举报。因安全生产违法行为造成重大事故隐患或者导致重大事故，致使国家利益或者社会公共利益受到侵害的，人民检察院可以根据民事诉讼法、行政诉讼法的相关规定提起公益诉讼。故选B。
单选题,[2021年][河南中安]在我国领域内从事安全评价的机构应具备一定的条件并申请相应资质。根据《安全评价检测检验机构管理办法》，下列资产和专业人员条件中，申请安全评价机构资质应当具备的是（    ）。,A.独立法人资格，固定资产不少于1000万元|B.专职安全评价师不少于25人，其中中级及以上注册安全工程师比例不低于30%|C.工作场所建设面积不少于500平方米，其中档案室不少于100平方米|D.专职技术负责人应为二级安全评价师,B,本题主要考查的是安全评价机构资质。根据《安全评价检测检验机构管理办法》，第六条：申请安全评价机构资质应当具备下列条件：（一）独立法人资格，固定资产不少于八百万元；（二）工作场所建筑面积不少于一千平方米，其中档案室不少于一百平方米，设施、设备、软件等技术支撑条件满足工作需求；（三）承担矿山、金属冶炼、危险化学品生产和储存、烟花爆竹等业务范围安全评价的机构，其专职安全评价师不低于本办法规定的配备标准（附件1）；（四）承担单一业务范围的安全评价机构，其专职安全评价师不少于二十五人；每增加一个行业（领域），按照专业配备标准至少增加五名专职安全评价师；专职安全评价师中，一级安全评价师比例不低于百分之二十，一级和二级安全评价师的总数比例不低于百分之五十，且中级及以上注册安全工程师比例不低于百分之三十；（五）健全的内部管理制度和安全评价过程控制体系；（六）法定代表人出具知悉并承担安全评价的法律责任、义务、权利和风险的承诺书；（七）配备专职技术负责人和过程控制负责人；专职技术负责人具有一级安全评价师职业资格，并具有与所开展业务相匹配的高级专业技术职称，在本行业领域工作八年以上；专职过程控制负责人具有安全评价师职业资格；（八）正常运行并可以供公众查询机构信息的网站；（九）截至申请之日三年内无重大违法失信记录；（十）法律、行政法规规定的其他条件。故选B。
单选题,[2021年][河南中安]【改编】对突发的重大山体崩塌事件，应当按照有关规定统一、准确、及时发布有关突发事件事态发展和应急处置工作的信息。根据《突发事件应对法》，负责向社会公众公开发布信息的单位是突发事件发生地的（    ）。,A.应急管理部门|B.人民政府|C.公安机关|D.自然资源部门,B,本题主要考查的是突发事件应对的方法，属于高频考点。做题思路：先理解掌握各级政府及部门的职责，后进行记忆。 根据《突发事件应对法》，第六十六条：发布三级、四级警报，宣布进入预警期后，县级以上地方各级人民政府应当根据即将发生的突发事件的特点和可能造成的危害，采取下列措施：（一）启动应急预案；（二）责令有关部门、专业机构、监测网点和负有特定职责的人员及时收集、报告有关信息，向社会公布反映突发事件信息的渠道，加强对突发事件发生、发展情况的监测、预报和预警工作；（三）组织有关部门和机构、专业技术人员、有关专家学者，随时对突发事件信息进行分析评估，预测发生突发事件可能性的大小、影响范围和强度以及可能发生的突发事件的级别；（四）定时向社会发布与公众有关的突发事件预测信息和分析评估结果，并对相关信息的报道工作进行管理；（五）及时按照有关规定向社会发布可能受到突发事件危害的警告，宣传避免、减轻危害的常识，公布咨询电话。故选B。
单选题,[2021年][河南中安]【改编】近日，负有煤矿安全生产监督管理职责的部门对甲煤矿企业进行监督检查中发现，该企业未依法取得安全生产许可证就擅自进行了生产，据此要求予以关闭。根据《煤矿安全生产条例》，关于煤矿企业的关闭说法，正确的是（    ）。,A.应当提请省级人民政府予以关闭|B.3个月内2次或者2次以上发现有重大事故隐患仍然进行生产的应当关闭|C.经地方人民政府组织的专家论证在现有技术条件下难以有效防治重大隐患的|D.煤矿企业有关人员有瞒报、谎报事故等行为应当关闭,B,本题主要考查的是煤矿企业关闭的情况，属于高频考点。 A错误，错在“省级”，C错误，错在“重大隐患”。根据《煤矿安全生产条例》第七十条：煤矿企业存在下列情形之一的，应当提请县级以上地方人民政府予以关闭：（一）未依法取得安全生产许可证等擅自进行生产的；（二）3个月内2次或者2次以上发现有重大事故隐患仍然进行生产的；（三）经地方人民政府组织的专家论证在现有技术条件下难以有效防治重大灾害的；（四）有《中华人民共和国安全生产法》规定的应当提请关闭的其他情形；D错误，未提及该内容。故选B。
单选题,[2021年][河南中安]某公司招用未满17周岁的周某。根据《劳动法》及相关规定，关于该公司对周某工作安排和健康检查的做法，正确的是（    ）。,A.安排周某从事国家规定的第三级体力劳动强度的劳动|B.根据劳动合同约定安排周某从事接触有毒物质的劳动|C.在生产任务紧急时安排周某到矿山井下加班|D.根据工作安排对周某不定期进行健康检查,A,本题主要考查的是不同人群的劳动强度，属于高频考点。做题思路：先理解掌握特殊人群的分类和禁忌作业，后进行区分记忆。B错误，错在“从事接触有毒物质的劳动”；C错误，错在“矿山井下”。根据《劳动法》，第六十四条：不得安排未成年工从事矿山井下、有毒有害、国家规定的第四级体力劳动强度的劳动和其他禁忌从事的劳动；D错误，错在“不定期”。第六十五条：用人单位应当对未成年工定期进行健康检查。故选A。
单选题,[2021年][河南中安]为保护人民群众生命财产安全，依法打击严重安全生产违法行为，根据《中华人民共和国刑法修正案（十一）》新增危险作业罪。下列行为中，涉嫌构成危险作业罪的是（    ）。,A.丁企业员工李某破坏本企业防爆报警装置，具有发生重大伤亡事故的现实危险|B.甲煤矿企业为逃避监管，矿长指示员工销毁超产能信息|C.丙企业存在重大事故隐患被责令停产停业，主要负责人拒不执行|D.丙企业未取得危险化学品安全生产许可证，安排职工进行危险化学品生产,A,本题主要考查的是刑法危险作业罪，属于高频考点。做题思路：先理解掌握危险作业罪的内容和犯罪主体，后进行区分记忆。危险作业罪：根据《中华人民共和国刑法修正案（十一）》四、在刑法第一百三十四条后增加一条，作为第一百三十四条之一：在生产、作业中违反有关安全管理的规定，有下列情形之一，具有发生重大伤亡事故或者其他严重后果的现实危险的，处一年以下有期徒刑、拘役或者管制：（一）关闭、破坏直接关系生产安全的监控、报警、防护、救生设备、设施，或者篡改、隐瞒、销毁其相关数据、信息的；（二）因存在重大事故隐患被依法责令停产停业、停止施工、停止使用有关设备、设施、场所或者立即采取排除危险的整改措施，而拒不执行的；（三）涉及安全生产的事项未经依法批准或者许可，擅自从事矿山开采、金属冶炼、建筑施工，以及危险物品生产、经营、储存等高度危险的生产作业活动的。故选A。
单选题,[2021年][河南中安]甲省乙市丙县发生四起事故：第一起是天然气管道爆炸事故，造成35人死亡；第二起是建筑施工过程中脚手架倒塌事故，造成10人重伤；第三起是煤矿瓦斯爆炸事故，造成2人死亡；第四起是在开采石材过程中造成风力发电设备损坏事故，直接经济损失达500多万元。根据《生产安全事故报告和调查处理条例》，关于组织事故调查组的说法，正确的是（    ）。,A.第一起事故由甲省人民政府组织事故调查组进行调查|B.第二起事故由丙县人民政府组织事故调查组进行调查|C.第三起事故由乙市人民政府组织事故调查组进行调查|D.第四起事故由丙县人民政府组织事故调查组进行调查,D,本题主要考查的是事故调查，属于高频考点。做题思路：先理解掌握事故等级和负责调查的主体，后进行区分记忆。ABC错误，根据《生产安全事故报告和调查处理条例》第三条：第一起是天然气管道爆炸事故，造成35人死亡为特别重大事故；第二起是建筑施工过程中脚手架倒塌事故，造成10人重伤为较大事故；第三起是煤矿瓦斯爆炸事故，造成2人死亡为一般事故；第四起是在开采石材过程中造成风力发电设备损坏事故，直接经济损失达500多万元为一般事故。《生产安全事故报告和调查处理条例》第十九条：特别重大事故由国务院或者国务院授权有关部门组织事故调查组进行调查。重大事故、较大事故、一般事故分别由事故发生地省级人民政府、设区的市级人民政府、县级人民政府负责调查。省级人民政府、设区的市级人民政府、县级人民政府可以直接组织事故调查组进行调查，也可以授权或者委托有关部门组织事故调查组进行调查。未造成人员伤亡的一般事故，县级人民政府也可以委托事故发生单位组织事故调查组进行调查。故选D。
单选题,[2021年][河南中安]【改编】依据《煤矿安全生产条例》，被责令停产整顿的煤矿企业经验收合格恢复生产的，县级以上地方人民政府负有煤矿安全生产监督管理职责的部门应当自企业恢复生产之日起（    ）工作日内向社会公告。,A.5|B.10|C.15|D.20,A,本题主要考查的是恢复生产的时间。 根据《煤矿安全生产条例》，第四十九条：县级以上地方人民政府负有煤矿安全生产监督管理职责的部门对被责令停产整顿或者关闭的煤矿企业，应当在5个工作日内向社会公告；对被责令停产整顿的煤矿企业经验收合格恢复生产的，应当自恢复生产之日起5个工作日内向社会公告。故选A。
单选题,[2021年][河南中安]2020年3月底，甲企业复工复产，并按照政府新冠肺炎防疫要求对返岗员工进行14天的集中隔离观察。由于现有宿舍不能满足要求，企业决定将危险化学品库存量较少的某一层库房腾出作为临时集中观察宿舍，某区应急管理局在复工复产检查时发现此问题。根据《安全生产法》，关于区应急管理局采取执法措施的做法，正确的是（    ）。,A.责令企业立即将集中观察宿舍搬离|B.要求企业加强管理保证人员安全|C.责令企业停产停业整顿|D.移交司法机关追究刑事责任,A,本题主要考查的是应急管理局执法措施，属于高频考点。做题思路：先理解掌握在复工复产检查时出现问题的正确处理内容，后进行记忆。根据《安全生产法》，第四十二条：生产、经营、储存、使用危险物品的车间、商店、仓库不得与员工宿舍在同一座建筑物内，并应当与员工宿舍保持安全距离。生产经营场所和员工宿舍应当设有符合紧急疏散要求、标志明显、保持畅通的出口、疏散通道。禁止占用、锁闭、封堵生产经营场所或者员工宿舍的出口、疏散通道。所以应当立即将观察宿舍搬离。故选A。
单选题,[2021年][河南中安]为加强安全生产领域专业化人员管理，国家将注册安全工程师列入准入类专业技术人员职业资格并对其执业范围进行规定。根据《注册安全工程师管理规定》应当有注册安全工程师参与并签署意见的安全生产工作是（    ）。,A.调查处理生产安全事故|B.制定职工技能培训计划|C.组织实施应急救援预案|D.制定事故隐患整改方案,D,本题主要考查的是注册安全工程师管理。做题思路：先理解掌握注册安全工程师的职责，后进行记忆。根据《注册安全工程师管理规定》，第十九条：生产经营单位的下列安全生产工作，应有注册安全工程师参与并签署意见：（一）制定安全生产规章制度、安全技术操作规程和作业规程；（二）排查事故隐患，制定整改方案和安全措施；（三）制定从业人员安全培训计划；（四）选用和发放劳动防护用品；（五）生产安全事故调查；（六）制定重大危险源检测、评估、监控措施和应急救援预案；（七）其他安全生产工作事项。故选D。
单选题,[2021年][河南中安]某化工企业机械操作工张某在作业过程中，发现供电线路绝缘破损，铜丝裸露。根据《安全生产法》，关于张某安全生产权利、义务和责任的说法，正确的是（    ）。,A.张某有权立即撤离现场|B.张某应当排除事故隐患|C.张某未及时报告事故隐患，应当给予其罚款处罚|D.张某对事故隐患应当立即向有关负责人报告,D,本题主要考查的是安全生产权利、义务，属于高频考点。做题思路：先理解掌握从业人员和管理人员的安全生产权利、义务，后进行区分记忆。A错误，错在“立即撤离”。根据《安全生产法》，第五十五条：从业人员发现直接危及人身安全的紧急情况时，有权停止作业或者在采取可能的应急措施后撤离作业场所；B错误，错在“排除事故隐患”。第五十九条：从业人员发现事故隐患或者其他不安全因素，应当立即向现场安全生产管理人员或者本单位负责人报告；接到报告的人员应当及时予以处理；C错误，错在“罚款处罚”。张某未及时报告事故隐患，《安全生产法》并没有规定必须对其罚款。故选D。
单选题,[2021年][河南中安]某建设工程由甲公司作为施工总承包单位，乙、丙、丁公司为分包单位，根据《建设工程安全生产管理条例》，关于事故应急救援和调查处理的说法，正确的是（    ）。,A.甲、乙、丙、丁公司应分别制定生产安全事故应急救援预案，各自建立应急救援组织或者配备应急救援人员，配备救援器材、设备，并定期各自组织演练|B.该建设工程发生生产安全事故，应由甲公司组织乙、丙、丁公司共同向应急管理部门、建设行政主管部门或者其他有关部门报告|C.该建设工程发生生产安全事故，应当由乙、丙、丁公司各自向应急管理部门、建设行政主管部门或者其他有关部门报告|D.甲公司应当统一组织编制建设工程生产安全事故应急救援预案，甲公司和乙、丙、丁公司按照应急救援预案，各自建立应急救援组织或者配备应急救援人员，配备救援器材、设备并定期组织演练,D,本题主要考查的是事故应急救援，属于高频考点。做题思路：先理解掌握各生产经营单位的事故应急救援职责，后进行区分记忆。A错误，错在“分别制定”。根据《建设工程安全生产管理条例》，第四十九条：施工单位应当根据建设工程施工的特点、范围，对施工现场易发生重大事故的部位、环节进行监控，制定施工现场生产安全事故应急救援预案。实行施工总承包的，由总承包单位统一组织编制建设工程生产安全事故应急救援预案，工程总承包单位和分包单位按照应急救援预案，各自建立应急救援组织或者配备应急救援人员，配备救援器材、设备，并定期组织演练；B错误，错在“组织乙、丙、丁公司共同报告”；C错误，错在“由乙、丙、丁公司各自报告”。第五十条：施工单位发生生产安全事故，应当按照国家有关伤亡事故报告和调查处理的规定，及时、如实地向负责安全生产监督管理的部门、建设行政主管部门或者其他有关部门报告；特种设备发生事故的，还应当同时向特种设备安全监督管理部门报告。接到报告的部门应当按照国家有关规定，如实上报。实行施工总承包的建设工程，由总承包单位负责上报事故。故选D。
单选题,[2021年][河南中安]甲市乙县某石料公司风钻工刘某感觉身体不适，去某医院检查显示肺部有阴影，被诊断为职业病矽肺Ⅰ期。因石料公司不愿支付刘某的医疗费，双方发生纠纷，刘某申请劳动能力鉴定。根据《工伤保险条例》，关于劳动能力鉴定的说法，正确的是（    ）。,A.刘某罹患职业病，无需对其进行劳动能力鉴定|B.甲市劳动能力鉴定委员会应对刘某劳动功能障碍程度进行等级鉴定|C.对刘某进行劳动能力鉴定的专家组由3至5名医疗卫生专家组成|D.劳动能力鉴定专家组成员由乙县劳动能力鉴定委员会随机抽取,B,本题主要考查的是工伤保险，属于高频考点。做题思路：先理解掌握劳动能力鉴定的主体和专家的组成，后进行区分记忆。A错误，错在“无需鉴定”。根据《工伤保险条例》，第二十一条：职工发生工伤，经治疗伤情相对稳定后存在残疾、影响劳动能力的，应当进行劳动能力鉴定；C错误，错在“3至5名”；D错误，错在“乙县”。第二十五条：设区的市级劳动能力鉴定委员会收到劳动能力鉴定申请后，应当从其建立的医疗卫生专家库中随机抽取3名或者5名相关专家组成专家组。故选B。
单选题,[2021年][河南中安]为保障生产安全事故应急预案的质量，生产经营单位应当组织对本单位编制的生产安全事故应急预案进行评审或者论证，根据《生产安全事故应急预案管理办法》，下列生产经营单位中应当对其编制的应急预案进行论证的是（    ）。,A.某市政工程施工队|B.某特种钢铁冶炼公司|C.某烟花爆竹批发企业|D.某中型规模烟草企业,A,本题主要考查的是应急预案论证，属于高频考点。做题思路：先理解掌握需要论证和评审的生产经营单位，后进行区分记忆。根据《生产安全事故应急预案管理办法》，第二十一条：矿山、金属冶炼企业和易燃易爆物品、危险化学品的生产、经营（带储存设施的，下同）、储存、运输企业，以及使用危险化学品达到国家规定数量的化工企业、烟花爆竹生产、批发经营企业和中型规模以上的其他生产经营单位，应当对本单位编制的应急预案进行评审，并形成书面评审纪要。前款规定以外的其他生产经营单位可以根据自身需要，对本单位编制的应急预案进行论证。故选A。
单选题,[2021年][河南中安]某大型电商集团举行十周年庆典，准备在庆典晚会上进行大型焰火燃放活动。根据《烟花爆竹安全管理条例》，关于公司焰火燃放安全的说法，正确的是（    ）。,A.不得在文化活动广场、体育场所进行庆典晚会焰火燃放|B.应当按照分级管理的规定取得焰火燃放许可后方可燃烧|C.应当按照分级管理的规定报有关人民政府应急管理部门批准|D.焰火燃烧作业人员应当按照经备案的燃放方案进行燃放作业,B,本题主要考查的是焰火燃放，属于高频考点。做题思路：先理解掌握焰火燃放的地点和主管部门，后进行区分记忆。 A错误，错在“不得在”。根据《烟花爆竹安全管理条例》，第三十条：禁止在下列地点燃放烟花爆竹:(一)文物保护单位;(二)车站、码头、飞机场等交通枢纽以及铁路线路安全保护区内;(三)易燃易爆物品生产、储存单位;(四)输变电设施安全保护区内;(五)医疗机构、幼儿园、中小学校、敬老院;(六)山林、草原等重点防火区;(七)县级以上地方人民政府规定的禁止燃放烟花爆竹的其他地点；B正确，C错误，错在“急管理部门批准”。第三十三条：申请举办焰火晚会以及其他大型焰火燃放活动，主办单位应当按照分级管理的规定，向有关人民政府公安部门提出申请，并提交下列有关材料：（一）举办焰火晚会以及其他大型焰火燃放活动的时间、地点、环境、活动性质、规模；（二）燃放烟花爆竹的种类、规格、数量；（三）燃放作业方案；（四）燃放作业单位、作业人员符合行业标准规定条件的证明。受理申请的公安部门应当自受理申请之日起20日内对提交的有关材料进行审查，对符合条件的，核发《焰火燃放许可证》；对不符合条件的，应当说明理由；D错误，错在“备案”。第三十四条：焰火晚会以及其他大型焰火燃放活动燃放作业单位和作业人员，应当按照焰火燃放安全规程和经许可的燃放作业方案进行燃放作业。故选B。
单选题,[2021年][河南中安]民用爆炸物品属于危险物品，管理不善可能造成事故，危及生产安全和社会公共安全。因此，民用爆炸物品应当储存在专用仓库内并实行严格管理。根据《民用爆炸物品安全管理条例》，关于民用爆炸物品储存的说法，正确的是（    ）。,A.在民用爆炸物品库房内可临时存放即将发放的库管员劳保用品|B.清点时发现黑火药比登记账目少10㎏，应立即向应急管理部门报告|C.县公安机关有权对过期失效的民用爆炸物品的销毁进行监督|D.不同性质的民用爆炸物品必须分库储存,C,本题主要考查的是民用爆炸物品的储存，属于高频考点。做题思路：先理解掌握民用爆炸物品储存的主管部门和管理的内容，后进行着重记忆。A错误，错在“存放劳保用品”。根据《民用爆炸物品安全管理条例》，第四十一条：储存民用爆炸物品应当遵守下列规定：储存的民用爆炸物品数量不得超过储存设计容量，对性质相抵触的民用爆炸物品必须分库储存，严禁在库房内存放其他物品；B错误，错在“应急管理部门”。民用爆炸物品丢失、被盗、被抢，应当立即报告当地公安机关；C正确。第四十三条：民用爆炸物品变质和过期失效的，应当及时清理出库，并予以销毁。销毁前应当登记造册，提出销毁实施方案，报省、自治区、直辖市人民政府民用爆炸物品行业主管部门、所在地县级人民政府公安机关组织监督销毁；D错误，错在“不同性质”。对性质相抵触的民用爆炸物品必须分库储存，严禁在库房内存放其他物品。故选C。
单选题,[2021年][河南中安]某铁矿开采企业发生一起工业中毒事故，造成5人死亡。调查发现，某安全评价机构在验收评价时出具虚假评价报告并收取15万元的评价费用。根据《安全生产法》，应急管理部门有权没收15万元，并对该安全评价机构作出（    ）万元的罚款。,A.15|B.75|C.90|D.150,B,本题主要考查的是安全评价机构的罚款，属于高频考点。做题思路：先理解掌握虚假报告和失实报告的区别，后进行区分记忆。根据《安全生产法》，（2021年版）第九十二条：承担安全评价、认证、检测、检验职责的机构出具失实报告的，责令停业整顿，并处三万元以上十万元以下的罚款；给他人造成损害的，依法承担赔偿责任。承担安全评价、认证、检测、检验职责的机构租借资质、挂靠、出具虚假报告的，没收违法所得；违法所得在十万元以上的，并处违法所得二倍以上五倍以下的罚款；没有违法所得或者违法所得不足十万元的，单处或者并处十万元以上二十万元以下的罚款；对其直接负责的主管人员和其他直接责任人员处五万元以上十万元以下的罚款；给他人造成损害的，与生产经营单位承担连带赔偿责任；构成犯罪的，依照刑法有关规定追究刑事责任。故选B。
单选题,[2021年][河南中安]某矿业公司依法与劳动者签订书面劳动合同，双方约定履行各自的义务。根据《劳动合同法》，关于履行该劳动合同的说法，正确的是（    ）。,A.该矿业公司在生产设备发生故障需要抢修时，要求职工加班，职工有权拒绝|B.职工因培训考核不合格，该矿业公司调整职工到新的工作岗位，职工有权拒绝|C.该矿业公司因生产任务调整致使职工的工作岗位被取消，调整职工到新工作岗位，职工有权拒绝|D.该矿业公司的矿井因存在重大事故隐患被责令封堵后，矿长安排职工下井作业，职工有权拒绝,D,本题主要考查的是劳动合同，属于高频考点。做题思路：先理解掌握从业人员的权利和义务，后进行区分记忆。A错误，错在“需要抢修时，职工有权拒绝”；B错误，错在“考核不合格，职工有权拒绝”；C错误，错在“因生产任务调岗位被取消，职工有权拒绝”。根据《劳动合同法》，第三十二条：【劳动者拒绝违章指挥、强令冒险作业】劳动者拒绝用人单位管理人员违章指挥、强令冒险作业的，不视为违反劳动合同。故选D。
单选题,[2021年][河南中安]某企业是机械加工企业。根据《生产经营单位安全培训规定》，关于该企业开展从业人员安全培训的说法，正确的是（    ）。,A.新上岗从业人员的岗前安全培训时间不少于24学时，每年再培训时间不得少于20学时|B.新上岗电工的岗前安全培训时间不得少于72学时，每年再培训的时间不得少于20学时|C.在企业内调整工作岗位或离岗一年以上重新上岗时，应当重新接受厂级、车间级和班组级安全培训|D.企业的厂级、车间级和班组级岗前安全培训的内容都应当包括有关事故案例,D,本题主要考查的是安全培训，属于高频考点。做题思路：先理解掌握从业人员和管理人员培训时间的区别，后通过高危和非高危进行区分。AB错误，根据《生产经营单位安全培训规定》，第十三条：生产经营单位新上岗的从业人员，岗前安全培训时间不得少于24学时。煤矿、非煤矿山、危险化学品、烟花爆竹、金属冶炼等生产经营单位新上岗的从业人员安全培训时间不得少于72学时，每年再培训的时间不得少于20学时；C错误，第十七条：从业人员在本生产经营单位内调整工作岗位或离岗一年以上重新上岗时，应当重新接受车间（工段、区、队）和班组级的安全培训。生产经营单位采用新工艺、新技术、新材料或者使用新设备时，应当对有关从业人员重新进行有针对性的安全培训。故选D。
单选题,[2021年][河南中安]某市应急管理部门在检查中发现某公司存在重大事故隐患，责令其停产停业整顿，该公司整改后向市应急管理部门提出恢复生产的申请。根据《安全生产事故隐患排查治理暂行规定》，关于该市应急管理部门处理该申请的说法，正确的是（    ）。,A.收到申请后，15日内进行现场审查|B.审查合格的，对事故隐患进行核销|C.审查不合格的，依法责令重新整改|D.对整改无望的，提请市政府予以关闭,B,本题主要考查的是重大事故隐患恢复生产，属于高频考点。做题思路：先理解掌握审查不合格和整改无望的处理区别，后进行区分记忆。A错误，错在“15日”。根据《安全生产事故隐患排查治理暂行规定》，第二十三条：安全监管监察部门收到生产经营单位恢复生产的申请报告后，应当在10日内进行现场审查；B正确。审查合格的，对事故隐患进行核销，同意恢复生产经营；C错误，错在“责令重新整改”。审查不合格的，依法责令改正或者下达停产整改指令；D错误，错在“予以关闭”。对整改无望或者生产经营单位拒不执行整改指令的，依法实施行政处罚。故选B。
单选题,[2021年][河南中安]安全生产培训应当按照标准进行考核。根据《安全生产培训管理办法》，关于安全生产培训考核标准制定权限的说法，正确的是（    ）。,A.国务院应急管理部门制定中央企业主要负责人的考核标准|B.国家煤矿安全监察机构制定煤矿企业特种作业人员的考核标准|C.省级应急管理部门制定省属企业安全生产管理人员的考核标准|D.省级应急管理部门制定安全生产应急救援人员的考核标准,B,本题主要考查的是安全培训考核标准制定权限，属于高频考点。做题思路：先理解掌握考核标准的制定主体，后通过行业进行区分。B正确。煤矿企业的主要负责人、安全生产管理人员和特种作业人员的考核标准，由国家煤矿安监局制定；A错误，错在“国务院”；CD错误，错在“省级应急管理部门”。根据《安全生产培训管理办法》，安全监管监察人员，危险物品的生产、经营、储存单位及非煤矿山、金属冶炼单位主要负责人、安全生产管理人员和特种作业人员，以及从事安全生产工作的相关人员的考核标准，由国家安全监管总局（应急管理部）统一制定。国家安全监管总局（应急管理部）负责省级以上安全生产监督管理部门的安全生产监管人员、各级煤矿安全监察机构的煤矿安全监察人员的考核；负责中央企业的总公司、总厂或者集团公司的主要负责人和安全生产管理人员的考核。除危险物品的生产、经营、储存单位和矿山、金属冶炼单位以外其他生产经营单位主要负责人、安全生产管理人员及其他从业人员的考核标准，由省级安全生产监督管理部门制定。应急管理部承担安全评价、咨询、检测、检验的人员和安全生产应急救援人员的考核。故选B。
单选题,[2021年][河南中安]2019年7月，张某出差外地，在开会期间突发疾病送往医院，紧急抢救20小时后死亡，张某所在单位认为张某不构成工伤，没有在规定期限内提出工伤认定申请，而张某的近亲属认为张某构成工伤，根据《工伤保险条例》，关于张某工伤认定和赔偿的说法，正确的有（    ）。,A.张某在出差期间突发疾病死亡，不认定为工伤|B.张某近亲属应承担张某构成工伤的举证责任|C.张某近亲属可从工伤保险基金领取丧葬补助金，供养亲属抚恤金和一次性工亡补助金|D.张某近亲属可在张某死亡之日起两年内向社会保险行政部门提出工伤认定申请 E 张某的丧葬补助金为六个月的统筹地区上年度职工月平均工资,C,本题主要考查的是工伤认定和赔偿，属于高频考点。做题思路：先理解掌握工伤的认定标准和赔偿补助的标准，后进行着重记忆。A错误，错在“不认定为工伤”。根据《工伤保险条例》，因工外出期间，由于工作原因受到伤害或者发生事故下落不明的应当认定为工伤；B错误，错在“近亲属应承担”。职工或者其近亲属认为是工伤，用人单位不认为是工伤的，由用人单位承担举证责任；D错误，错在“两年内”。用人单位未按前款规定提出工伤认定申请的，工伤职工或者其近亲属、工会组织在事故伤害发生之日或者被诊断、鉴定为职业病之日起1年内，可以直接向用人单位所在地统筹地区社会保险行政部门提出工伤认定申请。故选CE。
单选题,[2021年][河南中安]根据《安全生产法》，下列设备中必须取得安全使用证或者安全标志方可投入使用的有（    ）。,A.海洋石油开采特种设备|B.烟花企业特种生产设备|C.煤矿井下专用防爆电气设备|D.化工企业大型生产设备 E 非煤矿井下特种设备,A,本题主要考查的是安全使用证、安全标志。根据《安全生产法》，第三十七条：生产经营单位使用的危险物品的容器、运输工具，以及涉及人身安全、危险性较大的海洋石油开采特种设备和矿山井下特种设备，必须按照国家有关规定，由专业生产单位生产，并经具有专业资质的检测、检验机构检测、检验合格，取得安全使用证或者安全标志，方可投入使用。检测、检验机构对检测、检验结果负责。故选AE。
多选题,[2021年][河南中安]安全预评价通常在建设项目可行性研究阶段，工业区规划阶段或者生产经营活动组织实施之前进行，根据《建设项目安全设施“三同时”监督管理办法》，下列建设项目按规定应当开展安全预评价的有（    ）。,A.铁矿开采建设项目|B.钢铁冶炼建设项目|C.铝制品加工建设项目|D.烟花爆竹储存建设项目 E 食品加工建设项目,ABD,本题主要考查的是安全设施“三同时”开展安全预评价，属于高频考点。做题思路：先理解掌握应当开展安全预评价的生产经营单位种类，后进行记忆。根据《建设项目安全设施“三同时”监督管理办法》，第七条：下列建设项目在进行可行性研究时，生产经营单位应当按照国家规定，进行安全预评价：（一）非煤矿矿山建设项目；（二）生产、储存危险化学品（包括使用长输管道输送危险化学品，下同）的建设项目；（三）生产、储存烟花爆竹的建设项目；（四）金属冶炼建设项目；（五）使用危险化学品从事生产并且使用量达到规定数量的化工建设项目（属于危险化学品生产的除外，以下简称化工建设项目）；（六）法律、行政法规和国务院规定的其他建设项目。故选ABD。
多选题,[2021年][河南中安]某机械公司准备将闲置的厂房出租，其中300平米拟出租给甲公司用作食品加工经营，1000平米拟出租给乙快递公司用作仓库，根据《安全生产法》，关于机械公司厂房出租安全管理的说法，正确的是（    ）。,A.将厂房出租给甲公司和乙公司的行为合法|B.应当与甲公司、乙公司签订安全生产管理协议|C.应当对甲乙公司的安全生产工作进行统一协调管理|D.应当对甲乙公司的安全生产情况定期进行安全检查 E 应当对乙公司运行中存在的事故隐患负整改责任,ACD,本题主要考查的是厂房出租安全管理，属于高频考点。做题思路：先理解掌握出租单位、承租单位的职责和“应当签订”、“可以签订”的区别，后进行区分记忆。B不推荐选择，机械公司可以和甲乙公司签订安全生产管理协议也可以在合同中约定，B说法太绝对；E错误，错在“负整改责任”。整改责任由分包单位自己承担。根据《安全生产法》，生产经营项目、场所发包或者出租给其他单位的，生产经营单位应当与承包单位、承租单位签订专门的安全生产管理协议，或者在承包合同、租赁合同中约定各自的安全生产管理职责；生产经营单位对承包单位、承租单位的安全生产工作统一协调、管理，定期进行安全检查，发现安全问题的，应当及时督促整改。故选ACD。
多选题,[2021年][河南中安]安全生产许可证制度是保证生产经营单位安全生产的一项重要制度，根据《安全生产许可证条例》，下列企业中应当申请安全生产许可证的有（    ）。,A.煤矿企业|B.金属冶炼企业|C.道路运输企业|D.非煤矿山企业 E 建筑施工企业,AD,本题主要考查的是安全生产许可，属于高频考点。根据《安全生产许可证条例》，第二条：国家对矿山企业、建筑施工企业和危险化学品、烟花爆竹、民用爆炸物品生产企业（以下统称企业）实行安全生产许可制度。企业未取得安全生产许可证的，不得从事生产活动。故选ADE。
单选题,[2021年][河南中安]某公司是一家危险化学品港口储存企业，为扩大储存规模，扩建危险化学品储存仓库，同时在地下铺设剧毒危险化学品专用管道。工程竣工后，紧邻工厂围墙后一家职业培训学校投入运行，根据《危险化学品安全管理条例》，关于该公司危险化学品安全管理的说法正确的有（    ）。,A.扩建储存危险化学品的港口建设项目，应当由应急管理部门进行安全条件审查|B.扩建储存危险化学品的港口建设项目应当由港口行政管理部门按照国务院交通运输主管部门的规定进行安全条件审查|C.已建的危险化学品生产装置构成重大危险源的危险化学品储存设施不受学校影响|D.已建的危险化学品生产装置构成重大危险源的危险化学品的储存设施，由所在地县应急管理部门会同有关部门监督其在规定期限内进行整改 E 地下铺设剧毒化学品专用管道，虽然该管道设备设置在地下，但仍需设置明显标志,B,本题主要考查的是危险化学品安全管理，属于高频考点。做题思路：先理解掌握港口建设项目和陆地建设项目的主管部门和职责，后进行区分记忆。A错误，错在“应急管理部门”。根据《危险化学品安全管理条例》，新建、改建、扩建储存、装卸危险化学品的港口建设项目，由港口行政管理部门按照国务院交通运输主管部门的规定进行安全条件审查；C错误，错在“不受学校影响”。危险化学品生产装置或者储存数量构成重大危险源的危险化学品储存设施（运输工具加油站、加气站除外），与下列场所、设施、区域的距离应当符合国家有关规定：（一）居住区以及商业中心、公园等人员密集场所；（二）学校、医院、影剧院、体育场（馆）等公共设施；（三）饮用水源、水厂以及水源保护区；D错误，错在“县应急管理部门”。已建的危险化学品生产装置或者储存数量构成重大危险源的危险化学品储存设施不符合前款规定的，由所在地设区的市级人民政府安全生产监督管理部门会同有关部门监督其所属单位在规定期限内进行整改。故选BE。
多选题,[2021年][河南中安]某县应急管理局两名执法人员前往辖区某危险化学品生产企业进行安全检查，根据《安全生产法》，关于检查执行人员行使职权的做法正确的有（    ）。,A.检查发现特种作业岗位操作人员无证上岗，当场作出罚款1万元的处罚|B.没收检查发现的不符合安全生产国家标准或行业标准的器材|C.主动出示执法证件，进入生产车间进行检查，调阅监控台账和工人培训记录|D.检查发现一处设备存在明显泄漏隐患，危及岗位工人安全，责令立即停止设备运行 E 查封检查发现的未经批准违法存储危险化学品的临时仓库,CD,本题主要考查的是检查执行人员职权，属于高频考点。做题思路：先理解掌握检察人员和生产经营单位的职责，后进行区分记忆。 A错误，错在“罚款1万元”。根据《安全生产法》，第九十七条：生产经营单位有下列行为之一的，责令限期改正，处十万元以下的罚款；逾期未改正的，责令停产停业整顿，并处十万元以上二十万元以下的罚款，对其直接负责的主管人员和其他直接责任人员处二万元以上五万元以下的罚款：（七）特种作业人员未按照规定经专门的安全作业培训并取得相应资格，上岗作业的；《行政处罚法》第五十一条：违法事实确凿并有法定依据，对公民处以二百元以下、对法人或者其他组织处以三千元以下罚款或者警告的行政处罚的，可以当场作出行政处罚决定。法律另有规定的，从其规定；给予10万元以下罚款没问题，但不可以当场作出处罚；DE正确，B错误，错在“没收”。第六十五条：应急管理部门和其他负有安全生产监督管理职责的部门依法开展安全生产行政执法工作，对生产经营单位执行有关安全生产的法律、法规和国家标准或者行业标准的情况进行监督检查，行使以下职权：（三）对检查中发现的事故隐患，应当责令立即排除；重大事故隐患排除前或者排除过程中无法保证安全的，应当责令从危险区域内撤出作业人员，责令暂时停产停业或者停止使用相关设施、设备；重大事故隐患排除后，经审查同意，方可恢复生产经营和使用；（四）对有根据认为不符合保障安全生产的国家标准或者行业标准的设施、设备、器材以及违法生产、储存、使用、经营、运输的危险物品予以查封或者扣押，对违法生产、储存、使用、经营危险物品的作业场所予以查封，并依法作出处理决定；C正确。第六十七条：安全生产监督检查人员执行监督检查任务时，必须出示有效的行政执法证件；对涉及被检查单位的技术秘密和业务秘密，应当为其保密。故选CDE。
多选题,[2021年][河南中安]某精密仪器生产企业位于河流的主河道旁边，为有效应对洪水灾害，该企业制定洪水灾害应急预案并采取相应的安全措施。近期连日大雨，河水暴涨，当地政府部门发布了洪水灾害预警。根据《安全生产事故隐患排查治理暂行规定》，该企业应当采取的安全措施有（    ）。,A.停止作业|B.留下专人保护仪器|C.撤离人员|D.加强河流水位监测 E 启动预案并通过媒体发布预警信息,ACD,本题主要考查的是安全灾害预警，属于高频考点。做题思路：先理解掌握接到自然灾害预报和撤离的情形及处置措施，后进行加强记忆。根据《安全生产事故隐患排查治理暂行规定》，第十七条：生产经营单位应当加强对自然灾害的预防。对于因自然灾害可能导致事故灾难的隐患，应当按照有关法律、法规、标准和本规定的要求排查治理，采取可靠的预防措施，制定应急预案。在接到有关自然灾害预报时，应当及时向下属单位发出预警通知；发生自然灾害可能危及生产经营单位和人员安全的情况时，应当采取撤离人员、停止作业、加强监测等安全措施，并及时向当地人民政府及其有关部门报告。故选ACD。
多选题,[2021年][河南中安]某汽车生产制造企业，厂区内新建有办公楼、组装车间、锅炉房和库房等，其中特种设备设置情况为在办公楼设置有1部直梯，组装车间设置有2台天车，锅炉房配备有1台蒸汽锅炉。根据《特种设备安全法》，关于该企业特种设备安全管理的说法，正确的有（    ）。,A.应当制定特种设备岗位责任书、隐患治理和应急救援等制度|B.应当在特种设备投入使用前或者投入使用后30日内申请使用登记|C.应当为每台特种设备配备兼职安全管理人员1名|D.应当将登记标志存放于特种设备安全技术档案中 E 必须与电梯制造单位签订电梯维修委托合同,AB,本题主要考查的是特种设备安全管理，属于高频考点。做题思路：先理解掌握使用登记和特种设备安全技术档案等知识点，后进行加强记忆。C错误，错在“兼职”。根据《特种设备安全法》，第三十六条：电梯、客运索道、大型游乐设施等为公众提供服务的特种设备的运营使用单位，应当对特种设备的使用安全负责，设置特种设备安全管理机构或者配备专职的特种设备安全管理人员；其他特种设备使用单位，应当根据情况设置特种设备安全管理机构或者配备专职、兼职的特种设备安全管理人员；D错误，错在“存放于特种设备安全技术档案中”。第三十三条：特种设备使用单位应当在特种设备投入使用前或者投入使用后三十日内，向负责特种设备安全监督管理的部门办理使用登记，取得使用登记证书。登记标志应当置于该特种设备的显著位置；E错误，错在“必须”。第二十二条：电梯的安装、改造、修理，必须由电梯制造单位或者其委托的依照本法取得相应许可的单位进行。电梯制造单位委托其他单位进行电梯安装、改造、修理的，应当对其安装、改造、修理进行安全指导和监控，并按照安全技术规范的要求进行校验和调试。电梯制造单位对电梯安全性能负责。故选AB。
单选题,[2021年][河南中安]某危险化学品仓储公司因动火作业引发火灾，造成10人当场死亡、5人受伤，其中员工宋某被严重烧伤。事故发生后，现场管理人员杜某立即报告单位负责人赵某，并按动消防警报。赵某在接报后向县应急管理部门报告。宋某经医院救治无效，10日后死亡。根据《生产安全事故报告和调查处理条例》，关于本次事故报告的说法，正确的有（    ）。,A.赵某应当在得知火灾发生后2个小时内向县应急管理部门报告|B.宋某死亡后公司应当及时向县应急管理部门补报|C.县应急管理部门接到报告后应当在2小时内向上一级应急管理部门报告|D.杜某可以直接向应急管理部报告 E 县应急管理部门应当逐级上报至应急管理部,C,本题主要考查的是事故报告，属于高频考点。做题思路：先理解掌握事故等级和上报的流程及时间，后进行区分记忆。 A错误，错在“2个小时”；D错误，错在“直接”。根据《生产安全事故报告和调查处理条例》，第九条：事故发生后，事故现场有关人员应当立即向本单位负责人报告；本单位负责人接到报告后，应当于1小时内向事故发生地县级以上人民政府安全生产监督管理部门和负有安全生产监督管理职责的有关部门报告。情况紧急时，事故现场有关人员可以直接向事故发生地县级以上人民政府安全生产监督管理部门和负有安全生产监督管理职责的有关部门报告；B错误，错在“补报”。第十三条：事故报告后出现新情况的，应当及时补报。自事故发生之日起30日内，事故造成的伤亡人数发生变化的，应当及时补报。道路交通事故、火灾事故自发生之日起7日内，事故造成的伤亡人数发生变化的，应当及时补报；D不建议选，错在“直接”。若依据《生产安全事故信息报告和处置办法》发生重大、特别重大生产安全事故的，事故发生单位可以立即报告国家安全生产监督管理总局、国家煤矿安全监察局。但本题依照的是《生产安全事故报告和调查处理条例》，所以D保险起见，不进行选择。故选CE。
多选题,[2021年][河南中安]生产经营单位根据本单位生产安全事故的特点和危害，配备相应的应急物资和装备，并加强应急值守，对于迅速应对突发事故，减少事故损失具有重要意义。根据《生产安全事故应急条例》，关于应急救援装备储备和应急值守的说法，正确的有（    ）。,A.某县应急管理局应当建立应急值班制度，实行工作人员应急值班|B.某服装企业应当设立应急救援物资储备仓库，并实行台账管理|C.某化工厂应当储备灭火、通风等应急救援器材，并保证正常运转|D.某冶金企业应当成立应急处置技术组，实行24小时应急值班 E 某矿山救护队应当建立应急值班制度，遇事故险情时随时待命,AC,本题主要考查的是应急救援装备储备和应急值守，属于高频考点。做题思路：先理解掌握需应急值班的生产经营单位和单位的职责，后与需要设置“应急处置技术组”的企业进行区分记忆。 B错误，错在“某服装企业应当”。根据《生产安全事故的应急救援与调查处理》，第八十二条第二款：危险物品的生产、经营、储存、运输单位以及矿山、金属冶炼、城市轨道交通运营、建筑施工单位应当配备必要的应急救援器材、设备和物资，并进行经常性维护、保养，保证正常运转；D错误，错在“某冶金企业应当成立应急处置技术组”。第十四条：下列单位应当建立应急值班制度，配备应急值班人员：（一）县级以上人民政府及其负有安全生产监督管理职责的部门；（二）危险物品的生产、经营、储存、运输单位以及矿山、金属冶炼、城市轨道交通运营、建筑施工单位；（三）应急救援队伍。规模较大、危险性较高的易燃易爆物品、危险化学品等危险物品的生产、经营、储存、运输单位应当成立应急处置技术组，实行24小时应急值班。故选ACE。
多选题,[2021年][河南中安]志愿消防队是专职消防队的补充力量，在灭火救援中发挥重要作用。根据《消防法》，关于志愿消防队的说法，正确的有（    ）。,A.志愿消防队参加扑救火灾所损耗的燃料、灭火剂和器材装备，由火灾单位给予补偿|B.乡镇人民政府可建立志愿消防队，承担火灾扑救工作|C.居民委员会可建立志愿消防队，开展群众性的消防自救工作|D.设立志愿消防队的单位，可不再建立专职消防队 E 消防救援机构应当对志愿消防队进行业务指导,BC,本题主要考查的是志愿消防队。做题思路：先理解掌握各级政府是否都可以建立消防队和消防队的职责，后进行加强记忆。 A错误，错在“火灾单位给予补偿”。根据《消防法》，第四十九条：国家综合性消防救援队、专职消防队扑救火灾、应急救援，不得收取任何费用。单位专职消防队、志愿消防队参加扑救外单位火灾所损耗的燃料、灭火剂和器材、装备等，由火灾发生地的人民政府给予补偿；B正确。第三十六条：县级以上地方人民政府应当按照国家规定建立国家综合性消防救援队、专职消防队，并按照国家标准配备消防装备，承担火灾扑救工作；乡镇人民政府应当根据当地经济发展和消防工作的需要，建立专职消防队、志愿消防队，承担火灾扑救工作；C正确。第四十一条：机关、团体、企业、事业等单位以及村民委员会、居民委员会根据需要，建立志愿消防队等多种形式的消防组织，开展群众性自防自救工作；D错误，错在“可不再建立专职消防队”。第三十九条：下列单位应当建立单位专职消防队，承担本单位的火灾扑救工作：（一）大型核设施单位、大型发电厂、民用机场、主要港口；（二）生产、储存易燃易爆危险品的大型企业；（三）储备可燃的重要物资的大型仓库、基地；（四）第一项、第二项、第三项规定以外的火灾危险性较大、距离国家综合性消防救援队较远的其他大型企业；（五）距离国家综合性消防救援队较远、被列为全国重点文物保护单位的古建筑群的管理单位。上述企业无论是否建立志愿消防队，都应设置专职消防队；E正确。第四十二条：消防救援机构应当对专职消防队、志愿消防队等消防组织进行业务指导；根据扑救火灾的需要，可以调动指挥专职消防队参加火灾扑救工作；E虽然没有完全按照规范原文表述，但本身没有问题。故选BCE。
多选题,[2021年][河南中安]构成安全生产犯罪的，应当依法承担刑事责任。根据《刑法》及相关司法解释，关于安全生产犯罪刑事责任的说法，正确的有（    ）。,A.强令他人违章冒险作业，因而发生重大伤亡事故的，处3年以下有期徒刑或者拘役|B.在生产、作业中违反有关安全生产管理的规定，因而造成严重后果的，处3年以下有期徒刑或者拘役|C.在安全事故发生后，负有报告职责的人员不报或者谎报事故的，处5年以下有期徒刑或者拘役|D.安全生产条件不符合国家规定，因而发生重大伤亡事故，对直接负责的主管人员，处3年以下有期徒刑或者拘役 E 举办大型群众性活动违反安全管理规定，因而发生重大伤亡事故的，对直接负责的主管人员，处5年以下有期徒刑或者拘役,BD,本题主要考查的是刑法，属于高频考点。做题思路：先理解掌握各种罪责的内容和刑罚，后进行区分记忆。 A错误，错在“3年”。根据《刑法》及相关司法解释，【强令违章冒险作业罪】强令他人违章冒险作业，或者明知存在重大事故隐患而不排除，仍冒险组织作业，因而发生重大伤亡事故或者造成其他严重后果的，处五年以下有期徒刑或者拘役；情节特别恶劣的，处五年以上有期徒刑；B正确。第一百三十四条：【重大责任事故罪】在生产、作业中违反有关安全管理的规定，因而发生重大伤亡事故或者造成其他严重后果的，处三年以下有期徒刑或者拘役；情节特别恶劣的，处三年以上七年以下有期徒刑；C错误，错在“5年以下”。第一百三十九条之一规定：在安全事故发生后，负有报告职责的人员不报或者谎报事故情况，贻误事故抢救，情节严重的，处三年以下有期徒刑或者拘役；情节特别严重的，处三年以上七年以下有期徒刑；D正确。【重大劳动安全事故罪】安全生产设施或者安全生产条件不符合国家规定，因而发生重大伤亡事故或者造成其他严重后果的，对直接负责的主管人员和其他直接责任人员，处3年以下有期徒刑或者拘役；情节特别恶劣的，处3年以上7年以下有期徒刑；E错误，错在“5年以下”。第135条：【大型群众性活动安全事故罪】举办大型活动违反安全管理规定导致事故的，对直接负责人员处3年以下有期徒刑或拘役；情节特别恶劣的，处3年以上7年以下有期徒刑‌。故选BD。
单选题,[2021年][河南中安]某集团公司在下属煤矿圆满完成井下水害事故应急救援预案演练任务，成功解救被困人员。根据《生产安全事故应急条例》，关于生产安全事故应急救援预案演练的说法，正确的有（    ）。,A.本次演练应当邀请煤矿所在地应急管理部门的人员参加|B.该煤矿应当至少每年组织1次生产安全事故应急救援预案演练|C.本次演练情况应当报送该煤矿所在地设区的市级人民政府|D.本次演练情况应当报送该煤矿所在地县级以上地方人民政府负有安全生产监督管理职责的部门 E 该煤矿所在地负有安全生产监督管理职责的部门发现本次演练不符合要求的，应当责令限期改正,D,本题主要考查的是应急救援预案演练，属于高频考点。做题思路：先理解掌握应急救援预案演练的频次和上报的部门，后通过行业进行区分。 A错误，错在“应当邀请”。条例中没有明确演练需要邀请有关部门的人员参加，而是将演练情况报送所在地县级以上地方人民政府负有安全生产监督管理职责的部门；B错误，错在“每年”。至少每半年组织1次生产安全事故应急救援预案演练；C错误，错在“市级人民政府”。演练情况报送所在地县级以上地方人民政府负有安全生产监督管理职责的部门。根据《生产安全事故应急条例》，第八条：易燃易爆物品、危险化学品等危险物品的生产、经营、储存、运输单位，矿山、金属冶炼、城市轨道交通运营、建筑施工单位，以及宾馆、商场、娱乐场所、旅游景区等人员密集场所经营单位，应当至少每半年组织1次生产安全事故应急救援预案演练，并将演练情况报送所在地县级以上地方人民政府负有安全生产监督管理职责的部门。县级以上地方人民政府负有安全生产监督管理职责的部门应当对本行政区域内前款规定的重点生产经营单位的生产安全事故应急救援预案演练进行抽查；发现演练不符合要求的，应当责令限期改正。故选DE。
单选题,[2021年][河南中安]公司新招用劳动者时应当与劳动者签订劳动合同。根据《劳动合同法》，关于公司与劳动者订立劳动合同的说法，正确的有（    ）。,A.劳动关系自签订书面劳动合同之日起建立|B.与同一劳动者只能约定一次试用期|C.有权了解劳动者的家庭财产、婚姻状况等个人情况|D.有权要求劳动者提供订立和履行劳动合同的保证金 E 应当如实告知劳动者劳动条件，安全生产状况等情况,B,本题主要考查的是劳动合同，属于高频考点。做题思路：先理解掌握劳动合同的签订时间和从业人员的权利义务，后进行着重记忆。 A错误，错在“自签订书面劳动合同之日起建立”。根据《劳动合同法》，第七条：用人单位自用工之日起即与劳动者建立劳动关系。用人单位应当建立职工名册备查；C错误，错在“家庭财产、婚姻状况”。第八条：用人单位招用劳动者时，应当如实告知劳动者工作内容、工作条件、工作地点、职业危害、安全生产状况、劳动报酬，以及劳动者要求了解的其他情况；用人单位有权了解劳动者与劳动合同直接相关的基本情况，劳动者应当如实说明；D错误，错在“保证金”。第九条：用人单位招用劳动者，不得扣押劳动者的居民身份证和其他证件，不得要求劳动者提供担保或者以其他名义向劳动者收取财物。故选BE。
单选题,[2022年][河南中安]法律的制定主体不同，其法律地位和法律效力也不同。关于法律地位和效力的说法，正确的是（    ）。,A.北京市人民政府制定的《北京市生产经营单位安全生产主体责任规定》的法律地位等同于应急管理部制定的《生产安全事故应急预案管理办法》|B.《河南省安全生产条例》的法律效力高于北京市人民政府制定的《北京市生产经营单位安全生产主体责任规定》|C.《河南省安全生产条例》的法律地位高于《危险化学品安全管理条例》|D.《危险化学品安全管理条例》的法律效力高于应急管理部制定的《生产安全事故应急预案管理办法》,D,本题主要考查的是法律地位和效力，属于高频考点。做题思路：深刻理解法律相关基础知识，同一级，人大大，政府小。A错误，错在“法律地位”。《北京市生产经营单位安全生产主体责任规定》是地方政府规章，《生产安全事故应急预案管理办法》是部门规章，根据《立法法》两者具有相同的法律效力；B错误，错在“不同属地法规和规章无法比较”。《河南省安全生产条例》是地方性法规，《北京市生产经营单位安全生产主体责任规定》是地方政府规章，二者不属于同一属地，无法直接比较；C错误，错在“高于”。《河南省安全生产条例》是地方性法规，法律地位低于属于行政法规的《危险化学品安全管理条例》；D正确，《危险化学品安全管理条例》是行政法规，法律效力高于属于部门规章的《生产安全事故应急预案管理办法》。故选D。
单选题,[2022年][河南中安]2022年某饮料生产企业发生一起重大生产安全事故。经调查，该企业主要负责人未履行安全生产管理职责，其2020年和2021年的年收入分别为60万元和70万元。根据《安全生产法》，应急管理部门应当对该主要负责人处以罚款（    ）。,A.36万元|B.48万元|C.52万元|D.56万元,D,本题主要考查的是安全生产法相关处罚，属于高频考点。做题思路：纯数据记忆题目，熟练掌握数据即可。根据《安全生产法》第九十五条：生产经营单位的主要负责人未履行本法规定的安全生产管理职责，导致发生生产安全事故的，由应急管理部门依照下列规定处以罚款：（一）发生一般事故的，处上一年年收入百分之四十的罚款；（二）发生较大事故的，处上一年年收入百分之六十的罚款；（三）发生重大事故的，处上一年年收入百分之八十的罚款；（四）发生特别重大事故的，处上一年年收入百分之一百的罚款。罚款数额：70×80%＝56万元。故选D。
单选题,[2022年][河南中安]根据《安全生产法》，下列职责中，属于生产经营单位安全生产管理人员职责的是（    ）。,A.组织制定本单位安全风险分级管控制度|B.组织实施本单位安全生产教育和培训计划|C.组织实施本单位的生产安全事故应急救援预案|D.督促落实本单位重大危险源的安全管理措施,D,本题主要考查的是安全生产管理人员职责，属于高频考点。做题思路：注意区分责任人和管理人职责，主要负责人是组织与制定，组织与实施相关制度，管理人员是参与或落实。根据《安全生产法》第二十五条：生产经营单位的安全生产管理机构以及安全生产管理人员履行下列职责：（三）组织开展危险源辨识和评估，督促落实本单位重大危险源的安全管理措施；生产经营单位可以设置专职安全生产分管负责人，协助本单位主要负责人履行安全生产管理职责。故选D。
单选题,[2022年][河南中安]安全生产责任保险是保险机构对投保的生产经营单位发生生产安全事故造成的人员伤亡和有关经济损失等予以赔偿的保险，根据《安全生产法》及相关规定，下列有关安全生产责任保险的说法，正确的是（    ）。,A.承保机构应当为生产经营单位提供生产安全事故预防技术服务|B.生产经营单位应当投保安全生产责任保险|C.安全生产责任保险属于生产经营单位投保的社会保险|D.安全生产责任保险的被保险人是生产经营单位的从业人员,A,本题主要考查的是安全生产责任保险，属于高频考点。做题思路：安全生产责任保险以理解为主即可。A正确，C错误，错在“社会保险”，安全生产责任保险（简称安责险），是指保险机构对投保的生产经营单位发生的生产安全事故造成的人员伤亡和有关经济损失等予以赔偿，并且为投保的生产经营单位提供事故预防服务的商业保险；B错误，错在“不是所有生产经营单位都应当投保安全生产责任保险”，第五十一条：国家鼓励生产经营单位投保安全生产责任保险；属于国家规定的高危行业、领域的生产经营单位，应当投保安全生产责任保险。具体范围和实施办法由国务院应急管理部门会同国务院财政部门、国务院保险监督管理机构和相关行业主管部门制定。《关于推进安全生产领域改革发展的意见》：在矿山、危险化学品、烟花爆竹、交通运输、建筑施工、民用爆炸物品、金属冶炼、渔业生产等高危行业领域强制实施安全生产责任保险；D错误，错在“被保险人是从业人员”，《安全生产责任保险实施办法》第九条：安全生产责任保险的保险责任包括投保的生产经营单位的从业人员人身伤亡赔偿，第三者人身伤亡和财产损失赔偿，事故抢险救援、医疗救护、事故鉴定、法律诉讼等费用。被保险人不仅仅是从业人员，还包括第三者。故选A。
单选题,[2022年][河南中安]负有安全生产监督管理职责的部门依照有关法律、法规的规定，对涉及安全生产的事项需要审查批准或者验收的，必须严格依照有关法律、法规，国家标准或行业标准规定的安全生产条件和程序进行。根据《安全生产法》规定，负有安全生产监督管理职责的部门行使行政许可审批职权的说法，正确的是（    ）。,A.对涉及安全生产的事项进行审查、验收时，应当公示收费标准|B.为保障安全，有权要求接受审查、验收的单位使用指定的品牌的安全设施|C.对已依法取得批准但不再具备安全生产条件的单位，应当撤销原批准|D.对未依法取得批准的单位，应当立即予以取消并处以罚款,C,本题主要考查的是负有安全生产监督管理职责的部门行使行政许可审批职权。做题思路：深刻理解负有安全生产监督管理职责的部门拥有的相应权力。AB错误，错在“收费和指定”，第六十四条：负有安全生产监督管理职责的部门对涉及安全生产的事项进行审查、验收，不得收取费用；不得要求接受审查、验收的单位购买其指定品牌或者指定生产、销售单位的安全设备、器材或者其他产品；C正确，D错误，错在“取消并处以罚款，应该是取缔”，第六十三条：负有安全生产监督管理职责的部门依照有关法律、法规的规定，对涉及安全生产的事项需要审查批准（包括批准、核准、许可、注册、认证、颁发证照等，下同）或者验收的，必须严格依照有关法律、法规和国家标准或者行业标准规定的安全生产条件和程序进行审查；不符合有关法律、法规和国家标准或者行业标准规定的安全生产条件的，不得批准或者验收通过。对未依法取得批准或者验收合格的单位擅自从事有关活动的，负责行政审批的部门发现或者接到举报后应当立即予以取缔，并依法予以处理。对已经依法取得批准的单位，负责行政审批的部门发现其不再具备安全生产条件的，应当撤销原批准。故选C。
单选题,[2022年][河南中安]某矿山建设项目按照国家有关规定进行了安全评价，依法完成了安全设施设计通过有关部门审查，目前，该项目正在施工过程中，根据《安全生产法》，关于矿山建设项目安全管理的说法，正确的是（    ）。,A.该建设项目安全设施投资应当单独列支，并与项目投资计划分别编报|B.负责该建设项目安全设施设计审查的部门，应当对安全设施设计负责|C.施工单位必须按照批准的安全设施设计施工，不得更改设计文件|D.该建设项目安全设施应当进行单独验收，不得与建设项目同时验收,C,本题主要考查的是矿山建设项目安全管理。做题思路：对建设项目整体过程有一定理解，再分析相应每一步的安全管理即可。AD错误，错在“分别编报和单独验收”，根据《安全生产法》第三十一条：生产经营单位新建、改建、扩建工程项目（以下统称建设项目）的安全设施，必须与主体工程同时设计、同时施工、同时投入生产和使用。安全设施投资应当纳入建设项目概算；B错误，错在“审查的部门对设计负责”，第三十三条：建设项目安全设施的设计人、设计单位应当对安全设施设计负责；矿山、金属冶炼建设项目和用于生产、储存、装卸危险物品的建设项目的安全设施设计应当按照国家有关规定报经有关部门审查，审查部门及其负责审查的人员对审查结果负责。故选C。
单选题,[2022年][河南中安]某县应急管理部门对某机械制造企业进行检查时，发现该企业存在重大事故隐患，依法责令停产停业，但该企业拒不执行，遂决定对其采取停止供电措施。根据《安全生产法》，应急管理部门采取停止供电措施应当提前通知该企业的时间是（    ）。,A.6小时|B.24小时|C.12小时|D.48小时,B,本题主要考查的是停止供电。做题思路：纯数据记忆题目，熟练掌握数据即可。根据《安全生产法》第七十条：负有安全生产监督管理职责的部门依照前款规定采取停止供电措施，除有危及生产安全的紧急情形外，应当提前二十四小时通知生产经营单位。生产经营单位依法履行行政决定、采取相应措施消除事故隐患的，负有安全生产监督管理职责的部门应当及时解除前款规定的措施。故选B。
单选题,[2022年][河南中安]2022年4月1日，某应急管理局执法人员执法检查时发现某公司未设置安全生产管理机构，责令在4月21日之前改正，并对该公司处罚3万罚款，4月22日执法人员复查时发现该公司仍未改正，根据《安全生产法》《行政处罚法》。关于对该公司逾期未改正违法行为处理的做法，正确的是（    ）。,A.责令停产停业整顿，并处5万元罚款|B.责令停产停业整顿，并处15万元罚款，同时按日连续处罚|C.责令停产停业整顿，并处63万元罚款|D.对该违法行为直接负责的主管人员处1万元罚款,B,本题主要考查的是违法处罚。做题思路：纯数据记忆题目，熟练掌握数据即可。ACD错误，错在“数据”；B正确，《安全生产法》第九十七条：生产经营单位有下列行为之一的，责令限期改正，处十万元以下的罚款；逾期未改正的，责令停产停业整顿，并处十万元以上二十万元以下的罚款，对其直接负责的主管人员和其他直接责任人员处二万元以上五万元以下的罚款：（一）未按照规定设置安全生产管理机构或者配备安全生产管理人员、注册安全工程师的。第一百一十二条：生产经营单位违反本法规定，被责令改正且受到罚款处罚，拒不改正的，负有安全生产监督管理职责的部门可以自作出责令改正之日的次日起，按照原处罚数额按日连续处罚。故选B。
单选题,[2022年][河南中安]某企业安全生产管理人员张某在检查中发现石蜡储罐的塑料管老化，企业生产副总李某认为该塑料管仍能继续使用，拒绝更换，后因该塑料管发生事故导致9人死亡、1人重伤。经调查，该起事故被认定为责任事故，根据《安全生产法》，对李某的事故罚款数额应当是上一年年收入的（    ）。,A.10%～20%|B.20%～50%|C.60%|D.80%,B,本题主要考查的是事故罚款数额，属于高频考点。做题思路：纯数据记忆题目，熟练掌握数据即可。ACD错误，错在“数据”；B正确，依据《安全生产法》第九十六条：生产经营单位的其他负责人和安全生产管理人员未履行本法规定的安全生产管理职责的，责令限期改正，处一万元以上三万元以下的罚款；导致发生生产安全事故的，暂停或者吊销其与安全生产有关的资格，并处上一年年收入百分之二十以上百分之五十以下的罚款。故选B。
单选题,[2022年][河南中安]企业应当建立安全风险分级管控制度，按照安全风险分级采取相应的管控措施。根据《安全生产法》关于安全风险分级管控的说法，正确的是（    ）。,A.安全风险分级管控的措施应当向职工代表大会报告|B.相同行业企业安全风险分级标准和管控措施应一致|C.设置作业点岗位风险告知卡属于安全风险管控措施|D.安全风险等级发生变化时应当及时向主管部门报告,C,本题主要考查的是安全风险分级管控，属于高频考点。做题思路：深刻理解分级管控。A错误，只有重大事故隐患排查治理情况应当及时向负有安全生产监督管理职责的部门和职工大会或者职工代表大会报告，第四十一条：生产经营单位应当建立安全风险分级管控制度，按照安全风险分级采取相应的管控措施。生产经营单位应当建立健全并落实生产安全事故隐患排查治理制度，采取技术、管理措施，及时发现并消除事故隐患。事故隐患排查治理情况应当如实记录，并通过职工大会或者职工代表大会、信息公示栏等方式向从业人员通报。其中，重大事故隐患排查治理情况应当及时向负有安全生产监督管理职责的部门和职工大会或者职工代表大会报告。县级以上地方各级人民政府负有安全生产监督管理职责的部门应当将重大事故隐患纳入相关信息系统，建立健全重大事故隐患治理督办制度，督促生产经营单位消除重大事故隐患；B错误，错在“应一致”，相同行业但其工艺流程和厂区布置等并不完全一致，因此其具体的分级标准和管控措施应结合企业的实际情况制定，并不能完全一致；D错误，错在“说法太绝对”，一般情况下除重大危险源等级发生变化时需要到应急管理部门备案外，一般风险等级发生变化无需向主管部门报告。故选C。
单选题,[2022年][河南中安]生产经营单位安全生产资金投入不足，是导致安全设施设备老化失效，事故多发的重要原因。根据《安全生产法》，关于生产经营单位安全生产资金投入的说法，正确的是（    ）。,A.机械制造企业的安全总监应当保证事故隐患排查治理费用|B.矿山企业的安全副总经理应当保证安全投入的有效实施|C.木材加工企业应当按照国家规定比例提取安全生产费用|D.日用品销售企业的总经理应当保障本企业安全生产所必需的资金收入,C,本题主要考查的是生产经营单位安全生产资金投入，属于高频考点。做题思路：区分主要负责人和总工程师及分管领导的职责。AB错误，错在“安全总监和副总经理”，第二十三条：生产经营单位应当具备的安全生产条件所必需的资金投入，由生产经营单位的决策机构、主要负责人或者个人经营的投资人予以保证，并对由于安全生产所必需的资金投入不足导致的后果承担责任。有关生产经营单位应当按照规定提取和使用安全生产费用，专门用于改善安全生产条件。安全生产费用在成本中据实列支。安全生产费用提取、使用和监督管理的具体办法由国务院财政部门会同国务院应急管理部门征求国务院有关部门意见后制定；C正确，《企业安全生产费用提取和使用管理办法》第二条【适用范围】本办法适用于在中华人民共和国境内直接从事煤炭生产、非煤矿山开采、石油天然气开采、建设工程施工、危险品生产与储存、交通运输、烟花爆竹生产、民用爆炸物品生产、冶金和有色金属、机械制造、武器装备研制生产与试验（含民用航空及核燃料）、电力生产与供应企业及其他经济组织（以下简称企业）；D错误，错在“应该是投入，不是收入”。故选C。
单选题,[2022年][河南中安]某技改项目的设备安装需要在同一作业区域进行吊装和现场动火作业，为此，项目部专门制定了安全管理措施。根据《安全生产法》，关于该现场安全管理措施的说法，正确的是（    ）。,A.吊装作业和动火作业应当分别安排专人进行现场安全管理|B.吊装作业、动火作业不得同时进行，必要时须经主要负责人批准|C.吊装作业、动火作业应当报所在地应急管理部门备案|D.项目负责人可以作为专门人员同时对吊装作业和动火作业进行现场安全管理,A,本题主要考查的是现场安全管理措施，属于高频考点。做题思路：特殊作业的现场安全管理熟悉即可。D错误，错在“项目负责人可以作为专门人员”，第四十三条：生产经营单位进行爆破、吊装、动火、临时用电以及国务院应急管理部门会同国务院有关部门规定的其他危险作业，应当安排专门人员进行现场安全管理，确保操作规程的遵守和安全措施的落实；C错误，没有这个要求，B错误，错在“不得同时进行”。吊装作业现场如需动火，应遵守《动火作业安全规程》。故选A。
单选题,[2022年][河南中安]2021年7月10日，某企业发生管道液化石油气泄漏爆炸事故，造成9人死亡、4人受伤，直接经济损失约1797万元，有关部门拟按程序将涉事企业纳入安全生产失信联合惩戒“黑名单”。根据《安全生产法》。有关部门可以对该企业采取的联合惩戒措施是（    ）。,A.上调有关保险费率|B.永久停止项目审批|C.吊销企业营业执照|D.暂停生产经营活动,A,本题主要考查的是联合惩戒措施，属于高频考点。做题思路：理解相关部门的权力即可。第七十八条：负有安全生产监督管理职责的部门应当建立安全生产违法行为信息库，如实记录生产经营单位及其有关从业人员的安全生产违法行为信息；对违法行为情节严重的生产经营单位及其有关从业人员，应当及时向社会公告，并通报行业主管部门、投资主管部门、自然资源主管部门、生态环境主管部门、证券监督管理机构以及有关金融机构。有关部门和机构应当对存在失信行为的生产经营单位及其有关从业人员采取加大执法检查频次、暂停项目审批、上调有关保险费率、行业或者职业禁入等联合惩戒措施，并向社会公示。故选A。
单选题,[2022年][河南中安]甲公司承建乙公司位于某市的展览馆工程，施工完成后，乙公司决定在1个月后投入使用。根据《消防法》，关于该建设工程消防检查和验收的说法，正确的是（    ）。,A.甲公司应当向市应急管理部门申请建设工程竣工消防验收|B.甲公司应当向市住房和城乡建设部门申请建设工程竣工消防安全检查|C.乙公司采用告知承诺方式办理的，市消防救援机构应当自受理申请之日起10个工作日内予以许可|D.乙公司不采用告知承诺方式办理的，市消防救援机构应当自受理申请之日起10个工作日内对该场所进行检查,D,本题主要考查的是建设工程消防检查和验收，属于高频考点。做题思路：验收部门及相关日期熟悉即可。A错误，错在“验收部门”。第十三条：国务院住房和城乡建设主管部门规定应当申请消防验收的建设工程竣工，建设单位应当向住房和城乡建设主管部门申请消防验收。前款规定以外的其他建设工程，建设单位在验收后应当报住房和城乡建设主管部门备案，住房和城乡建设主管部门应当进行抽查；B错误，错在“市级”。第十五条：公众聚集场所投入使用、营业前消防安全检查实行告知承诺管理。公众聚集场所在投入使用、营业前，建设单位或者使用单位应当向场所所在地的县级以上地方人民政府消防救援机构申请消防安全检查，作出场所符合消防技术标准和管理规定的承诺，提交规定的材料，并对其承诺和材料的真实性负责；C错误，错在“没有时间要求”。消防救援机构对申请人提交的材料进行审查；申请材料齐全、符合法定形式的，应当予以许可。消防救援机构应当根据消防技术标准和管理规定，及时对作出承诺的公众聚集场所进行核查。申请人选择不采用告知承诺方式办理的，消防救援机构应当自受理申请之日起十个工作日内，根据消防技术标准和管理规定，对该场所进行检查。经检查符合消防安全要求的，应当予以许可。故选D。
单选题,[2022年][河南中安]根据《道路交通安全法》，关于在道路上驾车行驶的做法，错误的是（    ）。,A.张某在非机动车道内骑行电动自行车，时速达到20千米|B.某制药公司司机驾驶货车遇行人正在通过人行横道，主动停车让行|C.某运输公司司机驾驶设计最高时速75千米的机动车在高速公路上行驶|D.赵某驾驶非机动车在没有机动车道的道路上靠车行道的右侧行驶,A,本题主要考查的是道路交通安全法。做题思路：结合实际情况并记忆相应数据。A错误，错在“数据”，第五十八条：残疾人机动轮椅车、电动自行车在非机动车道内行驶时，最高时速不得超过十五公里。故选A。
单选题,[2022年][河南中安]张某为某特种设备检验、检测机构的检测人员，在检测工作过程中发现某特种设备存在严重事故隐患，张某未及时告知设备单位，也未立即向负责特种设备安全监督管理的部门报告。根据《特种设备安全法》，关于该机构和张某应承担的法律责任的说法，正确的是（    ）。,A.应当责令该机构停业整顿并处罚款|B.应当给予张某罚款的行政处罚|C.应当撤销张某检测人员资格|D.应当吊销该机构检验、检测资质,B,本题主要考查的是检测人员的法律责任。做题思路：熟悉检测机构及人员的法律责任。第九十三条：违反本法规定，特种设备检验、检测机构及其检验、检测人员有下列行为之一的，责令改正，对机构处五万元以上二十万元以下罚款，对直接负责的主管人员和其他直接责任人员处五千元以上五万元以下罚款；情节严重的，吊销机构资质和有关人员的资格：（四）发现特种设备存在严重事故隐患，未及时告知相关单位，并立即向负责特种设备安全监督管理的部门报告的。故选B。
单选题,[2022年][河南中安]某游乐场的客运索道在运营过程中制动器失灵，导致牵引钢丝绳断裂、吊厢坠落，事故造成12人死亡，6人受伤。根据《特种设备安全法》及相关规定，负责该事故调查的牵头部门是（    ）。,A.县级人民政府负责特种设备安全监督管理的部门|B.市级人民政府负责特种设备安全监督管理的部门|C.省级人民政府负责特种设备安全监督管理的部门|D.国务院负责特种设备安全监督管理的部门,D,本题主要考查的是特种设备事故调查，属于高频考点。做题思路：区分普通事故调查与特种设备事故调查。《特种设备安全监察条例》第六十二条：有下列情形之一的，为重大事故：（一）特种设备事故造成10人以上30人以下死亡，或者50人以上100人以下重伤，或者5000万元以上1亿元以下直接经济损失的；（二）600兆瓦以上锅炉因安全故障中断运行240小时以上的；（三）压力容器、压力管道有毒介质泄漏，造成5万人以上15万人以下转移的；（四）客运索道、大型游乐设施高空滞留100人以上并且时间在24小时以上48小时以下的。第六十七条：特别重大事故由国务院或者国务院授权有关部门组织事故调查组进行调查。重大事故由国务院特种设备安全监督管理部门会同有关部门组织事故调查组进行调查。较大事故由省、自治区、直辖市特种设备安全监督管理部门会同有关部门组织事故调查组进行调查。一般事故由设区的市的特种设备安全监督管理部门会同有关部门组织事故调查组进行调查。故选D。
单选题,[2022年][河南中安]甲企业重新装修办公大楼，涉及部分建筑主体和承重结构的变动，通过竞争性谈判选择了乙企业为施工单位，丙企业为甲企业办公大楼的原设计方，丁企业与丙企业都具有相应设计资质。根据《建筑法》，变动的设计方案应当由（    ）,A.甲企业委托乙企业提出|B.乙企业委托丙企业提出|C.乙企业委托丁企业提出|D.甲企业委托丁企业提出,D,本题主要考查的是设计方案的变动。做题思路：理解每个单位相应的义务。第四十九条：涉及建筑主体和承重结构变动的装修工程，建设单位应当在施工前委托原设计单位或者具有相应资质条件的设计单位提出设计方案；没有设计方案的，不得施工。故选D。
单选题,[2022年][河南中安]甲公司将某拆除工程发包给具备相应资质及安全条件的乙公司，乙公司项目接受委托负责该拆除工程，丙公司承担拆除工程项目监理。根据《建筑法》，关于该拆除工程安全责任人的说法，正确的是（    ）。,A.甲公司负责人|B.乙公司项目经理|C.丙公司负责人|D.乙公司负责人,D,本题主要考查的是工程安全责任人的判定，属于高频考点。做题思路：熟悉工程施工方的责任和义务。第五十条：房屋拆除应当由具备保证安全条件的建筑施工单位承担，由建筑施工单位负责人对安全负责。故选D。
单选题,[2022年][河南中安]甲市政公司将道路维修工程发包给乙公司，乙公司在道路上进行挖掘活动，但未设置安全警示标志，也未采取安全措施，行人丙夜间跌入坑中受伤。根据《民法典》，关于行人丙损害赔偿的说法，正确的是（    ）。,A.乙公司承担赔偿责任|B.甲市政公司承担赔偿责任|C.甲市政公司与乙公司承担连带责任|D.甲市政公司与乙公司承担按份责任,A,本题主要考查的是赔偿责任的判定，属于高频考点。做题思路：理解工程各方的责任及义务。第一千二百五十八条：在公共场所或者道路上挖掘、修缮安装地下设施等造成他人损害，施工人不能证明已经设置明显标志和采取安全措施的，应当承担侵权责任。窨井等地下设施造成他人损害，管理人不能证明尽到管理职责的，应当承担侵权责任。故选A。
单选题,[2022年][河南中安]某企业发生爆炸事故，县委书记李某、县长朱某接到报告赶到现场了解情况后，朱某认为被困人员获救可能性较大，建议暂不上报，李某同意。因延误救援，造成10人死亡，1人失踪，直接经济损失6000万元。根据《刑法》《关于办理危害生产安全刑事案件适用法律若干问题的解释》，关于李某、朱某刑事责任的说法，正确的是（    ）。,A.李某、朱某均涉嫌构成不报安全事故罪|B.李某、朱某无事故报告义务，不构成犯罪|C.李某、朱某涉嫌构成滥用职权罪|D.朱某涉嫌构成瞒报事故罪，李某不构成犯罪,A,本题主要考查的是刑事责任的判定，属于高频考点。做题思路：理解各个刑法的判定标准及处罚标准。第一百三十九条之一：【不报、谎报安全事故罪】在安全事故发生后，负有报告职责的人员不报或者谎报事故情况，贻误事故抢救，情节严重的，处三年以下有期徒刑或者拘役；情节特别严重的，处三年以上七年以下有期徒刑。《解释》第四条：“负有报告职责的人员”，是指负有组织指挥或者管理职责的负责人、管理人员、实际控制人、投资人，以及其他负有报告职责的人员。故选A。
单选题,[2022年][河南中安]某煤矿存在重大事故隐患，在责令停产整顿、暂扣安全生产许可证期间，矿长何某擅自安排30名作业人员下井作业。作业期间发生透水事故，20多人被困，经全力救援，所有人员成功获救，但事故造成直接经济损失2000余万元，根据《刑法》《关于办理危害生产安全刑事案件适用法律若干问题的解释》，关于何某刑事责任的说法，正确的是（    ）。,A.应当对其处一年以下有期徒刑、拘役或者管制|B.应当对其处三年以上七年以下有期徒刑|C.应当对其处五年以上有期徒刑|D.应当对其处三年以下有期徒刑或者拘役,C,本题主要考查的是刑事责任的判定，属于高频考点。做题思路：理解各个刑法的判定标准及处罚标准。强令他人违章冒险作业，或者明知存在重大事故隐患而不排除，仍冒险组织作业，因而发生重大伤亡事故或者造成其他严重后果的，处五年以下有期徒刑或者拘役；情节特别恶劣的，处五年以上有期徒刑。（1）严重后果或者重大伤亡事故的情形（1死3伤100万）具有下列情形之一的，应当认定为“造成严重后果”或者“发生重大伤亡事故或者造成其他严重后果”：①造成死亡1人以上，或者重伤3人以上的；②造成直接经济损失100万元以上的；③其他造成严重后果或者重大安全事故的情形。（2）情节特别恶劣（3死10伤500万）具有下列情形之一的，应当认定为情节特别恶劣：①造成死亡3人以上或者重伤10人以上，负事故主要责任的；②造成直接经济损失500万元以上，负事故主要责任的；③其他造成特别严重后果、情节特别恶劣或者后果特别严重的情形。故选C。
单选题,[2022年][河南中安]某县应急管理部门对某化工企业进行现场执法检查时，发现该企业使用不符合保障安全生产国家标准的设备，遂予以扣押。根据《行政强制法》，关于扣押设备及相关责任的说法，正确的是（    ）。,A.化工企业承担扣押期间设备损毁的责任|B.化工企业承担该设备委托机构鉴定的费用|C.县应急管理部门承担扣押设备的保管费用|D.扣押设备的期限不得超过15日,C,本题主要考查的是扣押设备及相关责任。做题思路：结合实际情况记忆相关数据。A错误，错在“承担责任的主体”，第二十六条：对查封、扣押的场所、设施或者财物，行政机关应当妥善保管，不得使用或者损毁；造成损失的，应当承担赔偿责任。因查封、扣押发生的保管费用由行政机关承担；BD错误，错在“主体和日期”，第二十五条：查封、扣押的期限不得超过三十日；情况复杂的，经行政机关负责人批准，可以延长，但是延长期限不得超过三十日。法律、行政法规另有规定的除外。延长查封、扣押的决定应当及时书面告知当事人，并说明理由。对物品需要进行检测、检验、检疫或者技术鉴定的，查封、扣押的期间不包括检测、检验、检疫或者技术鉴定的期间。检测、检验、检疫或者技术鉴定的期间应当明确，并书面告知当事人。检测、检验、检疫或者技术鉴定的费用由行政机关承担。故选C。
单选题,[2022年][河南中安]甲、乙、丙、丁是某煤业公司的四名职工。甲男，17周岁；乙女，矿井建设工程技术专业毕业；丙女，已怀孕7个月；丁女，育有10个月的婴儿。根据《劳动法》，关于该公司工作岗位安排的做法，正确的是（    ）。,A.安排甲从事井下作业|B.安排乙从事井下设备布置工作|C.安排丁暂时顶替某职工夜间值班|D.安排丙从事第二级体力劳动强度的工作,D,本题主要考查的是劳动法相关内容。做题思路：重点关注成年、孕期、夜班、高温低温等词语。A错误，错在“安排未成年人下井作业”，第六十四条：不得安排未成年工从事矿山井下、有毒有害、国家规定的第四级体力劳动强度的劳动和其他禁忌从事的劳动；B错误，错在“安排女职工下井”，第五十九条：禁止安排女职工从事矿山井下、国家规定的第四级体力劳动强度的劳动和其他禁忌从事的劳动；C错误，错在“婴儿月份”，第六十三条：不得安排女职工在哺乳未满一周岁的婴儿期间从事国家规定的第三级体力劳动强度的劳动和哺乳期禁忌从事的其他劳动，不得安排其延长工作时间和夜班劳动；D正确，第六十一条：不得安排女职工在怀孕期间从事国家规定的第三级体力劳动强度的劳动和孕期禁忌从事的劳动。对怀孕七个月以上的女职工，不得安排其延长工作时间和夜班劳动。故选D。
单选题,[2022年][河南中安]李某是某建筑公司的员工，某日，该公司的建筑工地仓库突发火灾，公司安全副总王某为减少经济损失，在没有采取任何防护措施的情况下，强行要求李某从着火的仓库搬出存放的沥青卷材，并称李某若不服从安排就予以辞退，根据《劳动合同法》，关于李某采取措施的说法，正确的是（    ）。,A.李某有权不服从王某安排，可以立即解除劳动合同，不需事先告知公司，可以获得经济补偿|B.李某应当服从王某安排，立即进入仓库搬运沥青卷材，公司应给予经济补偿|C.李某应当服从王某安排，有权立即解除劳动合同，但需要事先告知公司，可以获得经济补偿|D.李某有权不服从王某安排，可立即解除劳动合同，但需要事先告知公司，不能获得经济补偿,A,本题主要考查的是劳动合同法内容。做题思路：强令冒险作业危及劳动者人身安全的，劳动者可以立即解除劳动合同。第三十八条：用人单位以暴力、威胁或者非法限制人身自由的手段强迫劳动者劳动的，或者用人单位违章指挥、强令冒险作业危及劳动者人身安全的，劳动者可以立即解除劳动合同，不需事先告知用人单位。故选A。
单选题,[2022年][河南中安]某公司新招录甲、乙、丙、丁四名员工，根据《劳动合同法》，关于该公司与新员工订立劳动合同的说法，正确的是（    ）。,A.因甲为财务主管，在订立劳动合同时约定暂扣其身份证|B.因乙现行入职，在入职之日起第20天与其订立劳动合同|C.与丙订立劳动合同的期限为一年，约定其试用期为70天|D.因丁为高级管理人员，劳动合同约定其离职后的竞业限制期限为3年,B,本题主要考查的是劳动合同法内容。做题思路：数据记忆要清晰，再结合实际情况即可。A错误，错在“暂扣其身份证”，第九条：【用人单位不得扣押劳动者证件和要求提供担保】用人单位招用劳动者，不得扣押劳动者的居民身份证和其他证件，不得要求劳动者提供担保或者以其他名义向劳动者收取财物；B正确，第十条：【订立书面劳动合同】建立劳动关系，应当订立书面劳动合同。已建立劳动关系，未同时订立书面劳动合同的，应当自用工之日起一个月内订立书面劳动合同。用人单位与劳动者在用工前订立劳动合同的，劳动关系自用工之日起建立；C错误，错在“70天”，第十九条：【试用期】劳动合同期限三个月以上不满一年的，试用期不得超过一个月；劳动合同期限一年以上不满三年的，试用期不得超过二个月；三年以上固定期限和无固定期限的劳动合同，试用期不得超过六个月；D错误，错在“3年”，第二十四条：【竞业限制的范围和期限】竞业限制的人员限于用人单位的高级管理人员、高级技术人员和其他负有保密义务的人员。竞业限制的范围、地域、期限由用人单位与劳动者约定，竞业限制的约定不得违反法律、法规的规定。在解除或者终止劳动合同后，前款规定的人员到与本单位生产或者经营同类产品、从事同类业务的有竞争关系的其他用人单位，或者自己开业生产或者经营同类产品、从事同类业务的竞业限制期限，不得超过二年。故选B。
单选题,[2022年][河南中安]监测与预警是人民政府应对突发事件的重要手段。根据《突发事件应对法》，关于突发事件的监测与预警的说法，正确的是（    ）。,A.县级人民政府有关部门应当通过多种途径收集突发事件信息|B.地方各级人民政府应当建立本地区统一的突发事件信息系统|C.地方各级人民政府应当及时汇总突发事件监测与预警信息|D.乡镇人民政府应当在村民委员会建立专职或者兼职信息报告员制度,A,本题主要考查的是突发事件的监测与预警。做题思路：留意各级人民政府相应义务。A正确，D错误，错在“乡镇人民政府”，第六十条条：县级以上人民政府及其有关部门、专业机构应当通过多种途径收集突发事件信息。县级人民政府应当在居民委员会、村民委员会和有关单位建立专职或者兼职信息报告员制度。获悉突发事件信息的公民、法人或者其他组织，应当立即向所在地人民政府、有关主管部门或者指定的专业机构报告；B错误，错在“各级人民政府”，第五十九条：国务院建立全国统一的突发事件信息系统。县级以上地方各级人民政府应当建立或者确定本地区统一的突发事件信息系统，汇集、储存、分析、传输有关突发事件的信息，并与上级人民政府及其有关部门、下级人民政府及其有关部门、专业机构和监测网点的突发事件信息系统实现互联互通，加强跨部门、跨地区的信息交流与情报合作；C错误，错在“地方各级人民政府”，第六十二条：县级以上地方各级人民政府应当及时汇总分析突发事件隐患和预警信息，必要时组织相关部门、专业技术人员、专家学者进行会商，对发生突发事件的可能性及其可能造成的影响进行评估；认为可能发生重大或者特别重大突发事件的，应当立即向上级人民政府报告，并向上级人民政府有关部门、当地驻军和可能受到危害的毗邻或者相关地区的人民政府通报。故选A。
单选题,[2022年][河南中安]某公司从事木质家具加工业务，有从业人员50人。其中，甲从事木材切削工作，乙从事家具胶合工作，丙从事家具入库统计工作，丁从事职业卫生管理工作。根据《职业病防治法》，关于该公司职业病危害管理的做法，错误的是（    ）。,A.在甲作业的车间设置职业病危害警示标志|B.对提出离岗申请的乙进行职业健康检查|C.安排丙同时负责职业病危害因素日常监测|D.安排丁负责本单位的职业病防治工作,C,本题主要考查的是职业病危害管理。做题思路：人员安排及相关标志要合理。A正确，第二十四条：产生职业病危害的用人单位，应当在醒目位置设置公告栏，公布有关职业病防治的规章制度、操作规程、职业病危害事故应急救援措施和工作场所职业病危害因素检测结果。对产生严重职业病危害的作业岗位，应当在其醒目位置，设置警示标识和中文警示说明。警示说明应当载明产生职业病危害的种类、后果、预防以及应急救治措施等内容；B正确，第三十五条：对从事接触职业病危害的作业的劳动者，用人单位应当按照国务院卫生行政部门的规定组织上岗前、在岗期间和离岗时的职业健康检查，并将检查结果书面告知劳动者。职业健康检查费用由用人单位承担；C错误，错在“兼职，应该是专人负责”，第二十六条：用人单位应当实施由专人负责的职业病危害因素日常监测，并确保监测系统处于正常运行状态；D正确，第二十条：用人单位应当采取下列职业病防治管理措施：（一）设置或者指定职业卫生管理机构或者组织，配备专职或者兼职的职业卫生管理人员，负责本单位的职业病防治工作。故选C。
单选题,[2022年][河南中安]国家对危险化学品生产企业实行安全生产许可制度。根据《安全生产许可证条例》，关于企业取得安全生产许可证条件的说法，正确的是（    ）。,A.应当设置安全生产管理机构、配备专职或兼职安全生产管理人员|B.应当有重大危险源监测、评估、监控措施和应急预案|C.从业人员应当经有关业务主管部门考核合格，取得岗位资格证书|D.应当依法参加安全生产责任保险，为从业人员缴纳保险费,B,本题主要考查的是安全生产许可证条件，属于高频考点。做题思路：理解后，勤加复习。第六条：企业取得安全生产许可证，应当具备下列安全生产条件：（一）建立、健全安全生产责任制，制定完备的安全生产规章制度和操作规程；（二）安全投入符合安全生产要求；（三）设置安全生产管理机构，配备专职安全生产管理人员；（四）主要负责人和安全生产管理人员经考核合格；（五）特种作业人员经有关业务主管部门考核合格，取得特种作业操作资格证书；（六）从业人员经安全生产教育和培训合格；（七）依法参加工伤保险，为从业人员缴纳保险费；（八）厂房、作业场所和安全设施、设备、工艺符合有关安全生产法律、法规、标准和规程的要求；（九）有职业危害防治措施，并为从业人员配备符合国家标准或者行业标准的劳动防护用品；（十）依法进行安全评价；（十一）有重大危险源检测、评估、监控措施和应急预案；（十二）有生产安全事故应急救援预案、应急救援组织或者应急救援人员，配备必要的应急救援器材、设备；（十三）法律、法规规定的其他条件。故选B。
单选题,[2022年][河南中安]根据《煤矿安全生产条例》，关于关闭煤矿的说法，正确的是（    ）。,A.应当责令被提请关闭的煤矿立即停止生产并撤销相关证照|B.各级地方人民政府有权作出关闭煤矿的决定|C.决定关闭或不予关闭煤矿的期限为15日|D.应当拆除矿井生产设备、供电、通信线路并封闭、填实矿井井筒,D,本题主要考查的是关闭煤矿相关知识点，属于高频考点。做题思路：关闭煤矿的条件及相关日期要熟悉。第七十条：有关地方人民政府作出予以关闭的决定，应当立即组织实施。关闭煤矿应当达到下列要求；（一）依照法律法规有关规定吊销、注销相关证照；；（二）停止供应并妥善处理民用爆炸物品；；（三）停止供电，拆除矿井生产设备、供电、通信线路；（四）封闭、填实矿井井筒，平整井口场地，恢复地貌；（五）妥善处理劳动关系，依法依规支付经济补偿、工伤保险待遇，组织离岗时职业健康检查，偿还拖欠工资，补缴欠缴的社会保险费。A错误，错在“撤销，应该是吊销、注销相关证照”；B错误，错在“县级以上地方人民政府有权决定”；C错误，错在“期限为15日，应立即组织实施”。故选D。
单选题,[2022年][河南中安]某施工单位承建地铁站基坑工程，因违规施工，基坑严重超挖，支撑体系存在严重缺陷。监理单位项目总监蒋某发现问题后没有采取任何措施，施工过程中发生塌陷事故，导致2人死亡。根据《刑法》《建设工程安全生产管理条例》，关于该起事故中相关单位和人员法律责任的说法，正确的是（    ）。,A.蒋某的行为涉嫌构成重大责任事故罪|B.蒋某的行为涉嫌构成工程重大安全事故罪|C.施工单位承担主要责任，监理单位承担次要责任|D.监理单位承担主要责任，施工单位承担次要责任,A,本题主要考查的是法律责任，属于高频考点。做题思路：熟悉各种罪行和犯罪主体。A正确，第一百三十四条：【重大责任事故罪】在生产、作业中违反有关安全管理的规定，因而发生重大伤亡事故或者造成其他严重后果的，处三年以下有期徒刑或者拘役；情节特别恶劣的，处三年以上七年以下有期徒刑；B错误，错在“罪名”，第一百三十七条：【工程重大安全事故罪】建设单位、设计单位、施工单位、工程监理单位违反国家规定，降低工程质量标准，造成重大安全事故的，对直接责任人员，处五年以下有期徒刑或者拘役，并处罚金；后果特别严重的，处五年以上十年以下有期徒刑，并处罚金；CD错误，错在“工程监理单位应当审查施工组织设计中的安全技术措施或者专项施工方案是否符合工程建设强制性标准”。工程监理单位在实施监理过程中，发现存在安全事故隐患的，应当要求施工单位整改；情况严重的，应当要求施工单位暂时停止施工，并及时报告建设单位。施工单位拒不整改或者不停止施工的，工程监理单位应当及时向有关主管部门报告。工程监理单位和监理工程师应当按照法律、法规和工程建设强制性标准实施监理，并对建设工程安全生产承担监理责任。故选A。
单选题,[2022年][河南中安]危险化学品具有易燃、易爆、易中毒、易污染环境等特性，一旦发生事故可能造成严重后果，是安全生产的重点监管领域。根据《危险化学品安全管理条例》，关于危险化学品监管部门及职责的说法，正确的是（    ）。,A.应急管理部门负责危险化学品的综合安全监管，核发危险化学品生产企业工业产品生产许可证，并负责危险化学品登记工作|B.交通运输主管部门负责危险化学品道路运输、水路运输、管道运输的许可以及运输工具的安全管理|C.生态环境主管部门负责废弃危险化学品处置的监督管理，组织危险化学品的环境危害性鉴定和环境风险程度评估，负责危险化学品事故现场的应急环境监测|D.卫生健康主管部门负责危险化学品毒性鉴定的管理，负责组织、协调危险化学品事故的调查处理和受伤人员的医疗卫生救援工作,C,本题主要考查的是危险化学品监管部门及职责，属于高频考点。做题思路：熟悉危险化学品安全管理条例即可。A错误，错在“主管部门”，安全生产监督管理部门负责危险化学品安全监督管理综合工作，组织确定、公布、调整危险化学品目录，对新建、改建、扩建生产、储存危险化学品（包括使用长输管道输送危险化学品，下同）的建设项目进行安全条件审查，核发危险化学品安全生产许可证、危险化学品安全使用许可证和危险化学品经营许可证，并负责危险化学品登记工作；B错误，错在“没有管道”。交通运输主管部门负责危险化学品道路运输、水路运输的许可以及运输工具的安全管理，对危险化学品水路运输安全实施监督，负责危险化学品道路运输企业、水路运输企业驾驶人员、船员、装卸管理人员、押运人员、申报人员、集装箱装箱现场检查员的资格认定。铁路监管部门负责危险化学品铁路运输及其运输工具的安全管理。民用航空主管部门负责危险化学品航空运输以及航空运输企业及其运输工具的安全管理；C正确，生态环境主管部门负责废弃危险化学品处置的监督管理，组织危险化学品的环境危害性鉴定和环境风险程度评估，确定实施重点环境管理的危险化学品，负责危险化学品环境管理登记和新化学物质环境管理登记；依照职责分工调查相关危险化学品环境污染事故和生态破坏事件，负责危险化学品事故现场的应急环境监测；D错误，错在“事故调查处理”。卫生主管部门负责危险化学品毒性鉴定的管理，负责组织、协调危险化学品事故受伤人员的医疗卫生救援工作。故选C。
单选题,[2022年][河南中安]危险化学品的运输安全关乎社会安全和公共利益，法律法规对运输危险化学品进行了严格限制。根据《危险化学品安全管理条例》，关于危险化学品运输安全的说法。正确的是（    ）。,A.在运输危险化学品途中因交通管制需要长时间停车的，驾驶人应当及时向当地公安机关报告|B.从事危险化学品道路运输的企业，必须依法取得危险货物道路运输许可，并向工商行政管理部门办理登记手续|C.个人从事内河运输危险化学品的，必须具备相应的安全条件，并依法取得危险货物水路运输许可|D.有证据证明单位或者个人在邮件、快件内夹带危险化学品的，邮政企业、快递企业可以开拆查验,B,本题主要考查的是危险化学品运输，属于高频考点。做题思路：熟悉危险化学品安全管理条例即可。A错误，错在“一般危化品无需报告”，第四十八条：运输危险化学品途中因住宿或者发生影响正常运输的情况，需要较长时间停车的，驾驶人员、押运人员应当采取相应的安全防范措施；运输剧毒化学品或者易制爆危险化学品的，还应当向当地公安机关报告；B正确，第四十三条：从事危险化学品道路运输、水路运输的，应当分别依照有关道路运输、水路运输的法律、行政法规的规定，取得危险货物道路运输许可、危险货物水路运输许可，并向工商行政管理部门办理登记手续；C错误，错在“个人”，第五十六条：通过内河运输危险化学品，应当由依法取得危险货物水路运输许可的水路运输企业承运，其他单位和个人不得承运。托运人应当委托依法取得危险货物水路运输许可的水路运输企业承运，不得委托其他单位和个人承运；D错误，错在“夹带危险化学品”，第六十四条：托运人不得在托运的普通货物中夹带危险化学品，不得将危险化学品匿报或者谎报为普通货物托运。任何单位和个人不得交寄危险化学品或者在邮件、快件内夹带危险化学品，不得将危险化学品匿报或者谎报为普通物品交寄。邮政企业、快递企业不得收寄危险化学品。对涉嫌违反本条第一款、第二款规定的，交通运输主管部门、邮政管理部门可以依法开拆查验。故选B。
单选题,[2022年][河南中安]张某在甲省设立一家危险化学品生产企业，生产剧毒化学品苯基硫醇，同时在乙省丙市丁县设立公司进行销售。根据《危险化学品安全管理条例》，关于苯基硫醇经营许可的说法，正确的是（    ）。,A.在本生产企业厂区范围内销售苯基硫醇的，应当取得危险化学品经营许可证|B.应当向乙省丙市应急管理部门申请销售苯基硫醇的经营许可证|C.应当先办理销售公司工商营业执照，然后申请危险化学品经营许可证|D.应当向乙省丙市丁县公安机关办理销售苯基硫醇的经营许可证备案,B,本题主要考查的是危险化学品运输。做题思路：熟悉危险化学品安全管理条例即可。A错误，错在“应当取得危险化学品经营许可证”，第三十三条：依法设立的危险化学品生产企业在其厂区范围内销售本企业生产的危险化学品，不需要取得危险化学品经营许可；B正确，第三十五条：从事剧毒化学品、易制爆危险化学品经营的企业，应当向所在地设区的市级人民政府安全生产监督管理部门提出申请，从事其他危险化学品经营的企业，应当向所在地县级人民政府安全生产监督管理部门提出申请（有储存设施的，应当向所在地设区的市级人民政府安全生产监督管理部门提出申请）。申请人应当提交其符合本条例第三十四条规定条件的证明材料。设区的市级人民政府安全生产监督管理部门或者县级人民政府安全生产监督管理部门应当依法进行审查，并对申请人的经营场所、储存设施进行现场核查，自收到证明材料之日起30日内作出批准或者不予批准的决定。予以批准的，颁发危险化学品经营许可证；不予批准的，书面通知申请人并说明理由；C错误，错在“顺序反了”，申请人持危险化学品经营许可证向工商行政管理部门办理登记手续后，方可从事危险化学品经营活动。法律、行政法规或者国务院规定经营危险化学品还需要经其他有关部门许可的，申请人向工商行政管理部门办理登记手续时还应当持相应的许可证件；D错误，错在“级别”，设区的市级人民政府安全生产监督管理部门和县级人民政府安全生产监督管理部门应当将其颁发危险化学品经营许可证的情况及时向同级环境保护主管部门和公安机关通报。故选B。
单选题,[2022年][河南中安]甲化工企业对生产过程中的副产品“甲酸甲酯混合液”做了物理性鉴定，安全标签和安全技术说明书标明该混合液具有易燃易爆特性，购买该混合液的乙企业在卸货过程中，因操作不当导致混合液泄漏，造成5人中毒死亡，根据《危险化学品安全管理条例》。关于甲化工企业生产安全及法律责任的说法，正确的是（    ）。,A.甲化工企业应当对“甲酸甲酯混合液”做毒理特性鉴定|B.该起事故因混合液泄漏导致人中毒死亡，属于环境污染事故|C.该起事故由乙企业操作不当引起，甲企业不承担责任|D.该“甲酸甲酯混合液”的安全标签符合法律法规标准的要求,A,本题主要考查的是化工企业生产安全及法律责任。做题思路：熟悉危险化学品安全管理条例即可。B错误，错在“本次事故造成了人员中毒死亡，所以应该是属于危险化学品中毒事故”；C错误，错在“事故中甲单位未做毒理性鉴定，间接导致事故发生，所以甲单位也是有责任的”；D错误，错在“甲酸甲酯混合液有毒性，而安全标签未标明，所以该标签不符合要求”。故选A。
单选题,[2022年][河南中安]根据《烟花爆竹安全管理条例》，关于烟花爆竹运输安全的说法，正确的是（    ）。,A.经由道路运输烟花爆竹的，托运人应当取得所在地县级人民政府交通运输主管部门许可|B.经由道路运输烟花爆竹的，承运人应当向运达地县级人民政府公安机关部门许可|C.经由道路运输烟花爆竹的，途中因交通管制长时间停车，必须有专人看守并向当地公安机关报告|D.烟花爆竹运达目的地后，收货人应当在3日内将《烟花爆竹道路运输许可证》交回发证机关核销,D,本题主要考查的是烟花爆竹运输安全，属于高频考点。做题思路：了解发证机关及相应数据。AB错误，错在“所在地和承运人”，第二十三条：经由道路运输烟花爆竹的，托运人应当向运达地县级人民政府公安部门提出申请；C错误，错在“说的太绝对”，运输车辆限速行驶，途中经停必须有专人看守；出现危险情况立即采取必要的措施，并报告当地公安部门；D正确，第二十六条：烟花爆竹运达目的地后，收货人应当在3日内将《烟花爆竹道路运输许可证》交回发证机关核销。故选D。
单选题,[2022年][河南中安]某国有投资公司拟设立烟花爆竹生产企业，针对该企业设立问题向某安全评价机构咨询，根据《烟花爆竹安全管理条例》，下列该安全评价机构给出的咨询结果中，正确的是（    ）。,A.企业必须按照安全生产许可证核定的生产工序和产品种类进行生产|B.企业在办理工商登记手续后才能申请烟花爆竹生产许可证|C.产品品种、规格、质量应当符合行业标准|D.厂房和仓库的防火设备设施应当符合国家有关标准和规范,D,本题主要考查的是咨询结果的正确性。做题思路：熟悉烟花爆竹安全管理条例并对安全评价做出判断。A错误，错在“说的太绝对”，第十一条：生产烟花爆竹的企业，应当按照安全生产许可证核定的产品种类进行生产，生产工序和生产作业应当执行有关国家标准和行业标准；B错误，错在“顺序反了”，第十条：生产烟花爆竹的企业为扩大生产能力进行基本建设或者技术改造的，应当依照本条例的规定申请办理安全生产许可证。生产烟花爆竹的企业，持《烟花爆竹安全生产许可证》到工商行政管理部门办理登记手续后，方可从事烟花爆竹生产活动；D正确，C错误，错在“符合行业标准”，第八条：生产烟花爆竹的企业，应当具备下列条件：（四）厂房和仓库的设计、结构和材料以及防火、防爆、防雷、防静电等安全设备、设施符合国家有关标准和规范；（六）产品品种、规格、质量符合国家标准。故选D。
单选题,[2022年][河南中安]根据《民用爆炸物品安全管理条例》，关于民用爆炸物品企业设立及生产的说法，正确的是（    ）。,A.因调整生产能力进行改建的，应当申请办理《民用爆炸物品生产许可证》|B.申请从事民用爆炸物品生产的企业应当符合地方产业结构规划|C.应当向当地民用爆炸物品行业主管部门提交企业设立申请|D.依法取得《民用爆炸物品生产许可证》并完成基本建设后，可以生产民用爆炸物品,A,本题主要考查的是民用爆炸物品企业设立及生产。做题思路：熟悉民用爆炸品安全管理条例。A正确，第十二条：民用爆炸物品生产企业为调整生产能力及品种进行改建、扩建的，应当依照前款规定申请办理《民用爆炸物品生产许可证》；B错误，错在“不在下列五条之内”，第十条：设立民用爆炸物品生产企业，应当遵循统筹规划、合理布局的原则。第十一条：申请从事民用爆炸物品生产的企业，应当具备下列条件：（一）符合国家产业结构规划和产业技术标准；（二）厂房和专用仓库的设计、结构、建筑材料、安全距离以及防火、防爆、防雷、防静电等安全设备、设施符合国家有关标准和规范；（三）生产设备、工艺符合有关安全生产的技术标准和规程；（四）有具备相应资格的专业技术人员、安全生产管理人员和生产岗位人员；（五）有健全的安全管理制度、岗位安全责任制度；（六）法律、行政法规规定的其他条件；C错误，错在“申请级别”，第十二条：申请从事民用爆炸物品生产的企业，应当向国务院民用爆炸物品行业主管部门提交申请书、可行性研究报告以及能够证明其符合本条例第十一条规定条件的有关材料；D错误，错在“步骤缺少”，第十三条：取得《民用爆炸物品生产许可证》的企业应当在基本建设完成后，向省、自治区、直辖市人民政府民用爆炸物品行业主管部门申请安全生产许可。省、自治区、直辖市人民政府民用爆炸物品行业主管部门应当依照《安全生产许可证条例》的规定对其进行查验，对符合条件的，核发《民用爆炸物品安全生产许可证》。民用爆炸物品生产企业取得《民用爆炸物品安全生产许可证》后，方可生产民用爆炸物品。故选A。
单选题,[2022年][河南中安]根据《民用爆炸物品安全管理条例》，关于民用爆炸物品销售、购买安全管理的说法，正确的是（    ）。,A.企业申请《民用爆炸物品销售许可证》的，省级人民政府行业主管部门应当自受理之日起45日内进行审查|B.销售、购买民用爆炸物品的，不得使用现金进行交易|C.企业取得《民用爆炸物品销售许可证》后，应当在3日内向所在地县级人民政府公安机关备案|D.使用单位凭《民用爆炸物品购买许可证》，可以购买民用爆炸物品,B,本题主要考查的是民用爆炸物品销售、购买安全管理。做题思路：熟悉民用爆炸品安全管理条例。A错误，错在“申请级别”，第十二条：申请从事民用爆炸物品生产的企业，应当向国务院民用爆炸物品行业主管部门提交申请书、可行性研究报告以及能够证明其符合本条例第十一条规定条件的有关材料。国务院民用爆炸物品行业主管部门应当自受理申请之日起45日内进行审查，对符合条件的，核发《民用爆炸物品生产许可证》；对不符合条件的，不予核发《民用爆炸物品生产许可证》，书面向申请人说明理由；B正确，第二十三条：销售、购买民用爆炸物品，应当通过银行账户进行交易，不得使用现金或者实物进行交易；C错误，错在“没有办理工商登记”，第十九条：民用爆炸物品销售企业持《民用爆炸物品销售许可证》到工商行政管理部门办理工商登记后，方可销售民用爆炸物品。民用爆炸物品销售企业应当在办理工商登记后3日内，向所在地县级人民政府公安机关备案；D错误，错在“缺少经办人的身份证明”，第二十二条：民用爆炸物品生产企业凭《民用爆炸物品生产许可证》购买属于民用爆炸物品的原料，民用爆炸物品销售企业凭《民用爆炸物品销售许可证》向民用爆炸物品生产企业购买民用爆炸物品，民用爆炸物品使用单位凭《民用爆炸物品购买许可证》购买民用爆炸物品，还应当提供经办人的身份证明。故选B。
单选题,[2022年][河南中安]根据《特种设备安全监察条例》，关于特种设备事故分类的说法，正确的是（    ）。,A.某炼钢厂压力容器爆炸，造成5000元直接经济损失，属于一般事故|B.某码头装卸船舶货物的起重机的起升机构坠落，属于较大事故|C.某化工厂压力管道有毒介质泄漏，造成4万人转移，属于较大事故|D.某大型游乐设施高空滞留人员15个小时，属于一般事故,C,本题主要考查的是特种设备事故分类，属于高频考点。做题思路：纯数据记忆题目，结合数据判断事故等级。A错误，错在“属于一般事故”，第六十三条：有下列情形之一的，为较大事故：（二）锅炉、压力容器、压力管道爆炸的；B错误，错在“属于较大事故”，第六十四条：有下列情形之一的，为一般事故：（四）起重机械主要受力结构件折断或者起升机构坠落的；C正确，第六十三条：有下列情形之一的，为较大事故：（三）压力容器、压力管道有毒介质泄漏，造成1万人以上5万人以下转移的；D错误，错在“属于一般事故”，第六十三条：有下列情形之一的，为较大事故：（五）客运索道、大型游乐设施高空滞留人员12小时以上的。故选C。
单选题,[2022年][河南中安]特种设备使用单位应当遵守国家有关法律法规，保证特种设备的使用安全。根据《特种设备安全监察条例》，关于特种设备使用安全的做法，正确的是（    ）。,A.某企业蒸汽锅炉投入使用后30日内，向该县市场监督管理部门申请登记|B.某儿童乐园对运行的大型游乐设施每季度进行一次自行检查，并作出记录|C.某公司起重机械超过安全技术规范使用年限，经专家论证具备使用条件后，决定继续使用|D.某景区营运公司总经理每月召开一次安全会议，督促、检查景区客运索道的安全使用工作,D,本题主要考查的是特种设备的使用。做题思路：数据记忆及频次记忆。A错误，错在“向该县市场监督管理部门申请登记”。第二十五条：特种设备在投入使用前或者投入使用后30日内，特种设备使用单位应当向直辖市或者设区的市的特种设备安全监督管理部门登记。登记标志应当置于或者附着于该特种设备的显著位置；B错误，错在“每季度”，第二十七条：特种设备使用单位对在用特种设备应当至少每月进行一次自行检查，并作出记录。特种设备使用单位在对在用特种设备进行自行检查和日常维护保养时发现异常情况的，应当及时处理；C错误，错在“继续使用”，第三十条：特种设备存在严重事故隐患，无改造、维修价值，或者超过安全技术规范规定使用年限，特种设备使用单位应当及时予以报废，并应当向原登记的特种设备安全监督管理部门办理注销；D正确，第三十五条：客运索道、大型游乐设施的运营使用单位的主要负责人至少应当每月召开一次会议，督促、检查客运索道、大型游乐设施的安全使用工作。故选D。
单选题,[2022年][河南中安]某县住房和城乡建设部门组建一支专业建筑施工应急救援队伍后，将其暂时交由该县某建筑施工企业使用，根据《生产安全事故应急条例》及有关规定，关于该救援队伍人员素质和教育培训的说法，正确的是（    ）。,A.应急救援队伍人员经培训合格后方可参加应急救援工作|B.企业应当负责对应急救援队伍人员的教育培训|C.企业应当委托有资质的机构对应急救援队伍人员进行教育培训|D.应急救援队伍人员应当具有建筑施工领域，两年以上工作经历,A,本题主要考查的是救援队伍人员素质和教育培训。做题思路：了解生产安全事故应急条例。A正确，《生产安全事故应急条例》第十一条：应急救援队伍的应急救援人员应当具备必要的专业知识、技能、身体素质和心理素质。应急救援队伍建立单位或者兼职应急救援人员所在单位应当按照国家有关规定对应急救援人员进行培训；应急救援人员经培训合格后，方可参加应急救援工作；BC错误，错在“培训主体”，题中建筑施工应急救援队伍的组建单位是县住房和城乡建设部门，应由县住房和城乡建设部门按照国家有关规定对应急救援人员进行培训；D错误，错在“两年以上工作经历”，应急救援人员应当具备必要的专业知识、技能、身体素质和心理素质，没有要求具备建筑施工领域工作经历。故选A。
单选题,[2022年][河南中安]某建设工程公司在施工过程中发生坍塌事故，造成多名施工人员受伤被困，该公司立即启动生产安全事故应急救援预案并采取应急救援措施。根据《生产安全事故应急条例》，下列该公司采取的应急救援措施中，正确的是（    ）。,A.尽快向社会发布征用应急资源的信息|B.迅速对坍塌体进行支护，抢救遇险人员|C.及时隔离事故现场，实施交通管制|D.立即发布有关事故情况和应急救援信息,B,本题主要考查的是应急救援措施。做题思路：了解生产安全事故应急条例，再结合实际情况即可。第十七条：发生生产安全事故后，生产经营单位应当立即启动生产安全事故应急救援预案，采取下列一项或者多项应急救援措施，并按照国家有关规定报告事故情况：B正确，（一）迅速控制危险源，组织抢救遇险人员；（二）根据事故危害程度，组织现场人员撤离或者采取可能的应急措施后撤离；（三）及时通知可能受到事故影响的单位和人员；（四）采取必要措施，防止事故危害扩大和次生、衍生灾害发生；（五）根据需要请求邻近的应急救援队伍参加救援，并向参加救援的应急救援队伍提供相关技术资料、信息和处置方法；（六）维护事故现场秩序，保护事故现场和相关证据；（七）法律、法规规定的其他应急救援措施。故选B。
单选题,[2022年][河南中安]为检验应急预案的科学性、针对性和可操作性，增强应对突发事件的应急反应能力，某矿山企业定期开展应急演练。根据《生产安全事故应急条例》，该企业组织应急救援预案演练的频次应当是（    ）。,A.每3个月一次|B.每6个月一次|C.每9个月一次|D.每12个月一次,B,本题主要考查的是应急救援预案演练的频次。做题思路：纯数据记忆题目，熟练掌握数据即可。第八条：县级以上地方人民政府以及县级以上人民政府负有安全生产监督管理职责的部门，乡、镇人民政府以及街道办事处等地方人民政府派出机关，应当至少每2年组织1次生产安全事故应急救援预案演练。易燃易爆物品、危险化学品等危险物品的生产、经营、储存、运输单位，矿山、金属冶炼、城市轨道交通运营、建筑施工单位，以及宾馆、商场、娱乐场所、旅游景区等人员密集场所经营单位，应当至少每半年组织1次生产安全事故应急救援预案演练，并将演练情况报送所在地县级以上地方人民政府负有安全生产监督管理职责的部门。故选B。
单选题,[2022年][河南中安]甲市某客运车辆途经乙省丙市丁县时，与戊县方向驶来的货车发生碰撞。导致6人死亡、27人受伤。根据《生产安全事故报告和调查处理条例》，关于该起事故调查的说法，正确的是（    ）。,A.该起事故应当由乙省人民政府组织事故调查|B.丙市人民政府可以委托有关部门组织事故调查|C.事故调查组应当邀请甲市人民政府和戊县人民政府派人参加|D.事故发生10日后，死亡人数上升至10人时应当由乙省人民政府组织事故调查,B,本题主要考查的是事故调查，属于高频考点。做题思路：事故判断及调查都要非常熟悉。较大事故，是指造成3人以上10人以下死亡，或者10人以上50人以下重伤，或者1000万元以上5000万元以下直接经济损失的事故。6人死亡、27人受伤，属于较大事故。A错误，错在“调查级别不对”，B正确，第十九条：重大事故、较大事故、一般事故分别由事故发生地省级人民政府、设区的市级人民政府、县级人民政府负责调查。省级人民政府、设区的市级人民政府、县级人民政府可以直接组织事故调查组进行调查，也可以授权或者委托有关部门组织事故调查组进行调查；C错误，错在“两个人民政府”，第二十一条：特别重大事故以下等级事故，事故发生地与事故发生单位不在同一个县级以上行政区域的，由事故发生地人民政府负责调查，事故发生单位所在地人民政府应当派人参加；D错误，错在“交通事故七日内补报，十日不需要补报”，第二十条：上级人民政府认为必要时，可以调查由下级人民政府负责调查的事故。自事故发生之日起30日内（道路交通事故、火灾事故自发生之日起7日内），因事故伤亡人数变化导致事故等级发生变化，依照本条例规定应当由上级人民政府负责调查的，上级人民政府可以另行组织事故调查组进行调查。故选B。
单选题,[2022年][河南中安]甲省某建筑施工企业在乙省某工地施工，发生脚手架坍塌事故，人员伤亡情况不明。根据《安全生产法》《生产安全事故报告和调查处理条例》，关于该事故报告和应急救援的说法，正确的是（    ）。,A.现场管理人员应当及时组织抢救，视事故情况向本单位负责人报告|B.单位负责人接到事故报告后，应当在1小时内向施工地有关部门报告|C.事故现场有关人员最迟应当在1小时内报告本单位负责人|D.事故单位抢救过程中在任何情况下不得破坏事故现场、毁灭证据,B,本题主要考查的是事故报告和应急救援，属于高频考点。做题思路：熟悉事故上报时间及救援相关事宜。AC错误，错在“视事故情况和在1小时内报告本单位负责人”；B正确，第九条：事故发生后，事故现场有关人员应当立即向本单位负责人报告；单位负责人接到报告后，应当于1小时内向事故发生地县级以上人民政府安全生产监督管理部门和负有安全生产监督管理职责的有关部门报告；D错误，错在“说法太绝对”，第十六条：事故发生后，有关单位和人员应当妥善保护事故现场以及相关证据，任何单位和个人不得破坏事故现场、毁灭相关证据。因抢救人员、防止事故扩大以及疏通交通等原因，需要移动事故现场物件的，应当做出标志，绘制现场简图并做出书面记录，妥善保存现场重要痕迹、物证。故选B。
单选题,[2022年][河南中安]职工因工作遭受事故伤害或者患职业病进行治疗的，依法享有工伤医疗待遇，依据《工伤保险条例》，关于工伤保险待遇的说法，正确的是（    ）。,A.工伤职工治疗工伤必须在签订服务协议的医疗机构就医，不得到其他医疗机构救治|B.工伤职工治疗非工伤引起的疾病，不享受工伤医疗待遇，按照基本医疗保险办法处理|C.职工因患职业病需要暂停工作接受治疗的，在停工留薪期内，原工资福利待遇不变，由所在单位按月支付，停工留薪期一般不超过6个月|D.职工因工致残被鉴定为一级伤残的，保留劳动关系，退出工作岗位，从工伤保险基金支付一次性伤残补助金，标准为7个月的本人工资,B,本题主要考查的是工伤保险待遇，属于高频考点。做题思路：相关数据需要记忆，治疗及待遇理解即可。A错误，错在“说法太绝对”，B正确，第三十条：职工因工作遭受事故伤害或者患职业病进行治疗，享受工伤医疗待遇。职工治疗工伤应当在签订服务协议的医疗机构就医，情况紧急时可以先到就近的医疗机构急救。工伤职工治疗非工伤引发的疾病，不享受工伤医疗待遇，按照基本医疗保险办法处理；C错误，错在“数据”，第三十三条：职工因工作遭受事故伤害或者患职业病需要暂停工作接受工伤医疗的，在停工留薪期内，原工资福利待遇不变，由所在单位按月支付。停工留薪期一般不超过12个月；D错误，错在“数据”，第三十五条：职工因工致残被鉴定为一级至四级伤残的，保留劳动关系，退出工作岗位，享受以下待遇：（一）从工伤保险基金按伤残等级支付一次性伤残补助金，标准为：一级伤残为27个月的本人工资，二级伤残为25个月的本人工资，三级伤残为23个月的本人工资，四级伤残为21个月的本人工资。故选B。
单选题,[2022年][河南中安]工伤保险是法定的强制性社会保险，根据《工伤保险条例》，下列生产经营单位职工或者雇工中，可享受工伤保险待遇的是（    ）。,A.某境外中方独资企业经理|B.某县行政机关负责人|C.某参照公务员法管理的事业单位领导|D.某行业协会的办公室主任,D,本题主要考查的是工伤保险待遇，属于高频考点。做题思路：深刻理解工伤保险待遇的范畴。第二条：中华人民共和国境内的企业、事业单位、社会团体、民办非企业单位、基金会、律师事务所、会计师事务所等组织和有雇工的个体工商户（以下称用人单位）应当依照本条例规定参加工伤保险，为本单位全部职工或者雇工（以下称职工）缴纳工伤保险费。中华人民共和国境内的企业、事业单位、社会团体、民办非企业单位、基金会、律师事务所、会计师事务所等组织的职工和个体工商户的雇工，均有依照本条例的规定享受工伤保险待遇的权利。故选D。
单选题,[2022年][河南中安]大型群众性活动应当加强安全管理，落实安全责任，根据《大型群众性活动安全管理条例》，关于大型群众性活动安全责任的说法，正确的是（    ）。,A.公安机关负责人在大型群众性活动举办前对活动场所组织安全检查，发现安全隐患应当及时责令改正|B.大型群众性活动的承办者应当具体负责保障监控设备和消防设施、器材配置齐全完好有效|C.大型群众性活动的场所管理者应当保障临时搭建的设施、建筑物的安全，消除安全隐患|D.应急管理部门负责大型群众性活动安全许可，并制定安全监督方案和突发事件处置预案,A,本题主要考查的是大型群众性活动安全责任。做题思路：了解大型群众性活动的相关管理部门及设备设施管理。A正确，D错误，错在“应急管理部门”，第十条：公安机关应当履行下列职责：（一）审核承办者提交的大型群众性活动申请材料，实施安全许可；（二）制订大型群众性活动安全监督方案和突发事件处置预案；（三）指导对安全工作人员的教育培训；（四）在大型群众性活动举办前，对活动场所组织安全检查，发现安全隐患及时责令改正；（五）在大型群众性活动举办过程中，对安全工作的落实情况实施监督检查，发现安全隐患及时责令改正；（六）依法查处大型群众性活动中的违法犯罪行为，处置危害公共安全的突发事件；B错误，错在“承办者”，第八条：大型群众性活动的场所管理者具体负责下列安全事项：（三）保障监控设备和消防设施、器材配置齐全、完好有效；C错误，“错在管理者”，第七条：承办者具体负责下列安全事项：（二）保障临时搭建的设施、建筑物的安全，消除安全隐患。故选A。
单选题,[2022年][河南中安]注册安全工程师在享有权利的同时应当承担相应的义务，根据《注册安全工程师管理规定》，关于注册安全工程师权利和义务的说法，错误的是（    ）。,A.注册安全工程师按照注册类别有权从事规定范围内的执业活动|B.注册安全工程师应当在本单位安全生产年度工作报告上署名|C.注册安全工程师不得同时在两个以上的生产经营单位受聘执业|D.注册安全工程师应当保证执业活动的质量并承担相应的责任,B,本题主要考查的是注册安全工程师权利和义务，属于高频考点。做题思路：区分权利和义务。A正确，第十八条：注册安全工程师应当由聘用单位委派，并按照注册类别在规定的执业范围内执业，同时在出具的各种文件、报告上签字和加盖执业印章；B错误，错在“没有这个要求”，CD正确，第二十二条：注册安全工程师应当履行下列义务：（一）保证执业活动的质量，承担相应的责任；（二）接受继续教育，不断提高执业水准；（三）在本人执业活动所形成的有关报告上署名；（四）维护国家、公众的利益和受聘单位的合法权益；（五）保守执业活动中的秘密；（六）不得出租、出借、涂改、变造执业证和执业印章；（七）不得同时在两个或者两个以上单位受聘执业；（八）法律、法规规定的其他义务。故选B。
单选题,[2022年][河南中安]生产经营单位主要负责人和安全生产管理人员应当接受安全培训。根据《生产经营单位安全培训规定》，关于生产经营单位主要负责人和安全生产管理人员安全培训的做法，正确的是（    ）。,A.某服装公司主要负责人初次安全培训时间40学时，每年再培训时间12学时|B.某危险化学品公司主要负责人初次安全培训时间48学时，每年再培训时间12学时|C.某机械仪表公司主要负责人初次安全培训时间30学时，每年再培训时间16学时|D.某炼钢公司安全生产管理人员初次安全培训时间46学时，每年再培训时间18学时,A,本题主要考查的是生产经营单位主要负责人和安全生产管理人员安全培训，属于高频考点。做题思路：分清负责人和管理人、再看清楚是次安全培训还是再培训。 第九条：生产经营单位主要负责人和安全生产管理人员初次安全培训时间不得少于32学时。每年再培训时间不得少于12学时。煤矿、非煤矿山、危险化学品、烟花爆竹、金属冶炼等生产经营单位主要负责人和安全生产管理人员初次安全培训时间不得少于48学时，每年再培训时间不得少于16学时。故选A。
单选题,[2022年][河南中安]生产经营单位应当不断加强安全培训工作，根据《生产经营单位安全培训规定》，关于安全培训组织实施的说法，正确的是（    ）,A.煤矿企业从业人员的安全培训工作，应当由企业所在地县级人民政府应急管理部门组织实施|B.金属冶炼企业应当坚持以考促学、以讲促学，确保全体员工掌握岗位安全生产知识和技能|C.危险化学品生产企业、食品加工企业应当完善和落实师傅带徒弟制度|D.烟花爆竹生产企业必须委托具备安全培训条件的机构对从业人员进行安全培训,B,本题主要考查的是安全培训组织实施，属于高频考点。做题思路：注意培训人员及培训机构。 A错误，错在“培训主体”，C错误，错在“食品加工企业”，第十九条：生产经营单位从业人员的安全培训工作，由生产经营单位组织实施。生产经营单位应当坚持以考促学、以讲促学，确保全体从业人员熟练掌握岗位安全生产知识和技能；煤矿、非煤矿山、危险化学品、烟花爆竹、金属冶炼等生产经营单位还应当完善和落实师傅带徒弟制度；D错误，错在“太绝对”，第二十条：具备安全培训条件的生产经营单位，应当以自主培训为主；可以委托具备安全培训条件的机构，对从业人员进行安全培训。不具备安全培训条件的生产经营单位，应当委托具备安全培训条件的机构，对从业人员进行安全培训。生产经营单位委托其他机构进行安全培训的，保证安全培训的责任仍由本单位负责。故选B。
单选题,[2022年][河南中安]生产经营单位及特种作业人员违反规定的，应当给予相应的行政处罚。根据《安全生产法》《特种作业人员安全技术培训考核管理规定》，关于生产经营单位及特种作业人员违反规定给予行政处罚的说法，正确的是（    ）。,A.未建立健全特种作业人员档案的，应当给予警告，并处2万元以下的罚款|B.使用伪造的特种作业操作证的人员从事特种作业的，应当给予警告，并处五万元以下的罚款|C.特种作业人员转借特种作业操作证的，应给予警告，并处1000元以下的罚款|D.使用未取得特种作业操作证的特种作业人员上岗作业的，应当责令限期改正,D,本题主要考查的是行政处罚。做题思路：纯数据记忆题目，熟练掌握数据即可。 根据《特种作业人员安全技术培训考核管理规定》，A错误，错在“数据”，第三十八条：生产经营单位未建立健全特种作业人员档案的，给予警告，并处1万元以下的罚款；BC错误，错在“数据”，第四十一条：特种作业人员伪造、涂改特种作业操作证或者使用伪造的特种作业操作证的，给予警告，并处1000元以上5000元以下的罚款。特种作业人员转借、转让、冒用特种作业操作证的，给予警告，并处2000元以上10000元以下的罚款；D正确，第三十九条：生产经营单位使用未取得特种作业操作证的特种作业人员上岗作业的，责令限期改正；可以处5万元以下的罚款；逾期未改正的，责令停产停业整顿，并处5万元以上10万元以下的罚款，对直接负责的主管人员和其他直接责任人员处1万元以上2万元以下的罚款。故选D。
单选题,[2022年][河南中安]特种作业人员应当经培训考核合格，取得特种作业操作证后持证上岗，根据《特种作业人员安全技术培训考核管理规定》关于特种作业人员考核发证的说法。正确的是（    ）。,A.考核发证机关受理特种作业操作证申请后，应当在20个工作日内完成审核|B.特种作业实际操作考试不及格的允许补考，补考前应当重新参加培训|C.经考试合格的特种作业人员，只能在从业单位所在地申办特种作业操作证|D.特种作业操作证遗失需要补办的，应当向企业单位所在地考核发证机构申报,A,本题主要考查的是特种作业人员考核发证，属于高频考点。做题思路：特种作业证书的日期、发证单位、补考等要熟悉。 A正确，第十八条：对已经受理的申请，考核发证机关应当在20个工作日内完成审核工作。符合条件的，颁发特种作业操作证；不符合条件的，应当说明理由；B错误，错在“考前应当重新参加培训”，第十三条：特种作业操作资格考试包括安全技术理论考试和实际操作考试两部分。考试不及格的，允许补考1次。经补考仍不及格的，重新参加相应的安全技术培训；C错误，错在“只能在从业单位所在地”，第十六条：符合本规定第四条规定并经考试合格的特种作业人员，应当向其户籍所在地或者从业所在地的考核发证机关申请办理特种作业操作证，并提交身份证复印件、学历证书复印件、体检证明、考试合格证明等材料；D错误，错在“企业单位所在地”，第二十条：特种作业操作证遗失的，应当向原考核发证机关提出书面申请，经原考核发证机关审查同意后，予以补发。故选A。
单选题,[2022年][河南中安]特种作业人员应当具备相应的学历教育背景和身体健康条件，根据《特种作业人员安全技术培训考核管理规定》，下列人员中，符合特种作业人员有关条件的是（    ）。,A.李某20周岁，职高毕业，拟从事煤矿瓦斯检查作业，除高血压外无其他病症和生理缺陷|B.王某16周岁，初中毕业，拟从事高处作业，除糖尿病外无其他病症和生理缺陷|C.张某19周岁，高中毕业，拟从事高压电工作业，除眩晕症外无其他病症和生理缺陷|D.马某21周岁，初中毕业，拟从事危险化学特种作业，除眼睛近视外无其他病症和生理缺陷,A,本题主要考查的是特种作业人员有关条件。做题思路：注意年龄、学历和从事的工作。 第四条：特种作业人员应当符合下列条件：（一）年满18周岁，且不超过国家法定退休年龄；（二）经社区或者县级以上医疗机构体检健康合格，并无妨碍从事相应特种作业的器质性心脏病、癫痫病、美尼尔氏症、眩晕症、癔病、震颤麻痹症、精神病、痴呆症以及其他疾病和生理缺陷；（三）具有初中及以上文化程度；（四）具备必要的安全技术知识与技能；（五）相应特种作业规定的其他条件。危险化学品特种作业人员除符合前款第一项、第二项、第四项和第五项规定的条件外，应当具备高中或者相当于高中及以上文化程度。B错误，错在“年龄不符”；C错误，错在“不得有眩晕症”；D错误，错在“初中毕业，应当具备高中或者相当于高中及以上文化程度”。故选A。
单选题,[2022年][河南中安]甲是某煤业公司采煤机操作人员，工龄超过20年。乙、丙是该公司新招录人员，从事井下作业，其中丙毕业于煤炭职业院校。某日，因甲操作不当造成事故致1人死亡。调查发现，该煤业公司员工安全生产教育和培训工作不到位，根据《安全生产法》《安全生产培训管理办法》，关于安全生产教育和培训说法正确的是（    ）。,A.该煤业公司主要负责人应当重新参加安全培训|B.甲根据工作经历可以不重新参加安全培训|C.乙在完成规定的安全培训后可以独立上岗作业|D.丙可以免予参加初次培训及实际操作培训,A,本题主要考查的是安全生产教育和培训，属于高频考点。做题思路：看清楚人员岗位和工作性质。 A正确，《安全生产培训管理办法》第二十二条：中央企业的分公司、子公司及其所属单位和其他生产经营单位，发生造成人员死亡的生产安全事故的，其主要负责人和安全生产管理人员应当重新参加安全培训；B错误，错在“可以不重新参加安全培训，采煤机（掘进机）操作作业属于特种作业”，《安全生产培训管理办法》第二十二条：特种作业人员对造成人员死亡的生产安全事故负有直接责任的，应当按照《特种作业人员安全技术培训考核管理规定》重新参加安全培训；C错误，错在“独立上岗”，根据《煤矿安全培训规定》，煤矿企业新上岗的井下作业人员安全培训合格后，应当在有经验的工人师傅带领下，实习满四个月，并取得工人师傅签名的实习合格证明后，方可独立工作；D错误，错在“免于实际操作”，《安全生产培训管理办法》第二十四条：职业院校毕业生从事与所学专业相关的作业，可以免予参加初次培训，实际操作培训除外。故选A
单选题,[2022年][河南中安]根据《安全生产培训管理办法》，关于安全培训和考核发证的说法，正确的是（    ）,A.某矿业公司从业人员接受安全培训经考核合格的，考核部门应当在考核结束后20个工作日内向其颁发相应的证书|B.某炼钢企业主要负责人、安全生产管理人员经考核合格后，考核部门应当向其颁发培训合格证|C.某危险化学品登记机构的登记人员经考核合格后，考核部门应当向其颁发安全合格证|D.某省应急管理部门核发的主要负责人、安全生产管理人员的安全合格证，在全国范围内有效,D,本题主要考查的是安全培训和考核发证。做题思路：看清楚人员岗位和发证流程。 A错误，错在“日期”，第二十二条：接受安全培训人员经考核合格的，由考核部门在考核结束后10个工作日内颁发相应的证书；BC错误，错在“两选项证书反了”，第二十三条：安全生产监管人员经考核合格后，颁发安全生产监管执法证；煤矿安全监察人员经考核合格后，颁发煤矿安全监察执法证；危险物品的生产、经营、储存单位和矿山、金属冶炼单位主要负责人、安全生产管理人员经考核合格后，颁发安全合格证；特种作业人员经考核合格后，颁发《中华人民共和国特种作业操作证》（以下简称特种作业操作证）；危险化学品登记机构的登记人员经考核合格后，颁发上岗证；其他人员经培训合格后，颁发培训合格证；D正确，第三十六条：特种作业操作证和省级安全生产监督管理部门、省级煤矿安全培训监管机构颁发的主要负责人、安全生产管理人员的安全资格证，在全国范围内有效。故选D。
单选题,[2022年][河南中安]根据《安全生产事故隐患排查治理暂行规定》，关于生产经营单位事故隐患排查治理职责的说法，正确的是（    ）。,A.安全管理部门联合车间开展安全检查发现事故隐患的，应当由车间主任负责组织整改|B.总经理应当对公司事故隐患排查治理工作全面负责，组织制定重大事故隐患治理方案|C.事故隐患排查治理统计报表应当由分管安全负责人签字同意后，报应急管理部门|D.生产经营单位在事故隐患排查治理工作中发现存在重大事故隐患的，应当立即停产停业整改,B,本题主要考查的是生产经营单位事故隐患排查治理职责。做题思路：区分整改部门及负责整改的人员。 A错误，错在“事故隐患没区分严重和一般”，第十五条：对于一般事故隐患，由生产经营单位（车间、分厂、区队等）负责人或者有关人员立即组织整改。对于重大事故隐患，由生产经营单位主要负责人组织制定并实施事故隐患治理方案；B正确，第四条：生产经营单位应当建立健全事故隐患排查治理制度。生产经营单位主要负责人对本单位事故隐患排查治理工作全面负责；C错误，错在“分管安全负责人”，第十四条：生产经营单位应当每季、每年对本单位事故隐患排查治理情况进行统计分析，并分别于下一季度15日前和下一年1月31日前向安全监管监察部门和有关部门报送书面统计分析表。统计分析表应当由生产经营单位主要负责人签字；D错误，错在“说的太绝对”，第三条：一般事故隐患，是指危害和整改难度较小，发现后能够立即整改排除的隐患。重大事故隐患，是指危害和整改难度较大，应当全部或者局部停产停业，并经过一定时间整改治理方能排除的隐患，或者因外部因素影响致使生产经营单位自身难以排除的隐患。故选B。
单选题,[2022年][河南中安]生产经营单位在生产经营活动中，发现事故隐患应当按规定及时处理。根据《安全生产事故隐患排查治理暂行规定》，关于生产经营单位事故隐患排查治理中紧急处置和自然灾害预警的说法，错误的是（    ）。,A.在事故隐患排除前，应当设置警戒线和警示标志|B.在事故隐患排除过程中无法保证安全的，应当从危险区域内撤出作业人员|C.在接到可能导致事故灾难的自然灾害预报时，应当及时向下属单位发出预警通知|D.对于因自然灾害可能导致事故灾难的隐患，应当制定应急预案,A,本题主要考查的是紧急处置和自然灾害预警。做题思路：结合实际情况，理解灾害处理。 A错误，错在“说的太绝对”，B正确，第十六条：生产经营单位在事故隐患治理过程中，应当采取相应的安全防范措施，防止事故发生。事故隐患排除前或者排除过程中无法保证安全的，应当从危险区域内撤出作业人员，并疏散可能危及的其他人员，设置警戒标志，暂时停产停业或者停止使用；对暂时难以停产或者停止使用的相关生产储存装置、设施、设备，应当加强维护和保养，防止事故发生；CD正确，第十七条：生产经营单位应当加强对自然灾害的预防。对于因自然灾害可能导致事故灾难的隐患，应当按照有关法律、法规、标准和本规定的要求排查治理，采取可靠的预防措施，制定应急预案。在接到有关自然灾害预报时，应当及时向下属单位发出预警通知；发生自然灾害可能危及生产经营单位和人员安全的情况时，应当采取撤离人员、停止作业、加强监测等安全措施，并及时向当地人民政府及其有关部门报告。故选A。
单选题,[2022年][河南中安]甲企业是大型的钢铁冶炼经营企业，乙企业是大型的从事建筑施工的中型企业二级单位，丙企业是中型的从事船舶制造的中央企业二级单位，丁企业是中型的石膏矿开采民营企业。根据《生产安全事故应急预案管理办法》，关于企业应急预案备案的说法，正确的是（    ）,A.甲、乙企业应当在应急预案公布之日起20个工作日内，向所在地的省、自治区、直辖市或者设区的市级人民政府负有安全生产监督管理职责的部门备案|B.甲、丁企业应当在应急预案公布之日起20个工作日内，向所在地县级以上人民政府负有安全生产监督管理职责的部门进行备案|C.乙、丙企业应当在应急预案公布之日起15个工作日内，向所在地的省、自治区、直辖市或者设区的市级人民政府负有安全生产监督管理职责的部门备案|D.丙、丁企业应当在应急预案公布之日起15个工作日内，向所在地县级以上人民政府负有安全生产监督管理职责的部门进行备案,B,本题主要考查的是应急预案备案。做题思路：日期和政府级别要看清楚。 A错误，错在“省级，应该是县级”，CD错误，错在“备案时间或备案部门”。第二十六条：易燃易爆物品、危险化学品等危险物品的生产、经营、储存、运输单位，矿山、金属冶炼、城市轨道交通运营、建筑施工单位，以及宾馆、商场、娱乐场所、旅游景区等人员密集场所经营单位，应当在应急预案公布之日起20个工作日内，按照分级属地原则，向县级以上人民政府应急管理部门和其他负有安全生产监督管理职责的部门进行备案，并依法向社会公布。前款所列单位属于中央企业的，其总部（上市公司）的应急预案，报国务院主管的负有安全生产监督管理职责的部门备案，并抄送应急管理部；其所属单位的应急预案报所在地的省、自治区、直辖市或者设区的市级人民政府主管的负有安全生产监督管理职责的部门备案，并抄送同级人民政府应急管理部门。本条第一款所列单位不属于中央企业的，其中非煤矿山、金属冶炼和危险化学品生产、经营、储存、运输企业，以及使用危险化学品达到国家规定数量的化工企业、烟花爆竹生产、批发经营企业的应急预案，按照隶属关系报所在地县级以上地方人民政府应急管理部门备案；本款前述单位以外的其他生产经营单位应急预案的备案，由省、自治区、直辖市人民政府负有安全生产监督管理职责的部门确定。故选B。
单选题,[2022年][河南中安]有关单位应当依法承担消防设计、施工质量的义务与责任。根据《建设工程消防设计审查验收管理暂行规定》，关于消防设计、施工质量的义务与责任的说法，正确的是（    ）。,A.消防施工委托监理的，监理单位对消防施工质量承担首要责任|B.施工单位应当对建设工程消防设计、施工质量承担首要责任|C.监理单位负责申请建设工程消防验收，办理备案并组织接受检查|D.设计单位从业人员对建设工程消防设计质量承担相应的个人责任,D,本题主要考查的是消防设计、施工质量的义务与责任。做题思路：理解消防工程整体流程。 A错误，错在“首要责任”，B错误，错在“施工单位对设计负责”，D正确，第八条：建设单位依法对建设工程消防设计、施工质量负首要责任。设计、施工、工程监理、技术服务等单位依法对建设工程消防设计、施工质量负主体责任。建设、设计、施工、工程监理、技术服务等单位的从业人员依法对建设工程消防设计、施工质量承担相应的个人责任；C错误，错在“监理单位”，第九条：建设单位应当履行下列消防设计、施工质量责任和义务：（二）依法申请建设工程消防设计审查、消防验收，办理备案并接受抽查。故选D。
单选题,[2022年][河南中安]相对于特殊建设工程，其他建设工程的规模较小火灾风险较低、火灾后果较轻，因此，国家对其他建筑工程实行消防备案抽查制度。根据《建设工程消防设计审查验收管理暂行规定》，关于其他建设工程消防备案抽查的说法，正确的是（    ）。,A.对备案的其他建设工程进行抽查的比例，由消防设计审查验收主管部门结合本辖区内消防设计、施工质量情况确定|B.其他建设工程被确定为检查对象之日起，消防设计审查验收主管部门应当在15个工作日内按照消防验收有关规定完成检查|C.对备案的其他建设工程的抽查工作推行“双随机、一公开”制度，随机抽取检查对象，随机选派检查人员，并向社会公开|D.建设单位申请办理其他建设工程消防备案，应当提交消防验收备案表、工程竣工验收报告和消防设计图纸等材料,B,本题主要考查的是建设工程消防备案抽查。做题思路：注意日期的准确性，理解备案抽查的主体及抽查部门。 A错误，错在“抽查部门”，C错误，错在“公开”，第三十六条：消防设计审查验收主管部门应当对备案的其他建设工程进行抽查。抽查工作推行“双随机、一公开”制度，随机抽取检查对象，随机选派检查人员。抽取比例由省、自治区、直辖市人民政府住房和城乡建设主管部门，结合辖区内消防设计、施工质量情况确定，并向社会公示。消防设计审查验收主管部门应当自其他建设工程被确定为检查对象之日起十五个工作日内，按照建设工程消防验收有关规定完成检查，制作检查记录。检查结果应当通知建设单位，并向社会公示；D错误，错在“消防设计图纸”，第三十四条：其他建设工程竣工验收合格之日起五个工作日内，建设单位应当报消防设计审查验收主管部门备案。建设单位办理备案，应当提交下列材料：（一）消防验收备案表；（二）工程竣工验收报告；（三）涉及消防的建设工程竣工图纸。故选B。
单选题,[2022年][河南中安]根据《高层民用建筑消防安全管理规定》，下列建筑中，属于高层民用建筑的是（    ）,A.建筑高度26米的住宅楼|B.建筑高度30米的非单层科研大厦|C.建筑高度24米的非单层商业楼|D.建筑高度20米的非单层公寓楼,B,本题主要考查的是高层民用建筑的判定。做题思路：看清楚建筑性质及高度。 第五十条：本规定下列用语的含义：（一）高层住宅建筑，是指建筑高度大于27米的住宅建筑。（二）高层公共建筑，是指建筑高度大于24米的非单层公共建筑，包括宿舍建筑、公寓建筑、办公建筑、科研建筑、文化建筑、商业建筑、体育建筑、医疗建筑、交通建筑、旅游建筑、通信建筑等。故选B。
单选题,[2022年][河南中安]某企业拟建造一座铝镁合金汽车轮毂加工厂，委托专业机构进行厂房设计和建设，根据《工贸企业粉尘防爆安全规定》，关于该工厂粉尘防爆安全管理的说法，正确的是（    ）,A.轮毂打磨车间内设置办公室的，应当采取安全保障措施|B.铝镁粉尘湿式除尘系统应当安装与打磨抛光设备联锁的液位、流速报警装置|C.打磨产生的铝镁粉尘应当采用正压方式吹送，并采取可靠的防范点燃源的措施|D.根据工艺特点和设备布置要求，可以采用粉尘沉降室除尘,B,本题主要考查的是粉尘防爆安全管理。做题思路：防爆措施及相关工艺要理解。 A错误，错在“设置办公室”，第十四条：粉尘涉爆企业应当严格控制粉尘爆炸危险场所内作业人员数量，在粉尘爆炸危险场所内不得设置员工宿舍、休息室、办公室、会议室等，粉尘爆炸危险场所与其他厂房、仓库、民用建筑的防火间距应当符合《建筑设计防火规范》的规定；B正确，铝镁等金属粉尘湿式除尘系统应当安装与打磨抛光设备联锁的液位、流速监测报警装置，并保持作业场所和除尘器本体良好通风，防止氢气积聚，及时规范清理沉淀的粉尘泥浆；CD错误，错在“正压方式吹送及采用粉尘沉降室除尘”，第十五条：禁止采用粉尘沉降室除尘或者采用巷道式构筑物作为除尘风道。铝镁等金属粉尘应当采用负压方式除尘，其他粉尘受工艺条件限制，采用正压方式吹送时，应当采取可靠的防范点燃源的措施。故选B。
单选题,[2022年][河南中安]甲企业拟新建大型铁矿开采项目，乙企业拟扩建年产30万吨的煤矿项目，丙企业拟新建年产30万辆新能源汽车制造项目，丁企业拟扩建铜冶炼生产线，根据《建设项目安全设施“三同时”监督管理办法》，关于建设项目安全设计核查的做法，正确的是（    ）,A.甲企业委托有相应资质的设计单位完成项目安全设施设计，并组织相关专家进行论证后，开工建设|B.乙企业委托某设计院完成项目安全设施设计，并由该设计院向有关部门提出设计审查申请|C.应急管理部门在受理丁企业安全设施设计审查的申请后，在15日内作出予以批准的决定|D.应急管理部门在收到丙企业的安全设施设计审查申请后，在5个工作日内作出予以受理的决定,C,本题主要考查的是建设项目安全设计核查。做题思路：注意日期及设计审查部门。 AB错误，错在“未进行安全生产条件进行论证和安全预评价”，第七条：下列建设项目在进行可行性研究时，生产经营单位应当分别对其安全生产条件进行论证和安全预评价：（一）非煤矿矿山建设项目；（二）生产、储存危险化学品（包括使用长输管道输送危险化学品，下同）的建设项目；（三）生产、储存烟花爆竹的建设项目。第十三条：本办法第七条第（一）项、第（二）项、第（三）项规定的建设项目安全设施设计完成后，生产经营单位应当按照本办法第五条的规定向安全生产监督管理部门提出审查申请。审查后批准才可开工建设；C正确，第十四条：对已经受理的建设项目安全设施设计审查申请，安全生产监督管理部门应当自受理之日起20个工作日内作出是否批准的决定，并书面告知申请人。20个工作日内不能作出决定的，经本部门负责人批准，可以延长10个工作日，并应当将延长期限的理由书面告知申请人；D错误，新能源汽车制造项目不属于《办法》中要求安全设施设计审查的高危行业范围，应急管理部门应直接不予受理。故选C。
单选题,[2022年][河南中安]根据《建设项目安全设施“三同时”监督管理办法》及相关规定，下列设施中，不属于建设项目安全设施的是（    ）。,A.某煤矿的井下排水系统|B.某铁矿的防排烟系统|C.某化工企业的安全保卫系统|D.某木材家具企业的安全系统,C,本题主要考查的是建设项目安全设施的判定。做题思路：深刻理解安全设施。 第三条：本办法所称的建设项目安全设施，是指生产经营单位在生产经营活动中用于预防生产安全事故的设备、设施、装置、构（建）筑物和其他技术措施的总称。故选C。
单选题,[2022年][河南中安]为了将甲公司生产的氯气通过管道输送至乙公司，甲公司需要修建一条氯气管道。根据《危险化学品输送管道安全管理规定》，关于该氯气输送管道安全管理的说法，正确的是（    ）,A.该氯气管道确需穿过地震活动断层的，应当采取可靠的工程处理措施|B.经过充分论证，该氯气输送管道可以穿越某乡镇医院|C.氯气属于剧毒化学品，不能通过架空管道输送|D.氯气属于剧毒化学品，不能通过架空管道输送,A,本题主要考查的是氯气输送管道安全管理。做题思路：判定氯气属于剧毒气体再结合实际情况做出选择。 A正确，第八条：危险化学品管道建设的选线应当避开地震活动断层和容易发生洪灾、地质灾害的区域；确实无法避开的，应当采取可靠的工程处理措施，确保不受地质灾害影响；B错误，错在“穿越某乡镇医院”，第七条：禁止光气、氯气等剧毒气体化学品管道穿（跨）越公共区域；C错误，错在“不能通过架空管道输送”，第二条：生产、储存危险化学品的单位在厂区外公共区域埋地、地面和架空的危险化学品输送管道及其附属设施（以下简称危险化学品管道）的安全管理，适用本规定。可以架空；D错误，错在“乙公司”，第十六条：管道单位应当建立、健全危险化学品管道巡护制度，配备专人进行日常巡护。巡护人员发现危害危险化学品管道安全生产情形的，应当立即报告单位负责人并及时处理。故选A。
单选题,[2022年][河南中安]根据《危险化学品重大危险源监督管理暂行规定》，下列重大危险源中，应当委托具有相应资质的安全评价机构确定个人和社会风险值的是（    ）。,A.构成三级（含）以上重大危险源，且毒性气体实际存在（在线）量与其在《危险化学品重大危险源辨识》中规定的临界量比值之和大于或等于1的|B.构成—级重大危险源，且毒性气体实际存在（在线）量与其在《危险化学品重大危险源辨识》中规定的临界量比值之和大于或等于1的|C.构成二级（含）以上重大危险源，且爆炸品实际存在（在线）量与其在《危险化学品重大危险源辨识》中规定的临界量比值之和大于或等于1的|D.构成二级（含）以上重大危险源，且液化易燃气体实际存在（在线）量与其在《危险化学品重大危险源辨识》中规定的临界量比值之和大于或等于1的,B,本题主要考查的是评价机构的判定。做题思路：注意重大危险源级别及物质的性质。 第九条：重大危险源有下列情形之一的，应当委托具有相应资质的安全评价机构，按照有关标准的规定采用定量风险评价方法进行安全评估，确定个人和社会风险值：（一）构成一级或者二级重大危险源，且毒性气体实际存在（在线）量与其在《危险化学品重大危险源辨识》中规定的临界量比值之和大于或等于1的；（二）构成一级重大危险源，且爆炸品或液化易燃气体实际存在（在线）量与其在《危险化学品重大危险源辨识》中规定的临界量比值之和大于或等于1的。故选B。
单选题,[2022年][河南中安]危险化学品单位应当根据构成重大危险源的危险化学品种类、数量、生产、使用工艺（方式）或者相关设备、设施等实际情况，建立健全安全监测监控体系，改善控制措施。根据《危险化学品重大危险源监督管理暂行规定》，关于重大危险源安全监测监控体系的说法，正确的是（    ）,A.涉及毒性气体、液化气体的二级重大危险源，应当配备独立的安全仪表系统|B.重大危险源监测报警装置记录的电子数据，应当保存不少于20天|C.重大危险源配备的监测和报警系统，应当具备紧急停车功能|D.重大危险源中储存剧毒物质或者易燃气体的场所，应当设置视频监控系统,A,本题主要考查的是重大危险源安全监测监控体系，属于高频考点。做题思路：注意重大危险源级别及日期。 第十三条：危险化学品单位应当根据构成重大危险源的危险化学品种类、数量、生产、使用工艺（方式）或者相关设备、设施等实际情况，按照下列要求建立健全安全监测监控体系，完善控制措施：B错误，错在“日期”，（一）重大危险源配备温度、压力、液位、流量、组份等信息的不间断采集和监测系统以及可燃气体和有毒有害气体泄漏检测报警装置，并具备信息远传、连续记录、事故预警、信息存储等功能；一级或者二级重大危险源，具备紧急停车功能。记录的电子数据的保存时间不少于30天；C错误，错在“一级或者二级重大危险源才需要”，（二）重大危险源的化工生产装置装备满足安全生产要求的自动化控制系统；一级或者二级重大危险源，装备紧急停车系统；A正确，（三）对重大危险源中的毒性气体、剧毒液体和易燃气体等重点设施，设置紧急切断装置；毒性气体的设施，设置泄漏物紧急处置装置。涉及毒性气体、液化气体、剧毒液体的一级或者二级重大危险源，配备独立的安全仪表系统（SIS）；D错误，错在“易燃气体”，（四）重大危险源中储存剧毒物质的场所或者设施，设置视频监控系统；（五）安全监测监控系统符合国家标准或者行业标准的规定。故选A。
单选题,[2022年][河南中安]某塑料制造企业的原料反应釜内部机械装置出现故障。车间主任安排李某作为现场作业负责人、王某作为工作班成员、刘某作为有限空间作业监护人。于上午10时进入反应釜实施机械装置维修作业。根据《工贸企业有限空间作业安全管理与监督暂行规定》，关于有限空间作业安全保障及法律责任的说法，正确的是（    ）,A.本次维修作业应当制定专门的有限空间作业方案，并经刘某审核批准|B.开始维修作业前，应当进行有毒有害气体检测，并在9时前完成检测|C.该企业未按照规定制定有限空间作业应急预案的，应当对其处以20万的罚款|D.作业中断之后，李某和王某再次进入有限空间作业前，应当先通风、检测合格,D,本题主要考查的是有限空间作业安全保障及法律责任，属于高频考点。做题思路：审批人员及相关数据要注意。 A错误，错在“刘某审核”，第八条：工贸企业实施有限空间作业前，应当对作业环境进行评估，分析存在的危险有害因素，提出消除、控制危害的措施，制定有限空间作业方案，并经本企业安全生产管理人员审核，负责人批准；B错误，错在“时间”，第十二条：有限空间作业应当严格遵守“先通风、再检测、后作业”的原则。检测指标包括氧浓度、易燃易爆物质（可燃性气体、爆炸性粉尘）浓度、有毒有害气体浓度。检测应当符合相关国家标准或者行业标准的规定。未经通风和检测合格，任何人员不得进入有限空间作业。检测的时间不得早于作业开始前30分钟；C错误，错在“金额”，第二十九条：工贸企业有下列情形之一的，由县级以上安全生产监督管理部门责令限期改正，可以处5万元以下的罚款；逾期未改正的，责令停产停业整顿，并处5万元以上10万元以下的罚款，对其直接负责的主管人员和其他直接责任人员处1万元以上2万元以下的罚款：（一）未按照本规定对有限空间的现场负责人、监护人员、作业人员和应急救援人员进行安全培训的；（二）未按照本规定对有限空间作业制定应急预案，或者定期进行演练的；D正确，第十五条：作业中断的，作业人员再次进入有限空间作业前，应当重新通风、检测合格后方可进入。故选D。
多选题,[2022年][河南中安]甲公司发包管道改造项目，由乙公司承担土方开挖工程，丙公司承担管道吊装工程，丁公司负责施工监理，乙公司和丙公司需要同时在同一区域内施工，根据《安全生产法》，关于作业安全管理的做法，正确的有（    ）。,A.甲公司分别与乙公司、丙公司签订安全生产管理协议|B.乙公司与丙公司签订安全生产管理协议|C.甲公司与乙、丙公司共同签订安全生产管理协议|D.乙公司和丙公司指定专职安全生产管理人员进行安全检查与协调 E 甲公司与丁公司签订协议，约定丁公司负责该项目安全生产的统一协调管理,ABCD,本题主要考查的是作业安全管理，属于高频考点。做题思路：注意各个公司的性质。AC正确、E错误，错在“生产经营单位对承包单位、承租单位的安全生产工作统一协调、管理”，第四十九条：生产经营单位不得将生产经营项目、场所、设备发包或者出租给不具备安全生产条件或者相应资质的单位或者个人。生产经营项目、场所发包或者出租给其他单位的，生产经营单位应当与承包单位、承租单位签订专门的安全生产管理协议，或者在承包合同、租赁合同中约定各自的安全生产管理职责；生产经营单位对承包单位、承租单位的安全生产工作统一协调、管理，定期进行安全检查，发现安全问题的，应当及时督促整改；BD正确，第四十八条：两个以上生产经营单位在同一作业区域内进行生产经营活动，可能危及对方生产安全的，应当签订安全生产管理协议，明确各自的安全生产管理职责和应当采取的安全措施，并指定专职安全生产管理人员进行安全检查与协调。故选ABCD。
单选题,[2022年][河南中安]某矿业有限公司现有从业人员500人，为提高公司的智能化水平。对一号煤矿进行智能化改造，招录设备维护人员，并配备注册安全工程师，根据《安全生产法》及相关规定，关于该公司保障安全生产条件的做法，正确的有（    ）。,A.班组岗前培训内容包括岗位之间的衔接配合的安全事项|B.配备的安全管理人员中注册安全工程师的比例为百分之十|C.对新招录的设备维护人员进行了24学时的岗前安全培训|D.矿级岗前培训内容未涉及从业人员安全生产权利和义务 E 公司总经理组织制定新进员工的安全教育和培训计划,A,本题主要考查的是公司保障安全生产条件，属于高频考点。做题思路：相关数据记忆要准确，培训教育理解即可。A正确，《生产经营单位安全培训规定》第十六条：班组级岗前安全培训内容应当包括：（一）岗位安全操作规程；（二）岗位之间工作衔接配合的安全与职业卫生事项；（三）有关事故案例；（四）其他需要培训的内容；B错误，错在“数据”，《注册安全工程师分类管理办法》（2018年1月1日起施行）第十二条：危险物品的生产、储存单位以及矿山单位安全生产管理人员中的中级及以上注册安全工程师比例应自本办法施行之日起2年内，金属冶炼单位安全生产管理人员中的中级及以上注册安全工程师比例应自本办法施行之日起5年内达到15%左右并逐步提高；C错误，错在“数据”，《生产经营单位安全培训规定》第十三条：煤矿、非煤矿山、危险化学品、烟花爆竹、金属冶炼等生产经营单位新上岗的从业人员安全培训时间不得少于72学时，每年再培训的时间不得少于20学时；D错误，错在“未涉及”，《生产经营单位安全培训规定》第十四条：厂（矿）级岗前安全培训内容应当包括：（一）本单位安全生产情况及安全生产基本知识；（二）本单位安全生产规章制度和劳动纪律；（三）从业人员安全生产权利和义务；（四）有关事故案例等。煤矿、非煤矿山、危险化学品、烟花爆竹、金属冶炼等生产经营单位厂（矿）级安全培训除包括上述内容外，应当增加事故应急救援、事故应急预案演练及防范措施等内容；E正确，《安全生产法》第二十一条：生产经营单位的主要负责人对本单位安全生产工作负有下列职责：（三）组织制定并实施本单位安全生产教育和培训计划。故选AE。
多选题,[2022年][河南中安]某企业发生生产安全事故，市人民政府委托市应急管理部门组织事故调查。2022年5月，市人民政府对该起事故调查报告依法进行了批复，根据《安全生产法》，关于该事故调查报告落实情况评估的说法，正确的有（    ）。,A.市应急管理部应当组织事故调查报告落实情况的评估|B.事故调查整改落实情况评估应当在2023年5月底之前完成|C.市人民政府应当委托第三方机构对事故调查报告落实情况进行评估|D.评估的内容应当包括事故整改和防范措施的落实情况 E 评估结果应当委托有关机构进行论证并及时向社会公开,BD,本题主要考查的是事故调查报告落实情况评估，属于高频考点。做题思路：整体评估流程理解即可。AC错误，错在“市应急管理部和应当委托第三方机构”，第八十六条：事故调查处理应当按照科学严谨、依法依规、实事求是、注重实效的原则，及时、准确地查清事故原因，查明事故性质和责任，评估应急处置工作，总结事故教训，提出整改措施，并对事故责任单位和人员提出处理建议。事故调查报告应当依法及时向社会公布。事故调查和处理的具体办法由国务院制定。事故发生单位应当及时全面落实整改措施，负有安全生产监督管理职责的部门应当加强监督检查。负责事故调查处理的国务院有关部门和地方人民政府应当在批复事故调查报告后一年内，组织有关部门对事故整改和防范措施落实情况进行评估，并及时向社会公开评估结果；对不履行职责导致事故整改和防范措施没有落实的有关单位和人员，应当按照有关规定追究责任。E错误，错在“没有要求论证”。故选BD。
单选题,[2022年][河南中安]根据《消防法》，关于灭火救援的说法，正确的有（    ）。,A.火灾现场救援人员有权决定截断电力、可燃气体和可燃液体的输送|B.任何单位发生火灾，必须立即组织力量扑救，邻近单位视情况给予支援|C.消防车执行火灾扑救任务，在安全前提下，不受行驶速度限制，但不得逆行|D.人员密集场所发生火灾，该场所的现场工作人员应当立即组织、引导在场人员疏散 E 志愿消防队参加扑救外单位火灾所消耗的燃料、灭火剂和器材、装备等，由火灾发生地人民政府给予补偿,D,本题主要考查的是灭火救援。做题思路：抓住关键字眼，如必须等。A错误，错在“救援人员，应当是现场总指挥”，第四十五条：消防救援机构统一组织和指挥火灾现场扑救，应当优先保障遇险人员的生命安全。火灾现场总指挥根据扑救火灾的需要，有权决定下列事项：（二）截断电力、可燃气体和可燃液体的输送，限制用火用电；B错误，错在“邻近单位视情况给予支援”，第四十四条：任何单位发生火灾，必须立即组织力量扑救。邻近单位应当给予支援；C错误，错在“不得逆行”，第四十七条：消防车、消防艇前往执行火灾扑救或者应急救援任务，在确保安全的前提下，不受行驶速度、行驶路线、行驶方向和指挥信号的限制，其他车辆、船舶以及行人应当让行，不得穿插超越；收费公路、桥梁免收车辆通行费。交通管理指挥人员应当保证消防车、消防艇迅速通行；D正确，第四十四条：人员密集场所发生火灾，该场所的现场工作人员应当立即组织、引导在场人员疏散；E正确，第四十九条：单位专职消防队、志愿消防队参加扑救外单位火灾所损耗的燃料、灭火剂和器材、装备等，由火灾发生地的人民政府给予补偿。故选DE。
单选题,[2022年][河南中安]甲公司将其制造的电梯销售给乙公司使用。根据《特种设备安全法》及相关规定，关于电梯经营和使用的说法，正确的有（    ）。,A.乙公司应当至少每30日对电梯进行一次清洁润滑和检查|B.甲公司应当建立电梯检查验收和销售记录制度|C.乙公司应当在电梯投入使用后60日内向有关部门办理使用登记|D.乙公司应当在检验合格有效期届满前60日向特种设备检验机构提出定期检验要求 E 甲公司应当对该电梯的安全运行情况进行跟踪调查和了解,B,本题主要考查的是电梯经营和使用，属于高频考点。做题思路：注意各个单位的性质，日期要记忆准确。A错误，错在“日期”，《特种设备安全监察条例》第三十一条：电梯的日常维护保养必须由依照本条例取得许可的安装、改造、维修单位或者电梯制造单位进行。电梯应当至少每15日进行一次清洁、润滑、调整和检查；B正确，第二十七条：特种设备销售单位应当建立特种设备检查验收和销售记录制度；C错误，错在“日期”，第三十三条：特种设备使用单位应当在特种设备投入使用前或者投入使用后三十日内，向负责特种设备安全监督管理的部门办理使用登记，取得使用登记证书。登记标志应当置于该特种设备的显著位置；D错误，错在“日期”，第四十条：特种设备使用单位应当按照安全技术规范的要求，在检验合格有效期届满前一个月向特种设备检验机构提出定期检验要求；E正确，第四十六条：电梯投入使用后，电梯制造单位应当对其制造的电梯的安全运行情况进行跟踪调查和了解，对电梯的维护保养单位或者使用单位在维护保养和安全运行方面存在的问题，提出改进建议，并提供必要的技术帮助；发现电梯存在严重事故隐患时，应当及时告知电梯使用单位，并向负责特种设备安全监督管理的部门报告。电梯制造单位对调查和了解的情况，应当作出记录。故选BE。
多选题,[2022年][河南中安]某公司未取得危险化学品生产许可证，法定代表人张某指挥作业人员违规将输送软管一端连接至运输罐车阀门，另一端直接插入危险化学品储罐顶部人孔进行敞开式卸料。储罐内的有毒气体从顶部人孔溢出。致使现场多人中毒死亡。根据《刑法》，张某涉嫌的罪名有（    ）。,A.重大责任事故罪|B.危险作业罪|C.强令、组织他人违章冒险作业罪|D.重大劳动安全事故罪 E 危险物品肇事罪,AC,本题主要考查的是罪名，属于高频考点。做题思路：结合题干描述的事故进行判定。A正确，第一百三十四条：【重大责任事故罪】在生产、作业中违反有关安全管理的规定，因而发生重大伤亡事故或者造成其他严重后果的，处三年以下有期徒刑或者拘役；情节特别恶劣的，处三年以上七年以下有期徒刑；B错误，错在“危险作业罪是还没有发生事故”，第一百三十四条之一：【危险作业罪】在生产、作业中违反有关安全管理的规定，有下列情形之一，具有发生重大伤亡事故或者其他严重后果的现实危险的，处一年以下有期徒刑、拘役或者管制：（三）涉及安全生产的事项未经依法批准或者许可，擅自从事矿山开采、金属冶炼、建筑施工，以及危险物品生产、经营、储存等高度危险的生产作业活动的；C正确，【强令、组织他人违章冒险作业罪】强令他人违章冒险作业，或者明知存在重大事故隐患而不排除，仍冒险组织作业，因而发生重大伤亡事故或者造成其他严重后果的，处五年以下有期徒刑或者拘役；情节特别恶劣的，处五年以上有期徒刑；D错误，错在“未提及设施设备”，第一百三十五条：【重大劳动安全事故罪】安全生产设施或者安全生产条件不符合国家规定，因而发生重大伤亡事故或者造成其他严重后果的，对直接负责的主管人员和其他直接责任人员，处三年以下有期徒刑或者拘役；情节特别恶劣的，处三年以上七年以下有期徒刑；E错误，错在“张某不是直接作业人员”，第一百三十六条：【危险物品肇事罪】违反爆炸性、易燃性、放射性、毒害性、腐蚀性物品的管理规定，在生产、储存、运输、使用中发生重大事故，造成严重后果的，处三年以下有期徒刑或者拘役；后果特别严重的，处三年以上七年以下有期徒刑。故选AC。
多选题,[2022年][河南中安]某地因大暴雨引发局部泥石流，市人民政府立即启动应急预案，采取应急处置措施。根据《突发事件应对法》，市人民政府采取的下列应急措施中。正确的是（    ）。,A.封锁泥石流发生区域，划定警戒区，实行交通管制|B.疏散、撤离并妥善安置该地区所有人员|C.无偿征用泥石流发生地附近企业和个人的物资|D.启用本级人民政府设置的财政预备费和储备的应急救援物资 E 从快严惩哄抬生活必需品价格的某超市,AD,本题主要考查的是应急处置措施。做题思路：熟悉人民政府的职能及公共卫生事件发生后的应急处置措施。第四十九条：自然灾害、事故灾难或者公共卫生事件发生后，履行统一领导职责的人民政府可以采取下列一项或者多项应急处置措施：（一）组织营救和救治受害人员，疏散、撤离并妥善安置受到威胁的人员以及采取其他救助措施；（二）迅速控制危险源，标明危险区域，封锁危险场所，划定警戒区，实行交通管制以及其他控制措施；（三）立即抢修被损坏的交通、通信、供水、排水、供电、供气、供热等公共设施，向受到危害的人员提供避难场所和生活必需品，实施医疗救护和卫生防疫以及其他保障措施；（四）禁止或者限制使用有关设备、设施，关闭或者限制使用有关场所，中止人员密集的活动或者可能导致危害扩大的生产经营活动以及采取其他保护措施；（五）启用本级人民政府设置的财政预备费和储备的应急救援物资，必要时调用其他急需物资、设备、设施、工具；（六）组织公民参加应急救援和处置工作，要求具有特定专长的人员提供服务；（七）保障食品、饮用水、燃料等基本生活必需品的供应；（八）依法从严惩处囤积居奇、哄抬物价、制假售假等扰乱市场秩序的行为，稳定市场价格，维护市场秩序；（九）依法从严惩处哄抢财物、干扰破坏应急处置工作等扰乱社会秩序的行为，维护社会治安；（十）采取防止发生次生、衍生事件的必要措施。B错误，错在“所有人员”，应疏散、撤离并妥善安置受到威胁的人员；C错误，错在“无偿征用”，根据规定，因应急救援工作的需要，有关人民政府及其部门可以征用或者调用企业、事业、其他组织或者个人的财产，但是，在使用完毕或者应急救援结束后，应当及时归还；财产被调用、征用或者调用、征用后毁损、灭失的，应当按照国家有关规定给予补偿；E错误，错在“从快严惩”。依法从严惩处哄抢财物、干扰破坏应急处置工作等扰乱社会秩序的行为，维护社会治安。故选ADE。
单选题,[2022年][河南中安]根据《职业病防治法》，关于职业病诊断的说法，正确的有（    ）。,A.劳动者应当在用人单位所在地进行职业病诊断|B.职业病诊断应当由取得《医疗机构执业许可证》的医疗卫生机构承担|C.没有证据否定职业病危害因素与病人临床表现之间的必然联系的，可以诊断为职业病|D.职业病诊断有争议的，由职业病诊断鉴定委员会作出裁决 E 承担职业病诊断的医疗卫生机构在任何情况下不得拒绝劳动者职业病诊断的要求,B,本题主要考查的是职业病诊断。做题思路：熟悉职业病诊断的部门及有争议时的处理。A错误，错在“应当在用人单位所在地”，第四十四条：劳动者可以在用人单位所在地、本人户籍所在地或者经常居住地依法承担职业病诊断的医疗卫生机构进行职业病诊断；B正确，第四十三条：职业病诊断应当由取得《医疗机构执业许可证》的医疗卫生机构承担；C错误，错在“可以诊断为职业病”，第四十六条：没有证据否定职业病危害因素与病人临床表现之间的必然联系的，应当诊断为职业病；D错误，错在“由职业病诊断鉴定委员会作出裁决”，第四十九条：职业病诊断、鉴定过程中，在确认劳动者职业史、职业病危害接触史时，当事人对劳动关系、工种、工作岗位或者在岗时间有争议的，可以向当地的劳动人事争议仲裁委员会申请仲裁；接到申请的劳动人事争议仲裁委员会应当受理，并在三十日内作出裁决；E正确，第四十三条：承担职业病诊断的医疗卫生机构不得拒绝劳动者进行职业病诊断的要求。故选BE。
多选题,[2022年][河南中安]某企业生产剧毒化学品，已经取得安全生产许可证。在生产过程中需要使用易制爆危险化学品。根据《危险化学品安全管理条例》，关于该企业危险化学品使用安全及法律责任的说法，正确的有（    ）。,A.应当如实记录其使用的易制爆危险化学品的数量、流向|B.应当取得危险化学品使用许可证|C.应当设置治安保卫机构，配备专职治安保卫人员|D.发现易制爆危险化学品丢失或者被盗的，应当立即向所在地县级人民政府公安机关报告 E 应当将转让易制爆危险化学品的有关情况向所在地县级人民政府行业管理部门报告,AC,本题主要考查的是危险化学品使用安全及法律责任，属于高频考点。做题思路：注意题干强调的是使用安全。AC正确，D不建议选，第二十三条：生产、储存剧毒化学品或者国务院公安部门规定的可用于制造爆炸物品的危险化学品（以下简称易制爆危险化学品）的单位，应当如实记录其生产、储存的剧毒化学品、易制爆危险化学品的数量、流向，并采取必要的安全防范措施，防止剧毒化学品、易制爆危险化学品丢失或者被盗；发现剧毒化学品、易制爆危险化学品丢失或者被盗的，应当立即向当地公安机关报告。生产、储存剧毒化学品、易制爆危险化学品的单位，应当设置治安保卫机构，配备专职治安保卫人员；B错误，错在“需要使用量达到规定数量”，第二十九条：使用危险化学品从事生产并且使用量达到规定数量的化工企业（属于危险化学品生产企业的除外，下同），应当依照本条例的规定取得危险化学品安全使用许可证；E错误，错在“向行业管理部门报告”，第四十二条：使用剧毒化学品、易制爆危险化学品的单位不得出借、转让其购买的剧毒化学品、易制爆危险化学品；因转产、停产、搬迁、关闭等确需转让的，应当向具有本条例第三十八条第一款、第二款规定的相关许可证件或者证明文件的单位转让，并在转让后将有关情况及时向所在地县级人民政府公安机关报告。故选AC。
单选题,[2022年][河南中安]某机械加工生产企业对新招聘的大学毕业生进行入职培训，培训压路机、氧气瓶、乙炔瓶、锅炉、重锤夯、客运索道、电梯、叉车、羊角碾、大型游乐设施等机械与设备设施。根据《特种设备安全监察条例》，下列机械与设备设施中。属于特种设备的有（    ）。,A.压路机、氧气瓶|B.重锤夯、客运索道|C.乙炔瓶、锅炉|D.电梯、羊角碾 E 叉车、大型游乐设施,C,本题主要考查的是特种设备的判定，属于高频考点。做题思路：根据特种设备的定义，再结合题干进行选择。第二条：本条例所称特种设备是指涉及生命安全、危险性较大的锅炉、压力容器（含气瓶，下同）、压力管道、电梯、起重机械、客运索道、大型游乐设施和场（厂）内专用机动车辆。故选CE。
单选题,[2022年][河南中安]根据《生产安全事故应急条例》，下列生产经营单位中，应当建立应急救援队伍的有（    ）。,A.家具制造企业|B.航空运输公司|C.石油炼化企业|D.小型危险化学品储存企业 E 大理石开采企业,C,本题主要考查的是生产经营单位是否需要建立应急救援队伍，属于高频考点。做题思路：深刻理解公司性质。第十条：易燃易爆物品、危险化学品等危险物品的生产、经营、储存、运输单位，矿山、金属冶炼、城市轨道交通运营、建筑施工单位，以及宾馆、商场、娱乐场所、旅游景区等人员密集场所经营单位，应当建立应急救援队伍；其中，小型企业或者微型企业等规模较小的生产经营单位，可以不建立应急救援队伍，但应当指定兼职的应急救援人员，并且可以与邻近的应急救援队伍签订应急救援协议。工业园区、开发区等产业聚集区域内的生产经营单位，可以联合建立应急救援队伍。故选CE。
多选题,[2022年][河南中安]根据《工伤保险条例》，关于工伤保险费缴纳的说法，正确的有（    ）。,A.国务院社会保险行政部门负责批准行业差别费率及行业内费率档次的方案|B.工伤保险费根据以支定收、收支平衡的原则确定费率|C.用人单位和职工缴纳工伤保险费的数额为工资总额乘以缴纳费率之积|D.统筹地区经办机构负责确定单位缴费费率 E 用人单位、职工个人应当按比例缴纳工伤保险费,BD,本题主要考查的是工伤保险费的缴纳，属于高频考点。做题思路：理解工伤保险费的作用及缴纳。A错误，错在“应由国务院批准”，BD正确，第八条：工伤保险费根据以支定收、收支平衡的原则，确定费率。国家根据不同行业的工伤风险程度确定行业的差别费率，并根据工伤保险费使用、工伤发生率等情况在每个行业内确定若干费率档次。行业差别费率及行业内费率档次由国务院社会保险行政部门制定，报国务院批准后公布施行。统筹地区经办机构根据用人单位工伤保险费使用、工伤发生率等情况，适用所属行业内相应的费率档次确定单位缴费费率；CE错误，错在“职工个人不缴纳工伤保险费”，第十条：用人单位应当按时缴纳工伤保险费。职工个人不缴纳工伤保险费。用人单位缴纳工伤保险费的数额为本单位职工工资总额乘以单位缴费费率之积。故选BD。
多选题,[2022年][河南中安]特种作业操作证应当定期复审。根据《特种作业人员安全技术培训考核管理规定》，关于特种作业操作证复审的说法，正确的有（    ）。,A.李某特种作业操作证申请复审前，应当参加不少于8个学时必要的安全培训并考试合格|B.赵某申请特种作业操作证复审的，考核发证机关应当在收到其申请之日起20个工作日内完成复审|C.张某连续从事特种作业10年，经原考核发证机关同意，其特种作业操作证复审时间可以延长至每5年1次|D.王某特种作业操作证需要复审的，应当在有效期满前30日内向考核发证机关提出申请 E 特种作业人员有违章操作造成严重后果或者有违章行为，并经查证确实的，复审或者延期复审不予通过,AB,本题主要考查的是特种作业操作证复审，属于高频考点。做题思路：数据要记忆准确，不予通过的情形要熟悉。A正确，第二十三条：特种作业操作证申请复审或者延期复审前，特种作业人员应当参加必要的安全培训并考试合格。安全培训时间不少于8个学时，主要培训法律、法规、标准、事故案例和有关新工艺、新技术、新装备等知识；B正确，第二十四条：申请复审的，考核发证机关应当在收到申请之日起20个工作日内完成复审工作。复审合格的，由考核发证机关签章、登记，予以确认；不合格的，说明理由。申请延期复审的，经复审合格后，由考核发证机关重新颁发特种作业操作证；C错误，错在“数据”，第二十一条：特种作业操作证每3年复审1次。特种作业人员在特种作业操作证有效期内，连续从事本工种10年以上，严格遵守有关安全生产法律法规的，经原考核发证机关或者从业所在地考核发证机关同意，特种作业操作证的复审时间可以延长至每6年1次；D错误，错在“数据”，第二十二条：特种作业操作证需要复审的，应当在期满前60日内，由申请人或者申请人的用人单位向原考核发证机关或者从业所在地考核发证机关提出申请；E错误，错在“未写几次违章”，第二十五条：特种作业人员有下列情形之一的，复审或者延期复审不予通过：（二）违章操作造成严重后果或者有2次以上违章行为，并经查证确实的。故选AB。
单选题,[2022年][河南中安]某化工企业在安全检查中发现，盛有大量有毒物质的化学反应容器因地基沉降出现倾斜，一旦发生倾翻，后果不堪设想。该企业立即停产并向应急部门报告该重大事故隐患。根据《安全生产事故隐患排查治理暂行规定》，该企业应当向应急管理部门报告的内容有（    ）。,A.化学反应容器基本情况|B.化学反应容器倾斜原因、危害程度以及整改难易程度分析|C.维修措施及具体工作方案|D.隐患排查治理制度及实施情况 E 企业生产安全事故应急预案,B,本题主要考查的是重大事故隐患应当报告的内容。做题思路：熟悉重大事故隐患及一般事故隐患。A不建议选，要求的是隐患的现状不一定包括容器的基本情况。第十四条：对于重大事故隐患，生产经营单位除依照前款规定报送外，应当及时向安全监管监察部门和有关部门报告。重大事故隐患报告内容应当包括：（一）隐患的现状及其产生原因；（二）隐患的危害程度和整改难易程度分析；（三）隐患的治理方案。第十五条对于一般事故隐患，由生产经营单位（车间、分厂、区队等）负责人或者有关人员立即组织整改。对于重大事故隐患，由生产经营单位主要负责人组织制定并实施事故隐患治理方案。重大事故隐患治理方案应当包括以下内容：（一）治理的目标和任务；（二）采取的方法和措施；（三）经费和物资的落实；（四）负责治理的机构和人员；（五）治理的时限和要求；（六）安全措施和应急预案。故选BE。
多选题,[2022年][河南中安]甲企业拟建设年产100万吨的煤矿项目，乙企业拟建设年产10万吨苯乙烯的化工项目，丙企业拟扩建金属冶炼生产线，丁企业拟建造芯片生产线，四家企业建设项目均于2022年3月1日竣工。根据《建设项目安全设施“三同时”监督管理办法》，关于建设项目安全设施施工和竣工验收的说法，正确的有（    ）。,A.建设项目在施工过程中，存在危险性较大的分部分项工程的，应当编制专项施工方案，并经项目部技术负责人、总监理工程师签字后实施|B.对甲企业和乙企业的建设项目实施有关安全许可时，有关部门应当对项目安全设施竣工验收报告进行审查|C.企业存在未依法设置安全生产管理机构或者配备安全生产管理人员的，不得通过竣工验收|D.根据规定需要试运行的建设项目，项目竣工立即投入试运行，试运行可以在3月21日之前结束 E 乙企业和丙企业的建设项目，应当在建设项目试运行前将试运行方案报负责安全许可有关部门备案,BC,本题主要考查的是建设项目安全设施施工和竣工验收。做题思路：分清不同职务的义务和权力，竣工验收通过的条件及相关数据要熟悉。A错误，错在“项目部技术负责人”，第十八条：施工单位应当在施工组织设计中编制安全技术措施和施工现场临时用电方案，同时对危险性较大的分部分项工程依法编制专项施工方案，并附具安全验算结果，经施工单位技术负责人、总监理工程师签字后实施；B正确，第七条：下列建设项目在进行可行性研究时，生产经营单位应当分别对其安全生产条件进行论证和安全预评价：（一）非煤矿矿山建设项目；（二）生产、储存危险化学品（包括使用长输管道输送危险化学品，下同）的建设项目；（三）生产、储存烟花爆竹的建设项目。第十三条：本办法第七条第（一）项、第（二）项、第（三）项规定的建设项目安全设施设计完成后，生产经营单位应当按照本办法第五条的规定向安全生产监督管理部门提出审查申请；C正确，第十二条：建设项目安全专篇应当包括下列内容：（七）安全生产管理机构设置或者安全生产管理人员配备情况；DE错误，错在“日期不满足要求和报负责安全许可有关部门备案”，第二十二条：本办法第七条规定的建设项目竣工后，根据规定建设项目需要试运行（包括生产、使用，下同）的，应当在正式投入生产或者使用前进行试运行。试运行时间应当不少于30日，最长不得超过180日，国家有关部门有规定或者特殊要求的行业除外。生产、储存危险化学品的建设项目，应当在建设项目试运行前将试运行方案报负责建设项目安全许可的安全生产监督管理部门备案。故选BC。
单选题,[2023年][河南中安]中国共产党的二十大报告指出，要提高公共安全治理水平，坚持安全第一、预防为主，建立大安全大应急框架，完善公共安全体系，推动公共安全治理模式为（    ）转型。,A.风险防控|B.隐患治理|C.问责处理|D.事前预防,D,本题主要考查的是二十大报告。做题思路：熟悉二十大报告对提高公共安全治理水平作出战略部署即可。 党的二十大报告对提高公共安全治理水平作出战略部署，提出：坚持安全第一、预防为主，建立大安全大应急框架，完善公共安全体系，推动公共安全治理模式向事前预防转型。其中“推动公共安全治理模式向事前预防转型”是公共安全治理模式的重大转向和伟大实践，是“预防性法律制度”理论在公共安全治理中的具体化是对新时代“枫桥经验”的实践再总结、理论再提升和制度化再深化。故选D。
单选题,[2023年][河南中安]根据法的不同层级和效力位阶，安全生产法律体系包括法律、法规和规章。下列法律规范中，属于安全生产行政法规的是（    ）。,A.《中华人民共和国消防救援衔条例》|B.《女职工劳动保护特别规定》|C.《北京市安全生产条例》|D.《建筑起重机械安全监督管理规定》,B,本题主要考查的是法的不同层级和效力，属于高频考点。做题思路：深刻理解生产行政法规。 A属于法律，B属于行政法规，C属于地方性法规，D属于部门规章。故选B。
单选题,[2023年][河南中安]为保证生产经营活动安全，防止和减少生产安全事故，生产经营单位的设施、设备、人员素质、管理制度和工艺技术等应当具备法定的安全生产条件。关于法定的安全生产条件的说法，正确的是（    ）。,A.不同类型的生产经营单位应当具备相同的安全生产条件|B.生产经营单位应当具备法律法规和各类标准规定的安全生产条件|C.生产经营单位从事生产经营活动应当取得安全生产许可|D.个体工商户应当具备必要的安全生产条件,D,本题主要考查的是安全生产条件，属于高频考点。做题思路：从事生产经营活动的条件熟悉即可。 A错误，错在“应当具备相同的安全生产条件”；B错误，错在“和”，应该是或。《安全生产法》第二十条：生产经营单位应当具备本法和有关法律、行政法规和国家标准或者行业标准规定的安全生产条件；不具备安全生产条件的，不得从事生产经营活动；C错误，错在“应当”；D正确，《安全生产许可证条例》第二条：国家对矿山企业、建筑施工企业和危险化学品、烟花爆竹、民用爆炸物品生产企业实行安全生产许可制度。企业未取得安全生产许可证的，不得从事生产活动。对于从事上述生产经营活动的单位要具备取得安全生产许可证的条件才能生产经营。对于不需要取得安全生产许可证的生产经营单位，也要达到安全生产需要的条件。故选D。
单选题,[2023年][河南中安]王某是某建设工程公司专职安全生产管理人员，根据《安全生产法》，下列安全生产职责中，属于王某职责范围的是（    ）。,A.督促落实重大危险源安全管理措施，保证本公司安全生产投入的有效实施|B.建立并落实本公司全员安全生产责任制，加强安全生产标准化建设|C.组织制定并实施本公司安全生产规章制度和操作规程|D.检查本公司的安全生产工作，提出改进安全生产管理的建议,D,本题主要考查的是安全生产管理人员职责范围，属于高频考点。做题思路：区分安全生产管理人员及主要负责人的职责。 根据《安全生产法》第二十二条：生产经营单位的安全生产管理机构以及安全生产管理人员履行下列职责：（一）组织或者参与拟订本单位安全生产规章制度、操作规程和生产安全事故应急救援预案；（二）组织或者参与本单位安全生产教育和培训，如实记录安全生产教育和培训情况；（三）督促落实本单位重大危险源的安全管理措施；（四）组织或者参与本单位应急救援演练；D属于，（五）检查本单位的安全生产状况，及时排查生产安全事故隐患，提出改进安全生产管理的建议；（六）制止和纠正违章指挥、强令冒险作业、违反操作规程的行为；（七）督促落实本单位安全生产整改措施。ABC属于主要负责人的安全生产管理职责。故选D。
单选题,[2023年][河南中安]某危险化学品企业发生一起生产安全事故，造成6人死亡，包括1位公司领导、2位正式员工，3位劳务派遣人员，根据《民法典》，关于本次事故死亡赔偿金额，正确的是（    ）。,A.对事故中的死者，可以以相同数额确定死亡赔偿金|B.应当按照死者身份，分别确定死亡赔偿金额|C.死亡赔偿金额原则上不同，一人一方案|D.为节省司法资源，死亡赔偿金额应当一致,A,本题主要考查的是事故死亡赔偿金额。做题思路：事故死亡赔偿金额在同一事故是可以相同的。 A正确，BCD错误。《民法典》第一千一百八十条：因同一侵权行为造成多人死亡的，可以以相同数额确定死亡赔偿金。故选A。
单选题,[2023年][河南中安]某煤矿发生一起顶板事故，造成3人重伤，5人轻伤，直接经济损失90万元，经查，该煤矿未取得安全生产许可证，根据《刑法》（关于办理危害生产安全刑事案件适用法律若干问题的解释）。该起事故符合“发生重大伤亡事故或者造成其他严重后果”的情形是（    ）。,A.造成5人轻伤|B.造成3人重伤|C.造成直接经济损失90万元|D.未取得安全生产许可证,B,本题主要考查的是造成严重后果的情形。做题思路：注意数据是包含本身的。根据《若干问题的解释》具有下列情形之一的，应当认定为“造成严重后果”或者“发生重大伤亡事故或者造成其他严重后果”：AD错误，B正确，（1）造成死亡一人以上，或者重伤三人以上的；B错误，错在“90万元”。（2）造成直接经济损失一百万元以上的。（3）造成其他严重后果或者重大安全事故的情形。故选B。
单选题,[2023年][河南中安]【改编】某市应急管理部门按照年度执法计划，对一家啤酒生产企业开展执法检查，检查中发现企业未落实有限空间作业审批制度，作业人员擅自进入有限空间作业，存在重大事故隐患，根据《工贸企业有限空间作业安全规定》，关于有限空间作业安全监督管理的说法，错误的是（    ）。,A.执法人员应当重点抽查该企业有限空间作业人员劳动防护用品配备情况|B.执法人员应当重点抽查该企业有限空间作业审批情况|C.执法人员应当责令该企业暂时停止作业，撤出作业人员|D.重大事故隐患排除后，经专家审查同意，该企业方可恢复作业,D,本题主要考查的是有限空间作业安全监督管理。做题思路：通过有限空间作业整体流程进行选择。根据《工贸企业有限空间作业安全规定》的规定，AB正确，第十七条：负责工贸企业安全生产监督管理的部门应当加强对工贸企业有限空间作业的监督检查，将检查纳入年度监督检查计划。对发现的事故隐患和违法行为，依法作出处理。负责工贸企业安全生产监督管理的部门应当将存在硫化氢、一氧化碳、二氧化碳等中毒和窒息风险的有限空间作业工贸企业纳入重点检查范围，突出对监护人员配备和履职情况、作业审批、防护用品和应急救援装备配备等事项的检查；C正确，D错误，错在“经专家审查同意”。第十八条：负责工贸企业安全生产监督管理的部门及其行政执法人员发现有限空间作业存在重大事故隐患的，应当责令立即或者限期整改；重大事故隐患排除前或者排除过程中无法保证安全的，应当责令暂时停止作业，撤出作业人员；重大事故隐患排除后，经审查同意，方可恢复作业。故选D。
单选题,[2023年][河南中安]李某依法取得了低压电工作业证书，证书初领日期为2007年10月5日，最近一次复审日期为2020年9月20日，持证上岗期间严格遵守有关安全生产法律法规。根据《特种作业人员安全技术培训考核管理规定》，关于李某特种作业操作证复审的说法，错误的是（    ）。,A.经考核发证机关同意，可以在2026年9月20日前复审|B.复审应当提交社区或者县级以上医疗机构出具的健康证明|C.复审应当在期满前30日内，向原考证发证机关或者从业地考核发证机关提出申请|D.复审应当提交从事特种作业的情况，安全培训考核合格记录,C,本题主要考查的是特种作业操作证复审。做题思路：相关数据要清楚，复审条件了解即可。A正确，第二十一条：特种作业操作证每3年复审1次。特种作业人员在特种作业操作证有效期内，连续从事本工种10年以上，严格遵守有关安全生产法律法规的，经原考核发证机关或者从业所在地考核发证机关同意，特种作业操作证的复审时间可以延长至每6年1次；BD正确，C错误，错在“30日内”。第二十二条：特种作业操作证需要复审的，应当在期满前60日内，由申请人或者申请人的用人单位向原考核发证机关或者从业所在地考核发证机关提出申请，并提交下列材料：（一）社区或者县级以上医疗机构出具的健康证明；（二）从事特种作业的情况；（三）安全培训考试合格记录。特种作业操作证有效期届满需要延期换证的，应当按照前款的规定申请延期复审。故选C。
单选题,[2023年][河南中安]甲企业委托乙传媒公司策划并承办一场面向社会公众的大型文艺演出，乙传媒公司遂租用丙剧院作为演出场所。根据《大型群众性活动安全管理条例》，关于本次演出安全责任的说法，正确的是（    ）。,A.丙剧院必须保障演出场所的应急广播符合法律、法规、技术标准的规定|B.丙剧院应当负责对参加活动的人员进行安全检查|C.乙传媒公司应当制定本次活动安全监督方案和突发事件处置预案|D.甲企业应当配备与本次演出安全工作需要相适应的专业保安人员,A,本题主要考查的是大型群众性活动安全责任。做题思路：区分场所管理者及承办者的职责。A正确，第八条：大型群众性活动的场所管理者具体负责下列安全事项：（一）保障活动场所、设施符合国家安全标准和安全规定；（二）保障疏散通道、安全出口、消防车通道、应急广播、应急照明、疏散指示标志符合法律、法规、技术标准的规定；（三）保障监控设备和消防设施、器材配置齐全、完好有效；（四）提供必要的停车场地，并维护安全秩序；B错误，错在“丙剧院”，D错误，错在“甲企业”。第七条：承办者具体负责下列安全事项：（三）按照负责许可的公安机关的要求，配备必要的安全检查设备，对参加大型群众性活动的人员进行安全检查，对拒不接受安全检查的，承办者有权拒绝其进入；（七）配备与大型群众性活动安全工作需要相适应的专业保安人员以及其他安全工作人员；C错误，错在“乙传媒公司”，第十条：公安机关应当履行下列职责：（一）审核承办者提交的大型群众性活动申请材料，实施安全许可；（二）制订大型群众性活动安全监督方案和突发事件处置预案。故选A。
单选题,[2023年][河南中安]某企业进行地铁深基坑工程施工。张某为该工程测量管理人员，在基坑日常监测过程中，发现地面存在裂缝，基坑变形监测数据超过方案设置的红线，存在基坑坍塌的重大风险。根据《安全生产法》，关于张某安全生产义务的说法，正确的是（    ）。,A.张某应当立即撤离施工现场|B.张某应当立即向建设行政主管部门报告|C.张某应当立即向应急管理部门报告|D.张某应当立即报告本企业负责人,D,本题主要考查的是安全生产义务。做题思路：区分安全生产管理人员及主要负责人的职责。第四十六条：生产经营单位的安全生产管理人员应当根据本单位的生产经营特点，对安全生产状况进行经常性检查；对检查中发现的安全问题，应当立即处理；不能处理的，应当及时报告本单位有关负责人，有关负责人应当及时处理。检查及处理情况应当如实记录在案。生产经营单位的安全生产管理人员在检查中发现重大事故隐患，依照前款规定向本单位有关负责人报告，有关负责人不及时处理的，安全生产管理人员可以向主管的负有安全生产监督管理职责的部门报告，接到报告的部门应当依法及时处理。故选D。
单选题,[2023年][河南中安]为了加强特种设备的安全管理，防止减少事故，保障人民群众生命财产安全，促进经济发展，制定《特种设备安全管理条例》，下列设备适用《特种设备安全管理条例》的是（    ）。,A.船舶上的压力容器|B.矿山井下使用的升降机|C.机械加工企业的压力管道|D.民用机场专用机动车辆,C,本题主要考查的是特种设备的符合性，属于高频考点。做题思路：熟悉特种设备安全管理条例，特殊记忆不适用情况。ABC不适用，第三条：军事装备、核设施、航空航天器、铁路机车、海上设施和船舶以及矿山井下使用的特种设备、民用机场专用设备的安全监察不适用本条例。故选C。
单选题,[2023年][河南中安]根据《道路交通安全法》，关于高速公路车辆通行的说法，正确的是（    ）。,A.公安机关的人民警察依法执行紧急公务时，有权在高速道路上拦截检查行驶的车辆|B.张某驾驶的私家车在高速路上行驶赶往医院，时速可以超过120公里|C.某公司运货的全挂拖斗车在高速路上行驶，时速不得超过70公里|D.人民法院的法警执行紧急公务时，在保证安全的前提下有权在高速路上拦截检查行驶的车辆,A,本题主要考查的是高速公路车辆通行。做题思路：相关数据要清楚，再结合常识判断即可。C错误，错在“全挂拖斗车在高速路上行驶”；B错误，错在“可以超过120公里”。第六十七条：行人、非机动车、拖拉机、轮式专用机械车、铰接式客车、全挂拖斗车以及其他设计最高时速低于七十公里的机动车，不得进入高速公路。高速公路限速标志标明的最高时速不得超过一百二十公里；A正确，D错误，错在“人民法院的法警”。第六十九条：任何单位、个人不得在高速公路上拦截检查行驶的车辆，公安机关的人民警察依法执行紧急公务除外。故选A。
单选题,[2023年][河南中安]张某和刘某系某企业职工，被单位派往外省同客户洽谈设备销售事宜时，乘坐的交通工具发生意外坠入峡谷，导致张某受伤，而刘某下落不明，后张某被认定为四级伤残，根据《工伤保险条例》，关于工伤保险待遇的说法，正确的是（    ）。,A.张某和该企业以伤残津贴为基数，缴纳基本医疗保险费|B.张某可以领取的一次性伤残补助金为24个月的本人工资|C.该企业可以自该起事故发生第3个月起对刘某停发工资|D.刘某被宣告死亡后，其妻子享受每月30%的供养亲属抚恤金,A,本题主要考查的是工伤保险待遇，属于高频考点。做题思路：纯数据记忆题目，熟练掌握数据即可。第三十五条：职工因工致残被鉴定为一级至四级伤残的，保留劳动关系，退出工作岗位，享受以下待遇：B错误，错在“24个月”。（一）从工伤保险基金按伤残等级支付一次性伤残补助金，标准为：一级伤残为27个月的本人工资，二级伤残为25个月的本人工资，三级伤残为23个月的本人工资，四级伤残为21个月的本人工资；A正确，职工因工致残被鉴定为一级至四级伤残的，由用人单位和职工个人以伤残津贴为基数，缴纳基本医疗保险费；C错误，错在“第3个月”，第四十一条：职工因工外出期间发生事故或者在抢险救灾中下落不明的，从事故发生当月起3个月内照发工资，从第4个月起停发工资，由工伤保险基金向其供养亲属按月支付供养亲属抚恤金。生活有困难的，可以预支一次性工亡补助金的50%。职工被人民法院宣告死亡的，按照本条例第三十九条职工因工死亡的规定处理；D错误，错在“30%”。第三十九条：职工因工死亡，其近亲属按照下列规定从工伤保险基金领取丧葬补助金、供养亲属抚恤金和一次性工亡补助金：（一）丧葬补助金为6个月的统筹地区上年度职工月平均工资；（二）供养亲属抚恤金按照职工本人工资的一定比例发给由因工死亡职工生前提供主要生活来源、无劳动能力的亲属。标准为：配偶每月40%，其他亲属每人每月30%，孤寡老人或者孤儿每人每月在上述标准的基础上增加10%。核定的各供养亲属的抚恤金之和不应高于因工死亡职工生前的工资。供养亲属的具体范围由国务院社会保险行政部门规定。故选A。
单选题,[2023年][河南中安]某机床生产厂电焊工李某在焊接作业时，未佩戴护目镜，导致眼睛受伤，被认定为六级伤残。根据《工伤保险条例》，关于工伤认定的说法，正确的是（    ）。,A.李某受伤系个人违规操作所致，不能认定为工伤|B.在企业未对李某提出工伤认定情况下，李某应当自事故伤害之日起180天内提出工伤认定申请|C.在企业未对李某提出工伤认定情况下，李某的哥哥可以提出工伤认定申请|D.企业不认为是工伤，李某申请工伤认定时，应当由李某承担举证责任,C,本题主要考查的是工伤认定，属于高频考点。做题思路：数据记忆清楚，了解工伤认定。A错误，错在“不能认定为工伤”。第十四条：职工有下列情形之一的，应当认定为工伤：（一）在工作时间和工作场所内，因工作原因受到事故伤害的；B错误，错在“180天内”；C正确，第十七条：职工发生事故伤害或者按照职业病防治法规定被诊断、鉴定为职业病，所在单位应当自事故伤害发生之日或者被诊断、鉴定为职业病之日起30日内，向统筹地区社会保险行政部门提出工伤认定申请。遇有特殊情况，经报社会保险行政部门同意，申请时限可以适当延长；用人单位未按前款规定提出工伤认定申请的，工伤职工或者其近亲属、工会组织在事故伤害发生之日或者被诊断、鉴定为职业病之日起1年内，可以直接向用人单位所在地统筹地区社会保险行政部门提出工伤认定申请；D错误，错在“由李某承担举证责任”。第十九条：职工或者其近亲属认为是工伤，用人单位不认为是工伤的，由用人单位承担举证责任。故选C。
单选题,"[2023年][河南中安]一、单选题
15
标记
收藏

某企业新建大型综合商场，根据《消防法》，在商场营业前，该企业应当向商场所在地消防救援机构申请（    ）。",A.消防安全检查|B.消防设施审查|C.消防设施验收|D.消防安全备案,A,本题主要考查的是商场营业前应申请的检查。做题思路：了解公众聚集场营业条件。第十五条：公众聚集场所投入使用、营业前消防安全检查实行告知承诺管理。公众聚集场所在投入使用、营业前，建设单位或者使用单位应当向场所所在地的县级以上地方人民政府消防救援机构申请消防安全检查，作出场所符合消防技术标准和管理规定的承诺，提交规定的材料，并对其承诺和材料的真实性负责。故选A。
单选题,[2023年][河南中安]某危险化学品生产企业有800名员工，根据《安全生产法》，关于该企业应急管理准备措施的说法，正确的是（    ）。,A.可以不建立应急救援组织，但应当指定专职的应急救援人员|B.应当建立应急救援组织，且专职应急救援人员必须经过严格训练|C.应当建立应急救援组织，且兼职应急救援人员数量不得少于8人|D.可以不建立应急救援组织，但应当委托邻近的应急救援队伍提供服务,B,本题主要考查的是应急救援组织的建立，属于高频考点。做题思路：注意单位性质及专职应急救援人员的确定。ACD错误，AD错在“可以不建立”，C错在“不得少于8人”。第八十二条：危险物品的生产、经营、储存单位以及矿山、金属冶炼、城市轨道交通运营、建筑施工单位应当建立应急救援组织；生产经营规模较小的，可以不建立应急救援组织，但应当指定兼职的应急救援人员；B正确，《生产安全事故应急条例》第十一条：应急救援队伍应当配备必要的应急救援装备和物资，并定期组织训练。故选B。
单选题,[2023年][河南中安]张某欲设立一家烟花爆竹生产企业。根据《烟花爆竹安全管理条例》，关于烟花爆竹生产安全及法律责任的说法，错误的是（    ）。,A.企业在投入生产前，应当向所在地设区的市人民政府应急管理部门提出安全审查申请|B.企业从事危险工序的作业人员，必须经设区的市人民政府应急管理部门考核合格|C.企业的生产工序不符合有关国家安全生产法律法规标准的，由应急管理部门责令限期改正并处以罚款|D.企业在取得《烟花爆竹安全生产许可证》后即可组织生产,D,本题主要考查的是烟花爆竹生产安全及法律责任。做题思路：了解烟花爆竹生产企业投产流程。A正确，根据《烟花爆竹安全管理条例》，第九条：生产烟花爆竹的企业，应当在投入生产前向所在地设区的市人民政府安全生产监督管理部门提出安全审查申请；B正确，从事危险工序的作业人员经设区的市人民政府安全生产监督管理部门考核合格，方可上岗作业；C正确，第三十七条：生产烟花爆竹的企业有下列行为之一的，由安全生产监督管理部门责令限期改正，处1万元以上5万元以下的罚款；逾期不改正的，责令停产停业整顿，情节严重的，吊销安全生产许可证：（二）生产工序或者生产作业不符合有关国家标准、行业标准的；D错误，错在“即可组织生产”。第十条：生产烟花爆竹的企业为扩大生产能力进行基本建设或者技术改造的，应当依照本条例的规定申请办理安全生产许可证。生产烟花爆竹的企业，持《烟花爆竹安全生产许可证》到工商行政管理部门办理登记手续后，方可从事烟花爆竹生产活动。故选D。
单选题,[2023年][河南中安]我国的自然灾害，事故灾难和公共卫生事件预警分为一级、二级、三级和四级。根据《突发事件应对法》，关于预警分级的说法，正确的是（    ）。,A.一级为最高级别，用蓝色标示|B.四级为最高级别，用黄色标示|C.四级为最高级别，用橙色标示|D.一级为最高级别，用红色标示,D,本题主要考查的是事故灾难和公共卫生事件预警，属于高频考点。做题思路：数据和颜色对应准确即可。第六十三条：国家建立健全突发事件预警制度。可以预警的自然灾害、事故灾难和公共卫生事件的预警级别，按照突发事件发生的紧急程度、发展势态和可能造成的危害程度分为一级、二级、三级和四级，分别用红色、橙色、黄色和蓝色标示，一级为最高级别。故选D。
单选题,[2023年][河南中安]某安全评价机构受某企业委托开展安全评价相关技术服务，技术服务费8万元，但未签订书面技术服务合同，该评价机构支出各项费用2万元后，出具了虚假评价报告，根据《安全评价检测机构管理办法》，关于应急管理部门对上述违法行为行政处罚的做法，正确的是（    ）。,A.没收该评价机构违法所得8万元，并处12万元罚款|B.没收该评价机构违法所得8万元，并处24万元罚款|C.没收该评价机构违法所得6万元，并处12万元罚款|D.没收该评价机构违法所得6万元，并处24万元罚款,A,本题主要考查的是出具虚假评价报告的行政处罚。做题思路：纯数据记忆题目，熟练掌握数据即可。第九十二条：承担安全评价、认证、检测、检验职责的机构租借资质、挂靠、出具虚假报告的，没收违法所得；违法所得在十万元以上的，并处违法所得二倍以上五倍以下的罚款，没有违法所得或者违法所得不足十万元的，单处或者并处十万元以上二十万元以下的罚款；对其直接负责的主管人员和其他直接责任人员处五万元以上十万元以下的罚款；给他人造成损害的，与生产经营单位承担连带赔偿责任；构成犯罪的，依照刑法有关规定追究刑事责任。对有前款违法行为的机构及其直接责任人员，吊销其相应资质和资格，五年内不得从事安全评价、认证、检测、检验等工作；情节严重的，实行终身行业和职业禁入。故选A。
单选题,[2023年][河南中安]某企业将电池芯片建设项目发包给具有相应资质的某施工单位。根据《建设项目安全设施“三同时”监督管理办法》。关于该建设项目安全设施施工的说法，错误的是（    ）。,A.该建设项目安全设施应当与建设项目主体工程同时施工|B.施工单位发现安全设施设计文件有错漏的，应当及时向该企业和设计单位提出|C.施工单位编制的安全技术措施，经技术负责人签字后即可实施|D.施工单位发现安全设施存在重大事故隐患时，应当立即停止施工,C,本题主要考查的是建设项目安全设施施工，属于高频考点。做题思路：了解三同时的主要内容，熟悉安全设施安装过程。A正确，C错误，错在“即可实施”，缺少总监理工程师签字。第十七条：建设项目安全设施的施工应当由取得相应资质的施工单位进行，并与建设项目主体工程同时施工。施工单位应当在施工组织设计中编制安全技术措施和施工现场临时用电方案，同时对危险性较大的分部分项工程依法编制专项施工方案，并附具安全验算结果，经施工单位技术负责人、总监理工程师签字后实施。施工单位应当严格按照安全设施设计和相关施工技术标准、规范施工，并对安全设施的施工质量负责；BD正确，第十八条：施工单位发现安全设施设计文件有错漏的，应当及时向生产经营单位、设计单位提出。生产经营单位、设计单位应当及时处理。施工单位发现安全设施存在重大事故隐患时，应当立即停止施工并报告生产经营单位进行整改。整改合格后，方可恢复施工。故选C。
单选题,[2023年][河南中安]某新建汽车零部件生产企业编制事故隐患排查治理制度，根据《安全生产事故隐患排查治理暂行规定》关于该企业履行事故隐患排查治理职责的做法，正确的是（    ）。,A.分管安全副总经理全面负责事故隐患排查治理工作|B.每季度、每年统计分析事故隐患排查情况并需将统计表报送有关部门|C.车间主任负责本车间重大事故隐患排查治理工作|D.事故隐患排查治理所需的资金从各部门生产成本中扣除,B,本题主要考查的是事故隐患排查治理职责。做题思路：区分不同岗位的职责及隐患排查过程。A错误，错在“分管安全副总经理全面负责”，第四条：生产经营单位应当建立健全事故隐患排查治理制度。生产经营单位主要负责人对本单位事故隐患排查治理工作全面负责；B正确，第十四条：生产经营单位应当每季、每年对本单位事故隐患排查治理情况进行统计分析，并分别于下一季度15日前和下一年1月31日前向安全监管监察部门和有关部门报送书面统计分析表。统计分析表应当由生产经营单位主要负责人签字；C错误，错在“车间主任”，第十五条：对于一般事故隐患，由生产经营单位（车间、分厂、区队等）负责人或者有关人员立即组织整改。对于重大事故隐患，由生产经营单位主要负责人组织制定并实施事故隐患治理方案；D错误，错在“从各部门生产成本中扣除”，第九条：生产经营单位应当保证事故隐患排查治理所需的资金，建立资金使用专项制度。故选B。
单选题,[2023年][河南中安]6月5日，某市应急管理部门在执法检查中发现某企业违规存放大量易燃易爆物品，拟作出罚款30万元的行政处罚，并于当日告知该企业。该企业负责人认为处罚过重，提出听证申请。根据《行政处罚法》，关于行政处罚听证程序的说法，正确的是（    ）。,A.该企业应当最迟在6月15日前提出听证申请|B.该企业可以委托企业工作人员参加听证|C.市应急管理部门应当在举行听证的15日前通知该企业|D.市应急管理部门可以指定本案调查人员主持听证,B,本题主要考查的是行政处罚听证程序，属于高频考点。做题思路：了解听证程序的流程及相关日期。第六十四条：听证应当依照以下程序组织：A错误，错在“6月15日前提出”，告知后5日内提出，故最迟6月10日。（一）当事人要求听证的，应当在行政机关告知后五日内提出；C错误，错在“15日前”。（二）行政机关应当在举行听证的七日前，通知当事人及有关人员听证的时间、地点；（三）除涉及国家秘密、商业秘密或者个人隐私依法予以保密外，听证公开举行；D错误，错在“指定本案调查人员主持”。（四）听证由行政机关指定的非本案调查人员主持；当事人认为主持人与本案有直接利害关系的，有权申请回避；B正确，（五）当事人可以亲自参加听证，也可以委托一至二人代理；（六）当事人及其代理人无正当理由拒不出席听证或者未经许可中途退出听证的，视为放弃听证权利，行政机关终止听证；（七）举行听证时，调查人员提出当事人违法的事实、证据和行政处罚建议，当事人进行申辩和质证。故选B。
单选题,[2023年][河南中安]对建设项目安全设施“三同时”进行监管，是安全生产监督管理的一项重要内容。根据《建设项目安全设施“三同时”监督管理办法》，关于建设项目安全设施的说法，正确的是（    ）。,A.用于预防生产安全事故的规章制度属于安全设施|B.用于预防急性工业中毒的设施不属于安全设施|C.用于预防职业病危害的标识属于安全设施|D.用于预防生产安全事故的技术措施属于安全设施,D,本题主要考查的是建设项目安全设施，属于高频考点。做题思路：理解安全设施概念，了解包含内容。AC错误，错在“属于”；B错误，错在“不属于”。第三条：本办法所称的建设项目安全设施，是指生产经营单位在生产经营活动中用于预防生产安全事故的设备、设施、装置、构（建）筑物和其他技术措施的总称。故选D。
单选题,[2023年][河南中安]某县应急管理部门开展专项执法检查，发现某公司有一库房住有人员，同时存放有大量危险化学品，决定对该公司采取强制措施，根据《行政强制法》《安全生产法》，关于县应急管理部门执法人员采取行政强制措施的说法，正确的是（    ）。,A.有权查封该库房|B.可以根据部门规章作出查封决定|C.可以对有关人员采取限制人身自由的措施|D.无权扣押该批危险化学品,A,本题主要考查的是行政强制措施，属于高频考点。做题思路：了解应急管理部门执法人员的职责及权力。A正确，D错误，错在“无权扣押”。第六十五条：应急管理部门和其他负有安全生产监督管理职责的部门依法开展安全生产行政执法工作，对生产经营单位执行有关安全生产的法律、法规和国家标准或者行业标准的情况进行监督检查，行使以下职权：（四）对有根据认为不符合保障安全生产的国家标准或者行业标准的设施、设备、器材以及违法生产、储存、使用、经营、运输的危险物品予以查封或者扣押，对违法生产、储存、使用、经营危险物品的作业场所予以查封，并依法作出处理决定；B错误，错在“根据部门规章”。《行政强制法》第十条：法律、法规以外的其他规范性文件不得设定行政强制措施。第二十二条：查封、扣押应当由法律、法规规定的行政机关实施，其他任何行政机关或者组织不得实施；C错误，错在“可以”。《行政处罚法》第十八条：限制人身自由的行政处罚权只能由公安机关和法律规定的其他机关行使。故选A。
单选题,[2023年][河南中安]甲公司的大型商业综合体为高层公共建筑，分别出租给乙公司开酒店、丙公司开超市，并委托丁公司对该商业综合体提供物业服务。根据《高层民用建筑消防安全管理规定》，负责该商业综合体火灾隐患排查整治的是（    ）。,A.丁公司|B.甲公司|C.乙公司|D.丙公司,A,本题主要考查的是隐患排查整治。做题思路：分析各个公司的性质及义务。第五条：同一高层民用建筑有两个及以上业主、使用人的，各业主、使用人对其专有部分的消防安全负责，对共有部分的消防安全共同负责。同一高层民用建筑有两个及以上业主、使用人的，应当共同委托物业服务企业，或者明确一个业主、使用人作为统一管理人，对共有部分的消防安全实行统一管理，协调、指导业主、使用人共同做好整栋建筑的消防安全工作，并通过书面形式约定各方消防安全责任。第六条：高层民用建筑以承包、租赁或者委托经营、管理等形式交由承包人、承租人、经营管理人使用的，当事人在订立承包、租赁、委托管理等合同时，应当明确各方消防安全责任。委托方、出租方依照法律规定，可以对承包方、承租方、受托方的消防安全工作统一协调、管理。实行承包、租赁或者委托经营、管理时，业主应当提供符合消防安全要求的建筑物，督促使用人加强消防安全管理。题目中甲公司委托丁公司提供物业服务，丁公司应对高层公共建筑进行统一管理，负责火灾隐患排查整治。故选A。
单选题,[2023年][河南中安]某县工业园区中聚集了大量危险化学品生产、储存、经营企业，根据《生产安全事故应急条例》，关于应急救援队伍建设的说法，正确的是（    ）。,A.园区内各企业应当自行建立应急救援队伍|B.园区内各企业可联合建立应急救援队伍|C.园区内不建立应急救援队伍的企业应当指定兼职应急救援人员|D.园区应当建立统一的应急救援队伍,B,本题主要考查的是应急救援队伍建设。做题思路：了解哪些企业需要建立应急救援队伍。根据《生产安全事故应急条例》第十条：易燃易爆物品、危险化学品等危险物品的生产、经营、储存、运输单位，矿山、金属冶炼、城市轨道交通运营、建筑施工单位，以及宾馆、商场、娱乐场所、旅游景区等人员密集场所经营单位，应当建立应急救援队伍；其中，小型企业或者微型企业等规模较小的生产经营单位，可以不建立应急救援队伍，但应当指定兼职的应急救援人员，并且可以与邻近的应急救援队伍签订应急救援协议。ACD错误，工业园区、开发区等产业聚集区域内的生产经营单位，可以联合建立应急救援队伍。故选B。
单选题,[2023年][河南中安]根据《生产安全事故信息报告和处置办法》，下列涉险事故中，属于较大涉险事故的是（    ）。,A.某煤业公司发生顶板事故，涉险5人|B.某建筑企业发生塌方事故，造成3人被困|C.某化工企业发生爆炸事故，造成2人下落不明|D.某化工企业发生燃气泄漏事故，紧急疏散人员200人,B,本题主要考查的是涉险事故，属于高频考点。做题思路：掌握涉险事故分级及相应数据。根据《生产安全事故信息报告和处置办法》第二十六条：较大涉险事故是指：A不属于，错在“5人”。（1）涉险10人以上的事故；B属于，C不属于，错在“2人”。（2）造成3人以上被困或者下落不明的事故；D不属于，错在“200人”。（3）紧急疏散人员500人以上的事故。（4）因生产安全事故对环境造成严重污染（人员密集场所、生活水源、农田、河流、水库、湖泊等）的事故。（5）危及重要场所和设施安全（电站、重要水利设施、危化品库、油气站和车站、码头、港口、机场及其他人员密集场所等）的事故。（6）其他较大涉险事故。故选B。
单选题,[2023年][河南中安]某经济开发区有金属冶炼、危险化学品生产、饮料生产、机械制造等企业。根据《生产安全事故应急预案管理办法》，关于企业应急预案论证或者评审的说法，正确的是（    ）。,A.小型规模金属冶炼企业应当对本单位编制的应急预案进行论证|B.大型规模饮料生产企业应当对本单位编制的应急预案进行论证|C.小型规模机械制造企业应当对本单位编制的应急预案进行评审|D.中型规模服装加工企业应当对本单位编制的应急预案进行评审,D,本题主要考查的是应急预案论证或者评审。做题思路：注意企业规模及企业性质。第二十一条：矿山、金属冶炼企业和易燃易爆物品、危险化学品的生产、经营（带储存设施的，下同）、储存、运输企业，以及使用危险化学品达到国家规定数量的化工企业、烟花爆竹生产、批发经营企业和中型规模以上的其他生产经营单位，应当对本单位编制的应急预案进行评审，并形成书面评审纪要。ABC错误，错在“应当”。前款规定以外的其他生产经营单位可以根据自身需要，对本单位编制的应急预案进行论证。故选D。
单选题,[2023年][河南中安]根据《危险化学品安全管理条例》，关于危险化学品登记与事故应急救援的说法正确的是（    ）。,A.长期进口某种危险化学品的企业发现其存在新的危险特性，可以不再办理登记手续|B.危险化学品生产企业制定的事故应急预案，应当经县级以上应急管理部门审查批准|C.危险化学品生产企业制定的事故应急预案，应当报县级以上应急管理部门备案|D.登记机构在办理登记时，既要登记危险化学品的化学性质，也要登记物理性质,D,本题主要考查的是危险化学品登记与事故应急救援。做题思路：注意批准备案的级别。A错误，错在“可以不再办理登记手续”。第六十七条：危险化学品生产企业、进口企业发现其生产、进口的危险化学品有新的危险特性的，应当及时向危险化学品登记机构办理登记内容变更手续；BC错误，错在“县级以上”。第七十条：危险化学品单位应当将其危险化学品事故应急预案报所在地设区的市级人民政府安全生产监督管理部门备案。生产企业制定的应急预案，不需要经政府部门审批，只备案即可。故选D。
单选题,[2023年][河南中安]甲、乙、丙、丁四名女工中，甲从事第四级高处作业，乙从事第三级体力强度作业。丙从事第四级噪声作业，丁从事第三级高温作业。若甲和丁在经期，丙在孕期，乙在哺乳期。根据《女职工劳动保护特别规定》可以继续从事原岗位工作的是（    ）。,A.甲|B.乙|C.丙|D.丁,D,本题主要考查的是女职工劳动保护，属于高频考点。做题思路：注意区分女职工在经期、孕期和哺乳期的禁忌。女职工在经期禁忌从事的劳动范围：A错误，错在“四级高处作业”，（4）高处作业分级标准中规定的第三级、第四级高处作业；C错误，错在“第四级噪声作业”，女职工在孕期禁忌从事的劳动范围：（8）噪声作业分级标准中规定的第三级、第四级的作业；B错误，错在“第三级体力强度作业”，女职工在哺乳期禁忌从事的劳动范围：（9）体力劳动强度分级标准中规定的第三级、第四级体力劳动强度的作业。故选D。
单选题,[2023年][河南中安]甲为中央企业子公司，乙为民营企业集团公司，丙为省属企业子公司，丁为省属企业总公司，根据《安全生产培训管理办法》，关于上述公司主要负责人安全培训考核的说法，正确的是（    ）。,A.甲公司主要负责人的考核由国务院应急管理部门负责|B.乙公司主要负责人的考核由省应急管理部门负责|C.丁公司主要负责人的考核由县应急管理部门负责|D.丙公司主要负责人的考核由市应急管理部门负责,D,本题主要考查的是负责人安全培训考核。做题思路：注意不同公司主要负责人的考核是不同的。第三十条：国家安全监管总局负责省级以上安全生产监督管理部门的安全生产监管人员、各级煤矿安全监察机构的煤矿安全监察人员的考核；负责中央企业的总公司、总厂或者集团公司的主要负责人和安全生产管理人员的考核。AC错误，错在“政府级别”。省级安全生产监督管理部门负责市级、县级安全生产监督管理部门的安全生产监管人员的考核；负责省属生产经营单位和中央企业分公司、子公司及其所属单位的主要负责人和安全生产管理人员的考核；负责特种作业人员的考核；B错误，错在“省”。市级安全生产监督管理部门负责本行政区域内除中央企业、省属生产经营单位以外的其他生产经营单位的主要负责人和安全生产管理人员的考核。省级煤矿安全培训监管机构负责所辖区域内煤矿企业的主要负责人、安全生产管理人员和特种作业人员的考核。除主要负责人、安全生产管理人员、特种作业人员以外的生产经营单位的其他从业人员的考核，由生产经营单位按照省级安全生产监督管理部门公布的考核标准，自行组织考核。故选D。
单选题,[2023年][河南中安]从业人员的安全素质直接关系到生产经营单位的安全生产水平，加强安全生产教育培训是保障安全生产的重要举措。根据《安全生产法》，关于安全生产教育培训的说法，正确的是（    ）。,A.从业人员应当通过教育培训掌握本岗位安全操作技能|B.从业人员有权放弃生产经营单位组织的安全生产教育培训|C.从业人员经过安全生产教育培训即可上岗作业|D.被派遣劳动者可以不参加用工单位的安全生产教育培训,A,本题主要考查的是安全生产教育培训，属于高频考点。做题思路：注意岗位不同，培训内容不同。A正确，根据《安全生产法》第二十八条：生产经营单位应当对从业人员进行安全生产教育和培训，保证从业人员具备必要的安全生产知识，熟悉有关的安全生产规章制度和安全操作规程，掌握本岗位的安全操作技能，了解事故应急处理措施，知悉自身在安全生产方面的权利和义务。未经安全生产教育和培训合格的从业人员，不得上岗作业。生产经营单位使用被派遣劳动者的，应当将被派遣劳动者纳入本单位从业人员统一管理，对被派遣劳动者进行岗位安全操作规程和安全操作技能的教育和培训。劳务派遣单位应当对被派遣劳动者进行必要的安全生产教育和培训；B错误，错在“有权放弃”，C错误，错在“即可”。第五十八条：从业人员应当接受安全生产教育和培训，掌握本职工作所需的安全生产知识，提高安全生产技能，增强事故预防和应急处理能力；D错误，“可以不参加”。第六十一条：生产经营单位使用被派遣劳动者的，被派遣劳动者享有本法规定的从业人员的权利，并应当履行本法规定的从业人员的义务。故选A。
单选题,[2023年][河南中安]甲施工企业承担乙市政公司的道路雨污水管道工程，丙公司为监理单位。甲企业的顶管作业现场邻近丁公司的大型商场，可能会对该商场安全造成影响。根据《建筑法》，负责对商场采取安全防护措施的单位是（    ）。,A.甲施工企业|B.乙市政公司|C.丙公司|D.丁公司,A,本题主要考查的是不同企业的安全防护职责，属于高频考点。做题思路：理解不同单位的职责和义务。根据《建筑法》第三十九条：建筑施工企业应当在施工现场采取维护安全、防范危险、预防火灾等措施；有条件的，应当对施工现场实行封闭管理。施工现场对毗邻的建筑物、构筑物和特殊作业环境可能造成损害的，建筑施工企业应当采取安全防护措施。故选A。
单选题,[2023年][河南中安]下列管道中，适用《危险化学品输送管道安全管理规定》的是（    ）。,A.某氯碱企业厂区内危险化学品管道|B.某炼化企业的成品油输送管道|C.某农药企业厂区外公共区域架空危险化学品管道|D.某食品企业厂区外城镇燃气管道,C,本题主要考查的是危险化学品输送管道安全管理规定。做题思路：不同管道适用的法律法规是不同的。氯碱化工指的是工业上用电解饱和氯化钠溶液的方法来制取氢氧化钠（NaOH）、氯气（Cl2）和氢气（H2），并以它们为原料生产一系列化工产品。氯碱工业的产品除应用于化学工业本身外，还广泛应用于轻工业、纺织工业、冶金工业、石油化学工业以及公用事业。A不适用，C适用，根据《危险化学品输送管道安全管理规定》第二条：生产、储存危险化学品的单位在厂区外公共区域埋地、地面和架空的危险化学品输送管道及其附属设施（以下简称危险化学品管道）的安全管理，适用本规定；BD不适用，原油、成品油、天然气、煤层气、煤制气长输管道安全保护和城镇燃气管道的安全管理，不适用本规定。故选C。
单选题,[2023年][河南中安]某市应急管理部门多次检查发现某企业安全生产设施及劳动防护用品投入不到位，危及作业人员安全，遂通报有关部门，采取联合惩戒措施。根据《安全生产法》，下列安全生产失信行为联合惩戒相关措施中，错误的是（    ）。,A.加大行政处罚力度|B.增加执法检查频次|C.上调有关保险费率|D.实施相关行业禁入,A,本题主要考查的是安全生产失信行为联合惩戒，属于高频考点。做题思路：理解相关部门的权力即可。BCD正确，第七十八条：负有安全生产监督管理职责的部门应当建立安全生产违法行为信息库，如实记录生产经营单位及其有关从业人员的安全生产违法行为信息；对违法行为情节严重的生产经营单位及其有关从业人员，应当及时向社会公告，并通报行业主管部门、投资主管部门、自然资源主管部门、生态环境主管部门、证券监督管理机构以及有关金融机构。有关部门和机构应当对存在失信行为的生产经营单位及其有关从业人员采取加大执法检查频次、暂停项目审批、上调有关保险费率、行业或者职业禁入等联合惩戒措施，并向社会公示。故选A。
单选题,[2023年][河南中安]某企业涉及铝镁金属粉尘爆炸风险。根据《工贸企业粉尘防爆安全规定》，关于该企业粉尘防爆安全管理的做法，正确的是（    ）。,A.存在粉尘爆炸危险的工艺单独采用隔爆措施|B.铝镁金属粉尘废屑的收集采用袋装后多层堆垛码放|C.铝制品加工区金属粉尘采用负压方式除尘|D.对停止运行的除尘系统进行维修作业时使用非防爆工具,C,本题主要考查的是粉尘防爆安全管理。做题思路：熟悉防爆措施。A错误，错在“单独采用隔爆措施”。第十五条：存在粉尘爆炸危险的工艺设备应当采用泄爆、隔爆、惰化、抑爆、抗爆等一种或者多种控爆措施，但不得单独采取隔爆措施；B错误，错在“多层堆垛码放”，第十八条：铝镁等金属粉尘和镁合金废屑的收集、贮存等处置环节，应当避免粉尘废屑大量堆积或者装袋后多层堆垛码放；C正确，第十五条：铝镁等金属粉尘应当采用负压方式除尘，其他粉尘受工艺条件限制，采用正压方式吹送时，应当采取可靠的防范点燃源的措施；D错误，错在“使用非防爆工具”。第十九条：作业时，生产设备应当处于停止运行状态，检修维修工具应当采用防止产生火花的防爆工具。故选C。
单选题,[2023年][河南中安]生产经营单位开展作业活动应当落实安全措施，确保遵守操作规程，根据《安全生产法》，下列作业中，生产经营单位应当安排专门人员进行现场安全管理的是（    ）。,A.动火、爆破、高温、地下挖掘|B.吊装、高温、交叉、有限空间|C.拆除、动土、搬运、临高压线|D.爆破、吊装、动火、临时用电,D,本题主要考查的是需要安排专门人员进行现场安全管理的作业，属于高频考点。做题思路：了解相应作业，熟悉应当安排专门人员进行现场安全管理的作业。第四十三条：生产经营单位进行爆破、吊装、动火、临时用电以及国务院应急管理部门会同国务院有关部门规定的其他危险作业，应当安排专门人员进行现场安全管理，确保操作规程的遵守和安全措施的落实。故选D。
单选题,[2023年][河南中安]根据《生产经营单位安全培训规定》，关于生产经营单位从业人员安全培训的说法，正确的是（    ）。,A.接收中等职业学校学生实习的，应当对实习学生进行相应的安全培训|B.生产经营单位的新入职财务人员可以不经安全培训，直接上岗|C.使用被派遣劳动者的，安全培训工作由劳务派遣单位负责|D.对于新入职的工作经验丰富的职工，可根据实际减少安全培训时间,A,本题主要考查的是生产经营单位从业人员安全培训，属于高频考点。做题思路：注意岗位不同，培训内容及上岗时间不同。B错误，错在“可以不经安全培训，直接上岗”，C错误，错在“由劳务派遣单位负责”，D错误，错在“可根据实际减少安全培训时间”。第四条：生产经营单位应当进行安全培训的从业人员包括主要负责人、安全生产管理人员、特种作业人员和其他从业人员。生产经营单位使用被派遣劳动者的，应当将被派遣劳动者纳入本单位从业人员统一管理，对被派遣劳动者进行岗位安全操作规程和安全操作技能的教育和培训。劳务派遣单位应当对被派遣劳动者进行必要的安全生产教育和培训。生产经营单位接收中等职业学校、高等学校学生实习的，应当对实习学生进行相应的安全生产教育和培训，提供必要的劳动防护用品。学校应当协助生产经营单位对实习学生进行安全生产教育和培训。故选A。
单选题,[2023年][河南中安]甲施工单位承建乙建设单位开发的项目，2021年5月8日，甲施工单位在地下室浇筑施工作业过程中，发生模板坍塌事故，事故发生后，甲施工单位立即组织自救并向相关部门进行报告，根据《生产安全事故报告和调查处理条例》甲施工单位应当报告的内容是（    ）。,A.建设单位概况和事故的详细经过|B.事故发生的原因和事故造成的经济损失|C.事故现场情况和已经采取的措施|D.事故造成的直接经济损失和事故的性质,C,本题主要考查的是施工单位应当报告的内容。做题思路：注意施工单位的职责和义务。A错误，错在“建设单位、详细经过”；B错误，错在“原因和事故造成的经济损失”；D错误，错在“事故的性质”。第十二条：报告事故应当包括下列内容：（一）事故发生单位概况；（二）事故发生的时间、地点以及事故现场情况；（三）事故的简要经过；（四）事故已经造成或者可能造成的伤亡人数（包括下落不明的人数）和初步估计的直接经济损失；（五）已经采取的措施；（六）其他应当报告的情况。故选C。
单选题,[2023年][河南中安]甲省乙市丙县某爆破公司长期为本县的矿山企业实施爆破作业。根据《民用爆炸物品安全管理条例》，关于该公司爆破作业安全管理的说法，错误的是（    ）。,A.在该县风景名胜区实施爆破作业的，应当向乙市公安机关提出申请|B.在该县城区实施爆破作业的，应当由具有相应资质的安全监理企业进行监理|C.该公司应当将不再使用的雷管登记造册，并报丙县公安机关监督销毁|D.该公司实施爆破作业的人员，应当经丙县公安机关考核合格,D,本题主要考查的是爆破作业安全管理。做题思路：区分各级政府相关部门的职责和义务。AB正确，第三十五条：在城市、风景名胜区和重要工程设施附近实施爆破作业的，应当向爆破作业所在地设区的市级人民政府公安机关提出申请，提交《爆破作业单位许可证》和具有相应资质的安全评估企业出具的爆破设计、施工方案评估报告。受理申请的公安机关应当自受理申请之日起20日内对提交的有关材料进行审查，对符合条件的，作出批准的决定；对不符合条件的，作出不予批准的决定，并书面向申请人说明理由。实施前款规定的爆破作业，应当由具有相应资质的安全监理企业进行监理，由爆破作业所在地县级人民政府公安机关负责组织实施安全警戒；C正确，第三十九条：爆破作业单位不再使用民用爆炸物品时，应当将剩余的民用爆炸物品登记造册，报所在地县级人民政府公安机关组织监督销毁；D错误，错在“丙县”。第三十三条：爆破作业单位应当对本单位爆破作业人员、安全管理人员、仓库管理人员进行专业技术培训。爆破作业人员应当经设区的市级人民政府公安机关考核合格，取得《爆破作业人员许可证》后，方可从事爆破作业。故选D。
单选题,[2023年][河南中安]根据《民用爆炸物品安全管理条例》，关于民用爆炸物品安全管理的说法，正确的是（    ）。,A.民用起爆器材生产企业不适用《民用爆炸物品安全管理条例》|B.因交通肇事被判处拘役的人员不得从事民用爆炸物品的运输|C.硝酸铵的销售、购买不适用《民用爆炸物品安全管理条例》|D.公安机关是民用爆炸物品的行业主管部门,B,本题主要考查的是民用爆炸物品安全管理条例的适用性。做题思路：了解企业性质及适用的法律法规。A错误，错在“不适用”；C错误，错在“不适用”，第二条：民用爆炸物品的生产、销售、购买、进出口、运输、爆破作业和储存以及硝酸铵的销售、购买，适用本条例。本条例所称民用爆炸物品，是指用于非军事目的、列入民用爆炸物品品名表的各类火药、炸药及其制品和雷管、导火索等点火、起爆器材；B正确，第六条：无民事行为能力人、限制民事行为能力人或者曾因犯罪受过刑事处罚的人，不得从事民用爆炸物品的生产、销售、购买、运输和爆破作业；D错误，错在“公安机关”，第四条：民用爆炸物品行业主管部门负责民用爆炸物品生产、销售的安全监督管理。公安机关负责民用爆炸物品公共安全管理和民用爆炸物品购买、运输、爆破作业的安全监督管理，监控民用爆炸物品流向。故选B。
单选题,[2023年][河南中安]某食品公司招聘一批工人，其中，李某和王某被分配在包厢车间，李某已怀孕2个月，王某现年17周岁，根据《劳动法》，关于女职工和未成年工特殊保护的说法，正确的是（    ）。,A.该公司不得安排王某从事有毒有害的工作|B.该公司不得安排李某加班|C.该公司不得安排李某从事国家规定的第二级体力劳动强度的工作|D.该公司不得安排王某加班,A,本题主要考查的是女职工和未成年工特殊保护，属于高频考点。做题思路：注意女职工不同情形及未成年工的特殊保护。A正确，D错误，错在“不得安排王某加班”，未成年工是指年满十六周岁未满十八周岁的劳动者。第六十四条：不得安排未成年工从事矿山井下、有毒有害、国家规定的第四级体力劳动强度的劳动和其他禁忌从事的劳动；BC错误，错在“不得安排”。第六十一条：不得安排女职工在怀孕期间从事国家规定的第三级体力劳动强度的劳动和孕期禁忌从事的劳动。对怀孕七个月以上的女职工，不得安排其延长工作时间和夜班劳动。故选A。
单选题,"[2023年][河南中安]王某于2022年被聘为某危险化学品生产企业总经理，上岗前进行了安全培训，取得了安全知识和管理能力考核合格证。根据《生产经营单位安全培训规定》,2023年王某参加安全培训的最少时间是（    ）。",A.8学时|B.12学时|C.32学时|D.16学时,D,本题主要考查的是安全培训的时间，属于高频考点。做题思路：纯数据记忆题目，熟练掌握数据即可。《生产经营单位安全培训规定》第九条：生产经营单位主要负责人和安全生产管理人员初次安全培训时间不得少于32学时。每年再培训时间不得少于12学时。煤矿、非煤矿山、危险化学品、烟花爆竹、金属冶炼等生产经营单位主要负责人和安全生产管理人员初次安全培训时间不得少于48学时，每年再培训时间不得少于16学时。王某为高危企业的主要负责人，在2022年初次培训48学时，2023年进行再培训为16学时。故选D。
单选题,[2023年][河南中安]甲公司为员工王某缴纳了工伤保险费。由于公司管理不善，导致王某因事故受到伤害，王某获得了工伤保险赔偿。根据《安全生产法》，关于王某民事赔偿权利的说法，正确的是（    ）。,A.自动丧失民事赔偿|B.应当放弃民事赔偿|C.无权享有民事赔偿|D.仍有权提出民事赔偿,D,本题主要考查的是民事赔偿权利，属于高频考点。做题思路：熟悉员工的民事赔偿权利。根据《安全生产法》第五十六条第二款规定：因生产安全事故受到损害的从业人员，除依法享有工伤保险外，依照有关民事法律尚有获得赔偿的权利的，有权提出赔偿要求。故选D。
单选题,[2023年][河南中安]某建筑公司仓库突发火灾，该公司副总经理马某为减少经济损失，在没有任何防护措施的情况下，强令员工李某进入着火的仓库搬出存放的沥青卷材，并称若李某不服从安排就予以辞退。根据《劳动合同法》，关于该公司与李某之间劳动合同的履行的说法，正确的是（    ）。,A.李某应当服从马某安排，立即进入仓库搬运沥青卷材|B.李某可以不服从马某安排，并立即解除与该公司的劳动合同，但应当事先告知该公司|C.李某可以不服从马某安排，并立即解除与该公司的劳动合同，但无权获得经济补偿|D.李某可以不服从马某安排，并立即解除与该公司的劳动合同，无需事先告知该公司,D,本题主要考查的是劳动合同的履行，属于高频考点。做题思路：熟悉领导和员工的权利及义务。 A错误，错在“应当服从”，B错误，错在“应当事先告知该公司”。第三十八条：用人单位以暴力、威胁或者非法限制人身自由的手段强迫劳动者劳动的，或者用人单位违章指挥、强令冒险作业危及劳动者人身安全的，劳动者可以立即解除劳动合同，不需事先告知用人单位；C错误，错在“无权获得经济补偿”，有权获得经济补偿。故选D。
单选题,[2023年][河南中安]春节期间，某县人民政府发布了关于燃放烟花爆竹的规定。根据《烟花爆竹安全管理条例》，关于燃放烟花爆竹安全管理的说法，正确的是（    ）。,A.燃放单位可以自行确定限制燃放烟花爆竹的时间、地点|B.县公安机关应当对违反焰火燃放规定的单位进行处理|C.对举办春节焰火晚会的申请，应当自受理之日起30日内作出决定|D.县应急管理部门应当负责监督检查春节期间焰火燃放活动,B,本题主要考查的是燃放烟花爆竹安全管理。做题思路：结合实际情况，记忆相关数据。A错误，错在“可以自行确定”，第二十八条：燃放烟花爆竹，应当遵守有关法律、法规和规章的规定。县级以上地方人民政府可以根据本行政区域的实际情况，确定限制或者禁止燃放烟花爆竹的时间、地点和种类；B正确，C错误，错在“30日”；D错误，错在“县应急管理部门”，第四十二条：对未经许可举办焰火晚会以及其他大型焰火燃放活动，或者焰火晚会以及其他大型焰火燃放活动燃放作业单位和作业人员违反焰火燃放安全规程、燃放作业方案进行燃放作业的，由公安部门责令停止燃放，对责任单位处1万元以上万元以下的罚款。在禁止燃放烟花爆竹的时间、地点燃放烟花爆竹，或者以危害公共安全和人身、财产安全的方式燃放烟花爆竹的，由公安部门责令停止燃放，处100元以上500元以下的罚款；构成违反治安管理行为的，依法给予治安管理处罚；受理申请的公安部门应当自受理申请之日起20日内对提交的有关材料进行审查，对符合条件的，核发《焰火燃放许可证》；对不符合条件的，应当说明理由焰火晚会以及其他大型焰火燃放活动燃放作业单位和作业人员，应当按照焰火燃放安全规程和经许可的燃放作业方案进行燃放作业。公安部门应当加强对危险等级较高的焰火晚会以及其他大型焰火燃放活动的监督检查。故选B。
单选题,[2023年][河南中安]国家对有关行业实行安全生产许可制度，根据《安全生产许可证条例》，下列企业中，应当取得安全生产许可证的是（    ）。,A.从业人员30人的建筑施工企业|B.从业人员100人的船舶制造业|C.从业人员300人的服装加工企业|D.从业人员50人的金属冶炼企业,A,本题主要考查的是安全生产许可制度，属于高频考点。做题思路：注意人数和企业性质。第二条：国家对矿山企业、建筑施工企业和危险化学品、烟花爆竹、民用爆炸物品生产企业（以下统称企业）实行安全生产许可制度。故选A。
单选题,[2023年][河南中安]2022年5月10日，张某进入某公司工作，同年6月1日，张某与该公司签订了一年的劳动合同，试用期1个月。根据《劳动合同法》说法正确的是（    ）。,A.张某与该公司2022年6月1日建立劳动关系|B.合同自2022年7月1日起生效|C.合同自2022年6月1日起生效|D.张某与该公司2022年7月1日建立起劳动关系,C,本题主要考查的是劳动合同，属于高频考点。做题思路：主要考核日期，熟悉即可。AD错误，错在“建立劳动关系的时间”。第七条：用人单位自用工之日起即与劳动者建立劳动关系。用人单位应当建立职工名册备查；B错误，错在“7月1日”；C正确，第十六条：劳动合同由用人单位与劳动者协商一致，并经用人单位与劳动者在劳动合同文本上签字或者盖章生效。故选C。
单选题,"[2023年][河南中安]一、单选题
1
标记
收藏

中国共产党的二十大报告指出，要提高公共安全治理水平，坚持安全第一、预防为主，建立大安全大应急框架，完善公共安全体系，推动公共安全治理模式为（    ）转型。",A.风险防控|B.隐患治理|C.问责处理|D.事前预防|A.《中华人民共和国消防救援衔条例》|B.《女职工劳动保护特别规定》|C.《北京市安全生产条例》|D.《建筑起重机械安全监督管理规定》|A.不同类型的生产经营单位应当具备相同的安全生产条件|B.生产经营单位应当具备法律法规和各类标准规定的安全生产条件|C.生产经营单位从事生产经营活动应当取得安全生产许可|D.个体工商户应当具备必要的安全生产条件|A.督促落实重大危险源安全管理措施，保证本公司安全生产投入的有效实施|B.建立并落实本公司全员安全生产责任制，加强安全生产标准化建设|C.组织制定并实施本公司安全生产规章制度和操作规程|D.检查本公司的安全生产工作，提出改进安全生产管理的建议|A.对事故中的死者，可以以相同数额确定死亡赔偿金|B.应当按照死者身份，分别确定死亡赔偿金额|C.死亡赔偿金额原则上不同，一人一方案|D.为节省司法资源，死亡赔偿金额应当一致|A.造成5人轻伤|B.造成3人重伤|C.造成直接经济损失90万元|D.未取得安全生产许可证|A.执法人员应当重点抽查该企业有限空间作业人员劳动防护用品配备情况|B.执法人员应当重点抽查该企业有限空间作业审批情况|C.执法人员应当责令该企业暂时停止作业，撤出作业人员|D.重大事故隐患排除后，经专家审查同意，该企业方可恢复作业|A.经考核发证机关同意，可以在2026年9月20日前复审|B.复审应当提交社区或者县级以上医疗机构出具的健康证明|C.复审应当在期满前30日内，向原考证发证机关或者从业地考核发证机关提出申请|D.复审应当提交从事特种作业的情况，安全培训考核合格记录|A.丙剧院必须保障演出场所的应急广播符合法律、法规、技术标准的规定|B.丙剧院应当负责对参加活动的人员进行安全检查|C.乙传媒公司应当制定本次活动安全监督方案和突发事件处置预案|D.甲企业应当配备与本次演出安全工作需要相适应的专业保安人员|A.张某应当立即撤离施工现场|B.张某应当立即向建设行政主管部门报告|C.张某应当立即向应急管理部门报告|D.张某应当立即报告本企业负责人|A.船舶上的压力容器|B.矿山井下使用的升降机|C.机械加工企业的压力管道|D.民用机场专用机动车辆|A.公安机关的人民警察依法执行紧急公务时，有权在高速道路上拦截检查行驶的车辆|B.张某驾驶的私家车在高速路上行驶赶往医院，时速可以超过120公里|C.某公司运货的全挂拖斗车在高速路上行驶，时速不得超过70公里|D.人民法院的法警执行紧急公务时，在保证安全的前提下有权在高速路上拦截检查行驶的车辆|A.张某和该企业以伤残津贴为基数，缴纳基本医疗保险费|B.张某可以领取的一次性伤残补助金为24个月的本人工资|C.该企业可以自该起事故发生第3个月起对刘某停发工资|D.刘某被宣告死亡后，其妻子享受每月30%的供养亲属抚恤金|A.李某受伤系个人违规操作所致，不能认定为工伤|B.在企业未对李某提出工伤认定情况下，李某应当自事故伤害之日起180天内提出工伤认定申请|C.在企业未对李某提出工伤认定情况下，李某的哥哥可以提出工伤认定申请|D.企业不认为是工伤，李某申请工伤认定时，应当由李某承担举证责任|A.消防安全检查|B.消防设施审查|C.消防设施验收|D.消防安全备案|A.可以不建立应急救援组织，但应当指定专职的应急救援人员|B.应当建立应急救援组织，且专职应急救援人员必须经过严格训练|C.应当建立应急救援组织，且兼职应急救援人员数量不得少于8人|D.可以不建立应急救援组织，但应当委托邻近的应急救援队伍提供服务|A.企业在投入生产前，应当向所在地设区的市人民政府应急管理部门提出安全审查申请|B.企业从事危险工序的作业人员，必须经设区的市人民政府应急管理部门考核合格|C.企业的生产工序不符合有关国家安全生产法律法规标准的，由应急管理部门责令限期改正并处以罚款|D.企业在取得《烟花爆竹安全生产许可证》后即可组织生产|A.一级为最高级别，用蓝色标示|B.四级为最高级别，用黄色标示|C.四级为最高级别，用橙色标示|D.一级为最高级别，用红色标示|A.没收该评价机构违法所得8万元，并处12万元罚款|B.没收该评价机构违法所得8万元，并处24万元罚款|C.没收该评价机构违法所得6万元，并处12万元罚款|D.没收该评价机构违法所得6万元，并处24万元罚款|A.该建设项目安全设施应当与建设项目主体工程同时施工|B.施工单位发现安全设施设计文件有错漏的，应当及时向该企业和设计单位提出|C.施工单位编制的安全技术措施，经技术负责人签字后即可实施|D.施工单位发现安全设施存在重大事故隐患时，应当立即停止施工|A.分管安全副总经理全面负责事故隐患排查治理工作|B.每季度、每年统计分析事故隐患排查情况并需将统计表报送有关部门|C.车间主任负责本车间重大事故隐患排查治理工作|D.事故隐患排查治理所需的资金从各部门生产成本中扣除|A.该企业应当最迟在6月15日前提出听证申请|B.该企业可以委托企业工作人员参加听证|C.市应急管理部门应当在举行听证的15日前通知该企业|D.市应急管理部门可以指定本案调查人员主持听证|A.用于预防生产安全事故的规章制度属于安全设施|B.用于预防急性工业中毒的设施不属于安全设施|C.用于预防职业病危害的标识属于安全设施|D.用于预防生产安全事故的技术措施属于安全设施|A.有权查封该库房|B.可以根据部门规章作出查封决定|C.可以对有关人员采取限制人身自由的措施|D.无权扣押该批危险化学品,B,本题主要考查的是危险化学品安全管理条例。做题思路：注意物质的性质。根据《危险化学品安全管理条例》第九十七条：民用爆炸物品、烟花爆竹、放射物品、核能物质以及用于国防科研生产的危险化学品的安全管理，不适用本条例。故选B。
单选题,[2023年][河南中安]李某是化工专业类注册安全工程师，在某化工企业从事安全生产管理工作，根据《注册安全工程师管理规定》，下列事项中，无需李某参与签署意见的是（    ）。,A.制定安全生产规章制度|B.制定从业人员安全培训计划|C.选用发放劳动防护用品|D.确定企业安全生产费用支出,D,本题主要考查的是注册安全工程师参与签署的文件。做题思路：了解注安工程师的权利及义务。D不需要，根据《注册安全工程师管理规定》第十九条：生产经营单位的下列安全生产工作，应有注册安全工程师参与并签署意见：A需要，（一）制定安全生产规章制度、安全技术操作规程和作业规程；（二）排查事故隐患，制定整改方案和安全措施；B需要，（三）制定从业人员安全培训计划；C需要，（四）选用和发放劳动防护用品；（五）生产安全事故调查；（六）制定重大危险源检测、评估、监控措施和应急救援预案；（七）其他安全生产工作事项。故选D。
单选题,[2023年][河南中安]根据《特种设备安全法》，关于特种设备安全工作的说法，正确的是（    ）。,A.特种设备安全工作的原则是安全第一，预防为主，节能环保和综合治理|B.国家对特种设备的生产、经营、使用，实施分阶段、全过程管理|C.国务院应急管理部门负责对全国特种设备安全实施监督管理|D.县级以上应急管理部门应当建立协调机制，及时协调，解决特种设备安全监督管理中存在的问题,A,【解析】本题主要考查的是特种设备安全工作。做题思路：熟悉特种设备安全法相关条款。 A正确，第三条：特种设备安全工作应当坚持安全第一、预防为主、节能环保、综合治理的原则；B错误，错在“分阶段”。第四条：国家对特种设备的生产、经营、使用，实施分类的、全过程的安全监督管理；C错误，错在“应急管理部门”。第五条：国务院负责特种设备安全监督管理的部门对全国特种设备安全实施监督管理。县级以上地方各级人民政府负责特种设备安全监督管理的部门对本行政区域内特种设备安全实施监督管理；D错误，错在“县级以上应急管理部门”。第六条：县级以上地方各级人民政府应当建立协调机制，及时协调、解决特种设备安全监督管理中存在的问题。故选A。
单选题,[2023年][河南中安]某县应急管理部门对辖区某机构加工企业执法检查，发现该企业未建立特种作业人员档案，电工未取得特种作业操作证上岗作业。根据《特种作业人员安全技术培训考核管理规定》，关于该应急管理部门对上述违法行为行政处理的做法。正确的是（    ）。,A.对未建立特种作业人员档案的违法行为，给予警告，并处10万元的罚款|B.对未取得特种作业操作证的人员上岗作业的违法行为，责令限期改正|C.对未取得特种作业操作证的人员处5万元的罚款|D.对安排未取得特种作业操作证的人员上岗作业的违法行为，责令停业整顿,B,【解析】本题主要考查的是特种作业人员相关处罚。做题思路：相关数据要记忆。 A错误，错在“10万元”。第三十八条：生产经营单位未建立健全特种作业人员档案的，给予警告，并处1万元以下的罚款；B正确，C错误，错在“对人员处5万元”；D错误，错在“责令停业整顿”。第三十九条：生产经营单位使用未取得特种作业操作证的特种作业人员上岗作业的，责令限期改正，可以处5万元以下的罚款；逾期未改正的，责令停产停业整顿，并处5万元以上10万元以下的罚款，对直接负责的主管人员和其他直接责任人员处1万元以上2万元以下的罚款。故选B。
单选题,[2023年][河南中安]甲危险化学品经营企业有员工20人，乙机械加工企业有员工105人，丙建筑企业有员工99人，丁金融服务企业有员工150人。根据《安全生产法》，关于安全生产管理机构和安全生产管理人员的说法，正确的是（    ）。,A.甲企业可以不设置安全生产管理机构，但应当配备专职安全生产管理人员|B.乙企业应当设置安全生产管理机构并配备专职安全生产管理人员|C.丙企业可以不设置安全生产管理机构，但应当配备专职或者兼职安全生产管理人员|D.丁企业属于危险性较小的企业，可以不配备安全生产管理人员,A,【解析】本题主要考查的是安全生产管理机构和安全生产管理人员，属于高频考点。做题思路：企业性质和人数是关键。 B错误，错在“并配备”，乙企业可以设置安全生产管理机构，或者配备专职安全生产管理人员；C错误，错在“或者兼职安全生产管理人员”，丙建筑企业可以不设置安全生产管理机构，但应当配备专职安全生产管理人员；D错误，错在“可以不配备”。根据《安全生产法》第二十四条：矿山、金属冶炼、建筑施工、运输单位和危险物品的生产、经营、储存、装卸单位，应当设置安全生产管理机构或者配备专职安全生产管理人员。前款规定以外的其他生产经营单位，从业人员超过一百人的，应当设置安全生产管理机构或者配备专职安全生产管理人员；从业人员在一百人以下的，应当配备专职或者兼职的安全生产管理人员；前款规定以外的其他生产经营单位，从业人员超过一百人的，应当设置安全生产管理机构或者配备专职安全生产管理人员。故选A。
单选题,[2023年][河南中安]甲、乙、丙是某生物制药公司员工。甲是老员工，经验丰富，但无制冷与空调设备安装、修理作业的证书；乙是新招录的职业学院制冷专业毕业生；丙持有制冷与空调设备运行操作作业的证书；丁是某制冷设备修理公司员工，持有制冷与空调设备安装、修理作业的证书。现该生物制药公司需检修中型制冷空调设备，根据《特种作业人员安全技术培训考核管理规定》，适合从事该修理作业的人员是（    ）。,A.甲|B.丁|C.乙|D.丙,B,【解析】本题主要考查的是特种作业人员的判断。做题思路：特种作业要有相应的证书。 第五条：特种作业人员必须经专门的安全技术培训并考核合格，取得《中华人民共和国特种作业操作证》（以下简称特种作业操作证）后，方可上岗作业。根据《特种作业目录》，制冷与空调作业：指对大中型制冷与空调设备运行操作、安装与修理的作业。故选B。
单选题,[2023年][河南中安]根据《生产安全事故应急条例》，关于应急培训的说法，正确的是（    ）。,A.对应急救援人员进行必要的应急救援技能培训即可|B.应急救援人员经培训后即可参加应急救援工作|C.专兼职应急救援人员所在单位应当对应急救援人员进行培训|D.应急救援人员培训情况应当报送应急管理部门,C,【解析】本题主要考查的是应急培训。做题思路：熟悉应急培训相关内容。 根据《生产安全事故应急条例》第十一条：应急救援队伍的应急救援人员应当具备必要的专业知识、技能、身体素质和心理素质。AB错误，错在“培训即可”；C正确，应急救援队伍建立单位或者兼职应急救援人员所在单位应当按照国家有关规定对应急救援人员进行培训；应急救援人员经培训合格后，方可参加应急救援工作。应急救援队伍应当配备必要的应急救援装备和物资，并定期组织训练；D错误，无相关要求。故选C。
单选题,[2023年][河南中安]某公司设有一家大型的娱乐设施场所，设置了客运索道，根据《特种设备安全监察条例》，关于该公司的客运索道安全管理的说法，正确的是（    ）。,A.客运索道投入使用前30日内，必须向所在直辖市或者设区的市特种安全监督管理部门登记|B.应当建立客运索道的技术档案，档案内容必须包括设备运行的检查记录|C.应当对客运索道每季度进行一次自行检查|D.主要负责人应当至少每半年召开一次索道安全工作会议,B,【解析】本题主要考查的是客运索道安全管理。做题思路：熟悉特种设备安全技术档案相关内容。 A错误，错在“前30日内”，第二十五条：特种设备在投入使用前或者投入使用后30日内，特种设备使用单位应当向直辖市或者设区的市的特种设备安全监督管理部门登记；B正确，第二十六条：特种设备使用单位应当建立特种设备安全技术档案。安全技术档案应当包括以下内容：（一）特种设备的设计文件、制造单位、产品质量合格证明、使用维护说明等文件以及安装技术文件和资料；（二）特种设备的定期检验和定期自行检查的记录；（三）特种设备的日常使用状况记录；（四）特种设备及其安全附件、安全保护装置、测量调控装置及有关附属仪器仪表的日常维护保养记录；（五）特种设备运行故障和事故记录；（六）高耗能特种设备的能效测试报告、能耗状况记录以及节能改造技术资料；C错误，错在“每季度”，特种设备使用单位对在用特种设备应当至少每月进行一次自行检查；D错误，错在“每半年”，使用单位的主要负责人至少应当每月召开一次会议，督促、检查客运索道、大型游乐设施的安全使用工作。故选B。
单选题,[2023年][河南中安]某化工企业开展生产装置日常隐患排查时发现乙醇输送泵有轻微泄漏，经专家认定暂时可以保证安全。根据《安全生产事故隐患排查治理暂行规定》，关于企业事故隐患治理的说法，正确的是（    ）。,A.事故隐患排除前，应当从作业区域内撤出作业人员|B.事故隐患排除过程中，应当从作业区域内撤出作业人员|C.事故隐患排除过程中，应当疏散临近作业区的其他人员|D.应当加强对该乙醇输送泵的维护保养，防止事故发生,D,【解析】本题主要考查的是事故隐患治理。做题思路：熟悉隐患的处理及应急处置。 根据《安全生产事故隐患排查治理暂行规定》第十六条：生产经营单位在事故隐患治理过程中，应当采取相应的安全防范措施，防止事故发生。事故隐患排除前或者排除过程中无法保证安全的，应当从危险区域内撤出作业人员，并疏散可能危及的其他人员，设置警戒标志，暂时停产停业或者停止使用；对暂时难以停产或者停止使用的相关生产储存装置、设施、设备，应当加强维护和保养，防止事故发生。题目中为一般事故隐患而且可以保证安全，所以无需撤出或疏散人员，AB错误，排除前或者排除过程中无法保证安全的，才撤出作业人员；C错误，应疏散的是可能危及的其他人员；D正确。故选D。
单选题,[2023年][河南中安]应急管理部门对某危险化学品生产企业进行执法检查。根据《安全生产法》，关于执法检查人员行使职权的说法，错误的是（    ）。,A.可以向该企业了解情况并调阅有关资料|B.对发现的事故隐患，应当责令立即排除|C.发现违法行为，应当立即责令停产整顿|D.对不符合行业标准的设施予以查封或扣押,C,【解析】本题主要考查的是执法检查人员执法过程行使职权，属于高频考点。 做题思路：熟悉检查人员的执法权。 第六十五条：应急管理部门和其他负有安全生产监督管理职责的部门依法开展安全生产行政执法工作，对生产经营单位执行有关安全生产的法律、法规和国家标准或者行业标准的情况进行监督检查，行使以下职权：A正确，（一）进入生产经营单位进行检查，调阅有关资料，向有关单位和人员了解情况；C错误，错在“应当立即责令停产整顿”。（二）对检查中发现的安全生产违法行为，当场予以纠正或者要求限期改正；对依法应当给予行政处罚的行为，依照本法和其他有关法律、行政法规的规定作出行政处罚决定；B正确，（三）对检查中发现的事故隐患，应当责令立即排除；重大事故隐患排除前或者排除过程中无法保证安全的，应当责令从危险区域内撤出作业人员，责令暂时停产停业或者停止使用相关设施、设备；重大事故隐患排除后，经审查同意，方可恢复生产经营和使用；D正确，（四）对有根据认为不符合保障安全生产的国家标准或者行业标准的设施、设备、器材以及违法生产、储存、使用、经营、运输的危险物品予以查封或者扣押，对违法生产、储存、使用、经营危险物品的作业场所予以查封，并依法作出处理决定。监督检查不得影响被检查单位的正常生产经营活动。故选C。
单选题,[2023年][河南中安]安全生产标准法律化是我国安全生产立法的重要趋势，关于安全生产标准种类和效力的说法，正确的是（    ）。,A.法定安全生产标准都是强制性标准|B.法定安全生产标准分为国家标准、行业标准和团体标准|C.行业标准的要求不能低于国家标准|D.行业标准比国家标准具有更高效力,C,【解析】本题主要考查的是安全生产标准种类和效力，属于高频考点。 做题思路：了解法律的基础知识，深刻理解法律的层次。 A错误，错在“都是”； B错误，错在“和团体标准”。法定安全生产标准分为国家标准和行业标准，两者对生产经营单位的安全生产具有同样的约束力。法定安全生产标准主要是指强制性安全生产标准； C正确， D错误，错在“更高效力”。安全生产行业标准是指国务院有关部门和直属机构依照《标准化法》制定的在安全生产领域内适用的安全生产技术规范。行业安全生产标准对同一安全生产事项的技术要求，可以高于国家安全生产标准，但不得与其相抵触。 故选C。
单选题,[2023年][河南中安]某县突发特大暴雨，导致城区内涝严重，县政府发布相应的自然灾害警报并组织处置。五天后，内涝得到有效控制，根据《突发事件应对法》，关于该起突发事件事后恢复与重建的说法，正确的是（    ）。,A.内涝有效控制后，县政府在请示上一级政府后方可停止执行应急处置措施|B.内涝消除后，县政府应当采取必要措施，防止次生灾害发生|C.县政府应当报请上级政府同意后，方可开展恢复重建工作|D.内涝有效控制后，应当立即查明内涝原因，总结经验教训,B,【解析】本题主要考查的是突发事件事后恢复与重建。 做题思路：熟悉人民政府的职责及应采取的应急处置措施。 A错误，错在“请示上一级政府”，B正确，第八十六条：突发事件的威胁和危害得到控制或者消除后，履行统一领导职责或者组织处置突发事件的人民政府应当宣布解除应急响应，停止执行依照本法规定采取的应急处置措施，同时采取或者继续实施必要措施，防止发生自然灾害、事故灾难、公共卫生事件的次生、衍生事件或者重新引发社会安全事件，组织受影响地区尽快恢复社会秩序； C错误，错在“应当报请上级政府”。第八十七条：突发事件应急处置工作结束后，履行统一领导职责的人民政府应当立即组织对突发事件造成的影响和损失进行调查评估，制定恢复重建计划，并向上一级人民政府报告； D错误，错在“立即”。第九十二条：履行统一领导职责的人民政府在突发事件应对工作结束后，应当及时查明突发事件的发生经过和原因，总结突发事件应急处置工作的经验教训，制定改进措施，并向上一级人民政府提出报告。 故选B。
单选题,[2023年][河南中安]王某是某电子制造企业的喷涂工，入职2年后开始频频咳嗽，气喘，并伴有持续性的发烧，经诊断，王某因从事喷涂工作患职业病，根据《职业病防治法》，关于劳动过程中职业病的防护与管理及法律责任的说法，正确的是（    ）。,A.该企业应当为王某安排离岗前的职业健康检查，并且承包检查费用|B.王某应当自行安排上岗前的职业健康检查，费用由单位报销|C.王某康复出院后，经本人同意，该企业可以安排回原工作岗位|D.王某康复出院后，该企业给予经济补偿，可以终止与其订立的劳动合同,A,【解析】本题主要考查的是劳动过程中职业病的防护与管理及法律责任，属于高频考点。做题思路：了解职业病防治法，熟悉普通员工应有的权力。 A正确， B错误，错在“自行安排”。第三十五条：从事接触职业病危害的作业的劳动者，用人单位应当按照国务院卫生行政部门的规定组织上岗前、在岗期间和离岗时的职业健康检查，并将检查结果如实告知劳动者。职业健康检查费用由用人单位承担； C错误，错在“安排回原工作岗位”。职业病病人依法享受国家规定的职业病待遇。用人单位应当按照国家有关规定，安排职业病病人进行治疗、康复和定期检查。用人单位对不适宜继续从事原工作的职业病病人，应当调离原岗位，并妥善安置。用人单位对从事接触职业病危害的作业的劳动者，应当给予适当岗位津贴； D错误，错在“可以终止与其订立的劳动合同”。对未进行离岗前职业健康检查的劳动者不得解除或者终止与其订立的劳动合同。故选A。
单选题,[2023年][河南中安]某地规划新建氢气加气站项目，甲为建设单位，乙为设计单位，丙为施工单位，丁为工程监理单位，现甲委托丙购进一批灭火器，根据《建设工程消防设计审查验收管理暂行规定》，灭火器投入使用的，负责核查灭火器质量证明文件的单位是（    ）。,A.甲|B.乙|C.丙|D.丁,D,【解析】本题主要考查的是单位消防职责。 做题思路：熟悉各个单位相应的消防职责和义务。 第十二条：工程监理单位应当履行下列消防设计、施工质量责任和义务： （一）按照建设工程法律法规、国家工程建设消防技术标准，以及经消防设计审查合格或者满足工程需要的消防设计文件实施工程监理； （二）在消防产品和具有防火性能要求的建筑材料、建筑构配件和设备使用、安装前，核查产品质量证明文件，不得同意使用或者安装不合格的消防产品和防火性能不符合要求的建筑材料、建筑构配件和设备； （三）参加建设单位组织的建设工程竣工验收，对建设工程消防施工质量签章确认，并对建设工程消防施工质量承担监理责任。 故选D。
单选题,[2023年][河南中安]某企业轨道交通项目涉及跨越道路的架设设施施工，影响道路交通安全，根据《道路交通安全法》，该项目施工应当事先征得同意的部门是（    ）。,A.道路主管部门和市政管理部门|B.道路主管部门和公安机关交通管理部门|C.市政管理部门和公安机关交通管理部门|D.政管理部门和城市管理部门,B,【解析】本题主要考查的是不同管理部门的职权范围。做题思路：了解相关部门的职权范围即可。 第三十二条：因工程建设需要占用、挖掘道路，或者跨越、穿越道路架设、增设管线设施，应当事先征得道路主管部门的同意；影响交通安全的，还应当征得公安机关交通管理部门的同意。故选B。
单选题,[2023年][河南中安]隐患是导致事故发生的根源，根据《安全生产法》，关于隐患排查治理工作的说法，正确的是（    ）。,A.生产经营单位安全生产管理机构是本单位隐患排查治理的责任主体|B.事故隐患排查治理情况应当向主要负责人报告，但不需要向员工通报|C.生产经营单位应当建立从主要负责人到员工的事故隐患排查治理责任制|D.重大事故隐患应当向生产经营单位安全生产管理机构和职工大会进行“双报告”,C,【解析】本题主要考查的是隐患排查治理，属于高频考点。做题思路：了解企业的主体责任，熟悉主要责任人的相关义务。 A错误，错在“安全生产管理机构”，生产经营单位是隐患排查治理的责任主体；B错误，错在“不需要向员工通报”；D错误，错在“向生产经营单位安全生产管理机构报告”。第四十一条：生产经营单位应当建立安全风险分级管控制度，按照安全风险分级采取相应的管控措施。生产经营单位应当建立健全并落实生产安全事故隐患排查治理制度，采取技术、管理措施，及时发现并消除事故隐患。事故隐患排查治理情况应当如实记录，并通过职工大会或者职工代表大会、信息公示栏等方式向从业人员通报。其中，重大事故隐患排查处理情况应当及时向负有安全生产监督管理职责的部门和职工大会或者职工代表大会报告。故选C。
单选题,[2023年][河南中安]根据《特种设备安全法》，关于特种设备检验，检测及法律责任的说法，正确的是（    ）。,A.特种设备检验，检测人员可以同时在两个检验，检测机构中执业|B.特种设备检验，检测人员发现特种设备存在严重事故隐患的，应当立即向负责特种设备安全监督管理的部门报告|C.特种设备检验，检测人员开展的检验、检测，以单位名义出具报告，个人无须承担责任|D.负责特种设备安全监督管理的部门对检验、检测结果和鉴定结论进行监督检查，不合格的应当向社会公布,B,【解析】本题主要考查的是特种设备检验。 做题思路：注意人员与机构的不同职责和义务。 A错误，错在“可以同时”，第五十一条：检验机构中执业，特种设备检验、检测机构的检验、检测人员不得同时在两个以上检验、检测机构中执业；变更执业机构的，应当依法办理变更手续； B正确， C错误，错在“个人无须承担责任”。第五十三条：特种设备检验、检测机构及其检验、检测人员应当客观、公正、及时地出具检验、检测报告，并对检验、检测结果和鉴定结论负责。特种设备检验、检测机构及其检验、检测人员在检验、检测中发现特种设备存在严重事故隐患时，应当及时告知相关单位，并立即向负责特种设备安全监督管理的部门报告； D错误，错在“不合格的应当向社会公布”，合格不合格都要向社会公布。负责特种设备安全监督管理的部门应当组织对特种设备检验、检测机构的检验、检测结果和鉴定结论进行监督抽查，但应当防止重复抽查。监督抽查结果应当向社会公布。故选B。
单选题,[2023年][河南中安]根据《工贸企业重大事故隐患判定标准》，下列情形中，属于工贸企业重大事故隐患的是（    ）。,A.未依法设置安全生产管理机构的|B.未对从业人员进行安全生产教育培训的|C.未对承包单位的安全生产工作统一协调管理的|D.安全设备的使用不符合国家标准的,C,【解析】本题主要考查的是工贸企业重大事故隐患判断。 做题思路：了解工贸企业应当判定为重大事故隐患即可。 第三条：工贸企业有下列情形之一的，应当判定为重大事故隐患：C属于，（一）未对承包单位、承租单位的安全生产工作统一协调、管理，或者未定期进行安全检查的；（二）特种作业人员未按照规定经专门的安全作业培训并取得相应资格，上岗作业的；（三）金属冶炼企业主要负责人、安全生产管理人员未按照规定经考核合格的。故选C。
单选题,[2023年][河南中安]甲公司是乙县丙镇的一家氯乙烯生产企业，根据《生产安全事故应急预案管理办法》，关于生产安全事故应急救援预案演练的说法，正确的是（    ）。,A.甲公司应当至少每季度组织1次生产安全事故应急救援预案演练|B.甲公司应当将应急救援预案演练情况报送至乙县人民政府|C.乙县人民政府生产安全事故应急救援预案演练应当至少每3年组织1次|D.丙镇人民政府生产安全事故应急救援预案演练应当至少每2年组织1次,D,【解析】本题主要考查的是事故应急救援预案演练，属于高频考点。 做题思路：演练的频次记忆准确即可。 A错误，错在“每季度”； B错误，错在“乙县人民政府”。第三十三条：生产经营单位应当制定本单位的应急预案演练计划，根据本单位的事故风险特点，每年至少组织一次综合应急预案演练或者专项应急预案演练，每半年至少组织一次现场处置方案演练。易燃易爆物品、危险化学品等危险物品的生产、经营、储存、运输单位，矿山、金属冶炼、城市轨道交通运营、建筑施工单位，以及宾馆、商场、娱乐场所、旅游景区等人员密集场所经营单位，应当至少每半年组织一次生产安全事故应急预案演练，并将演练情况报送所在地县级以上地方人民政府负有安全生产监督管理职责的部门； C错误，错在“每3年”；D正确，第三十二条：各级人民政府应急管理部门应当至少每两年组织一次应急预案演练，提高本部门、本地区生产安全事故应急处置能力。 故选D。
单选题,[2023年][河南中安]某公司是一家大型化工企业，有一台锅炉已经超过了设计使用年限，但并未达到报废条件，该公司拟继续使用该锅炉。根据《特种设备安全法》，关于该锅炉安全管理措施的说法，正确的是（    ）。,A.按照负责特种设备安全监督管理的部门要求，通过安全评估后即可使用|B.按照安全技术规范的要求，通过检验后即可使用|C.按照负责特种设备安全监督管理的部门要求，通过安全验收后即可使用|D.按照安全技术规范的要求通过检验或者安全评估，并办理使用登记证书变更,D,【解析】本题主要考查的是锅炉安全管理措施，属于高频考点。 做题思路：特种设备的报废是通用的，了解即可。 ABC错误，错在“即可使用”。第四十八条：特种设备存在严重事故隐患，无改造、修理价值，或者达到安全技术规范规定的其他报废条件的，特种设备使用单位应当依法履行报废义务，采取必要措施消除该特种设备的使用功能，并向原登记的负责特种设备安全监督管理的部门办理使用登记证书注销手续。前款规定报废条件以外的特种设备，达到设计使用年限可以继续使用的，应当按照安全技术规范的要求通过检验或者安全评估，并办理使用登记证书变更，方可继续使用。允许继续使用的，应当采取加强检验、检测和维护保养等措施，确保使用安全。 故选D。
单选题,[2023年][河南中安]根据《工贸企业粉尘防爆安全规定》（应急部令第6号），下列关于粉尘涉爆企业的说法正确的是（    ）。,A.镁合金应当优先采用大量水浸泡方式暂存|B.粉尘废屑大量堆积或者装袋后多层堆垛码放|C.采用巷道式构筑物作为除尘风道|D.多层厂房优先采用轻型结构,A,【解析】本题主要考查的是粉尘涉爆企业的相关说法。 做题思路：了解防爆的相关措施。 A正确，第十八条：含水镁合金废屑应当优先采用机械压块处理方式，镁合金粉尘应当优先采用大量水浸泡方式暂存； B错误，错在“大量堆积”，铝镁等金属粉尘和镁合金废屑的收集、贮存等处置环节，应当避免粉尘废屑大量堆积或者装袋后多层堆垛码放； C错误，错在“巷道式”，第十五条：禁止采用粉尘沉降室除尘或者采用巷道式构筑物作为除尘风道； D错误，错在“多层厂房应当为框架结构”。第十四条：单层厂房屋顶一般应当采用轻型结构，多层厂房应当为框架结构。 故选A。
单选题,[2023年][河南中安]生产经营单位应当开展经常性的安全检查，排除事故隐患。根据《安全生产法》，关于安全检查的说法，正确的是（    ）。,A.安全生产管理人员应当对本单位安全生产状况开展经常性的检查|B.安全检查的责任主体是生产经营单位承担安全生产管理职责的部门|C.安全生产管理人员对检查中发现的问题应当报告本单位主要负责人并及时处理|D.安全生产管理人员对检查中发现的问题应当向应急管理部门报告,A,【解析】本题主要考查的是安全检查，属于高频考点。 做题思路：熟悉检查规律及相关人员的义务。 A正确，C错误，错在“报告本单位主要负责人”；D错误，错在“向应急管理部门报告”。 第四十六条：生产经营单位的安全生产管理人员应当根据本单位的生产经营特点，对安全生产状况进行经常性检查；对检查中发现的安全问题，应当立即处理；不能处理的，应当及时报告本单位有关负责人，有关负责人应当及时处理。检查及处理情况应当如实记录在案。生产经营单位的安全生产管理人员在检查中发现重大事故隐患，依照前款规定向本单位有关负责人报告，有关负责人不及时处理的，安全生产管理人员可以向主管的负有安全生产监督管理职责的部门报告，接到报告的部门应当依法及时处理； B错误，错在“承担安全生产管理职责的部门”。第三条：安全生产工作实行管行业必须管安全、管业务必须管安全、管生产经营必须管安全，强化和落实生产经营单位主体责任与政府监管责任，建立生产经营单位负责、职工参与、政府监管、行业自律和社会监督的机制。 故选A。
单选题,[2023年][河南中安]【改编】根据《工贸企业有限空间作业安全规定》，关于有限空间作业安全监督管理的说法，正确的有（    ）。,A.对于存在中毒和窒息等风险的有限空间作业，应当由工贸企业主要负责人审批|B.有限空间作业前的检测时间不得早于作业开始前60分钟|C.有限空间作业过程中，可以采用纯氧通风换气|D.工贸企业应当明确有限空间作业现场负责人、监护人员 E 有限空间作业应当严格遵守“先通风、再检测、后作业”的原则,D,【答案】DE 【解析】本题主要考查的是有限空间作业安全监督管理，属于高频考点。 做题思路：有限空间作业流程及相应数据要熟悉。 A错误，错在“应当”，主要负责人批准也可以书面委托的人员进行审批。第七条：工贸企业应当根据有限空间作业安全风险大小，明确审批要求。对于存在硫化氢、一氧化碳、二氧化碳等中毒和窒息等风险的有限空间作业，应当由工贸企业主要负责人或者其书面委托的人员进行审批，委托进行审批的，相关责任仍由工贸企业主要负责人承担。未经工贸企业确定的作业审批人批准，不得实施有限空间作业； B错误，错在“不得早于作业开始前60分钟”，第十四条：有限空间作业应当严格遵守“先通风、再检测、后作业”要求。存在爆炸风险的，应当采取消除或者控制措施，相关电气设施设备、照明灯具、应急救援装备等应当符合防爆安全要求。第十五条：作业过程中，工贸企业应当安排专人对作业区域持续进行通风和气体浓度检测。作业中断的，作业人员再次进入有限空间作业前，应当重新通风、气体检测合格后方可进入。 C错误，错在“纯氧通风换气”，禁止采用纯氧通风换气。 故选DE。
单选题,[2023年][河南中安]某施工现场发生一起作业人员高处坠落事故，经初步调查，1名作业人员因躲避往来车辆，身体向右靠在基坑邻边的防护上，由于防护搭设不牢固，作业人员和防护栏杆一同掉入基坑，造成人员当场摔死，根据《刑法》《关于办理危害生产安全刑事案件适用法律若干问题的解释》，关于该起事故刑事责任追究的说法，正确的是（    ）。,A.应当对直接负责的主管人员判处三年以下有期徒刑或者拘役|B.应当对事故单位处以罚金|C.应当对责任人员处三年以上七年以下有期徒刑|D.应当对直接负责的主管人员处以罚金 E 应当对其他直接责任人处三年以下有期徒刑或者拘役,A,【解析】本题主要考查的是刑事责任，属于高频考点。做题思路：各种罪行及对应处罚要熟悉。 重大劳动安全事故罪：安全生产设施或者安全生产条件不符合国家规定，因而发生重大伤亡事故或者造成其他严重后果的，对直接负责的主管人员和其他直接责任人员，处三年以下有期徒刑或者拘役；情节特别恶劣的，处三年以上七年以下有期徒刑。故选AE。
多选题,[2023年][河南中安]专职消防队按照国家规定承担重大灾害事故和其他以抢救人员生命为主的应急救援工作，根据《消防法》下列单位中应当建立专职消防队的有（    ）。,A.主要港口运营单位|B.生产易燃危险品的大型企业|C.小型发电厂|D.军用机场运营单位 E 大型体育场运营单位,AB,【解析】本题主要考查的是应当建立专职消防队企业，属于高频考点。做题思路：核电机港、2燃2远；机港文物不加大、文物全国是重点。 C错误，错在“小型”；D错误，错在“军用”；E错误，错在“体育场”。《消防法》第三十九条：明确规定了需要设立专职消防队的单位及其职责，下列单位应当建立单位专职消防队，承担本单位的火灾扑救工作：（1）大型核设施单位、大型发电厂、民用机场、主要港口。（2）生产、储存易燃易爆危险品的大型企业。（3）储备可燃的重要物资的大型仓库、基地。（4）前三项规定以外的火灾危险性较大、距离国家综合性消防救援队较远的其他大型企业。（5）距离国家综合性消防救援队较远、被列为全国重点文物保护单位的古建筑群的管理单位。故选AB。
多选题,[2023年][河南中安]某危险化学品储存企业储罐区储存大量易燃易爆气体，剧毒液体等危险化学物品，经专家评定达到三级重大危险源，根据《危险化学品重大危险源监督管理暂行规定》，关于该企业危险化学品重大危险源安全管理的办法，正确的是（    ）。,A.重大危险源应当配备温度、压力、液位、流量、组份等信息的不间断采集和监测系统|B.重大危险源中的毒性气体，剧毒液体和易燃气体等重点设施，应当设置紧急切断装置|C.重大危险源中储存剧毒物质的场所或者设施，应当设置视频监控系统|D.重大危险源可燃气体泄漏检测报警装置记录的电子数据保存时，配备的储存时间，应当不少于20天 E 重大危险源中涉及剧毒液体的三级重大危险源，必须配备独立的安全仪表系统,ABC,【答案】ABC 【解析】本题主要考查的是危险化学品重大危险源安全管理。 做题思路：重大危险源应当设置的设备设施及相关日期熟悉即可。 A正确， D错误，错在“20天”，第十三条：重大危险源配备温度、压力、液位、流量、组份等信息的不间断采集和监测系统以及可燃气体和有毒有害气体泄漏检测报警装置，并具备信息远传、连续记录、事故预警、信息存储等功能；一级或者二级重大危险源，具备紧急停车功能。记录的电子数据的保存时间不少于30天； B正确，对重大危险源中的毒性气体、剧毒液体和易燃气体等重点设施，设置紧急切断装置；毒性气体的设施，设置泄漏物紧急处置装置。涉及毒性气体、液化气体、剧毒液体的一级或者二级重大危险源，配备独立的安全仪表系统（SIS）； C正确，重大危险源中储存剧毒物质的场所或者设施，设置视频监控系统；E错误，错在“三级重大危险源”，涉及毒性气体、液化气体、剧毒液体的一级或者二级重大危险源，配备独立的安全仪表系统。 故选ABC。
多选题,[2023年][河南中安]某地区一液化气加气站发生液化气泄漏事故，大量液化气泄漏，已造成2人死亡，根据《突发事件应对法》，关于本起事故应急处置与救援措施的说法，正确的有（    ）。,A.液化气泄漏后，发生地的居民委员会应当组织群众开展自救和互救，协助维护社会秩序|B.加气站应当控制危险源，标明危险区域，封锁危险场所，并向社会发布紧急信息|C.液化气泄漏地的居民应当配合人民政府采取的应急处置措施，积极参加应急救援工作|D.周边的单位应配合加气站的应急处置措施，服从加气站的统一调度 E 加气站应当立即组织营救受害人员，疏散，撤离、安置受到威胁的人员,AC,【答案】ACE 【解析】本题主要考查的是事故应急处置与救援措施。 做题思路：不同事故处理的部门也是不同的。 A正确，第七十七条：突发事件发生地的居民委员会、村民委员会和其他组织应当按照当地人民政府的决定、命令，进行宣传动员，组织群众开展自救与互救，协助维护社会秩序；情况紧急的，应当立即组织群众开展自救与互救等先期处置工作； B错误，错在“加气站”，应该由人民政府来执行。第七十三条：自然灾害、事故灾难或者公共卫生事件发生后，履行统一领导职责的人民政府应当采取下列一项或者多项应急处置措施：（一）组织营救和救治受害人员，转移、疏散、撤离并妥善安置受到威胁的人员以及采取其他救助措施；（二）迅速控制危险源，标明危险区域，封锁危险场所，划定警戒区，实行交通管制、限制人员流动、封闭管理以及其他控制措施； C正确，第七十九条：突发事件发生地的个人应当依法服从人民政府、居民委员会、村民委员会或者所属单位的指挥和安排，配合人民政府采取的应急处置措施，积极参加应急救援工作，协助维护社会秩序； D错误，错在“服从加气站的统一调度”； E正确，第七十八条：受到自然灾害危害或者发生事故灾难、公共卫生事件的单位，应当立即组织本单位应急救援队伍和工作人员营救受害人员，疏散、撤离、安置受到威胁的人员，控制危险源，标明危险区域，封锁危险场所，并采取其他防止危害扩大的必要措施，同时向所在地县级人民政府报告；对因本单位的问题引发的或者主体是本单位人员的社会安全事件，有关单位应当按照规定上报情况，并迅速派出负责人赶赴现场开展劝解、疏导工作。 故选ACE。
多选题,[2023年][河南中安]根据《工伤保险条例》，下列情形中，应当认定为工伤的有（    ）。,A.国家机关工作人员罹患职业病的|B.职工在下班途中受到非本人主要责任的交通事故伤害的|C.个人聘请的保姆从事家务劳动时被烫伤的|D.职工因工作外出期间，由于工作原因发生事故下落不明的 E 企业中的实习学生因工作原因受到伤害的,BD,【答案】BD 【解析】本题主要考查的是认定工伤，属于高频考点。 做题思路：区分视同工伤和认定工伤。 A错误，错在“机关工作人员”。第六十五条：公务员和参照公务员法管理的事业单位、社会团体的工作人员因工作遭受事故伤害或者患职业病的，由所在单位支付费用。具体办法由国务院社会保险行政部门会同国务院财政部门规定； C错误，个人聘请保姆属于劳务关系，不构成个体工商户雇工（劳动关系），个人无需为保姆缴纳社会保险，责任范围限于合同约定的劳务报酬和工作条件，所以不算工伤；E错误，实习生属于企业的雇工，应该缴纳工伤保险， E选项错在没有强调工作时间/工作场所/因公外出的具体时间，所以不建议选；第二条：中华人民共和国境内的企业、事业单位、社会团体、民办非企业单位、基金会、律师事务所、会计师事务所等组织和有雇工的个体工商户（以下称用人单位）应当依照本条例规定参加工伤保险，为本单位全部职工或者雇工（以下称职工）缴纳工伤保险费。 BD正确，第十四条：职工有下列情形之一的，应当认定为工伤：（一）在工作时间和工作场所内，因工作原因受到事故伤害的；（二）工作时间前后在工作场所内，从事与工作有关的预备性或者收尾性工作受到事故伤害的；（三）在工作时间和工作场所内，因履行工作职责受到暴力等意外伤害的；（四）患职业病的；（五）因工外出期间，由于工作原因受到伤害或者发生事故下落不明的；（六）在上下班途中，受到非本人主要责任的交通事故或者城市轨道交通、客运轮渡、火车事故伤害的；（七）法律、行政法规规定应当认定为工伤的其他情形。 故选BD。
单选题,[2023年][河南中安]甲地铁运营公司委托乙公司进行施工，同时委托丙公司在同一区域进行设备安装作业。根据《安全生产法》，关于交叉作业安全管理规定的说法，正确的是（    ）。,A.甲公司可以与乙公司、丙公司签订安全管理协议，明确各自安全职责|B.乙公司应当对丙公司作业现场的安全生产工作进行统一管理|C.乙公司、丙公司应当共同指定同一个专职安全管理人员进行安全检查与协调|D.乙公司、丙公司应当独立负责交叉作业现场的安全管理 E 乙公司、丙公司应当就交叉作业区域的生产活动签订安全生产管理协议,A,【答案】AE 【解析】本题主要考查的是交叉作业安全管理规定，属于高频考点。 做题思路：分析各个公司的性质及义务。 根据《安全生产法》，E正确，C错误，错在“共同指定”；D错误，错在“独立负责”。第四十八条：两个以上生产经营单位在同一作业区域内进行生产经营活动，可能危及对方生产安全的，应当签订安全生产管理协议，明确各自的安全生产管理职责和应当采取的安全措施，并指定专职安全生产管理人员进行安全检查与协调； A正确，B错误，错在“乙公司”。第四十九条：生产经营项目、场所发包或者出租给其他单位的，生产经营单位应当与承包单位、承租单位签订专门的安全生产管理协议，或者在承包合同、租赁合同中约定各自的安全生产管理职责；生产经营单位对承包单位、承租单位的安全生产工作统一协调、管理，定期进行安全检查，发现安全问题的，应当及时督促整改。 故选AE。
多选题,[2023年][河南中安]根据《女职工劳动保护特别规定》，下列劳动作业中，属于女职工禁忌从事劳动作业的有（    ）。,A.体力劳动强度分级标准中规定的第三级体力劳动强度的作业|B.体力劳动强度分级标准中规定的第四级体力劳动强度的作业|C.每次负重超过25公斤的作业|D.高处作业分级标准中规定的第三级高处作业 E 高处作业分级标准中规定的第四级高处作业,BC,【答案】BC 【解析】本题主要考查的是女职工禁忌的工作，属于高频考点。 做题思路：女职工禁忌从事的劳动范围了解即可，相应数据要记忆清楚。 女职工禁忌从事的劳动范围：（一）矿山井下作业；（二）体力劳动强度分级标准中规定的第四级体力劳动强度的作业；（三）每小时负重6次以上、每次负重超过20公斤的作业，或者间断负重、每次负重超过25公斤的作业。故选BC。
多选题,[2023年][河南中安]甲公司拟进行危险化学品生产项目建设，乙公司拟进行烟花爆竹生产项目建设，丙公司拟进行危险化学品经营项目建设，丁公司拟进行建材加工项目建设，根据《建设项目安全设施“三同时”监督管理办法》，关于该四家公司建设项目安全设施设计审查的说法，正确的有（    ）。,A.甲、丙两家公司可以自行组织审查建设项目安全设施设计|B.四家公司应当委托有相应资质的设计单位对建设项目安全设施进行设计|C.甲、乙两家公司建设项目安全设施设计应当充分考虑安全预评价报告提出的安全对策措施|D.乙、丁两家公司完成建设项目安全设施设计后，应当向应急管理部门提出审查申请 E 甲、乙两家公司未完全采纳安全预评价报告中的安全对策和建议，也可开工建设,BC,【答案】BC 【解析】本题主要考查的是建设项目安全设施设计审查，属于高频考点。 做题思路：注意不同企业审查是不同的，不同部门职能也是不同的。 AD错误，错在“自行组织审查”、“应当向应急管理部门提出审查申请”。第十二条：本办法第七条第一项、第二项、第三项、第四项规定的建设项目安全设施设计完成后，生产经营单位应当按照本办法第五条的规定向安全生产监督管理部门提出审查申请；B正确，第十条：生产经营单位在建设项目初步设计时，应当委托有相应资质的初步设计单位对建设项目安全设施同时进行设计，编制安全设施设计； C正确，第七条下列建设项目在进行可行性研究时，生产经营单位应当按照国家规定，进行安全预评价：（一）非煤矿矿山建设项目；（二）生产、储存危险化学品（包括使用长输管道输送危险化学品，下同）的建设项目；（三）生产、储存烟花爆竹的建设项目；（四）金属冶炼建设项目；（五）使用危险化学品从事生产并且使用量达到规定数量的化工建设项目（属于危险化学品生产的除外，以下简称化工建设项目）；（六）法律、行政法规和国务院规定的其他建设项目。上述规定的建设项目安全设施设计还应当充分考虑建设项目安全预评价报告提出的安全对策措施；E错误，错在“未完全采纳”。第十四条：建设项目安全设施设计有下列情形之一的，不予批准，并不得开工建设：（一）无建设项目审批、核准或者备案文件的；（二）未委托具有相应资质的设计单位进行设计的；（三）安全预评价报告由未取得相应资质的安全评价机构编制的；（四）设计内容不符合有关安全生产的法律、法规、规章和国家标准或者行业标准、技术规范的规定的；（五）未采纳安全预评价报告中的安全对策和建议，且未做充分论证说明的；（六）不符合法律、行政法规规定的其他条件的。 故选BC。
单选题,[2023年][河南中安]2023年4月1日，某市发生一起道路交通事故，当场死亡8人、重伤5人；4月6日1名重伤者死亡；4月10日又1名重伤者死亡；事故直接经济损失1200万元，根据《生产安全事故报告和调查处理条例》，关于生产安全事故等级划分的，说法正确的有（    ）。,A.该起事故共造成10人死亡，认定为重大事故|B.该起事故按照9人死亡，认定较大事故|C.该起事故按照8人死亡，认定为较大事故|D.4月10日死亡的人员导致事故等级发生变化 E 该起事故按照直接经济损失1200万元认定为较大事故,B,【答案】BE 【解析】本题主要考查的是事故等级划分，属于高频考点。 做题思路：数据记忆清楚，还要注意道路交通事故、火灾事故自发生之日起7日内及时补报。 D错误，错在“导致事故等级发生变化”。第十三条：事故报告后出现新情况的，应当及时补报。自事故发生之日起30日内，事故造成的伤亡人数发生变化的，应当及时补报。道路交通事故、火灾事故自发生之日起7日内，事故造成的伤亡人数发生变化的，应当及时补报。 B正确， AC错误，本题考查道路交通事故等级的判定，6号死亡人员应计入，10号死亡人员，不计入事故等级判定，死亡9人为较大事故； E正确，按照直接经济损失为1200万在1000万到5000万之间，所以为较大事故。 故选BE。
单选题,[2023年][河南中安]王某毕业于户籍所在地甲省一所职业技术学院焊接技术专业，毕业后应聘到乙省某公司电工岗位，公司与王某签订合同后要求王某到相关培训机构参加特种作业人员安全技术培训，取得电工特种作业人员操作证后上岗，根据《特种作业人员安全技术培训考核管理规定》，关于王某参加特种作业人员安全技术培训考核的说法，正确的有（    ）。,A.经考核发证机关统一可以免除王某的安全技术|B.经考核发证机关同意可以免除王某的实际操作|C.王某可以在甲省参加特种作业安全技术培训|D.保证王某特种作业安全技术培训的责任由培训机构负责 E 王某可以在乙省参加特种作业安全技术培训,C,【答案】CE 【解析】本题主要考查的是特种作业人员安全技术培训考核。 做题思路：特种作业人员的考核、免试、培训熟悉即可。 A错误，错在“免除安全技术”；B错误，错在“免除实际操作”， CE正确，第九条：特种作业人员应当接受与其所从事的特种作业相应的安全技术理论培训和实际操作培训。已经取得职业高中、技工学校及中专以上学历的毕业生从事与其所学专业相应的特种作业，持学历证明经考核发证机关同意，可以免予相关专业的培训。跨省、自治区、直辖市从业的特种作业人员，可以在户籍所在地或者从业所在地参加培训； D错误，错在“由培训机构负责”。第十条：对特种作业人员的安全技术培训，具备安全培训条件的生产经营单位应当以自主培训为主，也可以委托具备安全培训条件的机构进行培训。不具备安全培训条件的生产经营单位，应当委托具备安全培训条件的机构进行培训。生产经营单位委托其他机构进行特种作业人员安全技术培训的，保证安全技术培训的责任仍由本单位负责。 故选CE。
单选题,[2023年][河南中安]建设项目安全设施是生产经营活动的重要设施，是与建设项目主体工程设施，必须与建设项目主体工程同时进行设计、施工和投入使用，根据《安全生产法》，关于建设项目安全管理的说法，正确的有（    ）。,A.建设项目主体工程投入使用半年后，方可对安全设施进行验收|B.矿山建设项目可根据项目规模和类型，决定是否进行安全评价|C.建设单位对建设项目安全设施的工程质量负责|D.设计单位对建设项目安全设施设计负责 E 危险化学品建设项目安全设施设计应当经过有关部门审查,D,【答案】DE 【解析】本题主要考查的是建设项目安全管理，属于高频考点。 做题思路：注意不同机构的职责和义务。 A错误，错在“使用半年后”。建设项目竣工投入生产或者使用前，生产经营单位应当组织对安全设施进行竣工验收，并形成书面报告备查。安全设施竣工验收合格后，方可投入生产和使用； B错误，错在“根据项目规模和类型”。第三十二条：矿山、金属冶炼建设项目和用于生产、储存、装卸危险物品的建设项目，应当按照国家有关规定进行安全评价； DE正确，建设项目安全设施的设计人、设计单位应当对安全设施设计负责。矿山、金属冶炼建设项目和用于生产、储存、装卸危险物品的建设项目的安全设施设计应当按照国家有关规定报经有关部门审查，审查部门及其负责审查的人员对审查结果负责； C错误，错在“建设单位负责”，第三十四条：矿山、金属冶炼建设项目和用于生产、储存、装卸危险物品的建设项目的施工单位必须按照批准的安全设施设计施工，并对安全设施的工程质量负责。 故选DE。
多选题,[2023年][河南中安]危险化学品的使用应当符合法律、行政法规和国家标准、行业标准等要求，根据《危险化学品安全管理条例》，关于危险化学品使用安全的说法，正确的有（    ）。,A.申请危险化学品安全使用许可证的化工企业，应当依法进行安全评价|B.使用危险化学品的企业停产的，不得丢弃危险化学品|C.使用危险化学品从事生产的化工企业应当取得危险化学品安全使用许可证|D.使用危险化学品的企业应当向所在地市级应急管理部门申请危险化学品安全使用许可证 E 使用危险化学品从事生产的企业应当向生态环境主管部门报告化学品信息,AB,【答案】AB 【解析】本题主要考查的是危险化学品使用安全。 做题思路：许可证相关内容要熟悉，不同部门的职能要了解。 A正确，第三十条：申请危险化学品安全使用许可证的化工企业，除应当符合本条例第二十八条的规定外，还应当具备下列条件：（四）依法进行了安全评价； B正确，第二十七条：生产、储存危险化学品的单位转产、停产、停业或者解散的，应当采取有效措施，及时、妥善处置其危险化学品生产装置、储存设施以及库存的危险化学品，不得丢弃危险化学品； C错误，错在“应当”，需要达到规定数量，第二十九条：使用危险化学品从事生产并且使用量达到规定数量的化工企业（属于危险化学品生产企业的除外，下同），应当依照本条例的规定取得危险化学品安全使用许可证； D错误，错在“地市级应急管理部门”。第三十一条：申请危险化学品安全使用许可证的化工企业，应当向所在地设区的市级人民政府安全生产监督管理部门提出申请； E错误，没有相关要求。安全生产监督管理部门应当将其颁发危险化学品安全使用许可证的情况及时向同级环境保护主管部门和公安机关通报。而非单纯的生态环境部门。 故选AB。
多选题,[2023年][河南中安]某百货公司有地下两层和地上四层的经营场所，将第四层出租给甲个体工商户经营娱乐项目，将地面一层和地下一层出租给乙企业，其余各层由百货公司使用根据《安全生产法》，关于百货公司对生产经营场所出租安全管理的说法，正确的有（    ）。,A.可以约定由甲个体工商户独自承担第四层的安全责任|B.应当与甲个体工商户签订安全生产管理协议|C.应当对甲个体工商户和乙企业的安全生产工作统一协调、管理|D.应当对乙企业定期进行安全检查，发现问题，督促整改 E 可以与乙企业在承包合同中约定各自安全生产管理职责,CD,【答案】CDE 【解析】本题主要考查的是生产经营场所出租安全管理。 做题思路：了解不同企业的职责。 A错误，错在“可以约定由甲个体工商户独自承担”； CDE正确，第四十九条：生产经营项目、场所发包或者出租给其他单位的，生产经营单位应当与承包单位、承租单位签订专门的安全生产管理协议，或者在承包合同、租赁合同中约定各自的安全生产管理职责；生产经营单位对承包单位、承租单位的安全生产工作统一协调、管理，定期进行安全检查，发现安全问题的，应当及时督促整改； B错误，错在“应当”。根据第四十九条，可以签订安全管理协议，也可以在合同中约定各自安全生产责任。 故选CDE。
多选题,[2023年][河南中安]根据《安全生产法》，关于该法适用范围的说法，正确的有（    ）。,A.个人独资企业适用《安全生产法》|B.中国在国外投资设立的企业适用《安全生产法》|C.核电企业适用《安全生产法》|D.不具有法人资格的单位不适用《安全生产法》 E 水上交通运输企业不适用《安全生产法》,AC,【答案】AC 【解析】本题主要考查的是安全生产法适用范围，属于高频考点。 做题思路：记忆不适应的范围即可。 第二条：在中华人民共和国领域内从事生产经营活动的单位（以下统称生产经营单位）的安全生产，适用本法；有关法律、行政法规对消防安全和道路交通安全、铁路交通安全、水上交通安全、民用航空安全以及核与辐射安全、特种设备安全另有规定的，适用其规定。 B错误，错在“适用”。国外投资设立的企业不适用； D错误，错在“不适用”。不具有法人资格的单位适用。生产经营单位：指从事生产经营活动的基本单元，即一切从事生产经营活动的企业、事业单位、个体经济组织和其他组织，既包括企业法人，也包括不具有企业法人资格的单位、事业单位、个人合伙组织、个体工商户、社会团体等生产经营主体；E错误，错在“不适用”。水上交通运输企业另有规定的，才不适用《安全生产法》。 故选AC。
单选题,[2024年][河南中安]法治思想深刻回答了新时代为什么实行全面依法治国等一系列重大问题。推进全面依法治国，根本目的是（    ）。,A.依法保障人民权益|B.建设中国特色社会主义法治体系|C.依宪治国，依宪执政|D.推进国家治理体系和治理能力现代化,A,本题考查的是习近平法治思想概述。 A正确，全面依法治国最广泛、最深厚的基础是人民，必须坚持为了人民、依靠人民。要把体现人民利益、反映人民愿望、维护人民权益、增进人民福祉落实到全面依法治国各领域全过程。推进全面依法治国，根本目的是依法保障人民权益。要积极回应人民群众新要求新期待，系统研究谋划和解决法治领域人民群众反映强烈的突出问题，不断增强人民群众获得感、幸福感、安全感，用法治保障人民安居乐业。故选A。
单选题,[2024年][河南中安]我国建立了完善的安全生产法律体系。关于安全生产法律效力的说法，正确的是（    ）。,A.《北京市安全生产条例》的效力高于《山东省安全生产条例》|B.《北京市生产安全事故隐患排查治理办法》的效力高于《安全生产事故隐患排查治理暂行规定》|C.《湖北省安全生产条例》的效力低于《安全生产培训管理办法》|D.《建设工程安全生产管理条例》的效力低于《安全生产法》,D,本题考查的是法律的效力层级，属于高频考点。做题思路：要先理清上位法和下位法之间的区别，区分清楚再进行比较，相对简单很多了。A错误，两者都是地方性法规，效力相等没有大小比较一说；B错误，《北京市生产安全事故隐患排查治理办法》是地方政府规章，《安全生产事故隐患排查治理暂行规定》是部门规章，两者具有同等效力，在各自的权限范围内施行效力相等；C错误，《湖北省安全生产条例》是地方性法规，《安全生产培训管理办法》是部门规章，两者效力不能比较。故选D。
单选题,[2024年][河南中安]张某是某危险化学品生产企业的安全生产管理人员。根据《安全生产法》及相关规定，关于张某安全生产资格能力的说法，正确的是（    ）。,A.张某是安全工程硕士研究生毕业，无需再进行安全生产教育培训并考核合格|B.张某应当经应急管理部门对其安全生产知识和管理能力考核合格|C.张某应当参加全国中级注册安全工程师统一考试，并取得职业资格|D.张某应当参加培训机构组织的安全生产知识和管理能力培训并考核合格,B,本题考查的是安全生产管理人员的考核要求。做题思路为先要确定法条，再去判断对应的考点内容是哪些。B正确，因为危化品生产企业的安全生产管理人员要接受负有安全生产监督管理职责的部门对其的考核并合格。第二十七条：生产经营单位的主要负责人和安全生产管理人员必须具备与本单位所从事的生产经营活动相应的安全生产知识和管理能力：危险物品的生产、经营、储存、装卸单位以及矿山、金属冶炼、建筑施工、运输单位的主要负责人和安全生产管理人员，应当由主管的负有安全生产监督管理职责的部门对其安全生产知识和管理能力考核合格。考核不得收费。故选B。
单选题,[2024年][河南中安]某公司安全管理人员刘某对所在班组违规从事受限空间作业未进行任何制止，导致3人死亡，根据《安全生产法》和《生产安全事故处罚规定》，对刘某处罚正确的是（    ）。,A.上一年年收入25％|B.上一年年收入的35％|C.上一年年收入45％|D.上一年年收入55％,B,本题是两种法律的交叉内容考查，是近几年出现的新型考试，可以给予适当的关注。B正确，第二十条：事故发生单位其他负责人和安全生产管理人员未依法履行安全生产管理职责，导致事故发生的，依照下列规定处以罚款：：（一）发生一般事故的，处上一年年收入20％至30%的罚款；（二）发生较大事故的，处上一年年收入30％至40％的罚款。（三）发生重大事故的，处上一年年收入40％至50%的罚款；（四）发生特别重大事故的，处上一年年收入50％的罚款。故选B。
单选题,[2024年][河南中安]张某系某个人投资企业负责人，该企业装卸工闫某在夜间装卸作业中被铲车碾压致重伤。经调查，事故原因包括该企业未采购反光背心、肩灯配备给闫某，铲车司机刘某未能发现闫某。根据《安全生产法》《生产安全事故罚款处罚规定》，关于该起事故法律责任的说法，正确的是（    ）。,A.闫某没有及时避让，应当负主要责任|B.刘某负直接责任，涉嫌构成交通肇事罪|C.张某承担该企业安全投入不足的责任|D.可以依法对张某处10万元的罚款,C,本题是两种法律的交叉内容考查，是近几年出现的新型考试，可以给予适当的关注。A错误，错在“负主要责任”。事故原因包括该企业未采购反光背心、肩灯配备给闫某，铲车司机刘某未能发现闫某，闫某不应承担主要责任；B错误，错在“涉嫌构成交通肇事罪”。交通肇事罪主观方面为过失而刘某并非是过失而是未购买反光背心和肩灯才导致事故的出现；C正确，因为张某是个人投资企业的负责人所以要负责安全费用的投入，而且事故的原因也说明是因为没有购买反光背心，导致没有办法发现闫某。第九十三条：生产经营单位的决策机构、主要负责人或者个人经营的投资人不依照本法规定保证安全生产所必需的资金投入，致使生产经营单位不具备安全生产条件的，责令限期改正，提供必需的资金；逾期未改正的，责令生产经营单位停产停业整顿。有前款违法行为，导致发生生产安全事故的，对生产经营单位的主要负责人给予撤职处分，对个人经营的投资人处二万元以上二十万元以下的罚款；构成犯罪的，依照刑法有关规定追究刑事责任；D错误，错在“处罚的力度不对”。《生产安全事故罚款处罚规定》第二十一条：个人经营的投资人未依照《中华人民共和国安全生产法》的规定保证安全生产所必需的资金投入，致使生产经营单位不具备安全生产条件，导致发生生产安全事故的，依照下列规定对个人经营的投资人处以罚款：（一）发生一般事故的，处2万元以上5万元以下的罚款。（二）发生较大事故的，处5万元以上10万元以下的罚款；（三）发生重大事故的，处10万元以上15万元以下的罚款；（四）发生特别重大事故的，处15万元以上20万元以下的罚款。故选C。
单选题,[2024年][河南中安]某商住两用楼高28米，集办公、商业、住宿为一体，为人员密集场所。根据《高层民用建筑消防安全管理规定》，关于该建筑消防安全管理的说法，正确的是（    ）。,A.应当配备相应级别的注册消防工程师担任消防安全管理人|B.商业场所在营业期间应当至少每2小时进行一次防火巡查|C.应当每月至少开展一次防火检查，并填写检查记录|D.该建筑的业主、使用人应当投保火灾公众责任保险,B,本题考查的是高层民间消防安全管理要求，近几年的考频提高，可以适当关注。A错误，错在“并非要求是注册消防工程师”。第八条：高层公共建筑的业主、使用人、物业服务企业或者统一管理人应当明确专人担任消防安全管理人；B正确，第三十四条：高层民用建筑应当进行每日防火巡查，并填写巡查记录。高层公共建筑内公众聚集场所在营业期间应当至少每2小时进行一次防火巡查；C错误，错在“每月开展防火检查”。第三十五条：高层住宅建筑应当每月至少开展一次防火检查，高层公共建筑应当每半个月至少开展一次防火检查，并填写检查记录。D错误，错在“应当”。第四十条：鼓励、引导高层公共建筑的业主、使用人投保火灾公众责任保险。故选B。
单选题,[2024年][河南中安]国家对女职工实行特殊劳动保护。根据《劳动法》，关于女职工特殊保护的说法，正确的是（    ）。,A.禁止安排女职工在经期从事高温作业劳动|B.女职工生育享受不少于一百二十天的产假|C.对怀孕七个月的女职工不得安排夜班劳动|D.用人单位应当对女职工定期进行健康检查,C,本题考查的是《劳动法》中针对女职工特殊保护的规定，属于高频考点。A错误，错在“禁止经期安排高温作业”。第六十条：不得安排女职工在经期从事高处、低温、冷水作业和国家规定的第三级体强度的劳动；B错误，错在“不是一百二十天而是不少于九十天”。第六十二条：女职工生育享受不少于九十天的产假；C正确，第六十一条：不得安排女职工在怀孕期间从事国家规定的第三级体力劳动强度的劳动和孕期禁忌从事的活动。对怀孕七个月以上的女职工，不得安排其延长工作时间和夜班劳动；D错误，错在“针对女职工定期进行检查”。第六十五条：用人单位应当对未成年工定期进行健康检查。故选C。
单选题,[2024年][河南中安]根据《危险化学品安全管理条例》，关于负有危险化学品安全监督管理职责的部门对危险化学品企业开展监督检查的说法，正确的是（    ）。,A.对发现影响危险化学品安全的违法行为，应当当场予以行政处罚|B.对不符合国家标准要求的危险化学品生产设备，应当责令限期达到要求|C.对现场检查中发现危险化学品生产企业存在事故隐患，应当责令立即消除或者限期消除|D.对违法生产、储存危险化学品的场所，应当提请所在地人民政府予以关闭,C,本题考查的是《危险化学品安全管理条例》监督管理的部门的监督检查要求，属于高频考点。做题思路，我们首先要明确问的是监督管理的部门对的危险化学品的检查工作，在进行作答。A错误，错在“发现违法行为当场予以处罚”。发现影响危险化学品安全的违法行为，当场予以纠正或者责令限期改正；B错误，错在“责令限期达到要求”。对不符合法律、行政法规、规章规定或者国家标准、行业标准要求的设施、设备、装置、器材、运输工具，责令立即停止使用；C正确，发现危险化学品事故隐患，责令立即消除或者限期消除；D错误，错在“提请政府关闭”。经本部门主要负责人批准，查封违法生产、储存、使用、经营危险化学品的场所，扣押违法生产、储存、使用、经营、运输的危险化学品以及用于违法生产、使用、运输危险化学品的原材料、设备、运输工具。故选C。
单选题,[2024年][河南中安]县级以上人民政府应当加强对生产安全事故应急救援队伍建设的统一规划、组织和指导。关于应急救援队伍建设的说法，正确的是（    ）。,A.旅游景区经营单位应当与景区其他企业联合建立应急救援队伍|B.小型企业可以不建立应急救援队伍，但应当配备专职的应急救援人员|C.开发区内的微型企业只需与邻近的应急救援队伍签订应急救援协议|D.大型综合商场应建立应急救援队伍,D,本题考查的是《生产安全事故应急条例》中应急救援队伍建设企业，属于高频考点。做题思路，要明确本题考查内容为应急员队伍的建设。A错误，D正确，错在“旅游景区应当与景区其他企业联合建立救援队伍”。第十条：易燃易爆物品、危险化学品等危险物品的生产、经营、储存、运输单位，矿山、金属冶炼、城市轨道交通运营、建筑施工单位，以及宾馆、商场、娱乐场所、旅游景区等人员密集场所经营单位，应当建立应急救援队伍；BC错误，B错在“小型企业可以不建立应急救援队伍，但应当指定兼职的应急救援人员”C错在“微型企业应当指定兼职的应急救援人员，可以与邻近的应急救援队伍签订应急救援协议”。第十条：小型企业或者微型企业等规模较小的生产经营单位，可以不建立应急救援队伍，但应当指定兼职的应急救援人员，并且可以与邻近的应急救援队伍签订应急救援协议。故选D。
单选题,[2024年][河南中安]某铅锌矿开采企业有员工3000人，其中安全生产管理人员100人。根据相关制度，关于企业中级及以上注册安全工程师配备人数的说法，正确的是（    ）。,A.应当配备至少15人|B.应当配备至少60人|C.应当配备至少45人|D.应当配备至少20人,A,本题考查的是《注册安全工程师分类管理办法》中注安师配备要求。做题思路，先要把对应法条确定，再进行作答。A正确，第十二条：危险物品的生产、储存单位以及矿山、金属冶炼单位应当有相应专业类别的中级及以上注册安全工程师从事安全生产管理工作。危险物品的生产、储存单位以及矿山单位安全生产管理人员中的中级及以上注册安全工程师比例应自本办法施行之日起2年内，金属冶炼单位安全生产管理人员中的中级及以上注册安全工程师比例应自本办法施行之日起5年内达到15%左右并逐步提高。从业人员300人以上的煤矿、非煤矿矿山、建筑施工单位和危险物品生产、经营单位，应当按照不少于安全生产管理人员15％的比例配备注册安全工程师。故选A。
单选题,[2024年][河南中安]某体育场将承办足球比赛，届时会有30000名观众进入体育场观看比赛。根据《大型群众性活动安全管理条例》，该足球比赛应当由所在地（    ）批准。,A.设区的市人民政府应急管理部门|B.县人民政府应急管理部门|C.设区的市人民政府公安机关|D.县人民政府公安机关,C,本题考查的是大型群众性活动审批许可部门，属于高频考点。做题思路，先判断人数，再进行作答。C正确，第十二条：大型群众性活动的预计参加人数在1000人以上5000人以下的，由活动所在地县级人民政府公安机关实施安全许可；预计参加人数在5000人以上的，由活动所在地设区的市级人民政府公安机关或者直辖市人民政府公安机关实施安全许可；跨省、自治区、直辖市举办大型群众性活动的，由国务院公安部门实施安全许可。故选C。
单选题,[2024年][河南中安]甲乙双方签订了租赁合同，甲方将其闲置厂房出租给乙方使用，根据《安全生产法》关于该厂房出租安全管理的做法，正确的是（    ）。,A.甲乙双方签订了专门的安全生产管理协议，约定安全生产工作由乙方统一协调、管理|B.甲乙双方签订了专门的安全生产管理协议，约定安全检查工作由甲方全部承担|C.甲乙双方没有签订专门的安全生产管理协议，在租赁合同中约定了各自的安全生产管理职责|D.甲乙双方在租赁合同中约定，委托第三方对安全管理工作负责,C,本题考查的是承包商管理相关要求，属于高频考点。做题思路，先要明确结合题干判断甲乙双方是谁，再进行作答。C正确，第四十九条：生产经营项目、场所发包或者出租给其他单位的，生产经营单位应当与承包单位、承租单位签订专门的安全生产管理协议，或者在承包合同、租赁合同中约定各自的安全生产管理职责；生产经营单位对承包单位、承租单位的安全生产工作统一协调、管理，定期进行安全检查，发现安全问题的，应当及时督促整改。故选C。
单选题,[2024年][河南中安]合理规划是危险化学品管道安全管理的基础性工作，根据《危险化学品输送管道安全管理规定》，关于危险化学品管道规划的说法，正确的是（    ）。,A.禁止危险化学品管道建设选线穿越地震活动断层和容易发生洪灾、地质灾害的区域|B.严格控制氨等有毒气体的危险化学品管道穿（跨）越公共区域|C.限制氯气等剧毒气体化学品管道穿（跨）越公共区域|D.禁止硫化氢等有毒气体的危险化学品管道穿（跨）越公共区域,B,本题考查的是危险化学品管道规划和穿越区域。做题思路，要明确剧毒气体和有毒气体穿越公共区域的规定要求。A错误，错在“禁止穿越”。第八条：危险化学品管道建设的选线应当避开地震活动断层和容易发生洪灾、地质灾害的区域；确实无法避开的，应当采取可靠的工程处理措施，确保不受地质灾害影响；C错误，错在“限制”。第七条：禁止光气、氯气等剧毒气体化学品管道穿（跨）越公共区域；B正确，D错误，错在“禁止”。严格控制氨、硫化氢等其他有毒气体的危险化学品管道穿（跨）越公共区域。故选B。
单选题,[2024年][河南中安]根据《生产安全事故应急预案管理办法》，关于企业应急预案编制的说法，错误的是（    ）。,A.事故风险单一、危险性较小的生产经营单位，可以只编制综合应急预案|B.编制应急预案前，编制单位应当进行事故风险辨识、评估和应急资源调查|C.对于某一种或者多种类型的事故风险，生产经营单位可以编制相应的专项应急预案|D.对于危险性较大的场所、装置或者设施，生产经营单位应当编制现场处置方案,A,本题考查的是应急预案编制要求，属于高频考点。做题思路，要明确针对应急预案编制时的细节要求，并且注意本题问的是说法错误的是。A错误，错在“只编制综合应急预案”。第十五条：对于危险性较大的场所、装置或者设施，生产经营单位应当编制现场处置方案。现场处置方案应当规定应急工作职责、应急处置措施和注意事项等内容。事故风险单一、危险性小的生产经营单位，可以只编制现场处置方案。故选A。
单选题,[2024年][河南中安]根据《高层民用建筑消防安全管理规定》，关于消防安全教育培训和张贴安全提示的说法，正确的是（    ）。,A.高层公共建筑内的单位应当每年至少对员工开展一次消防安全教育培训|B.高层公共建筑应当在首层显著位置张贴安全疏散示意图，并提示公众注意火灾危险|C.高层住宅建筑应当在单元入口处提示安全用火、用电、用气等消防安全常识|D.高层住宅建筑的物业服务单位应当每两年至少对居住人员进行一次消防安全教育培训,C,本题考查的是消防安全教育培训和张贴安全提示相关要求，近几年的考频提高，可以适当关注。做题思路，要注意高层公共建筑和高层住宅建筑的细节和区别。A错误，错在“应当每年至少”。第四十一条：高层公共建筑内的单位应当每半年至少对员工开展一次消防安全教育培训；B错误，错在“应当在首层显著位置”，第四十二条：高层民用建筑应当在每层的显著位置张贴安全疏散示意图，公共区域电子显示屏应当播放消防安全提示和消防安全知识；C正确，高层住宅小区除遵守本条第一款规定外，还应当在显著位置设置消防安全宣传栏，在高层住宅建筑单元入口处提示安全用火、用电、用气，以及电动自行车存放、充电等消防安全常识；D错误，错在“应当每两年”。第四十一条：高层住宅建筑的物业服务企业应当每年至少对居住人员进行一次消防安全教育培训，进行一次疏散演练。故选C。
单选题,[2024年][河南中安]根据《消防法》，关于消防队建设的说法，正确的是（    ）。,A.乡镇人民政府应当建立国家综合性消防救援队、专职消防队，承担火灾扑救工作|B.民用机场应当建立本单位专职消防队，承担机场的火灾扑救工作|C.大型铁矿石仓库应当建立本单位专职消防队，承担仓库的火灾扑救工作|D.居民委员会应当建立专职消防队、志愿消防队，承担火灾扑救工作,B,本题考查的是消防队伍建设要求，属于高频考点。做题思路，要能明确哪些单位要建立消防专职队伍。 AD错误，第三十六条：县级以上地方人民政府应当按照国家规定建立国家综合性消防救援队、专职消防队，并按照国家标准配备消防装备，承担火灾扑救工作。乡镇人民政府应当根据当地经济发展和消防工作的需要，建立专职消防队、志愿消防队，承担火灾扑救工作。B正确，C错误，错在“大型铁矿石仓库”，不是储备可燃的重要物资大型仓库。第三十九条：下列单位应当建立单位专职消防队，承担本单位的火灾扑救工作：大型核设施单位、大型发电厂、民用机场、主要港口；（二）生产、储存易燃易爆危险品的大型企业；（三）储备可燃的重要物资的大型仓库、基地；（四）第一项、第二项、第三项规定以外的火灾危险性较大、距离国家综合性消防救援队较远的其他大型企业；距离国家综合性消防救援队较远、被列为全国重点文物保护单位的古建筑群的管理单位。故选B。
单选题,[2024年][河南中安]某应急管理部门在执法检查时发现甲公司使用不符合国家标准的安全设备，对其作出查封的行政强制措施，乙公司主张，该安全设备是乙公司租赁给甲公司的。所有权属于乙公司。根据《行政强制法》，关于应急管理部门采取行政强制措施的做法，正确的是（    ）。,A.终结执行|B.终止执行|C.解除查封|D.中止执行,D,本题考查的是《行政处罚法》各类执行情形，属于高频考点。做题思路，需要区分这几种不同情况的应用。A错误，错在“终结执行中没有这一条款”。第四十条：有下列情形之一的，终结执行：（一）公民死亡，无遗产可供执行，又无义务承受人的；（二）法人或者其他组织终止，无财产可供执行，又无义务承受人的；（三）执行标的灭失的；（四）据以执行的行政决定被撤销的；（五）行政机关认为需要终结执行的其他情形；B错误，《行政处罚法》无相关规定；C错误，错在“解除查封中没有这一条款”。第二十八条：有下列情形之一的，行政机关应当及时作出解除查封、扣押决定：（一）当事人没有违法行为；（二）查封、扣押的场所、设施或者财物与违法行为无关；（三）行政机关对违法行为已经作出处理决定，不再需要查封、扣押；（四）查封、扣押期限已经届满；（五）其他不再需要采取查封、扣押措施的情形；D正确，第三十九条：有下列情形之一的，中止执行：（一）当事人履行行政决定确有困难或者暂无履行能力的；（二）第三人对执行标的主张权利，确有理由的；（三）执行可能造成难以弥补的损失，且中止执行不损害公共利益的；（四）行政机关认为需要中止执行的其他情形。故选D。
单选题,[2024年][河南中安]某机械制造企业组织全员开展隐患辨识，发现：①更衣室设置在熔融金属浇注跨的地坪区域内；②熔融金属喷溅影响范围内的炉前平台区域存在积水；③使用天然气的燃烧装置未设置超温报警装置；④使用水性漆的调漆间未设置固定式可燃气体浓度监测报警装置和通风设施。根据《工贸企业重大事故隐患判定标准》，属于重大事故隐患的是（    ）。,A.①②③④|B.①②|C.①③|D.③④,B,本题考查的是机械制造企业重大事故隐患判定标准。第七条：机械企业有下列情形之一的，应当判定为重大事故隐患：①属于，（一）会议室、活动室、休息室、更衣室、交接班室等5类人员聚集场所设置在熔融金属吊运跨或者浇注跨的地坪区域内的；②属于，（二）铸造用熔炼炉、精炼炉、保温炉未设置紧急排放和应急储存设施的；（三）生产期间铸造用熔炼炉、精炼炉、保温炉的炉底、炉坑和事故坑，以及熔融金属泄漏、喷溅影响范围内的炉前平台、炉基区域、造型地坑、浇注作业坑和熔融金属转运通道等8类区域存在积水的；（四）铸造用熔炼炉、精炼炉、压铸机、氧枪的冷却水系统未设置出水温度、进出水流量差监测报警装置，或者监测报警装置未与熔融金属加热、输送控制系统联锁的；③不属于，（五）使用煤气（天然气）的燃烧装置的燃气总管未设置管道压力监测报警装置，或者监测报警装置未与紧急自动切断装置联锁，或者燃烧装置未设置火焰监测和熄火保护系统的；（六）使用可燃性有机溶剂清洗设备设施、工装器具、地面时，未采取防止可燃气，体在周边密闭或者半密闭空间内积聚措施的；④不属于，（七）使用非水性漆的调漆间、喷漆室未设置固定式可燃气体浓度监测报警装置或者通风设施的。故选B。
单选题,[2024年][河南中安]根据《危险化学品安全管理条例》，关于危险化学品登记和事故应急救援的说法，正确的是（    ）。,A.危险化学品的物理性质、化学性质、主要用途、危险特性，以及应急救援预案是危险化学品登记的必备内容|B.危险化学品单位应当将危险化学品事故应急预案报所在地县级人民政府应急管理部门备案|C.发生危险化学品事故，造成的环境污染由所在地县级人民政府环境保护主管部门统一发布有关信息|D.发生危险化学品事故，事故单位主要负责人应当立即按照本单位危险化学品应急预案组织救援，并向当地应急管理部门和生态环境、公安、卫生健康主管部门报告,D,本题考查的是危险化学品登记和事故应急救援，属于高频考点。做题思路，首先要明确所问内容是什么，要注意登记部门和应急救援。A错误，错在“没有提到应急救援预案是必备内容”。第六十七条：危险化学品登记包括下列内容（一）分类和标签信息；（二）物理、化学性质；（三）主要用途；（四）危险特性；（五）储存、使用、运输的安全要求；（六）出现危险情况的应急处置措施；B错误，错在“县级应急管理部门备案”。第十九条：危险化学品单位应当将其危险化学品事故应急预案报所在地设区的市级人民政府安全生产监督管理部门备案；C错误，错在“不是县级环环境保护主管部门而是市级环境保护部门”。第七十四条：危险化学品事故造成环境污染的，由设区的市级以上人民政府环境保护主管部门统一发布有关信息；D正确，第七十一条：发生危险化学品事故，事故单位主要负责人应当立即按照本单位危险化学品应急预案组织救援，并向当地安全生产监督管理部门和环境保护、公安、卫生主管部门报告；道路运输、水路运输过程中发生危险化学品事故的，驾驶人员、船员或者押运人员还应当向事故发生地交通运输主管部门报告。故选D。
单选题,[2024年][河南中安]根据《安全生产事故隐患排查治理暂行规定》及重大事故隐患判定标准，下列事故隐患中，不属于重大事故隐患的是（    ）。,A.铝粉打磨间内设置办公室|B.现场焊接作业人员未取得特种作业操作|C.存在硫化氢中毒风险的污水处理池作业现场未设置监护人员|D.危险化学品仓库内无应急救援物资,D,本题考查的是重大事故隐患判定标准，属于高频考点。做题思路，要能区分哪些是属于重大隐患的范畴。A属于，第十一条：粉尘爆炸危险场所设置在非框架结构的多层建（构）筑物内，或者粉尘爆炸危险场所内设有员工宿舍、会议室、办公室、休息室等人员聚集场所的：判定为重大事故隐患；B属于，第三条：特种作业人员未持证上岗，构成重大事故隐患；C属于，第十三条：未按照国家标准制定动火、进入受限空间等特殊作业管理制度，或者制度未有效执行，构成重大事故隐患。故选D。
单选题,[2024年][河南中安]某化工企业双氧水生产单元存在重大事故隐患，所在地应急管理部门责令停产治理，并下达了重大事故隐患挂牌督办函。经过3个月的停产治理，重大事故隐患治理完毕。根据《安全生产事故隐患排查治理暂行规定》，关于重大事故隐患排查治理的说法，正确的是（    ）。,A.重大隐患治理完毕后，企业应当向所在地应急管理部门口头或书面提出恢复生产申请|B.应急管理部门收到企业恢复生产的申请报告后，应当在10日内对申请报告进行书面审查|C.企业有条件的，可以组织本企业的技术人员和专家对重大事故隐患的治理情况进行评估|D.应急管理部门对恢复生产的申请报告审查不合格的，应当提请人民政府关闭企业双氧水生产单元,C,本题考查的是重大事故隐患排查治理相关规定，属于高频考点。做题思路，首先确认考查的法条，其次要能理清关系。C正确，第十八条：有条件的生产经营单位应当组织本单位的技术人员和专家对重大事故隐患的治理情况进行评估；其他生产经营单位应当委托具备相应资质的安全评价机构对重大事故隐患的治理情况进行评估；A错误，错在“口头提出”。第十八条：经治理后符合安全生产条件的，生产经营单位应当向安全监管监察部门和有关部门提出恢复生产的书面申请，经安全监管监察部门和有关部门审查同意后，方可恢复生产经营；B错误，错在“进行书面审查”。第二十三条：对挂牌督办并采取全部或者局部停产停业治理的重大事故隐患，安全监管监察部门收到生产经营单位恢复生产的申请报告后，应当在10日内进行现场审查；D错误，错在“不合格应当提请关闭”。第二十三条：审查不合格的，依法责令改正或者下达停产整改指令。对整改无望或者生产经营单位拒不执行整改指令的，依法实施行政处罚；不具备安全生产条件的，依法提请县级以上人民政府按照国务院规定的权限予以关闭。故选C。
单选题,[2024年][河南中安]建设工程安全生产管理涉及勘察、设计、监理、出租等单位。根据《建设工程安全生产管理条例》，关于建设工程安全管理的说法，错误的是（    ）。,A.勘察单位应当严格执行操作规程，采取措施保证各类管线、设施和周边建筑物、构筑物的安全|B.设计单位在进行设计时，应当考虑施工安全操作和防护需要|C.出租单位应当对出租的机械设备和施工机具及配件的安全性能进行检测，出具检测合格证明|D.工程监理单位在实施监理过程中，发现存在事故隐患的，应当要求施工单位停止施工,D,本题考查的是建设工程勘察、设计、监理、出租等单位安全职责。做题思路，要明确本题考查的是建设工程的安全管理，要理清各单位的安全工作有哪些。D错误，错在“发现隐患现要求施工单位整改”。第十四条：工程监理单位在实施监理过程中，发现存在安全事故隐患的，应当要求施工单位整改；情况严重的，应当要求施工单位暂时停止施工，并及时报告建设单位。施工单位拒不整改或者不停止施工的，工程监理单位应当及时向有关主管部门报告。故选D。
单选题,[2024年][河南中安]某安全评价机构拟到甲省乙市开展安全评价技术服务。根据《安全评价检测检验机构管理办法》，关于该评价机构技术服务的说法，正确的是（    ）。,A.安全评价项目组组长应当具有与业务相关的一级安全评价师资格|B.在开展现场技术服务前7个工作日内，应当书面告知甲省应急管理部门|C.在开展现场技术服务前5个工作日内，应当书面告知乙市应急管理部门|D.为避免引发恶性竞争，安全评价机构应当对服务收费标准予以保密,B,本题考查的是评价机构技术服务相关规定。 B正确，C错误，错在“前五个工作日”“乙市应急管理部门”。第十九条：安全评价检测检验机构应当在开展现场技术服务前七个工作日内，书面告知（附件4）项目实施地资质认可机关，接受资质认可机关及其下级部门的监督抽查；第三条 国务院应急管理部门负责指导全国安全评价检测检验机构管理工作，建立安全评价检测检验机构信息查询系统，完善安全评价、检测检验标准体系。省级人民政府应急管理部门、煤矿安全生产监督管理部门（以下统称资质认可机关）按照各自的职责，分别负责安全评价检测检验机构资质认可和监督管理工作。设区的市级人民政府、县级人民政府应急管理部门、煤矿安全生产监督管理部门按照各自的职责，对安全评价检测检验机构执业行为实施监督检查，并对发现的违法行为依法实施行政处罚。A错误，错在“一级安全评级师资格”。第十七条：安全评价项目组组长应当具有与业务相关的二级以上安全评价师资格，并在本行业领域工作三年以上；D错误，错在“保密”。第二十三条：该办法明确要求安全评价机构应当公开服务收费标准和依据，自觉接受社会监督。故选B。
单选题,[2024年][河南中安]某厂女职工赵某已怀孕两个月。根据《女职工劳动保护特别规定》，下列属于赵某劳动禁忌范围的是（    ）。,A.非密封源放射性物质的操作|B.作业场所空气中氮氧化物浓度符合国家职业卫生标准的作业|C.高温作业分级标准中规定的第二级作业|D.需要弯腰、攀高、下蹲的作业,A,本题考查的是女职工禁忌劳动，属于高频考点。做题思路，需要能够明确女职工禁忌从事的劳动范围都有哪些。 根据《女职工劳动保护特别规定》附录：女职工禁忌从事的劳动范围，三、女职工在孕期禁忌从事的劳动范围：B不属于，(一)作业场所空气中铅及其化合物、汞及其化合物、苯、镉、铍、砷、氰化物、氮氧化物、一氧化碳、二硫化碳、氯、己内酰胺、氯丁二烯、氯乙烯、环氧乙烷、苯胺、甲醛等有毒物质浓度超过国家职业卫生标准的作业；A属于，（三）非密封源放射性物质的操作，核事故与放射事故的应急处置。(四)高处作业分级标准中规定的高处作业；(五)冷水作业分级标准中规定的冷水作业；(六)低温作业分级标准中规定的低温作业；C不属于，(七)高温作业分级标准中规定的第三级、第四级的作业；D不属于，错在“没有频繁”。(十)在密闭空间、高压室作业或者潜水作业，伴有强烈振动的作业，或者需要频繁弯腰、攀高、下蹲的作业。故选A。
单选题,[2024年][河南中安]某公司从事烟花爆竹批发业务。根据《烟花爆竹安全管理条例》，关于该公司经营安全的做法，正确的是（    ）。,A.向所在地设区的市人民政府公安机关申领批发许可证|B.确保经营场所与周边建筑、设施保持必要的安全距离|C.向其他烟花爆竹批发企业采购烟花爆竹产品|D.可以直接向个人出售烟花爆竹产品,B,本题考查的是烟花爆竹经营安全管理要求，属于高频考点。做题思路，需要注意本题在考查针对企业要具备的条件都有哪些。 A错误，错在“批发许可证是市应急”。第十九条：申请从事烟花爆竹批发的企业，应当向所在地设区的市人民政府安全生产监督管理部门提出申请。C错误，批发企业从生产烟花爆竹单位批发；第二十条：从事烟花爆竹批发的企业，应当向生产烟花爆竹的企业采购烟花爆竹，向从事烟花爆竹零售的经营者供应烟花爆竹。从事烟花爆竹零售的经营者，应当向从事烟花爆竹批发的企业采购烟花爆竹。D错误，错在“直接”。第三条 国家对烟花爆竹的生产、经营、运输和举办焰火晚会以及其他大型焰火燃放活动，实行许可证制度。未经许可，任何单位或者个人不得生产、经营、运输烟花爆竹，不得举办焰火晚会以及其他大型焰火燃放活动。第十七条：烟花爆竹批发企业应当具备的条件有：（1）具有企业法人条件；B正确，（2）经营场所与周边建筑、设施保持必要的安全距离；（3）有符合国家标准的经营场所和储存仓库；（4）有保管员、仓库守护员；（5）依法进行了安全评价；（6）有事故应急救援预案、应急救援组织和人员，并配备必要的应急救援器材设备。故选B。
单选题,[2024年][河南中安]王某在试用期内未按要求佩戴安全帽上岗作业，工作中脚手架变形严重，在未经管理员同意自行离开，但被砸伤，根据《安全生产法》关于王某人身保障权利说法正确（    ）。,A.王某未按规定佩戴安全帽，对本人受伤需要承担一定的治疗费用|B.未经同意撤离，所在企业有权扣减工资奖金|C.王某未经现场管理人员同意自行撤离，所在企业有权因此解除劳动合同|D.除了享有工伤保险外，还有权依照有关法律获得赔偿,D,本题考查的是《安全生产法》中从业人员的权利，属于高频考点。做题思路，本题在于考查从业人员的权利和义务都有哪些。A错误，错在“企业应当教导员工佩戴劳动防护用品”第四十五条：生产经营单位必须为从业人员提供符合国家标准或者行业标准的劳动防护用品，并监督、教育从业人员按照使用规则佩戴、使用；BC错误，错在“不能因为撤离就扣减工资或者解除劳动合同”。第五十五条：从业人员发现直接危及人身安全的紧急情况时，有权停止作业或者在采取可能的应急措施后撤离作业场所。生产经营单位不得因从业人员在前款紧急情况下停止作业或者采取紧急撤离措施而降低其工资、福利等待遇或者解除与其订立的劳动合同。D正确，第五十六条：因生产安全事故受到损害的从业人员，除依法享有工伤保险外，依照有关民事法律尚有获得赔偿的权利的，有权提出赔偿要求。故选D。
单选题,[2024年][河南中安]突发事件发生后，必须在第一时间采取有效措施控制事态发展，开展应急救援工作。根据《突发事件应对法》，关于突发事件应急处置与救援的说法，正确的是（    ）。,A.突发事件严重影响国民经济正常运行时，地方各级人民政府可以采取保障、控制等必要的应急措施，保障人民群众基本生活需要|B.应急救援机构在抢险过程中，必要时可以向单位和个人征用应急救援所需的设备设施和物资|C.突发事件发生地的个人应当依法服从人民政府、居民委员会、村民委员会或者所属单位的指挥和安排|D.应急救援机构按照有关规定，统一发布有关突发事件事态发展和应急处置工作的信息,C,本题考查的是应急处置与救援，属于高频考点。做题思路，需要注意理清突发事件后如何进行处置和救援。 C正确，第七十九条：突发事件发生地的个人应当依法服从人民政府、居民委员会、村民委员会或者所属单位的指挥和安排，配合人民政府采取的应急处置措施，积极参加应急救援工作，协助维护社会秩序。A错误，错在“地方各级政府”。第七十五条：发生突发事件，严重影响国民经济正常运行时，国务院或者国务院授权的有关主管部门可以采取保障、控制等必要的应急措施，保障人民群众的基本生活需要，最大限度地减轻突发事件的影响。B错误，错在“应急救援机构”。第七十六条：履行统一领导职责或者组织处置突发事件的人民政府及其有关部门，必要时可以向单位和个人征用应急救援所需设备、设施、场地、交通工具和其他物资。D错误，错在“应急救援机构”。第七条：国家建立健全突发事件信息发布制度。有关人民政府和部门应当及时向社会公布突发事件相关信息和有关突发事件应对的决定、命令、措施等信息。故选C。
单选题,[2024年][河南中安]某企业每天组织安全生产管理人员对生产作业活动进行安全检查。根据《安全生产法》，关于安全生产管理人员安全检查的做法，正确的是（    ）。,A.发现员工未佩戴劳动防护用品，要求其限期整改并记录在案|B.发现安全问题，报告企业主要负责人后进行处理|C.发现事故隐患，立即进行处理|D.发现重大事故隐患，向应急管理部门报告,C,本题考查的是《安全生产法》中安全管理人员检查要求，属于高频考点。做题思路，本题考查的是安全管理人员在检查中的要求。AB错误，A错在“要求其限期整改并记录在案”B错在“报告企业主要负责人后进行处理”C正确，第四十六条：生产经营单位的安全生产管理人员应当根据本单位的生产经营特点，对安全生产状况进行经常性检查；对检查中发现的安全问题，应当立即处理；不能处理的，应当及时报告本单位有关负责人，有关负责人应当及时处理。检查及处理情况应当如实记录在案；D错误，错在“向应急管理部门报告”。第四十六条：生产经营单位的安全生产管理人员在检查中发现重大事故隐患，依照前款规定向本单位有关负责人报告，有关负责人不及时处理的，安全生产管理人员可以向主管的负有安全生产监督管理职责的部门报告，接到报告的部门应当依法及时处理。故选C。
单选题,[2024年][河南中安]根据《安全生产事故隐患排查治理暂行规定》，关于生产经营单位事故隐患排查治理职责的说法，正确的是（    ）。,A.生产经营单位对承包单位的事故隐患排查治理负有统一协调和监督管理的职责|B.生产经营单位主要负责人是事故隐患排查、治理和防控的责任主体|C.对于危害后果不严重的一般事故隐患，经安全生产管理机构负责人同意可以限期整改|D.对于重大事故隐患，应当由安全生产管理机构的负责人组织制定并实施事故隐患治理方案,A,本题考查的是隐患排查治理职责相关规定，属于高频考点。做题思路，需要理清针对生产经营单位事故隐患排查治理职责。A正确，第十二条：生产经营单位将生产经营项目、场所、设备发包、出租的，应当与承包、承租单位签订安全生产管理协议，并在协议中明确各方对事故隐患排查、治理和防控的管理职责。生产经营单位对承包、承租单位的事故隐患排查治理负有统一协调和监督管理的职责；B错误，错在“生产经营单位主要负责人”。第八条：生产经营单位是事故隐患排查、治理和防控的责任主体；C错误，错在“一般事故隐患限期整改”第十五条：对于一般事故隐患，由生产经营单位（车间、分厂、区队等）负责人或者有关人员立即组织整改；D错误，错在“安全生产管理机构负责人”。第十五条：对于重大事故隐患，由生产经营单位主要负责人组织制定并实施事故隐患治理方案。故选A。
单选题,[2024年][河南中安]根据《安全生产法》《安全生产事故隐患排查治理暂行规定》，关于企业事故隐患排查治理的说法，正确的是（    ）。,A.事故隐患排查治理情况应当向所在地应急管理部门和企业职工代表大会“双报告”|B.重大事故隐患排查治理情况报告须经企业主要负责人签字后，每季度报所在地应急管理部门|C.事故隐患排查治理情况应当如实记录，并定期或者不定期向从业人员通报|D.对于重大事故隐患，应当由企业安全分管负责人组织制定并实施事故隐患治理方案,C,本题考查的是两种法律的交叉内容考查，是近几年出现的新型考试题型，可以给予适当的关注。 A错误，错在“事故隐患排查治理情况”。《安全生产法》第四十一条：重大事故隐患排查治理情况应当及时向负有安全生产监督管理职责的部门和职工大会或者职工代表大会报告；B错误，“每季度”“应急管理部门”《安全生产事故隐患排查治理暂行规定》第十四条：生产经营单位应当每季、每年对本单位事故隐患排查治理情况进行统计分析，并分别于下一季度15日前和下一年1月31日前向安全监管监察部门和有关部门报送书面统计分析表；对于重大事故隐患，生产经营单位除依照前款规定报送外，应当及时向安全监管监察部门和有关部门报告。C正确，生产经营单位应当建立健全并落实生产安全事故隐患排查治理制度，采取技术、管理措施，及时发现并消除事故隐患。事故隐患排查治理情况应当如实记录，并通过职工大会或者职工代表大会、信息公示栏等方式向从业人员通报；D错误，错在“安全分管负责人”。《安全生产事故隐患排查治理暂行规定》第十五条：对于重大事故隐患，由生产经营单位主要负责人组织制定并实施事故隐患治理方案。故选C。
单选题,[2024年][河南中安]根据《安全生产法》关于企业设置安全生产管理机构和配备安全生产管理人员的做法，正确的是（    ）。,A.某航空运输企业有员工60人，未设置安全生产管理机构，但配备了兼职安全生产管理人员|B.某制衣企业有员工80人，配备了专职安全生产管理人员|C.某甲醇销售企业有员工20人，配备了兼职安全生产管理人员|D.某机械加工企业有员工110人，配备了兼职安全生产管理人员,B,本题考查的是企业安全生产管理机构或专、兼职管理人员的配备要求，属于高频考点。做题思路，适当结合口诀“未建运金矿”，精准记忆哪些企业需要设管理机构或配备专职管理人员。B正确，第二十四条：矿山、金属冶炼、建筑施工、运输单位和危险物品的生产、经营、储存、装卸单位，应当设置安全生产管理机构或者配备专职安全生产管理人员。前款规定以外的其他生产经营单位，从业人员超过一百人的，应当设置安全生产管理机构或者配备专职安全生产管理人员；从业人员在一百人以下的，应当配备专职或者兼职的安全生产管理人员。ACD错误，A为运输企业，C为危险物品经营企业，D机械加工企业超过100人，均应设管理机构或专职管理人员。故选B。
单选题,[2024年][河南中安]王某于2020年10月29日取得中级注册安全工程师职业资格证书，2022年8月10日应急管理部门准予王某初始注册。根据《注册安全工程师职业资格制度规定》，关于王某注册有效期的说法，正确的是（    ）。,A.注册有效期为3年，自2020年10月29日起计算|B.注册有效期满需要延续注册的，应当在有效期满前3个月按规定提出申请|C.注册有效期为6年，自2022年8月10日起计算|D.注册有效期满需要延续注册的，应当在有效期满前1个月按规定提出申请,B,正确，第十九条：中级注册安全工程师注册有效期为5年。有效期满前3个月，需要延续注册的，应向注册初审机构提出延续注册申请。有效期满未延续注册的，可根据需要申请重新注册。故选B。
单选题,[2024年][河南中安]根据《生产安全事故应急条例》，关于应急装备、物资配备和应急值班的说法，正确的是（    ）。,A.工业园区管委会应当储备必要的应急救援装备和物资，并及时更新和补充|B.金属冶炼企业应当成立应急处置技术组，实行24小时应急值班|C.机械制造企业应当建立应急值班制度，配备应急值班人员|D.危险化学品生产企业应当配备必要的应急救援器材、设备和物资,D,本题考查的是应急装备、物资配备和应急值班相关规定，属于高频考点。做题思路，要能记清哪些单位配备应急装备或应急值班。D正确，第十三条：易燃易爆物品、危险化学品等危险物品的生产、经营、储存、运输单位，矿山、金属冶炼、城市轨道交通运营、建筑施工单位，以及宾馆、商场、娱乐场所、旅游景区等人员密集场所经营单位，应当根据本单位可能发生的生产安全事故的特点和危害，配备必要的灭火、排水、通风以及危险物品稀释、掩埋、收集等应急救援器材、设备和物资，并进行经常性维护、保养，保证正常运转；A错误，错在“储备必要的应急救援装备和物资，并及时更新和补充”第十条：工业园区、开发区等产业聚集区域内的生产经营单位，可以联合建立应急救援队伍。BC错误，错在“金属冶炼企业”。第十四条：下列单位应当建立应急值班制度，配备应急值班人员：（一）县级以上人民政府及其负有安全生产监督管理职责的部门；（二）危险物品的生产、经营、储存、运输单位以及矿山、金属冶炼、城市轨道交通运营、建筑施工单位；（三）应急救援队伍。规模较大、危险性较高的易燃易爆物品、危险化学品等危险物品的生产、经营、储存、运输单位应当成立应急处置技术组，实行24小时应急值班。故选D。
单选题,[2024年][河南中安]根据《特种设备安全法》，关于大型游乐设施制造和安装的说法，正确的（    ）。,A.制造单位可以根据有资质的机构出具的大型游乐设施设计文件，直接制造大型游乐设施|B.大型游乐设施制造采用新材料的，应当经负责特种设备安全监督管理的部门对大型游乐设施核准的检验机构进行型式试验|C.大型游乐设施安装竣工后，安装的施工单位应当在验收后30日内将相关技术资料和文件移交特种设备使用单位|D.大型游乐设施出厂时，应当在显著位置设置产品铭牌、安全警示标志及产品质量合格证明,C,本题考查的是大型游乐设施制造和安装要求，属于高频考点。做题思路，需要明确本题考查的是大型游乐设施制造和安装中的具体要求。C正确，第二十四条：特种设备安装、改造、修理竣工后，安装、改造、修理的施工单位应当在验收后三十日内将相关技术资料和文件移交特种设备使用单位；A错误，错在“直接制造”。第二十条：锅炉、气瓶、氧舱、客运索道、大型游乐设施的设计文件，应当经负责特种设备安全监督管理的部门核准的检验机构鉴定，方可用于制造；B错误，错在“新材料经过负责特种设备安全监督管理的部门的检验机构进行型式试验”。第十六条：特种设备采用新材料、新技术、新工艺，与安全技术规范的要求不一致，或者安全技术规范未作要求、可能对安全性能有重大影响的，应当向国务院负责特种设备安全监督管理的部门申报，由国务院负责特种设备安全监督管理的部门及时委托安全技术咨询机构或者相关专业机构进行技术评审，评审结果经国务院负责特种设备安全监督管理的部门批准，方可投入生产、使用；D错误，错在“设置产品铭牌、安全警示标志及产品质量合格证明”。第四十三条：电梯、客运索道、大型游乐设施的运营使用单位应当将电梯、客运索道、大型游乐设施的安全使用说明、安全注意事项和警示标志置于易于乘客注意的显著位置。故选C。
单选题,[2024年][河南中安]涉险事故处置不当，可能导致严重后果。根据《生产安全事故信息报告和处置办法》，下列涉险事故中，属于较大涉险事故的是（    ）。,A.涉险3人的事故|B.造成紧急疏散350人的事故|C.造成5人被困的事故|D.造成一定环境污染的生产安全事故,C,本题考查的是较大涉险事故概念，属于高频考点。做题思路，需要能够区分清楚属于较大涉嫌事故的有哪些。第二十六条：本办法所称的较大涉险事故是指：A错误，错在“涉险3人的事故”。（一）涉险10人以上的事故；C正确，（二）造成3人以上被困或者下落不明的事故；B错误，错在“应是500人以上”。（三）紧急疏散人员500人以上的事故；D错误，错在“造成一定环境污染”。（四）因生产安全事故对环境造成严重污染（人员密集场所、生活水源、农田、河流、水库、湖泊等）的事故；（五）危及重要场所和设施安全（电站、重要水利设施、危化品库、油气站和车站、码头、港口、机场及其他人员密集场所等）的事故；（六）其他较大涉险事故。故选C。
单选题,[2024年][河南中安]某企业职工李某报名参加特种作业操作资格考试。根据《特种作业人员安全技术培训考核管理规定》，关于李某特种作业人员考试的说法，正确的是（    ）。,A.考核发证机关收到李某申请后，应当在90日内组织考试|B.考核发证机关应当在考试结束后15个工作日内公布考试成绩|C.特种作业操作资格考试包括理论考试和实际操作考试两部分|D.李某考试不及格的，应当重新参加安全技术培训后补考,C,本题考查的是《特种作业人员安全技术培训考核管理规定》考试要求，属于高频考点。做题思路，要明确李某为作业人员，所以要清楚培训考核的重要要求。A错误，错在“应当在90日内组织考试”。第十三条：参加特种作业操作资格考试的人员，应当填写考试申请表，由申请人或者申请人的用人单位持学历证明或者培训机构出具的培训证明向申请人户籍所在地或者从业所在地的考核发证机关或其委托的单位提出申请。考核发证机关或其委托的单位收到申请后，应当在60日内组织考试；B错误，错在“应该是15个工作日”。第十五条：考核发证机关或其委托承担特种作业操作资格考试的单位，应当在考试结束后10个工作日内公布考试成绩；C正确，D错误，错在“应当重新参加安全技术培训后补考”。第十三条：特种作业操作资格考试包括安全技术理论考试和实际操作考试两部分。考试不及格的，允许补考1次。经补考仍不及格的，重新参加相应的安全技术培训。故选C。
单选题,[2024年][河南中安]根据《生产安全事故报告和调查处理条例》，关于事故调查的说法，正确的是（    ）。,A.上级人民政府有关部门认为必要时，可以调查由下级人民政府有关部门负责调查的事故|B.事故调查中需要进行技术鉴定的，技术鉴定所需时间不计入事故调查期限|C.未造成人员伤亡的一般事故，应当由事故发生单位组织事故调查组进行调查|D.事故等级发生变化的，上级人民政府有关部门应当另行组织事故调查组进行调查,B,本题考查的是《生产安全事故报告和调查处理条例》事故调查相关要求，属于高频考点。做题思路，针对事故调查的细节情况要了解清楚。C错误，错在“应当由事故发生单位组织事故调查组进行调查”。第十九条：未造成人员伤亡的一般事故，县级人民政府也可以委托事故发生单位组织事故调查组进行调查；B正确，第二十七条：事故调查中需要进行技术鉴定的，事故调查组应当委托具有国家规定资质的单位进行技术鉴定。必要时，事故调查组可以直接组织专家进行技术鉴定。技术鉴定所需时间不计入事故调查期限；A错误，错在“上级政府可以调查由下级人民政府负责调查”。D错误，错在“不是应当另行组织而是可以另行组织”。第二十条：上级人民政府认为必要时，可以调查由下级人民政府负责调查的事故。自事故发生之日起30日内（道路交通事故、火灾事故自发生之日起7日内），因事故伤亡人数变化导致事故等级发生变化，依照本条例规定应当由上级人民政府负责调查的，上级人民政府可以另行组织事故调查组进行调查。故选B。
单选题,[2024年][河南中安]根据《生产安全事故应急条例》，关于生产安全事故应急救援预案编制及备案的说法，正确的是（    ）。,A.县级以上人民政府应当制定相应的生产安全事故应急救援预案，报送上一级人民政府应急管理部门备案|B.乡镇人民政府应当制定相应的生产安全事故应急救援预案，报送县人民政府负有安全生产监督管理职责的部门备案|C.村民委员会应当制定相应的生产安全事故应急救援预案，并依法向社会公布|D.生产经营单位应当将制定的生产安全事故应急救援预案报送县级以上人民政府负有安全生产监督管理职责的部门备案，并向本单位从业人员公布,D,本题考查的是《生产安全事故应急条例》应急预案编制及备案相关内容，属于高频考点。做题思路，要能区分预案的编制和备案的级别。AB错误，A错在“送上一级人民政府应急管理部门备案”B错在“乡镇人民政府”。第七条：县级以上人民政府负有安全生产监督管理职责的部门应当将其制定的生产安全事故应急救援预案报送本级人民政府备案；D正确，第五条：生产经营单位应当针对本单位可能发生的生产安全事故的特点和危害，进行风险辨识和评估，制定相应的生产安全事故应急救援预案，并向本单位从业人员公布；C错误，错在“村民委员会”。第五条：县级以上人民政府及其负有安全生产监督管理职责的部门和乡、镇人民政府以及街道办事处等地方人民政府派出机关，应当针对可能发生的生产安全事故的特点和危害，进行风险辨识和评估，制定相应的生产安全事故应急救援预案，并依法向社会公布。故选D。
单选题,[2024年][河南中安]甲公司借用乙公司安全评价资质，甲公司项目负责人李某组织安全评价人员对某矿山企业进行安全评价，出具了虚假报告，收取安全评估服务费用20万元。根据《安全生产法》，关于甲、乙公司法律责任的说法，正确的是（    ）。,A.应当吊销乙公司安全评价资质|B.应当对乙公司主要负责人处5万元以上10万元以下的罚款|C.应当对甲公司没收违法所得，并处10万元以上20万元以下的罚款|D.应当对李某处10万元以上20万元以下的罚款,A,本题考查的是《安全生产法》的法律责任，属于高频考点。做题思路注意区分失实报告和虚假报告的区别。B错误，错在“对乙公司主要负责人处5万以上10万以下的罚款”。C错误，错在“并处10万元以上20万元以下的罚款”。D错误，错在“10万元以上20万元以下的罚款”。第九十二条：承担安全评价、认证、检测、检验职责的机构出具失实报告的，责令停业整顿，并处三万元以上十万元以下的罚款；给他人造成损害的，依法承担赔偿责任。承担安全评价、认证、检测、检验职责的机构租借资质、挂靠、出具虚假报告的，没收违法所得；违法所得在十万元以上的，并处违法所得二倍以上五倍以下的罚款；没有违法所得或者违法所得不足十万元的，单处或者并处十万元以上二十万元以下的罚款；对其直接负责的主管人员和其他直接责任人员处五万元以上十万元以下的罚款；给他人造成损害的，与生产经营单位承担连带赔偿责任；构成犯罪的，依照刑法有关规定追究刑事责任；A正确，第九十二条：对有前款违法行为的机构及其直接责任人员，吊销其相应资质和资格，五年内不得从事安全评价、认证、检测、检验等工作，情节严重的，实行终身行业和职业禁入。故选A。
单选题,[2024年][河南中安]某危险化学品生产企业分别招聘、接收了一批危险工艺操作工和中等职业学校实习生，根据《安全生产培训管理办法》，关于相关人员安全培训的说法，正确的是（    ）。,A.具有安全工程本科以上学历的危险工艺操作工按规定进行安全培训后，可以独立上岗|B.危险工艺操作工按规定进行安全培训后，还应当在有经验的职工带领下实习满2个月后方可独立上岗|C.危险工艺操作工按规定进行安全培训后，还应当在有经验的职工带领下实习满6个月后方可独立上岗|D.实习生经中等职业学校组织开展相应的安全生产教育和培训后，可以独立上岗,B,本题考查的是《安全生产培训管理办法》培训上岗相关要求。做题思路需要注意本题所说人员为危险化学品人员，再进行作答。ACD错误，B正确，第十三条：矿山新招的井下作业人员和危险物品生产经营单位新招的危险工艺操作岗位人员，除按照规定进行安全培训外，还应当在有经验的职工带领下实习满2个月后，方可独立上岗作业。故选B。
单选题,[2024年][河南中安]某公司从事危险化学品道路运输业务。根据《道路交通安全法》，关于机动车道路运输安全的说法，正确的是（    ）。,A.装载危险化学品的运输车辆应当符合核定的运载质量，并悬挂警示标志|B.运输车辆出发前，应当报经应急管理部门批准，落实相应的安全要求|C.运输车辆在保持安全速度的情况下可以在隧道内超车|D.经公司主要负责人批准，其他人员可以乘坐运输车辆,A,本题考查的是《道路交通安全法》安全通行及管理要求，属于高频考点。做题思路，需要注意机动车道路运输安全的要求。A正确，机动车载运爆炸物品、易燃易爆化学物品以及剧毒、放射性等危险物品，应当经公安机关批准后，按指定的时间、路线、速度行驶，悬挂警示标志并采取必要的安全措施；B错误，错在“报经应急管理部门批准”。第四十八条：机动车载运爆炸物品、易燃易爆化学物品以及剧毒、放射性等危险物品，应当经公安机关批准后，按指定的时间、路线、速度行驶，悬挂警示标志并采取必要的安全措施；C错误，错在“可以在隧道内超车”。第四十三条：同车道行驶的机动车，后车应当与前车保持足以采取紧急制动措施的安全距离。有下列情形之一的，不得超车：（四）行经铁路道口、交叉路口、窄桥、弯道、陡坡、隧道、人行横道、市区交通流量大的路段等没有超车条件的；D错误，错在“其他人员可以乘坐运输车辆”。第五十条：禁止货运机动车载客。故选A
单选题,[2024年][河南中安]煤矿企业安全生产风险高，必须强化和落实安全生产责任。根据《煤矿安全生产条例》，关于煤矿企业安全生产责任的说法，正确的是（    ）。,A.新建煤矿项目投入生产前，应当经负有煤矿安全生产监督管理职责的部门对其安全设施验收合格|B.煤矿从业人员应当经过安全生产教育和培训，持续保持相应水平和能力，经考核合格后持安全合格证上岗作业|C.煤矿安全生产管理人员发现威胁安全的紧急情况时，有权要求立即停止危险区域内的作业并撤出作业人员|D.煤矿井下工作岗位使用劳务派遣用工的，应当落实安全作业限员制度，劳务派遣用工不得超过规定数量,C,本题考查的是《煤矿安全生产条例》安全生产责任，属于高频考点。C正确，第十九条：煤矿企业应当设置安全生产管理机构并配备专职安全生产管理人员。安全生产管理机构和安全生产管理人员负有下列安全生产职责：（五）制止和纠正违章指挥、强令冒险作业、违反规程的行为，发现威胁安全的紧急情况时，有权要求立即停止危险区域内的作业，撤出作业人员；A错误，错在“投入生产前”。第十六条：煤矿建设项目竣工投入生产或者使用前，应当由建设单位负责组织对安全设施进行验收，并对验收结果负责；经验收合格后，方可投入生产和使用；B错误，错在“经考核合格后持安全合格证上岗作业”第二十一条：煤矿企业从业人员经安全生产教育和培训合格，方可上岗作业。煤矿企业特种作业人员应当按照国家有关规定经专门的安全技术培训和考核合格，并取得相应资格；D错误，错在“煤矿井下工作岗位使用劳务派遣用工”。第二十四条：煤矿井下作业人员实行安全限员制度。煤矿企业应当依法制定井下工作时间管理制度。煤矿井下工作岗位不得使用劳务派遣用工。故选C。
单选题,[2024年][河南中安]关于危险化学品重大危险源管理的说法，正确的是（    ）。,A.重大危险源中储存有毒物质的场所或者设施，应当设置视频监控系统|B.重大危险源监测系统记录的电子数据的保存时间，应当不少于30天|C.重大危险源的专项应急预案，应当至少每半年演练1次|D.重大危险源的现场处置方案，应当至少每季度演练1次,B,本题考查的是《危险化学品重大危险源监督管理暂行规定》管理要求及演练频次。做题思路，要能够区分应急预案和现场处置方案的演练时间。A错误，错在“有毒物质”。第十三条：重大危险源中储存剧毒物质的场所或者设施，设置视频监控系统；CD错误，C错在“每半年演练1次”D错在“每季度演练1次”。第二十一条：危险化学品单位应当制定重大危险源事故应急预案演练计划，并按照下列要求进行事故应急预案演练：(一)对重大危险源专项应急预案，每年至少进行一次；(二)对重大危险源现场处置方案，每半年至少进行一次。故选B。
单选题,[2024年][河南中安]某建设项目发生生产安全事故造成1人死亡。该项目总承包方为甲公司，项目经理赵某，项目安全员张某。调查发现，甲公司将模板工程发包给不具备资质的乙公司。根据《建筑法》，关于该项目安全管理及法律责任的说法，正确的是（    ）。,A.赵某应当对甲公司的安全生产负责|B.发生事故时，张某应当马上组织所有人员离开，并向有关部门报告|C.甲公司涉嫌违法发包，且情节严重，应当吊销其公司资质证书|D.乙公司非法承包工程，应当予以取缔，并处罚款,D,本题考查的是《建筑法》建设项目安全管理及法律责任。做题思路，重点是要能够区分出对于违法发包中的处罚。A错误，错在“应当对甲公司的安全生产负责”。第四十四条：施工企业的法定代表人对本企业的安全生产负责；D正确，C错误，错在“应当吊销其公司资质证书”。第六十五条：发包单位将工程发包给不具有相应资质条件的承包单位的，或者违反本法规定将建筑工程肢解发包的，责令改正，处以罚款。超越本单位资质等级承揽工程的，责令停止违法行为，处以罚款，可以责令停业整顿，降低资质等级；情节严重的，吊销资质证书；有违法所得的，予以没收。未取得资质证书承揽工程的，予以取缔，并处罚款；有违法所得的，予以没收。以欺骗手段取得资质证书的，吊销资质证书，处以罚款；构成犯罪的，依法追究刑事责任；B错误，错在“组织所有人员离开”。第五十一条：施工中发生事故时，建筑施工企业应当采取紧急措施减少人员伤亡和事故损失，并按照国家有关规定及时向有关部门报告。故选D。
单选题,[2024年][河南中安]某体育场馆举办演唱会期间，商贩王某违规带入场内的氢气球爆炸，造成张某重伤。经调查，该体育场馆管理单位未对演唱会组织单位尽到告知义务，导致安保单位进行检查时，未对王某的行为予以制止。根据《民法典》，关于造成张某损伤责任的说法，正确的是（    ）。,A.组织单位无需承担造成张某损伤的责任|B.管理单位对张某的损伤承担一定责任|C.安保单位无需承担造成张某损伤的责任|D.张某的损伤责任应由王某独自承担,B,本题考查的是《民法典》。做题思路，要能明确管理、组织和安保单位的责任区分。ACD错误，均因忽略多方过错关联性而错误。B正确，第一千一百九十八条：宾馆、商场、银行、车站、机场、体育场馆、娱乐场所等经营场所、公共场所的经营者、管理者或者群众性活动的组织者，未尽到安全保障义务，造成他人损害的，应当承担侵权责任。因第三人的行为造成他人损害的，由第三人承担侵权责任;经营者、管理者或者组织者未尽到安全保障义务的，承担相应的补充责任。经营者、管理者或者组织者承担补充责任后，可以向第三人追偿；这是因为体育场馆管理单位未尽到告知义务，导致安保单位未能有效制止违规行为，因此管理单位可能需要承担一定的责任。其他选项中，组织单位和安保单位可能也面临一定的责任，而不是完全不承担责任。同时，王某作为直接责任人，也需要承担相应责任，但并不是独自承担。故选B。
单选题,[2024年][河南中安]某养殖公司化粪池设备故障，需要立即进入化粪池进行维修。根据《工贸企业有限空间作业安全规定》，关于该公司化粪池设备维修作业审批的说法，正确的是（    ）。,A.应当由公司主要负责人审批|B.应当由公司分管安全的负责人审批|C.应当由公司安全生产管理人员审批|D.紧急情况下，可以由车间主任审批,A,本题考查的是《工贸企业有限空间作业安全规定》作业审批，属于常规考点。做题思路：从化粪池的毒害性出发，确定主要负责人审批。A正确，第七条：对于存在硫化氢、一氧化碳、二氧化碳等中毒和窒息等风险的有限空间作业，应当由工贸企业主要负责人或者其书面委托的人员进行审批，委托进行审批的，相关责任仍由工贸企业主要负责人承担。故选A。
单选题,[2024年][河南中安]根据《安全生产法》，关于生产经营单位应急救援的说法，正确的（    ）。,A.生产经营规模较小的单位，可以不建立应急救援组织，但应当指定专职应急救援人员|B.所有生产经营单位应当制定本单位生产安全事故应急救援预案|C.危险物品的生产、经营、储存、运输单位应当建立应急救援组织|D.机械制造单位应当配备应急救援器材、设备和物资,B,本题考查的是应急救援管理，属于高频考点。做题思路：记忆口诀：未建城金矿。A错误，错在“专职”。第八十二条：危险物品的生产、经营、储存单位以及矿山、金属冶炼、城市轨道交通运营、建筑施工单位应当建立应急救援组织；生产经营规模较小的，可以不建立应急救援组织，但应当指定兼职的应急救援人员；B正确，所有生产经营单位应当制定本单位生产安全事故应急救援预案；CD错误，C错在“危险物品的运输单位”D错在“机械制造单位”，第八十二条：危险物品的生产、经营、储存、运输单位以及矿山、金属冶炼、城市轨道交通运营、建筑施工单位应当配备必要的应急救援器材、设备和物资，并进行经常性维护、保养，保证正常运转。。故选B。
单选题,[2024年][河南中安]用人单位与劳动者应当按照劳动合同约定，全面履行各自的义务。根据《劳动合同法》，关于用人单位履行劳动合同的说法，正确的是（    ）。,A.劳动者自己主动加班工作的，用人单位应当按照国家有关规定支付加班费|B.用人单位未足额支付工资的，劳动者可以依法向人民法院申请支付令|C.用人单位变更名称、法定代表人或者投资人过程中，劳动合同暂停履行|D.用人单位发生分立的，原劳动合同失效，应当重新签订劳动合同,B,本题考查的是《劳动合同法》的履行，属于高频考点。A错误，错在“主动加班”，第三十一条：用人单位应当严格执行劳动定额标准，不得强迫或者变相强迫劳动者加班。用人单位安排加班的，应当按照国家有关规定向劳动者支付加班费；B正确，用人单位拖欠或者未足额支付劳动报酬的，劳动者可以依法向当地人民法院申请支付令，人民法院应当依法发出支付令；C错误，错在“暂停履行”第三十三条：用人单位变更名称、法定代表人、主要负责人或者投资人等事项，不影响劳动合同的履行；D错误，错在“重新签订劳动合同”。第三十四条：用人单位发生合并或者分立等情况，原劳动合同继续有效，劳动合同由承继其权利和义务的用人单位继续履行。故选B。
单选题,[2024年][河南中安]根据《安全生产严重失信主体名单管理办法》，下列单位及人员中，应当列入严重失信主体名单的是（    ）。,A.未依法取得安全生产相关许可从事相关生产经营活动的生产经营单位及其主要负责人|B.12个月内累计发生2起以上一般生产安全事故的生产经营单位及其主要负责人|C.迟报生产安全事故的生产经营单位及其有关责任人员|D.出具虚假报告的安全评价机构及其主要负责人,A,本题考查的是严重失信名单，属于一般考点。做题思路：区分主要负责人和直接责任人。A正确，未依法取得安全生产相关许可或者许可被暂扣、吊销期间从事相关生产经营活动的生产经营单位及其主要负责人；B错误，错在“一般生产安全事故”第六条：下列发生生产安全事故的生产经营单位及其有关人员应当列入严重失信主体名单：（二）12个月内累计发生2起以上较大生产安全事故的生产经营单位及其主要负责人；C错误，错在“迟报”。第六条下列发生生产安全事故的生产经营单位及其有关人员应当列入严重失信主体名单：（四）瞒报、谎报生产安全事故的生产经营单位及其有关责任人员；D错误，错在“主要负责人”第七条：下列未发生生产安全事故，但因安全生产违法行为，受到行政处罚的生产经营单位或者机构及其有关人员，应当列入严重失信主体名单：（二）承担安全评价、认证、检测、检验职责的机构及其直接责任人员租借资质、挂靠、出具虚假报告或者证书的。故选A。
单选题,[2024年][河南中安]某汽车零部件加工建设项目为特殊建设工程以外的其他建设工程。该工程竣工验收合格后，建设单位拟报消防设计审查验收主管部门备案。根据《建设工程消防设计审查验收管理暂行规定》，关于该建设工程消防备案的说法，正确的是（    ）。,A.竣工验收合格之日起10个工作日内报消防设计审查验收主管部门备案|B.备案应当提交消防验收备案表、工程竣工验收报告、涉及消防的建设工程图纸|C.竣工验收合格之日起20个工作日内报消防设计审查验收主管部门备案|D.备案应当提交消防验收备案表、工程施工许可证、涉及消防的建设工程竣工图纸,B,本题考查的是建设工程消防备案，属于高频考点。做题思路：避开时间陷阱。AC错误，错在“10个工作日”，第三十六条：其他建设工程竣工验收合格之日起五个工作日内，建设单位应当报消防设计审查验收主管部门备案；B正确，D错误，错在“提交工程施工许可证”。第十九条：建设单位办理备案，应当提交下列材料：（一）消防验收备案表；（二）工程竣工验收报告；（三）涉及消防的建设工程竣工图纸。故选B。
单选题,[2024年][河南中安]根据《特种作业人员安全技术培训考核管理规定》，关于危险化学品特种作业人员应当具备条件的说法，正确的是（    ）,A.应当年满20周岁且不超过国家法定退休年龄|B.经社区或者县级以上医疗机构体检健康合格|C.具备3年以上危险化学品企业工作经验|D.具备初中或者相当于初中及以上文化程度,B,本题考查的是危险化学品特种作业人员应当具备条件，属于高频考点。 ACD错误，错在“年满20周岁”C错在“3年以上危险化学品企业工作经验”D错在“初中文化程度”；B正确，第四条：第四条 特种作业人员应当符合下列条件：（一）年满18周岁，且不超过国家法定退休年龄；（二）经社区或者县级以上医疗机构体检健康合格，并无妨碍从事相应特种作业的器质性心脏病、癫痫病、美尼尔氏症、眩晕症、癔病、震颤麻痹症、精神病、痴呆症以及其他疾病和生理缺陷；（三）具有初中及以上文化程度；。故选B
单选题,[2024年][河南中安]生产经营单位发生事故，应当依法追究事故单位及主要负责人的法律责任。根据《生产安全事故报告和调查处理条例》，下列事故责任追究的做法中，正确的是（    ）,A.某煤矿企业发生一起火灾事故，造成2人死亡，事故发生后煤矿企业伪造事故现场，对该企业处200万元的罚款|B.某危险化学品企业发生一起泄漏事故，造成3人死亡，主要负责人张某谎报事故，对其处上一年年收入50％的罚款|C.某烟花爆竹批发企业发生一起爆炸事故，造成1人死亡，主要负责人王某在事故调查中指使有关人员作伪证，对该企业处80万元的罚款|D.某客运公司发生一起道路交通事故，造成3人死亡，主要负责人赵某未依法履行安全生产管理职责，对其处上一年年收入30％的罚款,A,本题考查的是《生产安全事故报告和调查处理条例》法律责任，属于高频考点。 A正确，BC错误，B错在“50%的罚款”C错在“80万元”。第三十六条：事故发生单位及其有关人员有下列行为之一的，对事故发生单位处100万元以上500万元以下的罚款；对主要负责人、直接负责的主管人员和其他直接责任人员处上一年年收入60%至100%的罚款；属于国家工作人员的，并依法给予处分；构成违反治安管理行为的，由公安机关依法给予治安管理处罚；构成犯罪的，依法追究刑事责任：（一）谎报或者瞒报事故的；（二）伪造或者故意破坏事故现场的；（三）转移、隐匿资金、财产，或者销毁有关证据、资料的；（四）拒绝接受调查或者拒绝提供有关情况和资料的；（五）在事故调查中作伪证或者指使他人作伪证的；（六）事故发生后逃匿的；D错误，错在“30%的罚款”。第三十八条：事故发生单位主要负责人未依法履行安全生产管理职责，导致事故发生的，依照下列规定处以罚款；属于国家工作人员的，并依法给予处分；构成犯罪的，依法追究刑事责任：（一）发生一般事故的，处上一年年收入30%的罚款；（二）发生较大事故的，处上一年年收入40%的罚款；（三）发生重大事故的，处上一年年收入60%的罚款；（四）发生特别重大事故的，处上一年年收入80%的罚款。故选A
单选题,[2024年][河南中安]某建筑工地发生模板支架坍塌事故，施工单位负责人（张）某在事故发生后瞒报事故，贻误事故抢救。根据《刑法》及相关司法解释，下列情形中，可以对张某处三年以上七年以下有期徒刑的是（    ）,A.导致事故后果扩大，增加2人死亡|B.导致事故后果扩大，增加10人受伤|C.采用胁迫的方式阻止他人报告事故，导致事故后果扩大|D.导致事故后果扩大，增加经济损失1000万元,C,本题考查的是《刑法》中不报谎报安全事故罪立案标准，属于高频考点。做题思路，记忆口诀情节严重315。 ABD错误，A错在“2人”B错在“受伤”D错在“经济损失”。第一百三十九条：在安全事故发生后，负有报告职责的人员不报或者谎报事故情况，贻误事故抢救，情节严重的，处三年以下有期徒刑或者拘役；情节特别严重的，处三年以上七年以下有期徒刑。情节特别严重：（1）导致事故后果扩大，增加死亡3人以上，或者增加重伤10人以上，或者增加直接经济损失500万元以上的；（2）采用暴力、胁迫、命令等方式阻止他人报告事故情况，导致事故后果扩大的。故选C。
单选题,[2024年][河南中安]根据《建设项目安全设施“三同时”监督管理办法》，关于建设项目安全设施设计审查的说法，正确的是（    ）,A.生产、储存、使用危险化学品建设项目，安全设施设计完成后，生产经营单位应当向应急管理部门提出审查申请|B.对已经受理的非煤矿矿山建设项目安全设施设计审查，应急管理部门应当自受理之日起15个工作日内作出是否批准的决定|C.对于大型机械制造项目，安全设施设计应当由生产经营单位组织审查，形成书面报告备查|D.已经批准的金属冶炼建设项目改变安全设施设计的，生产经营单位应当报原批准部门审查同意,C,本题考查的是建设项目安全设施设计审查，属于高频考点。 第七条：下列建设项目在进行可行性研究时，生产经营单位应当按照国家规定，进行安全预评价：（一）非煤矿矿山建设项目；（二）生产、储存危险化学品（包括使用长输管道输送危险化学品，下同）的建设项目；（三）生产、储存烟花爆竹的建设项目；（四）金属冶炼建设项目；（五）使用危险化学品从事生产并且使用量达到规定数量的化工建设项目（属于危险化学品生产的除外，下同）；（六）法律、行政法规和国务院规定的其他建设项目。A错误，错在“说法绝对”，第十二条：办法第七条第一项、第二项、第三项、第四项规定的建设项目安全设施设计完成后，生产经营单位应当按照本办法第五条的规定向安全生产监督管理部门提出审查申请，并提交下列文件资料；B错误，错在“15个工作日”。第十三条：对已经受理的建设项目安全设施设计审查申请，安全生产监督管理部门应当自受理之日起20个工作日内作出是否批准的决定，并书面告知申请人。20个工作日内不能作出决定的，经本部门负责人批准，可以延长10个工作日，并应当将延长期限的理由书面告知申请人；C正确，第十六条：第（一）项、第（二）项、第（三）项和第（四）项规定以外的建设项目安全设施设计，由生产经营单位组织审查，形成书面报告备查；D错误，错在“改变”。第十五条：已经批准的建设项目及其安全设施设计有下列情形之一的，生产经营单位应当报原批准部门审查同意；未经审查同意的不得开工建设：（一）建设项目的规模、生产工艺、原料、设备发生重大变更的；（二）改变安全设施设计且可能降低安全性能的；（三）在施工期间重新设计的。故选C
单选题,[2024年][河南中安]某酒店在装修时发生坍塌事故。经调查，酒店存在违法发包，施工单位未经许可擅自施工并改动建筑主体和承重结构等行为。根据《建筑法》，关于建设、施工单位安全管理及法律责任的说法，正确的是（    ）,A.涉及建筑主体和承重结构变动，酒店应当委托施工单位提出设计方案|B.施工前，酒店应当向建筑施工单位提供与施工现场相关的地下管线资料|C.对酒店涉嫌违法发包的行为，应当处以罚款并吊销营业执照|D.施工时如需临时停电，施工单位应当按国家有关规定办理申请批准手续,B,本题考查的是建设、施工单位安全管理及法律责任，属于高频考点。 A错误，错在“委托施工单位”。第四十九条：涉及建筑主体和承重结构变动的装修工程，建设单位应当在施工前委托原设计单位或者具有相应资质条件的设计单位提出设计方案：没有设计方案的，不得施工；B正确，第四十条：建设单位应当向建筑施工企业提供与施工现场相关的地下管线资料，建筑施工企业应当采取措施加以保护；C错误，错在“吊销营业执照”，第六十五条：发包单位将工程发包给不具有相应资质条件的承包单位的，或者违反本法规定将建筑工程肢解发包的，责令改正，处以罚款；D错误，错在“施工单位”。第四十二条：有下列情形之一的，建设单位应当按照国家有关规定办理申请批准手续：（一）需要临时占用规划批准范围以外场地的；（二）可能损坏道路、管线、电力、邮电通讯等公共设施的；（三）需要临时停水、停电、中断道路交通的；（四）需要进行爆破作业的；（五）法律、法规规定需要办理报批手续的其他情形。故选B。
单选题,[2024年][河南中安]根据《民用爆炸物品安全管理条例》，关于民用爆炸物品储存的说法，正确的是（    ）,A.所在地县级人民政府公安机关有权对过期失效的民用爆炸物品的销毁进行监督|B.在采取安全措施的情况下，可以将准备发放的炸药和雷管临时存放在一起|C.清点时发现黑火药丢失，数量大于3千克的，应当报告所在地县级人民政府应急管理部|D.经库房负责人同意，可以在民用爆炸物品库房内临时存放库管员的劳动防护用品,A,本题考查的是民用爆炸物品储存，属于高频考点。 A正确，四十三条：民用爆炸物品变质和过期失效的，应当及时清理出库，并予以销毁。销毁前应当登记造册，提出销毁实施方案，报省、自治区、直辖市人民政府民用爆炸物品行业主管部门、所在地县级人民政府公安机关组织监督销毁；B错误，错在“炸药和雷管临时存放在一起”，第三十九条：储存的民用爆炸物品数量不得超过储存设计容量，对性质相抵触的民用爆炸物品必须分库储存，严禁在库房内存放其他物品；C错误，错在“县级”，《烟花爆竹安全管理条例》第十五条：黑火药、烟火药、引火线丢失的，企业应当立即向当地安全生产监督管理部门和公安部门报告；D错误，错在“严禁在库房内存放其他物品”，第四十一条：储存的民用爆炸物品数量不得超过储存设计容量，对性质相抵触的民用爆炸物品必须分库储存，严禁在库房内存放其他物品。故选A
单选题,[2024年][河南中安]某民用爆炸物品生产企业直接销售本企业生产的民用爆炸物品，根据《民用爆炸物品安全管理条例》，关于该企业生产经营民用爆炸物品的说法，正确的是（    ）,A.应当向所在地设区的市人民政府民用爆炸物品行业主管部门申领《民用爆炸物品销售许可证》|B.销售本企业生产的民用爆炸物品，不得超出核定的品种、产量|C.销售民用爆炸物品超过一定数量时，应当通过银行账户进行交易|D.应当将民用爆炸物品购买单位的许可证、经办人的身份证明复印件等保存1年备查,B,本题考查的是《民用爆炸物品安全管理条例》销售许可等相关要求，属于高频考点。做题思路：选择最有把握的B选项。 A错误，错在“生产企业申领《民用爆炸物品销售许可证》”。第二十条：民用爆炸物品生产企业凭《民用爆炸物品生产许可证》，可以销售本企业生产的民用爆炸物品；B正确，第二十条：民用爆炸物品生产企业销售本企业生产的民用爆炸物品，不得超出核定的品种、产量；C错误，错在“超过一定数量”。第二十三条：销售、购买民用爆炸物品，应当通过银行账户进行交易，不得使用现金或者实物进行交易；D错误，错在“1年”。第二十三条：销售民用爆炸物品的企业，应当将购买单位的许可证、银行账户转账凭证、经办人的身份证明复印件保存2年备查。故选B
单选题,[2024年][河南中安]工伤保险制度既有利于分散生产经营单位的风险，又可以为从业人员提供权益保障。根据《安全生产法》，关于工伤保险缴费主体的说法，正确的是（    ）,A.由生产经营单位和工伤保险基金会共同缴纳|B.由生产经营单位和从业人员共同缴纳|C.由从业人员个人缴纳|D.由生产经营单位缴纳,D,本题考查的是工伤保险缴费主体，属于高频考点。做题思路：牢记个人不缴纳工伤保险。 D正确，第五十一条：生产经营单位必须依法参加工伤保险，为从业人员缴纳保险费。ABC错误，第十条：用人单位应当按时缴纳工伤保险费。职工个人不缴纳工伤保险费。故选D
单选题,[2024年][河南中安]甲是某汽车制造企业的安全作业人员，乙是新入职员工，丙是劳务派遣人员，丁是某职业学校的实习生。根据《生产经营单位安全培训规定》，关于从业人员安全培训的说法，正确的是（    ）,A.乙在上岗前必须经过厂、车间、班组三级安全培训，时间不少于12学时|B.丙的安全培训工作应当由劳务公司负责，时间不少于24学时|C.丁在职业学校接受过安全培训，企业不再对其进行安全培训|D.甲的安全培训由企业负责，培训内容包括法律法规、应急预案编制等,D,本题考查的是《生产经营单位安全培训规定》从业人员安全培训，属于高频考点，做题思路，记忆高危4816，一般3212。 A错误，错在“12学时”。第十二条：加工制造业等生产单位的其他从业人员，在上岗前必须经过厂（矿）、车间（工段、区、队）、班组三级安全培训教育。第十三条：生产经营单位新上岗的从业人员，岗前安全培训时间不得少于24学时。；B错误，错在“劳务公司负责”。第十三条：生产经营单位新上岗的从业人员，岗前安全培训时间不得少于24学时；C错误，错在“企业不再对其进行安全培训”。第十条：生产经营单位接收中等职业学校、高等学校学生实习的，应当对实习学生进行相应的安全生产教育和培训，提供必要的劳动防护用品。学校应当协助生产经营单位对实习学生进行安全生产教育和培训。故选D。
单选题,[2024年][河南中安]根据《生产经营单位安全培训规定》，关于生产经营单位主要负责人和安全生产管理人员安全培训的说法，正确的是（    ）,A.烟花爆竹企业主要负责人自任职之日起1年内，其安全知识和能力须经应急管理部门考核合格|B.食品加工企业安全生产管理人员初次安全培训时间不得少于32学时，每年再培训时间不得少于12学时|C.金属冶炼企业主要负责人初次安全培训时间不得少于48学时，每年再培训时间不得少于12学时|D.煤矿企业主要负责人和安全生产管理人员的安全培训大纲及考核标准由省、自治区、直辖市人民政府应急管理部门制定,B,本题考查的是生产经营单位主要负责人和安全生产管理人员安全培训，属于高频考点。做题思路：记忆高危4816，一般3212。 A错误，错在“1年”。第二十四条：烟花爆竹生产经营单位主要负责人和安全生产管理人员，自任职之日起6个月内，必须经安全生产监管监察部门对其安全生产知识和管理能力考核合格；B正确，生产经营单位主要负责人和安全生产管理人员初次安全培训时间不得少于32学时。每年再培训时间不得少于12学时；C错误，错在“再培训是16学时”。第九条：煤矿、非煤矿山、危险化学品、烟花爆竹、金属冶炼等生产经营单位主要负责人和安全生产管理人员初次安全培训时间不得少于48学时，每年再培训时间不得少于16学时；D错误，错在“省、自治区、直辖市人民政府应急管理部门制定”。第十条：煤矿主要负责人和安全生产管理人员的安全培训大纲及考核标准由国家煤矿安全监察局制定。故选B
单选题,[2024年][河南中安]某服装加工企业发生火灾，造成部分人员被困，该企业立即启动应急预案开展救援向当地应急管理部门报告。根据《生产安全事故信息报告和处置办法》，关于该企业报告事故信息的说法，错误的是（    ）,A.应当报告事故发生的详细经过及已经采取的措施|B.应当报告事故发生单位的名称、地址、性质、产能等基本情况|C.应当报告事故发生的时间、地点以及事故现场情况|D.应当报告事故已造成或者可能造成的伤亡人数和初步估计的直接经济损失,A,本题考查的是企业报告事故内容，属于高频考点。做题思路，选择最最错误的。 A错误，错在“详细经过”。第十条：报告事故信息，应当包括下列内容：（一）事故发生单位的名称、地址、性质、产能等基本情况；（二）事故发生的时间、地点以及事故现场情况；（三）事故的简要经过（包括应急救援情况）；（四）事故已经造成或者可能造成的伤亡人数（包括下落不明、涉险的人数）和初步估计的直接经济损失；（五）已经采取的措施；（六）其他应当报告的情况。故选A。
单选题,[2024年][河南中安]听证程序是通过听取当事人申辩、质证，进一步核实证据和查清事实，保证处理结果合法、公正的重要程序。根据《行政处罚法》，关于听证程序的说法，正确的是（    ）,A.行政机关作出听证决定的，听证一律公开举行|B.行政机关拟作出行政撤职决定的，当事人有权要求听证|C.行政机关应当在举行听证的七日前，通知当事人听证的时间和地点|D.行政机关拟作出通报批评决定的，当事人有权要求听证,C,本题考查的是听证程序，属于高频考点。 C正确，行政机关应当在举行听证的七日前，通知当事人及有关人员听证的时间、地点；A错误，错在“一律公开”。第六十四条：除涉及国家秘密、商业秘密或者个人隐私依法予以保密外，听证公开举行；BD错误，错在“听证范围”，行政机关拟作出下列行政处罚决定，应当告知当事人有要求听证的权利，当事人要求听证的，行政机关应当组织听证：（一）较大数额罚款；（二）没收较大数额违法所得、没收较大价值非法财物；（三）降低资质等级、吊销许可证件；（四）责令停产停业、责令关闭、限制从业；（五）其他较重的行政处罚；（六）法律、法规、规章规定的其他情形。故选C
单选题,[2024年][河南中安]某单位职工李某在下班途中骑行时，被机动车撞倒导致右臂骨折。根据《工伤保险条例》，关于李某工伤认定的说法，正确的是（    ）,A.李某所在单位应当于45日内提出工伤认定申请|B.李某所在单位未按规定提出工伤认定申请的，李某可以提出工伤认定申请|C.李某认为是工伤，单位认为不是工伤，由李某负责举证|D.社会保险行政部门应当自受理工伤认定申请之日起30日内作出工伤认定的决定,B,本题考查的是工伤认定，属于高频考点。 A错误，错在“45日内”。第十七条：职工发生事故伤害或者按照职业病防治法规定被诊断、鉴定为职业病，所在单位应当自事故伤害发生之日或者被诊断、鉴定为职业病之日起30日内，向统筹地区社会保险行政部门提出工伤认定申请；B正确，第十七条：用人单位未按上述规定提出工伤认定申请的，工伤职工或者其近亲属、工会组织在事故伤害发生之日或者被诊断、鉴定为职业病之日起1年内，可以直接向用人单位所在地统筹地区社会保险行政部门提出工伤认定申请。C错误，错在“李某负责举证”。第十九条：职工或者其近亲属认为是工伤，用人单位不认为是工伤的，由用人单位承担举证责任；D错误，错在“30日”。第二十条：社会保险行政部门应当自受理工伤认定申请之日起60日内作出工伤认定的决定。故选B。
单选题,[2024年][河南中安]为加强煤矿安全生产监督管理，国家实行煤矿安全监察制度。根据《煤矿安全生产条例》，关于煤矿安全监察的说法，正确的是（    ）。,A.国家矿山安全监察机构设在地方的矿山安全监察机构有权要求有关地方人民政府就煤矿安全生产问题作出说明|B.国家矿山安全监察机构依法监督检查煤矿企业，不得扣押不符合保障安全生产行业标准的设备设施|C.国家矿山安全监察机构发现煤矿存在重大事故隐患责令停产整顿的，应当及时移交设在地方的矿山安全监察机构处理|D.煤矿发生重大生产安全事故，由事故所在地省级人民政府负有煤矿安全生产监督管理职责的部门组织调查,A,本题考查的是煤矿安全监察，属于新内容。 A正确：第七条：国家矿山安全监察机构及其设在地方的矿山安全监察机构对县级以上地方人民政府煤矿安全生产监督管理工作进行监督检查，可以采取以下方式：要求有关地方人民政府及其负有煤矿安全生产监督管理职责的部门和有关人员就煤矿安全生产工作有关问题作出说明；B错误，错在“不得扣押”。第四十四条：对有根据认为不符合保障安全生产的国家标准或者行业标准的设施、设备、器材予以查封或者扣押；C错误，错在“及时移交设在地方的矿山安全监察机构处理”。第五十四条：国家矿山安全监察机构及其设在地方的矿山安全监察机构发现煤矿企业存在重大事故隐患责令停产整顿的，应当及时移送县级以上地方人民政府负有煤矿安全生产监督管理职责的部门处理并进行督办；D错误，错在“调查单位”，第六十条：特别重大事故中国务院或者国务院授权有关部门依照《生产安全事故报告和调查处理条例》的规定组织调查处理。重大事故、较大事故、一般事故由国家矿山安全监察机构及其设在地方的矿山安全监察机构依照《生产安全事故报告和调查处理条例》的规定组织调查处理。故选A。
单选题,[2024年][河南中安]粉尘涉爆企业对粉尘防爆安全工作负主体责任。根据《工贸企业粉尘防爆安全规定》，关于粉尘涉爆企业主体责任的说法错误的（    ）,A.粉尘涉爆企业应当结合企业实际情况建立和落实粉尘防爆安全管理制度|B.粉尘涉爆企业应当如实记录粉尘防爆专项安全生产教育和培训的时间、内容及考核等情况，纳入员工教育和培训档案|C.粉尘涉爆企业对粉尘爆炸危险场所设备设施除尘系统的检修维修作业，应当实行专项作业审批|D.涉及粉尘爆炸危险的工艺、场所、设施设备等发生变更的，粉尘涉爆企业应当委托具有资质的机构进行安全评价,D,本题考查的是粉尘涉爆企业主体责任，属于一般考点。做题思路：区分安全评价和安全评估的不同。 D错误，错在“安全评价”。第十一条：涉及粉尘爆炸危险的工艺、场所、设施设备等发生变更的，粉尘涉爆企业应当重新进行安全风险辨识评估。故选D
单选题,[2024年][河南中安]根据《安全生产法》，关于对安全生产领域失信行为实施联合惩戒措施的说法，正确的是（    ）,A.实施联合惩戒措施的对象是违法生产经营单位的主要负责人|B.对实施联合惩戒措施的生产经营单位，应当向社会公示|C.实施联合惩戒措施的主体是各级人民政府应急管理部门|D.对纳入联合惩戒措施的生产经营单位，应当责令停产整顿,B,本题考查的是失信行为联合惩戒措施，属于一般考点。做题思路：排除太过绝对的说法。 B正确，ACD错误，A错在“惩戒对象”C错在“惩戒主体”D错在“责令停产整顿”。第七十八条：负有安全生产监督管理职责的部门应当建立安全生产违法行为信息库，如实记录生产经营单位及其有关从业人员的安全生产违法行为信息；对违法行为情节严重的生产经营单位及其有关从业人员，应当及时向社会公告，并通报行业主管部门、投资主管部门、自然资源主管部门、生态环境主管部门、证券监督管理机构以及有关金融机构。有关部门和机构应当对存在失信行为的生产经营单位及其有关从业人员采取加大执法检查频次、暂停项目审批、上调有关保险费率、行业或者职业禁入等联合惩戒措施，并向社会公示。故选B。
单选题,[2024年][河南中安]通过道路运输剧毒化学品的，托运人应当取得剧毒化学品道路运输通行证。根据《危险化学品安全管理条例》，可为托运人颁发运输通行证的部门是（    ）,A.运输始发地县级人民政府应急管理部门|B.运输始发地县级人民政府生态环境部门|C.运输目的地县级人民政府交通运输部门|D.运输目的地县级人民政府公安机关,D,本题考查的是剧毒化学品道路运输通行证，属于高频考点。做题思路：选公安机关，排除ABC。 D正确，第五十条：通过道路运输剧毒化学品的，托运人应当向运输始发地或者目的地县级人民政府公安机关申请剧毒化学品道路运输通行证。故选D。
单选题,[2024年][河南中安]工伤保险费根据以支定收、收支平衡的原则，确定费率。根据《工伤保险条例》，关于缴纳工伤保险费的说法，正确的是（    ）,A.工伤保险费率档次与工伤保险费使用和工伤发生率有关|B.工伤保险费由用人单位和个人按比例缴纳|C.调整行业内费率档次的方案由国务院社会保险行政部门批准|D.个人缴纳工伤保险费的数额为本人工资数额乘以缴费费率之积,A,本题考查的是工伤保险，属于高频考点。做题思路：排除个人缴纳选项，排除国务院社会保险行政部门批准。 A正确，C错误，错在“国务院社会保险行政部门批准”。第八条：工伤保险费根据以支定收、收支平衡的原则，确定费率。国家根据不同行业的工伤风险程度确定行业的差别费率，并根据工伤保险费使用、工伤发生率等情况在每个行业内确定若干费率档次。行业差别费率及行业内费率档次由国务院社会保险行政部门制定，报国务院批准后公布施行。统筹地区经办机构根据用人单位工伤保险费使用、工伤发生率等情况，适用所属行业内相应的费率档次确定单位缴费费率；BD错误，错在“个人缴纳”，第十条：用人单位应当按时缴纳工伤保险费。职工个人不缴纳工伤保险费。用人单位缴纳工伤保险费的数额为本单位职工工资总额乘以单位缴费费率之积。故选A
单选题,[2024年][河南中安]注册安全工程师应当在每个注册周期内参加继续教育，继续教育按照注册类别分类进行。根据《注册安全工程师分类管理办法》、《注册安全工程师管理规定》，关于注册安全工程师继续教育的说法，正确的是（    ）,A.煤矿安全类中级注册安全工程师，煤矿安全专业课程学时应不少于48学时|B.道路运输安全类中级注册安全工程师，道路运输安全专业课程学时应不少于12学时|C.建筑施工安全类中级注册安全工程师，建筑施工安全专业课程学时应不少于36学时|D.化工安全类中级注册安全工程师，化工安全专业课程学时应不少于24学时,D,"本题考查的是继续教育，属于常规考点。做题思路：专业课时为总课时的一半。 D正确，第十一条：继续教育按照注册类别分类进行。注册安全工程师在每个注册周期内应当参加继续教育，时间累计不得少于48学时，中级注册安全工程师按照专业类别进行继续教育，其中专业课程学时应不少于继续教育总学时的一半。ABC错误，错在“学时”。第十四条：取得注册安全工程师职业资格证书并经注册的人员，表明其具备与所从事的生产经营活动相应的安全生产知识和管理能力,可视为其安全生产知识和管理能力考核合格。故选D"
单选题,[2024年][河南中安]2023年7月，某建筑施工项目在土方开挖时，基坑周边出现大量裂缝，施工单位项目经理于某命令员工进入基坑转移挖掘设备，结果发生2人死亡事故。根据《刑法》及相关规定，于某涉嫌构成的罪名是（    ）,A.重大责任事故罪|B.危险作业罪|C.强令、组织他人违章冒险作业罪|D.重大劳动安全事故罪,C,本题考查的是《刑法》罪名定义，属于高频考点。做题思路：抓住关键词大量裂缝、经理命令进行判断。 第一百三十四条：强令、组织他人违章冒险作业罪，是指强令他人违章冒险作业，或者明知存在重大事故隐患而不排除，仍冒险组织作业，因而发生重大伤亡事故或者造成其他严重后果的行为。故选C
多选题,"[2024年][河南中安]一、单选题
1
标记
收藏

法治思想深刻回答了新时代为什么实行全面依法治国等一系列重大问题。推进全面依法治国，根本目的是（    ）。",A.依法保障人民权益|B.建设中国特色社会主义法治体系|C.依宪治国，依宪执政|D.推进国家治理体系和治理能力现代化|A.《北京市安全生产条例》的效力高于《山东省安全生产条例》|B.《北京市生产安全事故隐患排查治理办法》的效力高于《安全生产事故隐患排查治理暂行规定》|C.《湖北省安全生产条例》的效力低于《安全生产培训管理办法》|D.《建设工程安全生产管理条例》的效力低于《安全生产法》|A.张某是安全工程硕士研究生毕业，无需再进行安全生产教育培训并考核合格|B.张某应当经应急管理部门对其安全生产知识和管理能力考核合格|C.张某应当参加全国中级注册安全工程师统一考试，并取得职业资格|D.张某应当参加培训机构组织的安全生产知识和管理能力培训并考核合格|A.上一年年收入25％|B.上一年年收入的35％|C.上一年年收入45％|D.上一年年收入55％|A.闫某没有及时避让，应当负主要责任|B.刘某负直接责任，涉嫌构成交通肇事罪|C.张某承担该企业安全投入不足的责任|D.可以依法对张某处10万元的罚款|A.应当配备相应级别的注册消防工程师担任消防安全管理人|B.商业场所在营业期间应当至少每2小时进行一次防火巡查|C.应当每月至少开展一次防火检查，并填写检查记录|D.该建筑的业主、使用人应当投保火灾公众责任保险|A.禁止安排女职工在经期从事高温作业劳动|B.女职工生育享受不少于一百二十天的产假|C.对怀孕七个月的女职工不得安排夜班劳动|D.用人单位应当对女职工定期进行健康检查|A.对发现影响危险化学品安全的违法行为，应当当场予以行政处罚|B.对不符合国家标准要求的危险化学品生产设备，应当责令限期达到要求|C.对现场检查中发现危险化学品生产企业存在事故隐患，应当责令立即消除或者限期消除|D.对违法生产、储存危险化学品的场所，应当提请所在地人民政府予以关闭|A.旅游景区经营单位应当与景区其他企业联合建立应急救援队伍|B.小型企业可以不建立应急救援队伍，但应当配备专职的应急救援人员|C.开发区内的微型企业只需与邻近的应急救援队伍签订应急救援协议|D.大型综合商场应建立应急救援队伍|A.应当配备至少15人|B.应当配备至少60人|C.应当配备至少45人|D.应当配备至少20人|A.设区的市人民政府应急管理部门|B.县人民政府应急管理部门|C.设区的市人民政府公安机关|D.县人民政府公安机关|A.甲乙双方签订了专门的安全生产管理协议，约定安全生产工作由乙方统一协调、管理|B.甲乙双方签订了专门的安全生产管理协议，约定安全检查工作由甲方全部承担|C.甲乙双方没有签订专门的安全生产管理协议，在租赁合同中约定了各自的安全生产管理职责|D.甲乙双方在租赁合同中约定，委托第三方对安全管理工作负责|A.禁止危险化学品管道建设选线穿越地震活动断层和容易发生洪灾、地质灾害的区域|B.严格控制氨等有毒气体的危险化学品管道穿（跨）越公共区域|C.限制氯气等剧毒气体化学品管道穿（跨）越公共区域|D.禁止硫化氢等有毒气体的危险化学品管道穿（跨）越公共区域|A.事故风险单一、危险性较小的生产经营单位，可以只编制综合应急预案|B.编制应急预案前，编制单位应当进行事故风险辨识、评估和应急资源调查|C.对于某一种或者多种类型的事故风险，生产经营单位可以编制相应的专项应急预案|D.对于危险性较大的场所、装置或者设施，生产经营单位应当编制现场处置方案|A.高层公共建筑内的单位应当每年至少对员工开展一次消防安全教育培训|B.高层公共建筑应当在首层显著位置张贴安全疏散示意图，并提示公众注意火灾危险|C.高层住宅建筑应当在单元入口处提示安全用火、用电、用气等消防安全常识|D.高层住宅建筑的物业服务单位应当每两年至少对居住人员进行一次消防安全教育培训|A.乡镇人民政府应当建立国家综合性消防救援队、专职消防队，承担火灾扑救工作|B.民用机场应当建立本单位专职消防队，承担机场的火灾扑救工作|C.大型铁矿石仓库应当建立本单位专职消防队，承担仓库的火灾扑救工作|D.居民委员会应当建立专职消防队、志愿消防队，承担火灾扑救工作|A.终结执行|B.终止执行|C.解除查封|D.中止执行|A.①②③④|B.①②|C.①③|D.③④|A.危险化学品的物理性质、化学性质、主要用途、危险特性，以及应急救援预案是危险化学品登记的必备内容|B.危险化学品单位应当将危险化学品事故应急预案报所在地县级人民政府应急管理部门备案|C.发生危险化学品事故，造成的环境污染由所在地县级人民政府环境保护主管部门统一发布有关信息|D.发生危险化学品事故，事故单位主要负责人应当立即按照本单位危险化学品应急预案组织救援，并向当地应急管理部门和生态环境、公安、卫生健康主管部门报告|A.铝粉打磨间内设置办公室|B.现场焊接作业人员未取得特种作业操作|C.存在硫化氢中毒风险的污水处理池作业现场未设置监护人员|D.危险化学品仓库内无应急救援物资|A.重大隐患治理完毕后，企业应当向所在地应急管理部门口头或书面提出恢复生产申请|B.应急管理部门收到企业恢复生产的申请报告后，应当在10日内对申请报告进行书面审查|C.企业有条件的，可以组织本企业的技术人员和专家对重大事故隐患的治理情况进行评估|D.应急管理部门对恢复生产的申请报告审查不合格的，应当提请人民政府关闭企业双氧水生产单元|A.勘察单位应当严格执行操作规程，采取措施保证各类管线、设施和周边建筑物、构筑物的安全|B.设计单位在进行设计时，应当考虑施工安全操作和防护需要|C.出租单位应当对出租的机械设备和施工机具及配件的安全性能进行检测，出具检测合格证明|D.工程监理单位在实施监理过程中，发现存在事故隐患的，应当要求施工单位停止施工|A.安全评价项目组组长应当具有与业务相关的一级安全评价师资格|B.在开展现场技术服务前7个工作日内，应当书面告知甲省应急管理部门|C.在开展现场技术服务前5个工作日内，应当书面告知乙市应急管理部门|D.为避免引发恶性竞争，安全评价机构应当对服务收费标准予以保密|A.非密封源放射性物质的操作|B.作业场所空气中氮氧化物浓度符合国家职业卫生标准的作业|C.高温作业分级标准中规定的第二级作业|D.需要弯腰、攀高、下蹲的作业|A.向所在地设区的市人民政府公安机关申领批发许可证|B.确保经营场所与周边建筑、设施保持必要的安全距离|C.向其他烟,BD,本题考查的是安全生产责任保险，属于高频考点。做题思路：选择高危行业，排除一般行业。BDE正确，第六条：煤矿、非煤矿山、危险化学品、烟花爆竹、交通运输、建筑施工、民用爆炸物品、金属冶炼、渔业生产等高危行业领域的生产经营单位应当投保安全生产责任保险。故选BDE。
多选题,[2024年][河南中安]下列属于矿山企业安全生产许可条件的有（    ）。,A.配备专职安全生产管理人员依法参加工伤保险|B.从业人员经主管部门考核合格|C.制定职业危害防治措施|D.依法参加工伤保险 E 特种作业人员取得特种作业操作证书,ACD,本题考查的是安全生产许可条件，属于高频考点。做题思路：区分从业人员和管理者的考核不同，一个是企业考核，一个是主管部门考核。第六条：企业取得安全生产许可证，应当具备下列安全生产条件：（一）建立、健全安全生产责任制，制定完备的安全生产规章制度和操作规程；（二）安全投入符合安全生产要求；（三）设置安全生产管理机构，配备专职安全生产管理人员；（四）主要负责人和安全生产管理人员经考核合格；（五）特种作业人员经有关业务主管部门考核合格，取得特种作业操作资格证书；B错误，错在“经主管部门考核合格”。（六）从业人员经安全生产教育和培训合格；（七）依法参加工伤保险，为从业人员缴纳保险费；（八）厂房、作业场所和安全设施、设备、工艺符合有关安全生产法律、法规、标准和规程的要求；（九）有职业危害防治措施，并为从业人员配备符合国家标准或者行业标准的劳动防护用品；（十）依法进行安全评价；（十一）有重大危险源检测、评估、监控措施和应急预案；（十二）有生产安全事故应急救援预案、应急救援组织或者应急救援人员，配备必要的应急救援器材、设备；（十三）法律、法规规定的其他条件。故选ACDE。
单选题,[2024年][河南中安]甲公司将金属矿山扩建项目发包给乙公司施工，丁公司负责监理。根据《建设项目安全设施“三同时”监督管理办法》，关于该建设项目安全设施施工和竣工验收的说法正确的有（    ）。,A.乙公司应当对危险性较大的分部分项工程依法编制专项施工方案，经甲公司技术负责人签字后实施|B.建设项目竣工投入生产前，甲公司应当对安全设施进行竣工验收，形成书面报告备查|C.丁公司应当审查安全技术措施或专项施工方案是否符合工程建设国家标准或者行业标准|D.该建设项目在试运行前，应当将试运行方案报负责建设项目安全许可的应急管理部门备案 E 应急管理部门在实施安全许可时，应当对该建设项目安全设施竣工验收报告进行审查,B,本题考查的是《建设项目安全设施“三同时”监督管理办法》施工验收要求，属于高频考点。做题思路：掌握各公司的责任权利和义务。A错误，错在“经甲公司技术负责人签字后实施”。第十七条：施工单位应当在施工组织设计中编制安全技术措施和施工现场临时用电方案，同时对危险性较大的分部分项工程依法编制专项施工方案，并附具安全验算结果，经施工单位技术负责人、总监理工程师签字后实施。C错误，错在“国家标准和行业标准”。第九条：工程监理单位应当审查施工组织设计中的安全技术措施或者专项施工方案是否符合工程建设强制性标准。D错误，错在“金属矿山”。第二十一条：生产、储存危险化学品的建设项目和化工建设项目，应当在建设项目试运行前将试运行方案报负责建设项目安全许可的安全生产监督管理部门备案。故选BE。
多选题,[2024年][河南中安]根据《安全生产事故隐患排查治理暂行规定》，关于事故隐患报告和治理的说法，正确的有（    ）。,A.生产经营单位应当每月、每年对事故隐患排查治理情况进行统计分析|B.重大事故隐患报告内容应当包括隐患的危害程度和整改难易程度分析|C.重大事故隐患治理方案应当由生产经营单位分管安全负责人组织制定并实施|D.重大事故隐患治理方案应当包括采取的方法、措施、时限和要求等 E 生产经营单位在事故隐患治理过程中，应当采取相应的安全防范措施,BD,本题考查的是隐患排查治理规定，属于高频考点。做题思路：区分重大隐患和一般隐患的不同。A错误，错在“应当每月、每年”。第十四条：生产经营单位应当每季、每年对本单位事故隐患排查治理情况进行统计分析，并分别于下一季度15日前和下一年1月31日前向安全监管监察部门和有关部门报送书面统计分析表。统计分析表应当由生产经营单位主要负责人签字；C错误，错在“负责人”。第十五条：对于一般事故隐患，由生产经营单位（车间、分厂、区队等）负责人或者有关人员立即组织整改。对于重大事故隐患，由生产经营单位主要负责人组织制定并实施事故隐患治理方案。故选BDE。
单选题,[2024年][河南中安]2023年7月12日，某市发生一起危险化学品泄漏爆炸事故，造成7人死亡，9人重伤。事故调查组于当年9月12日向市人民政府提交了事故调查报告。根据《生产安全事故报告和调查处理条例》，关于该起事故处理和法律责任的说法，正确的有（    ）。,A.市人民政府应当在2023年10月12日前对事故调查报告作出批复|B.事故发生单位应当认真吸取事故教训，向社会公示防范和整改措施的落实情况，接受社会监督|C.事故发生单位应当按照市人民政府的批复，对本单位负有事故责任的人员进行处理|D.事故发生单位对事故发生负有责任的，应当处50万元以上200万元以下的罚款 E 事故发生单位的主要负责人不立即组织事故抢救的，应当处上一年年收入40％至80％的罚款,C,本题考查《生产安全事故报告和调查处理条例》事故处理和法律责任，属于高频考点。做题思路：首先分析事故级别，然后按事故级别进行处理。A错误，错在“应当在2023年10月12日前”。第三十二条：重大事故、较大事故、一般事故，负责事故调查的人民政府应当自收到事故调查报告之日起15日内做出批复；特别重大事故，30日内做出批复，特殊情况下，批复时间可以适当延长，但延长的时间最长不超过30日；B错误，错在“接受社会监督”。第三十三条：事故发生单位应当认真吸取事故教训，向社会公示防范和整改措施的落实情况，接受工会和职工的监督；D错误，错在“处罚额度”，第三十七条：事故发生单位对事故发生负有责任的，依照下列规定处以罚款：(二)发生较大事故的，处20万元以上50万元以下的罚款；C正确，第三十二条：事故发生单位应当按照市人民政府的批复，对本单位负有事故责任的人员进行处理；E正确，第三十五条：事故发生单位主要负责人有下列行为之一的，处上一年年收入40％至80％的罚款；属于国家工作人员的，并依法给予处分；构成犯罪的，依法追究刑事责任：（一）不立即组织事故抢救的；（二）迟报或者漏报事故的；（三）在事故调查处理期间擅离职守的。故选CE。
多选题,[2024年][河南中安]某公司在污水处理池进行有限空间作业，监护员张某负责现场作业监督，王某、李某实施现场作业。根据《工贸企业有限空间作业安全规定》，关于该作业安全保障的说法，正确的有（    ）。,A.王某遇到操作问题询问张某的意见时，张某可以进入污水处理池进行现场指导|B.张某应当具备相关的安全知识，并在作业中与王某、李某保持实时联络|C.发现异常情况时，张某应当要求王某、李某立即停止作业并迅速撤离现场|D.在作业过程中，张某应当安排李某对作业区域进行间歇通风和气体浓度检测 E 排除异常情况进行通风、气体检测合格后，张某可以安排王某、李某再次进入污水处理池作业,BC,本题考查了有限空间作业，属于高频考点。做题思路，排除法。AD错误，A错在“监护人进入有限空间”D错在“间歇通风”，CE正确。第十五条：监护人员应当全程进行监护，与作业人员保持实时联络，不得离开作业现场或者进入有限空间参与作业。发现异常情况时，监护人员应当立即组织作业人员撤离现场。发生有限空间作业事故后，应当立即按照现场处置方案进行应急处置，组织科学施救。未做好安全措施盲目施救的，监护人员应当予以制止。作业过程中，工贸企业应当安排专人对作业区域持续进行通风和气体浓度检测。作业中断的，作业人员再次进入有限空间作业前，应当重新通风、气体检测合格后方可进入；B正确，第五条：监护人员应当具备与监督有限空间作业相适应的安全知识和应急处置能力，能够正确使用气体检测、机械通风、呼吸防护、应急救援等用品、装备。监护人员应当全程进行监护，与作业人员保持实时联络，不得离开作业现场或者进入有限空间参与作业。故选BCE。
多选题,[2024年][河南中安]根据《工贸企业粉尘防爆安全规定》，关于粉尘涉爆安全生产基础管理的说法，正确的有（    ）。,A.企业应当为粉尘作业岗位从业人员提供符合国家标准或者行业标准的劳动防护用品，并监督、教育从业人员按照使用规则佩戴、使用|B.发生火灾或者粉尘爆炸事故后，企业应当立即启动应急响应并撤离疏散全部作业人员至安全场所|C.铝镁等金属粉尘应当采用正压方式吹送，其他粉尘受工艺条件限制，采用负压方式除尘|D.在粉尘爆炸较大危险因素的工艺、场所、设施设备和岗位，企业应当设置安全警示标志 E 设计单位应当对粉尘防爆相关安全设施的设计负责，建设单位对施工质量负责,ABD,本题考查了《工贸企业粉尘防爆安全规定》管理要求，属于常规考点。C错，错在“铝镁粉应该用正压，其他粉尘用负压”。第十五条：铝镁等金属粉尘应当采用负压方式除尘，其他粉尘受工艺条件限制，采用正压方式吹送时，应当采取可靠的防范点燃源的措施；E错误，错在“建设单位对施工质量负责”。施工单位对施工质量负责。故选ABD。
多选题,[2024年][河南中安]保障危险化学品生产和储存安全，是危险化学品安全管理工作的重要内容。根据《危险化学品安全管理条例》，关于危险化学品生产和储存安全管理的说法，正确的有（    ）。,A.危险化学品生产企业发现其生产的危险化学品有新的危险特性，应当立即公告及时修订安全技术说明书和化学品安全标签|B.危险化学品生产项目建设单位，应当将安全评价的情况报告报建设项目所在地县级人民政府应急管理部门|C.储存危险化学品的企业，应当将安全评价报告以及整改方案的落实情况报所在地县级应急管理部门备案|D.储存危险化学品的单位应当对其危险化学品专用仓库的安全设施、设备定期进行检测、检验 E 剧毒、易制毒化学品应当在专用仓库内单独存放，并实行双人收发、双人保管制度,ACD,【解析】本题考查了危险化学品生产和储存安全管理，属于高频考点。做题思路：记忆危险化学品生产和储存安全管理的特殊之处。 B错，错在“县级”。第十二条：新建、改建、扩建生产、储存危险化学品的建设项目(以下简称建设项目)，应当由安全生产监督管理部门进行安全条件审查。建设单位应当对建设项目进行安全条件论证，委托具备国家规定的资质条件的机构对建设项目进行安全评价，并将安全条件论证和安全评价的情况报告报建设项目所在地设区的市级以上人民政府安全生产监督管理部门；E错误，错在“易制毒化学品”。第二十四条：危险化学品应当储存在专用仓库、专用场地或者专用储存室(以下统称专用仓库)内，并由专人负责管理；剧毒化学品以及储存数量构成重大危险源的其他危险化学品，应当在专用仓库内单独存放，并实行双人收发、双人保管制度。故选ACD。
单选题,[2024年][河南中安]根据《刑法》及相关司法解释，关于安全生产犯罪刑事责任的说法，正确的有（    ）。,A.企业员工张某在作业中不服管理而造成重大伤亡事故，张某行为涉嫌构成重大责任事故罪|B.企业主要负责人王某在明知存在事故隐患的情况下，仍强令员工进行作业，虽未造成严重后果，但王某行为仍涉嫌构成强令、组织他人违章冒险作业罪|C.企业存在重大事故隐患被依法责令停产停业整顿，主要负责人李某拒不执行。涉嫌构成危险作业罪|D.企业大型群众性活动管理不善、现场秩序混乱，活动组织者钱某涉嫌构成大型群众性活动重大安全事故罪 E 企业安全设施不符合国家规定，因而发生重大伤亡事故，主要负责人赵某涉嫌构成重大劳动安全事故罪,A,本题考查了《刑法》，属于高频考点。做题思路：抓住关键词，找对应。A正确，第一百三十四条第一款：【重大责任事故罪】在生产、作业中违反有关安全管理的规定，因而发生重大伤亡事故或者造成其他严重后果的，处三年以下有期徒刑或者拘役；情节特别恶劣的，处三年以上七年以下有期徒刑；B错误，错在“未造成严重后果”。第一百三十四条第二款：【强令、组织他人违章冒险作业罪】强令他人违章冒险作业，或者明知存在重大事故隐患而不排除，仍冒险组织作业，因而发生重大伤亡事故或者造成其他严重后果的，处五年以下有期徒刑或者拘役；情节特别恶劣的，处五年以上有期徒刑；C错误，错在“无现实危险”。第一百三十四条：【危险作业罪】在生产、作业中违反有关安全管理的规定，有下列情形之一，具有发生重大伤亡事故或者其他严重后果的现实危险的，处一年以下有期徒刑、拘役或者管制：（一）关闭、破坏直接关系生产安全的监控、报警、防护、救生设备、设施，或者篡改、隐瞒、销毁其相关数据、信息的；（二）因存在重大事故隐患被依法责令停产停业、停止施工、停止使用有关设备、设施、场所或者立即采取排除危险的整改措施，而拒不执行的；（三）涉及安全生产的事项未经依法批准或者许可，擅自从事矿山开采、金属冶炼、建筑施工，以及危险物品生产、经营、储存等高度危险的生产作业活动的；D错误，错在“管理不善、现场秩序混乱”。第一百三十四条【大型群众性活动重大安全事故罪】举办大型群众性活动违反安全管理规定，因而发生重大伤亡事故或者造成其他严重后果的，对直接负责的主管人员和其他直接责任人员，处三年以下有期徒刑或者拘役；情节特别恶劣的，处三年以上七年以下有期徒刑E项正确，第一百三十四条【重大劳动安全事故罪】安全生产设施或者安全生产条件不符合国家规定，因而发生重大伤亡事故或者造成其他严重后果的，对直接负责的主管人员和其他直接责任人员，处三年以下有期徒刑或者拘役；情节特别恶劣的，处三年以上七年以下有期徒刑。故选AE。
多选题,[2024年][河南中安]根据《特种设备安全法》，关于特种设备使用安全的说法，正确的有（    ）。,A.特种设备安全技术档案的内容应当包括特种设备的运行故障和事故记录|B.特种设备使用单位应当在检验合格有效期届满前一个月向特种设备检验机构提出定期检验要求|C.特种设备使用单位应当在特种设备投入使用前45日内，向负责特种设备安全监督管理的部门提出定期检验要求办理使用登记|D.特种设备使用单位应当取得特种设备安全使用证和安全标志，方可投入使用 E 特种设备使用单位应当对其使用的特种设备的安全附件、安全保护装置进行定期校验、检修并作出记录,AB,本题考查了特种设备使用安全，属于高频考点。A正确，第三十五条：特种设备使用单位应当建立特种设备安全技术档案。安全技术档案应当包括以下内容：（一）特种设备的设计文件、产品质量合格证明、安装及使用维护保养说明、监督检验证明等相关技术资料和文件；（二）特种设备的定期检验和定期自行检查记录；（三）特种设备的日常使用状况记录；（四）特种设备及其附属仪器仪表的维护保养记录；（五）特种设备的运行故障和事故记录；B正确，第四十条：特种设备使用单位应当按照安全技术规范的要求，在检验合格有效期届满前一个月向特种设备检验机构提出定期检验要求；C错误，错在“45日”。第三十三条：特种设备使用单位应当在特种设备投入使用前或者投入使用后三十日内，向负责特种设备安全监督管理的部门办理使用登记，取得使用登记证书，登记标志应当置于该特种设备的显著位置；D错误，错在“应当取得特种设备安全使用证和安全标志”。第三十七条：生产经营单位使用的危险物品的容器、运输工具，以及涉及人身安全、危险性较大的海洋石油开采特种设备和矿山井下特种设备，必须按照国家有关规定，由专业生产单位生产，并经具有专业资质的检测、检验机构检测、检验合格，取得安全使用证或者安全标志，方可投入使用；E正确，第四十二条：特种设备使用单位应当对其使用的特种设备进行经常性维护保养和定期自行检查，并作出记录。应当对其使用的特种设备的安全附件、安全保护装置进行定期校验、检修并作出记录。故选ABE。
多选题,[2024年][河南中安]根据《特种作业安全技术培训考核管理规定》需要持有特种操作证的（    ）。,A.有限空间作业|B.制冷空调设备安装修理作业|C.煤矿安全检查作业|D.压力容器检查作业 E 烟花爆竹存储作业,BC,本题考查了特种操作证的作业，属于记忆考点。做题思路：选特种作业相关的。根据《特种作业人员安全技术培训考核管理规定》附录：需要持证的为：制冷与空调设备、安装修理作业、煤矿安全检查作业、烟花爆竹储存作业。故选BCE。
多选题,[2024年][河南中安]根据《特种设备安全法》，关于特种设备检验、检测机构条件的说法，正确的有（    ）。,A.应当具备独立法人资格，固定资产不少于300万元|B.应当具有健全的检验、检测管理制度和责任制度|C.应当配备与检验、检测工作相适应的检验、检测仪器和设备|D.符合条件的检验、检测人员数量应当不少于25人 E 检验、检测机构技术负责人应当具备计量专业本科以上学历,BC,本题考查了特种设备检验、检测机构，属于常规考点。做题思路：选BC最有把握的。A错误，错在“300万元”。应当具备独立法人资格，固定资产不少于800万元；BC正确，DE错误，错在“没有这样的要求”。第五十条：从事本法规定的监督检验、定期检验的特种设备检验机构，以及为特种设备生产、经营、使用提供检测服务的特种设备检测机构，应当具备下列条件，并经负责特种设备安全监督管理的部门核准，方可从事检验、检测工作：（一）有与检验、检测工作相适应的检验、检测人员；（二）有与检验、检测工作相适应的检验、检测仪器和设备；（三）有健全的检验、检测管理制度和责任制度。故选BC。
多选题,[2024年][河南中安]公司员工王某因工受伤，经鉴定为六级伤残。根据《工伤保险条例》，关于王某享受工伤待遇的说法，正确的有（    ）。,A.一次性伤残补助金为16个月的本人工资|B.公司难以安排工作的，按月发放伤残津贴标准为本人工资的60％|C.王某提出与公司解除劳动合同的，公司支付一次性伤残就业补助金|D.一次性生活护理费为24个月的本人工资 E 公司提出解除劳动合同的，支付一次性赔偿费用为60个月的本人工资,ABC,本题考查了伤残待遇，属于高频考点。做题思路：根据规律记忆一级到六级伤残的待遇9887766，进行判断。A正确，第三十六条：职工因工致残被鉴定为五级、六级伤残的，享受以下待遇：（一）从工伤保险基金按伤残等级支付一次性伤残补助金，标准为：五级伤残为18个月的本人工资，六级伤残为16个月的本人工资；B正确，（二）保留与用人单位的劳动关系，由用人单位安排适当工作。难以安排工作的，由用人单位按月发给伤残津贴，标准为：五级伤残为本人工资的70%，六级伤残为本人工资的60%，并由用人单位按照规定为其缴纳应缴纳的各项社会保险费。伤残津贴实际金额低于当地最低工资标准的，由用人单位补足差额；C正确，经工伤职工本人提出，该职工可以与用人单位解除或者终止劳动关系，由工伤保险基金支付一次性工伤医疗补助金，由用人单位支付一次性伤残就业补助金。一次性工伤医疗补助金和一次性伤残就业补助金的具体标准由省、自治区、直辖市人民政府规定；D错误，错在“没有这样的说法”。第三十四条：生活护理费按照生活完全不能自理、生活大部分不能自理或者生活部分不能自理3个不同等级支付，其标准分别为统筹地区上年度职工月平均工资的50%、40%或者30%；E错误，“错在没有这样的说法”。故选ABC。
多选题,[2024年][河南中安]甲公司将某装置检修业务发包给乙公司和丙公司，乙公司和丙公司需要在同一时间段的同一装置平台交叉作业。根据《安全生产法》，关于该作业活动安全管理的说法，正确的有（    ）。,A.乙公司和丙公司应当指定专门人员进行安全检查|B.甲公司应当委托乙公司或者丙公司对安全生产工作进行统一协调、管理|C.甲公司应当与乙公司和丙公司签订安全管理协议|D.乙公司和丙公司应当以书面形式明确各自安全生产管理职责 E 甲公司应当在与乙公司和丙公司的业务合同中明确安全管理要求,AD,"本题考查了交叉作业，属于高频考点。做题思路：要么看合同，要么看协议，不可过于绝对或者片面。A正确，D正确，第四十八条：两个以上生产经营单位在同一作业区域内进行生产经营活动，可能危及对方生产安全的，应当签订安全生产管理协议，明确各自的安全生产管理职责和应当采取的安全措施，并指定专职安全生产管理人员进行安全检查与协调；BCE错误，B错在“委托乙公司或者丙公司对安全生产工作进行统一协调、管理”C错在“说法过于绝对”E错在“说法不全面”。。第四十九条 生产经营单位不得将生产经营项目、场所、设备发包或者出租给不具备安全生产条件或者相应资质的单位或者个人。生产经营项目、场所发包或者出租给其他单位的，生产经营单位应当与承包单位、承租单位签订专门的安全生产管理协议，或者在承包合同、租赁合同中约定各自的安全生产管理职责；生产经营单位对承包单位、承租单位的安全生产工作统一协调、管理，定期进行安全检查，发现安全问题的，应当及时督促整改""。故选AD。"
多选题,[2024年][河南中安]用人单位招用劳动者时，应当如实告知劳动者岗位工作内容及其安全生产状况。根据《劳动合同法》《安全生产法》，用人单位应当如实告知的内容有（    ）。,A.工作场所危险因素|B.工伤事故赔偿标准|C.岗位安全防范措施|D.职业病的赔偿标准 E 发生事故应急措施,AC,本题考查了用人单位应当如实告知劳动者的内容，涉及《劳动合同法》和《安全生产法》，属于高频考点。做题思路，从安全角度出发，应告知危险及防范措施及应急措施。BD错误，错在“无提及”。ACE正确，第八条：用人单位招用劳动者时，应当如实告知劳动者工作内容、工作条件、工作地点、职业危害、安全生产状况、劳动报酬，以及劳动者要求了解的其他情况；用人单位有权了解劳动者与劳动合同直接相关的基本情况，劳动者应当如实说明。《安全生产法》生产经营单位应当教育和督促从业人员严格执行本单位的安全生产规章制度和安全操作规程；并向从业人员如实告知作业场所和工作岗位存在的危险因素、防范措施以及事故应急措施。故选ACE。
单选题,[2025年][河南中安]大型群众性活动的安全管理应当遵循安全第一、预防为主的方针。根据《大型群众性活动安全管理条例》，大型群众性活动应当坚持的安全管理原则是（    ）。,A.承办者负责、社会监督|B.承办者负责、政府监管|C.主办者负责、政府监管|D.主办者负责、社会监督,B,本题主要考查的是大型群众性活动的安全管理原则。做题思路：先理解掌握谁负责、谁监管，后进行区分记忆。 根据《大型群众性活动安全管理条例》第三条：大型群众性活动的安全管理应当遵循安全第一、预防为主的方针，坚持承办者负责、政府监管的原则。故选B。
单选题,[2025年][河南中安]生产安全事故应急预案的及时修订是保证生产安全事故应急预案针对性、时效性的重要措施。根据《生产安全事故应急预案管理办法》，不属于应当及时修订生产安全事故应急预案的情形是（    ）。,A.安全生产风险发生重大变化的|B.重要应急资源发生重大变化的|C.企业主要负责人发生重大变化的|D.在应急演练中发现重大问题的,C,本题主要考查的是修订生产安全事故应急预案的情形，属于高频考点。做题思路：先理解掌握应当及时修订生产安全事故应急预案的情形，后进行着重记忆。 ABD属于，C不属于应当及时修订生产安全事故应急预案的情形。根据《生产安全事故应急预案管理办法》第三十六条：有下列情形之一的，应急预案应当及时修订并归档：（一）依据的法律、法规、规章、标准及上位预案中的有关规定发生重大变化的；（二）应急指挥机构及其职责发生调整的；（三）安全生产面临的风险发生重大变化的；（四）重要应急资源发生重大变化的；（五）在应急演练和事故应急救援中发现需要修订预案的重大问题的；（六）编制单位认为应当修订的其他情况。故选C。
单选题,[2025年][河南中安]某石化公司的120万吨/年石脑油综合利用项目，2021年8月2日，因催化重整联合装置加热炉管膨胀破裂，导致原料石脑油、氢气泄漏，引发火灾事故，造成1人重伤，直接经济损失800万元。调查发现，事故起因是操作工违规操作引起炉管短期过热破裂，根据《安全生产法》，应急管理部门有权对该公司作出的罚款数额是（    ）。,A.80万元|B.150万元|C.140万元|D.200万元,A,本题主要考查的是罚款数额。做题思路：先理解掌握罚款数额，后通过事故等级进行区分。 A正确。根据《安全生产法》（2021年版），第一百一十四条：发生生产安全事故，对负有责任的生产经营单位除要求其依法承担相应的赔偿等责任外，由应急管理部门依照下列规定处以罚款：（一）发生一般事故的，处三十万元以上一百万元以下的罚款；（二）发生较大事故的，处一百万元以上二百万元以下的罚款；（三）发生重大事故的，处二百万元以上一千万元以下的罚款；（四）发生特别重大事故的，处一千万元以上二千万元以下的罚款。发生生产安全事故，情节特别严重、影响特别恶劣的，应急管理部门可以按照前款罚款数额的二倍以上五倍以下对负有责任的生产经营单位处以罚款。故选A。
单选题,[2025年][河南中安]危险化学品重大危险源登记建档是一项重要的安全管理工作，根据《危险化学品重大危险源监督管理暂行规定》，不属于危险化学品重大危险源档案的文件资料是（    ）。,A.涉及的所有化学品安全标签|B.重大危险源主要设备一览表|C.重大危险源的基本特征表|D.场所安全警示标志设置情况,A,本题主要考查的是危险化学品重大危险源档案的文件资料。做题思路：先理解掌握危险化学品重大危险源档案的内容，后进行记忆。 BCD属于，A不属于危险化学品重大危险源档案的文件资料。根据《危险化学品重大危险源监督管理暂行规定》第二十二条：危险化学品单位应当对辨识确认的重大危险源及时、逐项进行登记建档。重大危险源档案应当包括下列文件、资料：（一）辨识、分级记录；（二）重大危险源基本特征表；（三）涉及的所有化学品安全技术说明书；（四）区域位置图、平面布置图、工艺流程图和主要设备一览表；（五）重大危险源安全管理规章制度及安全操作规程；（六）安全监测监控系统、措施说明、检测、检验结果；（七）重大危险源事故应急预案、评审意见、演练计划和评估报告；（八）安全评估报告或者安全评价报告；（九）重大危险源关键装置、重点部位的责任人、责任机构名称；（十）重大危险源场所安全警示标志的设置情况；（十一）其他文件、资料。故选A。
单选题,[2025年][河南中安]甲化工企业生产的剧毒化学品拟通过与外界无通航联系的内河封闭水域运输到乙化工品生产企业。甲化工企业委托依法取得危险货物水路运输许可的丙企业承运该批货物。根据《危险化学品安全管理条例》，关于该批剧毒化学品运输安全的说法，正确的是（    ）。,A.该批剧毒化学品经有关部门批准后，可通过该水域运输|B.丙企业依法取得了危险货物水路运输许可，可以按甲企业要求进行运输|C.丙企业可再委托其他专门从事剧毒化学品运输的单位通过该水域运输|D.该剧毒化学品不得通过该水域运输,D,本题主要考查的是剧毒化学品运输安全，属于高频考点。做题思路：先理解掌握剧毒化学品运输安全和危险化学品运输安全，后进行区分记忆。 A错误，错在“可通过该水域运输”；B错误，错在“可以按甲企业要求进行运输”；C错误，错在“可再委托其他专门从事剧毒化学品运输的单位通过该水域运输”。根据《危险化学品安全管理条例》第五十四条：禁止通过内河封闭水域运输剧毒化学品以及国家规定禁止通过内河运输的其他危险化学品。故选D。
单选题,[2025年][河南中安]对安全生产许可证申请的审查工作分为形式审查和实质审查。考虑到实质审查工作的安全技术要求和办理时间要求，某市应急管理局拟将现场审查工作委托给其他单位代为进行。市应急管理局可以依法委托的单位是（    ）。,A.申请企业所在地的县应急管理局|B.依法登记的市安全生产管理协会|C.依法取得相应资质的安全评价机构|D.市应急管理局下属的安全生产技术研究院,A,本题主要考查的是依法委托。做题思路：先理解掌握可以被依法委托的单位和层级，后进行区分记忆。 安全生产许可证颁发管理机关进行实质性审查的方式主要有3种：一是委派本机关的工作人员直接进行审查或者核实；二是委托其他行政机关代为进行审查或者核实；三是委托安全中介机构对一些专业技术性很强的设施、设备和工艺进行专门的检测、检验。故选A。
单选题,[2025年][河南中安]某能源集团控股煤矿是由甲省煤矿企业兼并重组整合工作领导小组办公室批准的资源整合煤矿，该煤矿处于基建期间，乙省某建设工程集团公司承建该煤矿的建设工程，丙省某煤矿安全设计院承担该煤矿的建设工程安全设施设计。根据《煤矿安全生产条例》，关于该煤矿建设工程安全设施设计审查的说法，正确的是（    ）。,A.负有煤矿安全生产监督管理职责的部门在审查煤矿建设项目安全设施设计时，应当自受理之日起15日内审查完毕|B.必须经甲省煤矿安全监管部门审查同意|C.必须经乙省建设工程行政主管部门审查同意|D.必须经丙省煤矿安全设计院主管部门审查同意,B,本题主要考查的是《煤矿安全生产条例》建设工程安全设施设计审查，属于高频考点。做题思路：首先排除CD明显错误选项，并注意煤矿建设工程安全设施设计审查的特殊性。 A错误，错在“15日”，应该是30日；CD错误，错在“乙省建设工程行政主管部门、丙省煤矿安全设计院主管部门”。根据《煤矿安全生产条例》第四十一条：‌省、自治区、直辖市人民政府负有煤矿安全生产监督管理职责的部门在审查煤矿建设项目安全设施设计时，应当自受理之日起30日内审查完毕，并签署同意或者不同意的意见，同时书面答复建设单位‌‌。故选B。
单选题,[2025年][河南中安]某化工公司需要使用危险化学品。根据《危险化学品安全管理条例》，关于危险化学品使用安全的说法，正确的是（    ）。,A.该公司属于化工企业，需要取得危险化学品安全使用许可证|B.该公司应在易爆危险化学品储存罐上设置明显的安全标志|C.该公司不再使用危险化学品时，要制定处置方案并报应急管理部门|D.该公司丢失危险化学品时，应立即向当地应急管理部门报告,B,本题主要考查的是危险化学品使用安全的规定。做题思路：先理解掌握危险化学品使用安全的规定，后通过排除法进行选择。 A错误，错在“没有说明规格”。根据《危险化学品安全管理条例》第二十九条：使用危险化学品从事生产并且使用量达到规定数量的化工企业（属于危险化学品生产企业的除外，下同），应当依照本条例的规定取得危险化学品安全使用许可证。前款规定的危险化学品使用量的数量标准，由国务院安全生产监督管理部门会同国务院公安部门、农业主管部门确定并公布；C错误，错在“报应急管理部门”。第二十七条：生产、储存危险化学品的单位转产、停产、停业或者解散的，应当采取有效措施，及时、妥善处置其危险化学品生产装置、储存设施以及库存的危险化学品，不得丢弃危险化学品；处置方案应当报所在地县级人民政府安全生产监督管理部门、工业和信息化主管部门、环境保护主管部门和公安机关备案。安全生产监督管理部门应当会同环境保护主管部门和公安机关对处置情况进行监督检查，发现未依照规定处置的，应当责令其立即处置；D错误，错在“向当地应急管理部门报告”。第二十三条：生产、储存剧毒化学品或者国务院公安部门规定的可用于制造爆炸物品的危险化学品（以下简称易制爆危险化学品）的单位，应当如实记录其生产、储存的剧毒化学品、易制爆危险化学品的数量、流向，并采取必要的安全防范措施，防止剧毒化学品、易制爆危险化学品丢失或者被盗；发现剧毒化学品、易制爆危险化学品丢失或者被盗的，应当立即向当地公安机关报告。故选B。
单选题,[2025年][河南中安]某公司为预防劳动过程中的职业病采取了一系列举措。根据《中华人民共和国职业病防治法》，关于该公司劳动过程中职业病防护与管理的做法，错误的是（    ）。,A.安排专人负责职业病危害因素的日常监测，确保监测系统处于正常运行状态|B.配备专职和兼职的职业卫生管理人员，负责公司的职业病防治工作|C.为劳动者提供符合卫生标准和防治职业病要求的个人职业病防护用品|D.口头告知劳动者职业病的危害及其后果、职业病防护措施和待遇,D,本题主要考查的是劳动过程中职业病防护与管理，属于高频考点。做题思路：先理解掌握劳动过程中职业病防护与管理的做法，后进行区分记忆。 D错误，错在“口头告知”。根据《中华人民共和国职业病防治法》，第三十三条：用人单位与劳动者订立劳动合同（含聘用合同，下同）时，应当将工作过程中可能产生的职业病危害及其后果、职业病防护措施和待遇等如实告知劳动者，并在劳动合同中写明，不得隐瞒或者欺骗。故选D。
单选题,[2025年][河南中安]某省甲市乙县和丙市丁县的交界处发生山体滑坡，造成乙县和丁县的村民住宅被冲垮、20人被埋压，调查发现，山体滑坡因乙县某采石场违规放炮采石导致。根据《生产安全事故应急条例》，负责此次山体滑坡事故应急工作的是（    ）。,A.甲市和丙市人民政府|B.省应急管理部门|C.乙县人民政府|D.乙县和丁县人民政府,A,本题主要考查的是交叉地域应急处置的部门，属于高频考点。做题思路：先理解掌握交叉地域应急处置的规定和各层级之间的关系，后通过选项进行排除选择。 根据《生产安全事故应急条例》，第三条：国务院统一领导全国的生产安全事故应急工作，县级以上地方人民政府统一领导本行政区域内的生产安全事故应急工作。生产安全事故应急工作涉及两个以上行政区域的，由有关行政区域共同的上一级人民政府负责，或者由各有关行政区域的上一级人民政府共同负责。县级以上人民政府应急管理部门和其他对有关行业、领域的安全生产工作实施监督管理的部门（以下统称负有安全生产监督管理职责的部门）在各自职责范围内，做好有关行业、领域的生产安全事故应急工作。县级以上人民政府应急管理部门指导、协调本级人民政府其他负有安全生产监督管理职责的部门和下级人民政府的生产安全事故应急工作。乡、镇人民政府以及街道办事处等地方人民政府派出机关应当协助上级人民政府有关部门依法履行生产安全事故应急工作职责。故选A。
单选题,[2025年][河南中安]小王是某企业的安全生产管理人员，其主要工作任务是开展安全生产检查、发现事故隐患并督促进行整改。根据《安全生产事故隐患排查治理暂行规定》，小王检查发现的事故隐患，应当认定为一般事故隐患的是（    ）。,A.职工李某在离地面2米高的外墙进行设备安装作业，未系好安全带具有坠落危险|B.职工张某等3人在新开挖的深槽内进行维修作业，深槽边坡未支护具有坍塌危险|C.其他企业的易燃物品库房毗邻本企业，可能发生火灾事故危及本企业安全|D.生产车间的大型生产设备的接地装置接地阻值偏大，接地保护系统失效,A,本题主要考查的是一般事故隐患。做题思路：先理解掌握一般事故隐患和重大事故隐患的区别，后进行区分记忆。 BCD是危害和整改难度较大，应当全部或者局部停产停业，并经过一定时间整改治理方能排除的隐患，或者因外部因素影响致使生产经营单位自身难以排除的隐患。根据《安全生产事故隐患排查治理暂行规定》，第三条：本规定所称安全生产事故隐患（以下简称事故隐患），是指生产经营单位违反安全生产法律、法规、规章、标准、规程和安全生产管理制度的规定，或者因其他因素在生产经营活动中存在可能导致事故发生的物的危险状态、人的不安全行为和管理上的缺陷。事故隐患分为一般事故隐患和重大事故隐患。一般事故隐患，是指危害和整改难度较小，发现后能够立即整改排除的隐患。重大事故隐患，是指危害和整改难度较大，应当全部或者局部停产停业，并经过一定时间整改治理方能排除的隐患，或者因外部因素影响致使生产经营单位自身难以排除的隐患。故选A。
单选题,[2025年][河南中安]某玩具生产企业因业务高速增长，通过多种渠道扩大员工规模，包括面向高校招收应届毕业生、面向社会招聘技术人员、使用被派遣劳动者、接收实习生等。根据《安全生产法》，关于有关人员安全生产教育培训的说法，正确的是（    ）。,A.该企业接收的实习生，由学校负责进行相应的安全生产教育培训，企业应当协助学校按规定开展教育培训|B.该企业对被派遣劳动者与本企业从业人员统一实施安全教育培训，并保证相同岗位的考核标准一致|C.该企业面向社会招聘的技术人员，具有同类工作经验的，上岗前可不要求进行安全教育培训|D.该企业对新入厂的各类人员，必须按照统一的时间、内容和考核标准，经过安全生产教育培训后，方可上岗,B,本题主要考查的是安全生产教育培训，属于高频考点。做题思路：先理解掌握安全生产教育培训的主体和考核内容与原则，后进行区分记忆。 A错误，错在“由学校负责进行相应的安全生产教育培训，企业应当协助学校按规定开展教育培训”；C错误，错在“上岗前可不要求进行安全教育培训”；D错误，错在“必须按照统一的内容”。根据《安全生产法》，第二十八条：生产经营单位应当对从业人员进行安全生产教育和培训，保证从业人员具备必要的安全生产知识，熟悉有关的安全生产规章制度和安全操作规程，掌握本岗位的安全操作技能，了解事故应急处理措施，知悉自身在安全生产方面的权利和义务。未经安全生产教育和培训合格的从业人员，不得上岗作业。生产经营单位使用被派遣劳动者的，应当将被派遣劳动者纳入本单位从业人员统一管理，对被派遣劳动者进行岗位安全操作规程和安全操作技能的教育和培训。劳务派遣单位应当对被派遣劳动者进行必要的安全生产教育和培训。生产经营单位接收中等职业学校、高等学校学生实习的，应当对实习学生进行相应的安全生产教育和培训，提供必要的劳动防护用品。学校应当协助生产经营单位对实习学生进行安全生产教育和培训。生产经营单位应当建立安全生产教育和培训档案，如实记录安全生产教育和培训的时间、内容、参加人员以及考核结果等情况。故选B。
单选题,[2025年][河南中安]县级以上地方各级人民政府在各类生产安全事故应急救援工作中处于组织指挥的核心地位。根据《安全生产法》，根据《生产安全事故应急条例》，关于县级以上地方各级人民政府应急工作职责的说法，错误的是（    ）。,A.组织有关部门制定本行政区域内生产安全事故应急救援预案|B.在重点行业、领域必须单独建立生产安全事故应急救援队伍|C.组织有关部门建立本行政区域内生产安全事故应急救援体系|D.对制定的生产安全事故应急救援预案应当定期组织演练,B,本题主要考查的是地方各级人民政府应急工作职责，属于高频考点。做题思路：先理解掌握地方各级人民政府和生产经营单位的应急工作职责，后进行区分记忆。 AC正确。根据《安全生产法》，第八十条：县级以上地方各级人民政府应当组织有关部门制定本行政区域内生产安全事故应急救援预案，建立应急救援体系；D正确。第八十一条：生产经营单位应当制定本单位生产安全事故应急救援预案，与所在地县级以上地方人民政府组织制定的生产安全事故应急救援预案相衔接，并定期组织演练；B错误，错在“必须单独建立生产安全事故应急救援队伍”。根据《生产安全事故应急条例》，第九条：县级以上人民政府应当加强对生产安全事故应急救援队伍建设的统一规划、组织和指导。县级以上人民政府负有安全生产监督管理职责的部门根据生产安全事故应急工作的实际需要，在重点行业、领域单独建立或者依托有条件的生产经营单位、社会组织共同建立应急救援队伍。故选B。
单选题,[2025年][河南中安]煤矿安全最大威胁主要来自重大事故隐患。根据《煤矿重大生产安全事故隐患判定标准》，下列事故隐患中，属于煤矿重大事故隐患的是（    ）。,A.低瓦斯矿井安全监控系统出现故障没有及时采取措施予以排除|B.建设矿井进入三期工程前，没有按设计建成永久排水系统|C.有自然发火征兆的矿井没有加大防灭火费用投入力度仍继续生产|D.进入二期工程的低瓦斯矿井没有形成双回路供电系统,B,本题主要考查的是煤矿重大事故隐患。做题思路：先理解掌握煤矿重大事故隐患的内容，后进行记忆，此题了解即可。 B属于，ACD不属于；A错误，错在“低瓦斯矿井”。根据《煤矿重大生产安全事故隐患判定标准》，第三条：煤矿重大事故隐患包括下列15个方面：（四）高瓦斯矿井未建立瓦斯抽采系统和监控系统，或者系统不能正常运行。第九条：有严重水患，未采取有效措施的重大事故隐患，是指有下列情形之一的：（七）建设矿井进入三期工程前，未按照设计建成永久排水系统；C错误，错在“没有加大防灭火费用投入力度”，应为没有采取相应安全防范措施继续生产；D错误，错在“低瓦斯矿井没有形成双回路供电系统”。“煤矿没有双回路供电系统”重大事故隐患，是指有下列情形之一的：（三）进入二期工程的高瓦斯、煤与瓦斯突出、水文地质类型为复杂和极复杂的建设矿井，以及进入三期工程的其他建设矿井，未形成两回路供电的。故选B。
单选题,[2025年][河南中安]甲矿业公司需要使用炸药和雷管进行爆破作业，向非法生产炸药的乙公司购买炸药，并向丙进出口公司购买雷管。根据《民用爆炸物品安全管理条例》，关于购买、使用炸药和雷管的安全监管的说法，正确的是（    ）。,A.应急管理部门负责组织查处乙公司非法生产炸药的行为|B.公安机关负责甲矿业公司爆破作业的安全监督管理|C.市场监管部门负责炸药和雷管销售、购买和进出口的监督管理|D.煤矿安全监察机构负责监控甲矿业公司所使用炸药和雷管的流向,B,本题主要考查的是炸药和雷管的安全监管。做题思路：先理解掌握炸药和雷管的安全监管的部门和层级，后进行区分记忆。 A错误，错在“应急管理部门负责”。根据《民用爆炸物品安全管理条例》，民用爆炸物品行业主管部门、公安机关、工商行政管理部门按照职责分工，负责组织查处非法生产、销售、购买、储存、运输、邮寄、使用民用爆炸物品的行为；C错误，错在“市场监管部门负责”；D错误，错在“煤矿安全监察机构负责”。第四条：民用爆炸物品行业主管部门负责民用爆炸物品生产、销售的安全监督管理。公安机关负责民用爆炸物品公共安全管理和民用爆炸物品购买、运输、爆破作业的安全监督管理，监控民用爆炸物品流向。安全生产监督、铁路、交通、民用航空主管部门依照法律、行政法规的规定，负责做好民用爆炸物品的有关安全监督管理工作。民用爆炸物品行业主管部门、公安机关、工商行政管理部门按照职责分工，负责组织查处非法生产、销售、购买、储存、运输、邮寄、使用民用爆炸物品的行为。故选B。
单选题,[2025年][河南中安]某化工企业发生爆燃事故，政府有关部门和相关单位赶赴现场组织开展应急救援工作。根据《安全生产法》，关于事故应急救援的说法，错误的是（    ）。,A.参与事故抢救的部门应当根据事故救援的需要采取警戒、疏散等措施|B.参与事故抢救的不同单位和部门应当服从统一指挥，并加强协同联动|C.为支持、配合事故救援，任何单位和个人都应当无条件地提供一切便利|D.单位负责人接到事故报告后，应当立即采取有效措施保护事故现场,D,本题主要考查的是事故应急救援，属于高频考点。做题思路：先理解掌握地方各级人民政府和生产经营单位的应急工作职责，后进行区分记忆。 D错误，错在“立即采取有效措施保护事故现场”。根据《安全生产法》，第八十三条：生产经营单位发生生产安全事故后，事故现场有关人员应当立即报告本单位负责人。单位负责人接到事故报告后，应当迅速采取有效措施，组织抢救，防止事故扩大，减少人员伤亡和财产损失，并按照国家有关规定立即如实报告当地负有安全生产监督管理职责的部门，不得隐瞒不报、谎报或者迟报，不得故意破坏事故现场、毁灭有关证据；AB正确，第八十五条：有关地方人民政府和负有安全生产监督管理职责的部门的负责人接到生产安全事故报告后，应当按照生产安全事故应急救援预案的要求立即赶到事故现场，组织事故抢救。参与事故抢救的部门和单位应当服从统一指挥，加强协同联动，采取有效的应急救援措施，并根据事故救援的需要采取警戒、疏散等措施，防止事故扩大和次生灾害的发生，减少人员伤亡和财产损失。事故抢救过程中应当采取必要措施，避免或者减少对环境造成的危害；C正确，任何单位和个人都应当支持、配合事故抢救，并提供一切便利条件。故选D。
单选题,[2025年][河南中安]某公司法定代表人是周某，该公司发生爆炸事故，共造成10人死亡15人重伤，直接经济损失6000多万元。事故调查报告显示，该公司安全设备管理存在重大缺陷，需要时无法启动，造成本次事故的发生。法定代表人周某被依法追究刑事责任。根据《安全生产法》，关于该起事故责任追究的说法，正确的是（    ）。,A.应当对周某处上一年年收入60%的罚款|B.应当对该公司处1000万元以上2000万元以下的罚款|C.可以对周某和该公司同时给予罚款|D.周某终身不得担任任何行业生产经营单位的主要负责人,C,本题主要考查的是事故责任追究，属于高频考点。做题思路：先理解掌握事故等级和事故责任追究罚款，后进行区分记忆。 本次事故属于重大事故，A错误，错在“60%”。根据《安全生产法》，第九十五条：生产经营单位的主要负责人未履行本法规定的安全生产管理职责，导致发生生产安全事故的，由应急管理部门依照下列规定处以罚款：（三）发生重大事故的，处上一年年收入百分之八十的罚款；B错误，错在“1000万元以上2000万元以下”。第一百一十四条：发生生产安全事故，对负有责任的生产经营单位除要求其依法承担相应的赔偿等责任外，由应急管理部门依照下列规定处以罚款：（三）发生重大事故的，处二百万元以上一千万元以下的罚款；D错误，错在“终身不得担任任何行业”。第九十四条：生产经营单位的主要负责人依照前款规定受刑事处罚或者撤职处分的，自刑罚执行完毕或者受处分之日起，五年内不得担任任何生产经营单位的主要负责人；对重大、特别重大生产安全事故负有责任的，终身不得担任本行业生产经营单位的主要负责人。故选C。
单选题,[2025年][河南中安]根据《建设工程安全生产管理条例》，关于建筑施工单位的主要负责人对本单位安全生产工作职责的说法，错误的是（    ）。,A.保证本单位安全生产条件|B.对建设工程项目的安全施工负责|C.对所承担的建设工程进行定期和专项安全检查|D.建立健全安全生产责任制,B,本题主要考查的是管理人员职责，属于高频考点。做题思路：先理解掌握主要负责人和管理人员的职责，后通过关键词进行区分。 B错误，错在“对安全施工负责”。根据《建设工程安全生产管理条例》，第二十一条：施工单位主要负责人依法对本单位的安全生产工作全面负责。施工单位应当建立健全安全生产责任制度和安全生产教育培训制度，制定安全生产规章制度和操作规程，保证本单位安全生产条件所需资金的投入，对所承担的建设工程进行定期和专项安全检查，并做好安全检查记录。施工单位的项目负责人应当由取得相应执业资格的人员担任，对建设工程项目的安全施工负责，落实安全生产责任制度、安全生产规章制度和操作规程，确保安全生产费用的有效使用，并根据工程的特点组织制定安全施工措施，消除安全事故隐患，及时、如实报告生产安全事故。故选B。
单选题,[2025年][河南中安]某国有公司厂房发生火灾事故，造成l人死亡，财产损失约500万元。公司总经理赵某按规定向县应急管理部门进行了报告。在事故调查期间，赵某因工作原因未经批准擅自离开。根据《安全生产法》，关于赵某擅自离开的法律责任的做法，正确的是（    ）。,A.通报批评并扣发全年奖金|B.处上一年年收入50%的罚款|C.处15日以下拘留|D.降级处分并处上一年年收入60%的罚款,D,本题主要考查的是事故责任追究，属于高频考点。做题思路：先理解掌握事故等级和事故责任追究罚款，后进行区分记忆。 A错误，错在“通报批评并扣发全年奖金”；B错误，错在“50%”；C错误，错在“15日以下拘留”。根据《安全生产法》，第一百一十条：生产经营单位的主要负责人在本单位发生生产安全事故时，不立即组织抢救或者在事故调查处理期间擅离职守或者逃匿的，给予降级、撤职的处分，并由应急管理部门处上一年年收入百分之六十至百分之一百的罚款；对逃匿的处十五日以下拘留；构成犯罪的，依照刑法有关规定追究刑事责任。生产经营单位的主要负责人对生产安全事故隐瞒不报、谎报或者迟报的，依照前款规定处罚。故选D。
单选题,[2025年][河南中安]有关机关作为行政处罚的主体，应当依法行使行政处罚权。根据《行政处罚法》，关于行政处罚的种类及规定的说法，正确的是（    ）。,A.国家行政机关都有行政处罚权|B.行政机关所作出的警告处罚属于声誉罚|C.行政机关所作出的加处罚款属于财产罚|D.部门规章可以设定吊销证照的行政处罚,B,本题主要考查的是行政处罚的种类及规定。做题思路：先理解掌握行政处罚的种类及规定的内容，后进行了解记忆。 A错误，错在“都有”。根据《行政处罚法》（2021年版），只有法律和国务院规定有关行政机关才有行政处罚权，不是所有的行政机关都有行政处罚权。第十八条：国家在城市管理、市场监管、生态环境、文化市场、交通运输、应急管理、农业等领域推行建立综合行政执法制度，相对集中行政处罚权。国务院或者省、自治区、直辖市人民政府可以决定一个行政机关行使有关行政机关的行政处罚权。限制人身自由的行政处罚权只能由公安机关和法律规定的其他机关行使；C错误，错在“财产罚”。依据《中华人民共和国行政强制法》第十二条：行政强制执行的方式：（一）加处罚款或者滞纳金；（二）划拨存款、汇款；（三）拍卖或者依法处理查封、扣押的场所、设施或者财物；（四）排除妨碍、恢复原状；（五）代履行；（六）其他强制执行方式；D错误，错在“可以设定吊销证照的行政处罚”。第十三条：国务院部门规章可以在法律、行政法规规定的给予行政处罚的行为、种类和幅度的范围内作出具体规定。故选B。
单选题,[2025年][河南中安]危险化学品管道输送单位应当加强管道运行安全管理。根据《危险化学品输送管道安全管理规定》，关于管道单位安全管理的说法，正确的是（    ）。,A.管道单位发现危险化学品管道阀门被擅自开启的，应当立即向有关部门报告|B.管道单位发现危险化学品管道两侧6米处有种植乔木的，应当立即向有关部门报告|C.管道单位应当及时更新不符合安全标准的危险化学品管道，并向应急管理部门报告|D.管道单位在巡查中发现存在事故隐患的，应当立即向应急管理部门报告,C,本题主要考查的是危险化学品输送管道安全管理。做题思路：先理解掌握危险化学品输送管道安全管理的内容，后对数字及具体规定进行着重记忆。 A错误，错在“立即向有关部门报告”。根据《危险化学品输送管道安全管理规定》，第十九条：管道单位发现下列危害危险化学品管道安全运行行为的，应当及时予以制止，无法处置时应当向当地安全生产监督管理部门报告：擅自开启、关闭危险化学品管道阀门；B错误，错在“6米”。第二十一条：在危险化学品管道及其附属设施外缘两侧各5米地域范围内，管道单位发现下列危害管道安全运行的行为的，应当及时予以制止，无法处置时应当向当地安全生产监督管理部门报告：种植乔木、灌木、藤类、芦苇、竹子或者其他根系深达管道埋设部位可能损坏管道防腐层的深根植物；D错误，错在“存在事故隐患的，应当立即向应急管理部门报告”。第十七条：管道单位对危险化学品管道存在的事故隐患应当及时排除；对自身排除确有困难的外部事故隐患，应当向当地安全生产监督管理部门报告。故选C。
单选题,[2025年][河南中安]某应急管理局执法人员对某化工公司的储罐及装卸作业进行检查时发现：（1）危险化学品储罐没有防雷系统；（2）罐区安装的可燃气体报警器检测数据不准确；（3）公司超过批准范围，违法生产消毒与抑菌产品；（4）没有制定装卸作业事故应急救援预案。根据《危险化学品安全管理条例》，关于此次执法检查应采取措施的说法，正确的是（    ）。,A.“危险化学品储罐没有防雷系统”属于违法行为，应责令停止使用危险化学品储罐|B.“超过批准范围，违法生产消毒与抑菌产品”属于违法行为，应直接查扣违法生产的消毒与抑菌产品|C.“没有制定装卸作业事故应急救援预案”属于事故隐患，应责令限期消除|D.“罐区安装的可燃气体报警器检测数据不准确”属于违法行为，应责令改正,A,本题主要考查的是执法检查措施，属于高频考点。做题思路：先理解掌握违法行为和事故隐患的区别，后进行区分记忆。 根据《危险化学品安全管理条例》，第七条：负有危险化学品安全监督管理职责的部门依法进行监督检查，可以采取下列措施：（一）进入危险化学品作业场所实施现场检查，向有关单位和人员了解情况，查阅、复制有关文件、资料；D错误，错在“属于违法行为”。“罐区安装的可燃气体报警器检测数据不准确”属于事故隐患，（二）发现危险化学品事故隐患，责令立即消除或者限期消除；A正确。（三）对不符合法律、行政法规、规章规定或者国家标准、行业标准要求的设施、设备、装置、器材、运输工具，责令立即停止使用；B错误，错在“属于违法行为”。（四）经本部门主要负责人批准，查封违法生产、储存、使用、经营危险化学品的场所，扣押违法生产、储存、使用、经营、运输的危险化学品以及用于违法生产、使用、运输危险化学品的原材料、设备、运输工具；C错误，错在“属于事故隐患”。“没有制定装卸作业事故应急救援预案”与法律法规，标准规范要求有冲突，属于违法行为，（五）发现影响危险化学品安全的违法行为，当场予以纠正或者责令限期改正。故选A。
单选题,[2025年][河南中安]2021年9月12日，某县应急管理局接到举报称某煤矿发生一起生产安全事故，造成1人死亡。根据《安全生产法》，对该起举报负责核查处理的是（    ）。,A.县级人民政府|B.县应急管理局|C.所在地煤矿安全监察分局|D.县公安局,A,本题主要考查的是举报核查处理。做题思路：先理解掌握对于举报来说，各层级和各部门的主要职责，后进行了解记忆。 根据《安全生产法》，第七十三条：负有安全生产监督管理职责的部门应当建立举报制度，公开举报电话、信箱或者电子邮件地址等网络举报平台，受理有关安全生产的举报；受理的举报事项经调查核实后，应当形成书面材料；需要落实整改措施的，报经有关负责人签字并督促落实。对不属于本部门职责，需要由其他有关部门进行调查处理的，转交其他有关部门处理。涉及人员死亡的举报事项，应当由县级以上人民政府组织核查处理。故选A。
单选题,[2025年][河南中安]某文旅公司在其运营的新区设有客运索道，根据《特种设备安全法》，关于公司对客运索道安全管理的说法，正确的是（    ）。,A.应当设置专职或者兼职客运索道安全管理人员|B.应当将该客运索道的安全警示标志置于易于被乘客注意的显著位置|C.应当每周对该客运索道进行试运行和例行安全检查|D.无需为该客运索道设置安全使用说明,B,本题主要考查的是特种设备安全管理，属于高频考点。做题思路：先理解掌握各种特种设备的安全管理内容，后进行着重记忆。 A错误，错在“兼职”。根据《特种设备安全法》，第三十六条：电梯、客运索道、大型游乐设施等为公众提供服务的特种设备的运营使用单位，应当对特种设备的使用安全负责，设置特种设备安全管理机构或者配备专职的特种设备安全管理人员；其他特种设备使用单位，应当根据情况设置特种设备安全管理机构或者配备专职、兼职的特种设备安全管理人员；C错误，错在“每周”。第四十三条：客运索道、大型游乐设施在每日投入使用前，其运营使用单位应当进行试运行和例行安全检查，并对安全附件和安全保护装置进行检查确认；D错误，错在“无需”。电梯、客运索道、大型游乐设施的运营使用单位应当将电梯、客运索道、大型游乐设施的安全使用说明、安全注意事项和警示标志置于易于为乘客注意的显著位置。故选B。
单选题,[2025年][河南中安]行政处罚的管辖和适用应依法进行。根据《行政处罚法》，关于行政处罚的管辖和适用的做法，正确的是（    ）。,A.赵某驾驶私家车在某镇超速行驶，该镇政府综合执法大队对其进行行政处罚|B.李某在驾车行驶时突发精神疾病，车辆失去控制造成多车受损，当地公安交通管理行政部门对其进行行政处罚|C.王某13岁，在机动车道路上使用滑行工具并闯红灯，当地公安交通管理行政部门对其作出警告的行政处罚|D.张某是甲市人，在乙市驾驶车辆发生违章行为，乙市的公安交通管理行政部门对其进行行政处罚,D,本题主要考查的是行政处罚的管辖和适用，属于高频考点。做题思路：先理解掌握从轻处罚和不予处罚的区别，后进行区分记忆。 A错误，错在“镇政府综合执法大队”。根据《行政处罚法》，第二十三条：行政处罚由县级以上地方人民政府具有行政处罚权的行政机关管辖。法律、行政法规另有规定的，从其规定；B错误，错在“突发精神疾病”。第三十一条：精神病人、智力残疾人在不能辨认或者不能控制自己行为时有违法行为的，不予行政处罚，但应当责令其监护人严加看管和治疗。间歇性精神病人在精神正常时有违法行为的，应当给予行政处罚。尚未完全丧失辨认或者控制自己行为能力的精神病人、智力残疾人有违法行为的，可以从轻或者减轻行政处罚；C错误，错在“13岁”。不满十四周岁的未成年人有违法行为的，不予行政处罚，责令监护人加以管教。故选D。
单选题,[2025年][河南中安]某高速公路甲市乙区路段，一辆小型面包车与一辆重型罐车相撞，导致重型罐车后下部防护装置及卸料管损坏，所载汽油泄漏，起火燃烧。该重型罐车属丙市丁区市区某危险化学品道路运输公司所有。根据《危险化学品安全管理条例》，关于该起危险化学品事故应急救援的说法，正确的是（    ）。,A.驾驶员除应向甲市乙区应急管理部门报告外，还应向丙市丁区交通运输、应急管理等部门报告|B.该事故发生在甲市乙区，运输公司主要负责人无须向丙市丁区有关部门报告事故|C.因该事故发生在异地，运输公司的应急预案无法适用于本次事故救援|D.甲市乙区人民政府应当立即组织有关部门启动本地区危险化学品事故应急救援预案并组织实施救援,D,本题主要考查的是危险化学品事故应急救援，属于高频考点。做题思路：先理解掌握交叉地域事故情况下主管危险化学品事故应急救援的部门和职责，后进行着重记忆。 A错误，错在“还应向丙市丁区交通运输、应急管理等部门报告”。根据《危险化学品安全管理条例》，第七十一条：发生危险化学品事故，事故单位主要负责人应当立即按照本单位危险化学品应急预案组织救援，并向当地安全生产监督管理部门和环境保护、公安、卫生主管部门报告；道路运输、水路运输过程中发生危险化学品事故的，驾驶人员、船员或者押运人员还应当向事故发生地交通运输主管部门报告；B错误，错在“无须向丙市丁区有关部门报告事故”。重型罐车属丙市丁区市区某危险化学品道路运输公司所有，所以应当向丙市丁区有关部门报告；C错误，错在“无法适用于本次事故救援”。依据《生产安全事故报告和调查处理条例》第十四条：事故发生单位负责人接到事故报告后，应当立即启动事故相应应急预案，或者采取有效措施，组织抢救，防止事故扩大，减少人员伤亡和财产损失。故选D。
单选题,[2025年][河南中安]某道路运输公司有从业人员120人，受新冠肺炎疫情影响，该公司削减经营规模，成员30人。根据《安全生产法》，关于该公司安全生产管理机构设置和安全生产管理人员配备的说法，正确的是（    ）。,A.应当设置安全生产管理机构或者配备专职安全生产管理人员|B.可以不设置安全生产管理机构，但必须委托具有相应资质的机构提供管理服务|C.应当配备专职安全生产管理人员或者兼职安全生产管理人员|D.可以配备兼职安全生产管理人员，但必须配备至少一名注册安全工程师,A,本题主要考查的是安全生产管理机构设置和安全生产管理人员配备，属于高频考点。做题思路：先理解掌握需安全生产管理机构设置和专职管理人员的设置，后进行区分记忆。 B错误，错在“可以不设置安全生产管理机构”；C错误，错在“或者兼职安全生产管理人员”；D错误，错在“可以配备兼职安全生产管理人员”。根据《安全生产法》，第二十四条：矿山、金属冶炼、建筑施工、运输单位和危险物品的生产、经营、储存、装卸单位，应当设置安全生产管理机构或者配备专职安全生产管理人员。前款规定以外的其他生产经营单位，从业人员超过一百人的，应当设置安全生产管理机构或者配备专职安全生产管理人员；从业人员在一百人以下的，应当配备专职或者兼职的安全生产管理人员。故选A。
单选题,[2025年][河南中安]国家对特种作业人员实行分类管理，根据《特种作业人员安全技术培训考核管理规定》，关于电工类特种作业的分类，正确的是（    ）。,A.低压电工作业、高压电工作业、超高压电工作业|B.低压电工作业、高压电工作业、防爆电气作业|C.低压电工作业、高压电工作业、特高压电工作业|D.低压电工作业、中压电工作业、高压电工作业,B,本题主要考查的是电工类特种作业的分类，了解即可。 根据《特种作业人员安全技术培训考核管理规定》，特种作业目录：电工作业包括高压电工作业、低压电工作业、防爆电气作业。故选B。
单选题,[2025年][河南中安]根据《工伤保险条例》，关于工伤保险基金的说法，正确的是（    ）。,A.工伤保险基金不能用于兴建或者改建办公场所等，可用于投资运营，获取更多收益，充实基金|B.工伤保险基金应留有一定比例的储备金，用于统筹地区各类工伤事故的工伤保险待遇支付|C.工伤保险基金用于支付工伤保险待遇，职工个人申请因工伤而引起的劳动能力鉴定费用应由用人单位承担，不能从工伤保险基金中支付|D.工伤保险基金的目的在于保障工伤劳动者及时得到赔偿，工伤保险基金中应有一定比例的资金用于工伤预防,D,本题主要考查的是工伤保险基金，属于高频考点。做题思路：先理解掌握工伤保险基金的适用范围和原则，后进行着重记忆。 A错误，错在“可用于投资运营，获取更多收益，充实基金”。根据《工伤保险条例》，第十二条：任何单位或者个人不得将工伤保险基金用于投资运营、兴建或者改建办公场所、发放奖金，或者挪作其他用途；B错误，错在“各类工伤事故”。第十三条：工伤保险基金应当留有一定比例的储备金，用于统筹地区重大事故的工伤保险待遇支付；储备金不足支付的，由统筹地区的人民政府垫付；C错误，错在“不能从工伤保险基金中支付”。第十二条：工伤保险基金存入社会保障基金财政专户，用于本条例规定的工伤保险待遇，劳动能力鉴定，工伤预防的宣传、培训等费用，以及法律、法规规定的用于工伤保险的其他费用的支付。故选D。
单选题,[2025年][河南中安]国家对女职工实施特殊劳动保护。根据《女职工劳动保护特别规定》，关于女职工在经期和孕期禁忌从事劳动范围的说法，正确的是（    ）。,A.在经期可以从事第二级低温作业|B.在孕期可以从事低温作业|C.在经期可以从事第二级高处作业|D.在孕期可以从事第三级高温作业,C,本题主要考查的是女职工在经期和孕期禁忌，属于高频考点。做题思路：先理解掌握女职工在经期和孕期禁忌的内容，后与《劳动法》进行对比记忆。 A错误，错在“二级低温”。根据《女职工劳动保护特别规定》，女职工在经期禁忌从事的劳动范围：（一）冷水作业分级标准中规定的第二级、第三级、第四级冷水作业；（二）低温作业分级标准中规定的第二级、第三级、第四级低温作业；（三）体力劳动强度分级标准中规定的第三级、第四级体力劳动强度的作业；（四）高处作业分级标准中规定的第三级、第四级高处作业；B错误，错在“低温作业”；D错误，错在“三级高温”。女职工在孕期禁忌从事的劳动范围：（一）作业场所空气中铅及其化合物、汞及其化合物、苯、镉、铍、砷、氰化物、氮氧化物、一氧化碳、二硫化碳、氯、己内酰胺、氯丁二烯、氯乙烯、环氧乙烷、苯胺、甲醛等有毒物质浓度超过国家职业卫生标准的作业；（二）从事抗癌药物、己烯雌酚生产，接触麻醉剂气体等的作业；（三）非密封源放射性物质的操作，核事故与放射事故的应急处置；（四）高处作业分级标准中规定的高处作业；（五）冷水作业分级标准中规定的冷水作业；（六）低温作业分级标准中规定的低温作业；（七）高温作业分级标准中规定的第三级、第四级的作业；（八）噪声作业分级标准中规定的第三级、第四级的作业；（九）体力劳动强度分级标准中规定的第三级、第四级体力劳动强度的作业；（十）在密闭空间、高压室作业或者潜水作业，伴有强烈振动的作业，或者需要频繁弯腰、攀高、下蹲的作业。故选C。
单选题,[2025年][河南中安]某露天矿洗煤厂维修工韩某、郭某进行设备检修作业时，因不遵守操作规程发生事故，造成韩某死亡、郭某轻伤。事故发生时，现场值班负责人是赵某，该洗煤厂的法定代表人是张某。该事故没有报告有关部门。根据《中华人民共和国刑法》及《关于办理危害生产安全刑事案件适用法律若干问题的解释》，关于不报、谎报事故罪犯罪主体的说法，正确的是（    ）。,A.郭某在事故现场，负有事故报告义务，属于不报、谎报事故罪的犯罪主体|B.张某负有事故报告职责，属于不报、谎报事故罪的犯罪主体|C.赵某是现场值班负责人，但不属于不报、谎报事故罪的犯罪主体|D.洗煤厂外部人员不可能成为本次事故不报、谎报事故罪的犯罪主体,B,本题主要考查的是不报、谎报事故罪犯罪主体。做题思路：先理解掌握不报、谎报事故罪犯罪主体的对象，后进行区分记忆。 根据《关于办理危害生产安全刑事案件适用法律若干问题的解释》，第二条：刑法第一百三十四条第二款规定的犯罪主体，包括对生产、作业负有组织、指挥或者管理职责的负责人、管理人员、实际控制人、投资人等人员。《中华人民共和国刑法》于2020年进行过修订，原《中华人民共和国刑法》一百三十四条已变更为一百三十九条。《中华人民共和国刑法》第一百三十九条之一【不报、谎报安全事故罪】在安全事故发生后，负有报告职责的人员不报或者谎报事故情况，贻误事故抢救，情节严重的，处三年以下有期徒刑或者拘役；情节特别严重的，处三年以上七年以下有期徒刑。故选B。
单选题,[2025年][河南中安]某危险化学品公司拟申请核销重大危险源。根据《危险化学品重大危险源监督管理暂行规定》，关于该公司重大危险源申请核销的说法，错误的是（    ）。,A.经安全评价不再构成重大危险源的，方可申请核销|B.危险化学品单位应当向所在地县级人民政府应急管理部门申请核销|C.县级人民政府应急管理部门应当将一级重大危险源核销材料报送上一级部门|D.应急管理部门应自收到核销材料之日起45日内进行审查,D,本题主要考查的是重大危险源申请核销。做题思路：先理解掌握重大危险源申请核销的主管层级和部门，后进行着重记忆。 AB正确，第二十七条：重大危险源经过安全评价或者安全评估不再构成重大危险源的，危险化学品单位应当向所在地县级人民政府安全生产监督管理部门申请核销；C正确，第二十九条：县级人民政府安全生产监督管理部门应当每季度将辖区内一级、二级重大危险源的核销材料报送至设区的市级人民政府安全生产监督管理部门。设区的市级人民政府安全生产监督管理部门应当每半年将辖区内一级重大危险源的核销材料报送至省级人民政府安全生产监督管理部门；D错误，错在“45日”。二十八条：县级人民政府安全生产监督管理部门应当自收到申请核销的文件、资料之日起30日内进行审查，符合条件的，予以核销并出具证明文书；不符合条件的，说明理由并书面告知申请单位。必要时，县级人民政府安全生产监督管理部门应当聘请有关专家进行现场核查。故选D。
单选题,[2025年][河南中安]有限空间是指封闭或者部分封闭，与外界相对隔离，出入口较为狭窄，作业人员不能长时间在内工作，自然通风不良，易造成有毒有害、易燃易爆物质积聚或者氧含量不足的空间，根据《工贸企业有限空间作业安全规定》，关于有限空间作业安全保障的说法，正确的是（    ）。,A.发现有限空间内氧含量浓度低于国家标准规定的限值时，工贸企业必须立即停止有限空间作业，撤出作业人员|B.工贸企业实施有限空间作业前，应当制定有限空间作业方案，并报当地应急管理部门|C.在有限空间作业过程中，工贸企业应当采取通风措施，保持空气流通，必要时应采用纯氧通风换气|D.有限空间作业中断超过15分钟，作业人员再次进入有限空间作业前，应当重新通风，检测合格后方可进入,A,本题主要考查的是限空间作业，属于高频考点。做题思路：先理解掌握限空间作业的内容和工作流程，后进行着重记忆。 B错误，错在“报当地应急管理部门”。根据《工贸企业有限空间作业安全管理与监督暂行规定》，工贸企业实施有限空间作业前，应当对作业环境进行评估，分析存在的危险有害因素，提出消除、控制危害的措施，制定有限空间作业方案，并经本企业安全生产管理人员审核，负责人批准；C错误，错在“纯氧”。在有限空间作业过程中，工贸企业应当采取通风措施，保持空气流通，禁止采用纯氧通风换气；D错误，错在“15分钟”。作业中断超过30分钟，作业人员再次进入有限空间作业前，应当重新通风、检测合格后方可进入。故选A。
单选题,[2025年][河南中安]根据《特种设备安全监察条例》，关于特种设备检验检测人员进行特种设备检验检测活动的说法，正确的是（    ）。,A.特种设备检验检测机构发现严重事故隐患的，应当及时告知使用单位|B.从事特种设备检验检测的人员应当经单位培训考核合格后执业|C.从事特种设备检验检测的人员最多可在两个检验检测机构执业|D.特种设备检验检测机构负责人对检验检测结果、鉴定结论负责,A,本题主要考查的是特种设备检验检测人员职责，属于高频考点。做题思路：先理解掌握特种设备检验检测人员的职责，后进行着重记忆。 B错误，错在“经单位培训考核合格后执业”。根据《特种设备安全监察条例》，第四十四条：从事本条例规定的监督检验、定期检验、型式试验和无损检测的特种设备检验检测人员应当经国务院特种设备安全监督管理部门组织考核合格，取得检验检测人员证书，方可从事检验检测工作；C错误，错在“可在两个检验检测机构执业”。检验检测人员从事检验检测工作，必须在特种设备检验检测机构执业，但不得同时在两个以上检验检测机构中执业；D错误，错在只写了“检验检测机构负责人”。第四十六条：特种设备检验检测机构和检验检测人员对检验检测结果、鉴定结论负责。故选A。
单选题,[2025年][河南中安]小王和小李是某机械厂机修车间的两名焊工，从事压力焊作业。因工作需要，两人被调至该厂的其他岗位，小王做了4个月的质量管理工作，小李做了9个月的安全管理工作。小王和小李重回机修车间从事压力焊工作，两人的特种作业操作证书都在有效期内。根据《特种作业人员安全技术培训考核管理规定》，关于小王和小李重新从事压力焊作业的说法，正确的是（    ）。,A.小王和小李的特种作业操作证书都在有效期内，两人都可以直接上岗|B.小王和小李都应当参加特种作业实际操作考试，经确认合格后方可上岗|C.小王可以直接上岗，小李应当参加特种作业实际操作考试，经确认合格后方上岗|D.小王和小李应当参加特种作业安全技术理论和实际操作考试，经确认合格后方可上岗,C,本题考查的是特种作业人员离岗后重新回岗的相关规定，属于高频考点。做题思路：先理解掌握初次上岗和重新上岗的培训考核内容，后进行区分记忆。 根据《特种作业人员安全技术培训考核管理规定》，第三十二条：离开特种作业岗位6个月以上的特种作业人员，应当重新进行实际操作考试，经确认合格后方可上岗作业。小王离岗4个月，小李离岗9个月，所以小王不需要参加特种作业实际操作考试，但小李需要参加。故选C
单选题,[2025年][河南中安]甲单位投资建设高层住宅，通过公开招标确定乙公司为总承包单位，乙公司将基坑开挖分包给丙公司，丙公司李工长带领10名工人在9米深基坑进行清理作业。由于护坡混凝土刚喷锚完成，未达到养护强度，大型载重汽车在基坑边沿通道上通行时可能导致边坡坍塌。根据《安全生产法》，关于李工长采取安全措施的做法，正确的是（    ）。,A.安排专人观察情况，其余人员继续施工，发现危险立即撤离|B.自己去找乙公司现场安全员沟通，建议停止大型运土车通过基坑边道行驶|C.安排所有坑底施工人员暂时停止作业，撤离现场并马上报告丙公司现场经理|D.要求工地所有人员立即撤离现场，停止工地施工作业,C,本题主要考查的是在建工程应急处置措施。做题思路：先理解掌握在建工程各管理人员的职责，后进行排除选择。 根据《安全生产法》，第五十九条：从业人员发现事故隐患或者其他不安全因素，应当立即向现场安全生产管理人员或者本单位负责人报告；接到报告的人员应当及时予以处理。本题中的李工长和10名工人均为乙公司的从业人员，在发现存在事故隐患或不安全因素，应立即报告相关的负责人。故选C。
单选题,[2025年][河南中安]根据《建设工程消防设计审查验收管理暂行规定》，关于建设工程消防设计审查验收管理的说法，正确的是（    ）。,A.建设单位依法对建设工程消防设计，施工质量负主体责任|B.国家实行建设工程消防设计审查制度|C.建设工程消防设计审查抽查比例由设区的市级人民政府住房和城乡建设主管部门确定|D.实行施工图设计文件联合审查的，建设工程消防设计的技术审查应并入联合审查,D,本题主要考查的是建设工程消防设计审查验收，属于高频考点。做题思路：先理解掌握建设工程消防设计审查验收的主体和各部门的职责，后进行区分记忆。 A错误，错在“主体责任”。根据《建设工程消防设计审查验收管理暂行规定》，第八条：建设单位依法对建设工程消防设计、施工质量负首要责任。设计、施工、工程监理、技术服务等单位依法对建设工程消防设计、施工质量负主体责任；B错误，错在“没说特殊”。第十五条：对特殊建设工程实行消防设计审查制度；C错误，错在“市级”。第三十六条：消防设计审查验收主管部门应当对备案的其他建设工程进行抽查。抽查工作推行“双随机、一公开”制度，随机抽取检查对象，随机选派检查人员。抽取比例由省、自治区、直辖市人民政府住房和城乡建设主管部门，结合辖区内消防设计、施工质量情况确定，并向社会公示。故选D。
单选题,[2025年][河南中安]甲投资设立一家个人独资企业，聘请乙为总经理，2021年9月5日，该企业在生产过程中发生一起爆炸事故，造成2人死亡，1人重伤，直接经济损失1000万元。调查发现，企业近年效益不佳，安全投入不足，紧急停车系统发生故障已带病运行超过1年。根据《安全生产法》，关于安全投入责任及事故处罚的做法，正确的是（    ）。,A.对乙处上一年年收入30%的罚款，对该企业处50万元的罚款|B.对甲处上一年年收入40%的罚款，对该企业处100万元的罚款|C.对甲处2万元以上20万元以下的罚款，对该企业处100万元的罚款|D.对乙处上一年年收入30%的罚款，对该企业处100万元的罚款,C,本题主要考查的是安全投入责任及事故处罚。做题思路：先理解掌握主要负责人和管理人员的区分，后通过事故级别进行选择。 根据《安全生产法》，第九十三条：生产经营单位的决策机构、主要负责人或者个人经营的投资人不依照本法规定保证安全生产所必需的资金投入，致使生产经营单位不具备安全生产条件的，责令限期改正，提供必需的资金；逾期未改正的，责令生产经营单位停产停业整顿。有前款违法行为，导致发生生产安全事故的，对生产经营单位的主要负责人给予撤职处分，对个人经营的投资人处二万元以上二十万元以下的罚款；构成犯罪的，依照刑法有关规定追究刑事责任。第九十五条：生产经营单位的主要负责人未履行本法规定的安全生产管理职责，导致发生生产安全事故的，由应急管理部门依照下列规定处以罚款：（一）发生一般事故的，处上一年年收入百分之四十的罚款；（二）发生较大事故的，处上一年年收入百分之六十的罚款；（三）发生重大事故的，处上一年年收入百分之八十的罚款；（四）发生特别重大事故的，处上一年年收入百分之一百的罚款。第一百一十四条：发生生产安全事故，对负有责任的生产经营单位除要求其依法承担相应的赔偿等责任外，由应急管理部门依照下列规定处以罚款：（一）发生一般事故的，处三十万元以上一百万元以下的罚款；（二）发生较大事故的，处一百万元以上二百万元以下的罚款；（三）发生重大事故的，处二百万元以上一千万元以下的罚款；（四）发生特别重大事故的，处一千万元以上二千万元以下的罚款。本题直接经济损失1000万元，所以该起事故为较大事故，所以应对甲处以二万元以上二十万元以下的罚款，对乙处上一年年收入百分之六十的罚款，对企业处以一百万元以上二百万元以下的罚款。故选C。
单选题,[2025年][河南中安]具有中国特色的安全生产法律体系正在不断发展和完善，各层级的法律规范相互依存、相互联系、辩证统一，不同层级的法律法规效力不同。关于我国安全生产法律法规效力的说法正确的是（    ）。,A.《安全生产法》的效力高于《中华人民共和国职业病防治法》|B.《安全生产许可证条例》的效力高于《煤矿安全监察条例》|C.《女职工劳动保护特别规定》与根据《生产安全事故应急条例》，效力相同|D.《北京市安全生产条例》的效力高于《沈阳市安全生产条例》,C,本题主要考查的是法的效力层级，法律＞行政法规＞地方性法规＞地方政府规章，属于高频考点。做题思路：需重点掌握法律法规的命名规则，通过法律法规的名称判定其所属的类别，以及掌握法的效力层级。 A错误，错在“高于”。《安全生产法》和《中华人民共和国职业病防治法》都属于法律，具有同等效力；B错误，错在“高于”。《安全生产许可证条例》和《煤矿安全检查条例》均属于行政法规，具有同等效力；D错误，错在“高于”。《北京市安全生产条例》和《沈阳市安全生产条例》均属于地方性法规，两者具有同等效力。故选C。
单选题,[2025年][河南中安]根据《安全生产法》，关于安全生产条件的说法，正确的是（    ）。,A.个体工商户从事生产经营活动应具备安全生产条件|B.事业单位不适用根据《安全生产法》，关于安全生产条件的规定|C.各类生产经营单位应具备相同的安全生产条件|D.生产经营单位应具备有关安全生产的法律、法规、规章和标准规定的条件,A,本题主要考查的是安全生产条件。 D错误，错在“没说行业标准规定”。根据《安全生产法》，第二十条：生产经营单位应当具备本法和有关法律、行政法规和国家标准或者行业标准规定的安全生产条件；不具备安全生产条件的，不得从事生产经营活动。生产经营单位：指从事生产经营活动的基本单元，即一切从事生产经营活动的企业、事业单位、个体经济组织和其他组织，既包括企业法人，也包括不具有企业法人资格的单位、事业单位、个人合伙组织、个体工商户、社会团体等生产经营主体；A正确，B错误，错在“事业单位不适用”。个体工商户、事业单位都属于生产经营单位；C错误，错在“相同的”；C不同场所的安全生产条件不同。故选A。
单选题,[2025年][河南中安]某县应急管理局对某企业进行安全生产监督检查时发现正在作业的起重机属于国家明令淘汰产品，存在重大事故隐患，于是作出责令该企业立即停止使用决定。该企业以疫情期间设备更换困难、可以通过加强监控避免事故为由拒不执行，县应急管理局决定通知供电公司停止电力供应。根据《安全生产法》，县应急管理局采取该强制措施应提前（    ）小时以书面形式通知该企业。,A.24|B.12|C.36|D.48,A,本题主要考查的是强制措施应提前通知，属于高频考点。 根据《安全生产法》，负有安全生产监督管理职责的部门依法对存在重大事故隐患的生产经营单位作出停产停业、停止施工、停止使用相关设施或者设备的决定，生产经营单位应当依法执行，及时消除事故隐患。生产经营单位拒不执行，有发生生产安全事故的现实危险的，在保证安全的前提下，经本部门主要负责人批准，负有安全生产监督管理职责的部门可以采取通知有关单位停止供电、停止供应民用爆炸物品等措施，强制生产经营单位履行决定。通知应当采用书面形式，有关单位应当予以配合。负有安全生产监督管理职责的部门依照前款规定采取停止供电措施，除有危及生产安全的紧急情形外，应当提前二十四小时通知生产经营单位。生产经营单位依法履行行政决定、采取相应措施消除事故隐患的，负有安全生产监督管理职责的部门应当及时解除前款规定的措施。故选A。
单选题,[2025年][河南中安]甲公司从事危险化学品生产，乙公司从事燃煤发电，丙公司从事煤矿开采，丁公司从事机械设备制造，根据《建设项目安全设施“三同时”监督管理办法》，关于该四家公司扩建项目安全设施“三同时”的说法，正确的是（    ）。,A.甲、乙、丙公司可以自行组织扩建项目安全设施的竣工验收，形成书面报告备查|B.甲、乙、丙、丁公司均应委托安全评价机构对其扩建项目进行安全预评价，并编制安全预评价报告|C.甲、乙、丙公司的扩建项目安全设施设计完成后，应向应急管理部门提出审查申请|D.甲、乙、丙，丁公司均应委托安全评价机构对其扩建项目安全设施进行验收评价，并编制建设项目安全验收评价报告,A,本题主要考查的是安全设施“三同时”。属于高频考点。做题思路：先理解掌握竣工验收的主体和验收文档编辑的内容，后进行着重记忆。 A正确。根据《建设项目安全设施“三同时”监督管理办法》，建设项目竣工投入生产或者使用前，生产经营单位应当组织对安全设施进行竣工验收，并形成书面报告备查。安全设施竣工验收合格后，方可投入生产和使用；B错误，错在“均应委托”。第七条：下列建设项目在进行可行性研究时，生产经营单位应当按照国家规定，进行安全预评价：（一）非煤矿矿山建设项目；（二）生产、储存危险化学品（包括使用长输管道输送危险化学品，下同）的建设项目；（三）生产、储存烟花爆竹的建设项目；（四）金属冶炼建设项目；（五）使用危险化学品从事生产并且使用量达到规定数量的化工建设项目（属于危险化学品生产的除外，以下简称化工建设项目）；（六）法律、行政法规和国务院规定的其他建设项目；C错误，错在“乙公司”。非煤矿山建设项目，生产、储存危险化学品（包括使用长输管道输送危险化学品，下同）的建设项目，生产、储存烟花爆竹的建设项目，金属冶炼建设项目的安全设施设计完成后，生产经营单位应当按照本办法第五条的规定向安全生产监督管理部门提出审查申请，并提交文件资料。而乙公司不需要审查；D错误，错在“均应委托”。第二十二条：本办法第七条规定的建设项目安全设施竣工或者试运行完成后，生产经营单位应当委托具有相应资质的安全评价机构对安全设施进行验收评价，并编制建设项目安全验收评价报告。建设项目安全验收评价报告应当符合国家标准或者行业标准的规定。生产、储存危险化学品的建设项目和化工建设项目安全验收评价报告除符合本条第二款的规定外，还应当符合有关危险化学品建设项目的规定。故选A。
单选题,[2025年][河南中安]《中共中央国务院关于推进安全生产领域改革发展的意见》提出加快落实安全生产责任制。根据该意见，关于安全生产责任制的说法，正确的是（    ）。,A.地方党委和政府的安全生产领导责任是全员安全生产责任制的应有之义|B.党政同责，一岗双责适用于地方各级党政领导，也适用于国有企业党政领导|C.地方各级党委和政府应做到安全责任、管理、投入、培训和应急救援“五到位”|D.企业应建立向应急管理部门和职代会报告重大事故隐患治理情况的“双报告”制度,B,本题主要考查的是安全生产责任制。做题思路：熟悉了解国家政策，后进行记忆。 A错误，错在“地方党委和政府的安全生产领导责任”。根据《中共中央国务院关于推进安全生产领域改革发展的意见》，企业实行全员安全生产责任制度，法定代表人和实际控制人同为安全生产第一责任人，主要技术负责人负有安全生产技术决策和指挥权，强化部门安全生产职责，落实一岗双责；B正确。坚持党政同责、一岗双责、齐抓共管、失职追责，完善安全生产责任体系是明确地方党委和政府领导责任；C错误，错在“地方各级党委和政府应做到”。企业应建立企业全过程安全生产和职业健康管理制度，做到安全责任、管理、投入、培训和应急救援“五到位”；D错误，错在“应急管理部门”。企业应建立健全隐患排查治理制度、重大隐患治理情况向负有安全生产监督管理职责的部门和企业职代会“双报告”制度，实行自查自改自报闭环管理。故选B。
单选题,[2025年][河南中安]甲、乙、丙、丁四个乡隶属于某县。根据《安全生产法》，关于四个乡人民政府履行安全生产管理职责的做法，正确的是（    ）。,A.甲乡人民政府协助县应急管理部门开展安全生产监督检查，对轻微违法行为进行处罚|B.乙乡人民政府协助县应急管理部门开展生产安全事故应急救援，调查处理轻伤事故|C.丙乡人民政府监督检查辖区内生产经营单位的安全生产情况，发现重大违法行为，根据县人民政府的授权予以处罚|D.丁乡人民政府监督检查辖区内生产经营单位的安全生产情况，督促事故隐患整改工作,D,本题主要考查的是人民政府安全生产管理职责，属于高频考点。做题思路：先理解掌握各层级人民政府应履行的安全生产管理职责，后进行区分记忆。 A错误，错在“进行处罚”；C错误，错在“予以处罚”。根据《安全生产法》，乡镇人民政府没有权利对违法行为进行处罚；B错误，错在“调查处理轻伤事故”。乡镇人民政府没有调查处理权，调查处理事故一般都是由县级以上人民政府调查。第九条：国务院和县级以上地方各级人民政府应当加强对安全生产工作的领导，建立健全安全生产工作协调机制，支持、督促各有关部门依法履行安全生产监督管理职责，及时协调、解决安全生产监督管理中存在的重大问题。乡镇人民政府和街道办事处，以及开发区、工业园区、港区、风景区等应当明确负责安全生产监督管理的有关工作机构及其职责，加强安全生产监管力量建设，按照职责对本行政区域或者管理区域内生产经营单位安全生产状况进行监督检查，协助人民政府有关部门或者按照授权依法履行安全生产监督管理职责。故选D。
单选题,[2025年][河南中安]【改编】根据《工贸企业有限空间作业安全规定》，作业前，应当组织对作业人员进行安全交底，（     ）应当对通风、检测和必要的隔断、清除、置换等风险管控措施逐项进行检查。,A.监护人员|B.作业人员领导|C.应急救援人员|D.主要负责人,A,本题主要考查的是监护人员的职责。 根据《工贸企业有限空间作业安全规定》，第十四条：有限空间作业应当严格遵守“先通风、再检测、后作业”要求。存在爆炸风险的，应当采取消除或者控制措施，相关电气设施设备、照明灯具、应急救援装备等应当符合防爆安全要求。作业前，应当组织对作业人员进行安全交底，监护人员应当对通风、检测和必要的隔断、清除、置换等风险管控措施逐项进行检查，确认防护用品能够正常使用且作业现场配备必要的应急救援装备，确保各项作业条件符合安全要求。有专业救援队伍的工贸企业，应急救援人员应当做好应急救援准备，确保及时有效处置突发情况。故选A。
单选题,[2025年][河南中安]某大型危险化学品生产集团公司成立了由专职救援人员组成的应急救援队伍，集团公司下属子公司建立了兼职专业应急救援队伍。集团公司所在地的市应急管理部门依托该集团公司建立了应急救援队伍。根据《生产安全事故应急条例》，关于应急救援队伍建设的说法，正确的是（    ）。,A.该集团公司设立的应急救援队伍符合法律规定|B.该集团公司各子公司必须建立应急救援队伍|C.市应急管理部门依托集团公司建立应急救援队伍不符合法律规定|D.该集团公司应急救援队伍建设情况无须报送有关部门,A,本题主要考查的是应急救援队伍建设，属于高频考点。做题思路：先理解掌握总公司和子公司对于建立应急救援队伍建设的职责，后进行区分记忆。 B错误，错在“必须建立”。根据《生产安全事故应急条例》，第十条：易燃易爆物品、危险化学品等危险物品的生产、经营、储存、运输单位，矿山、金属冶炼、城市轨道交通运营、建筑施工单位，以及宾馆、商场、娱乐场所、旅游景区等人员密集场所经营单位，应当建立应急救援队伍；其中，小型企业或者微型企业等规模较小的生产经营单位，可以不建立应急救援队伍，但应当指定兼职的应急救援人员，并且可以与邻近的应急救援队伍签订应急救援协议。【若子公司规模小，可以不建立应急救援队伍，但应当指定兼职的应急救援人员】；C错误，错在“不符合法律规定”。第九条：县级以上人民政府负有安全生产监督管理职责的部门根据生产安全事故应急工作的实际需要，在重点行业、领域单独建立或者依托有条件的生产经营单位、社会组织共同建立应急救援队伍；D错误，错在“无须报送有关部门”。第十二条：生产经营单位应当及时将本单位应急救援队伍建立情况按照国家有关规定报送县级以上人民政府负有安全生产监督管理职责的部门，并依法向社会公布。故选A。
单选题,[2025年][河南中安]某建筑施工企业在进行设备安装作业时发生一起设备倾覆事故，造成1人死亡、1人受伤。事故发生后，该企业立即启动生产安全事故应急救援预案。根据《生产安全事故应急条例》，关于该企业采取应急救援措施的做法，错误的是（    ）。,A.迅速控制危险源，组织抢救遇险人员|B.及时通知可能受到事故影响的单位和人员|C.研判事故危害程度，等待专业应急救援队伍救援|D.采取必要措施，防止事故危害扩大,C,本题主要考查的是应急救援措施，属于高频考点。做题思路：先理解掌握政府部门和企业应急救援措施的区别和内容，后进行区分记忆。 根据《生产安全事故应急条例》，第十七条：发生生产安全事故后，生产经营单位应当立即启动生产安全事故应急救援预案，采取下列一项或者多项应急救援措施，并按照国家有关规定报告事故情况：（一）迅速控制危险源，组织抢救遇险人员；（二）根据事故危害程度，组织现场人员撤离或者采取可能的应急措施后撤离；（三）及时通知可能受到事故影响的单位和人员；（四）采取必要措施，防止事故危害扩大和次生、衍生灾害发生；（五）根据需要请求邻近的应急救援队伍参加救援，并向参加救援的应急救援队伍提供相关技术资料、信息和处置方法；（六）维护事故现场秩序，保护事故现场和相关证据；（七）法律、法规规定的其他应急救援措施。故选C。
单选题,[2025年][河南中安]烟花爆竹的生产、经营、运输、储存等单位应当遵守烟花爆竹安全管理的规定。根据《烟花爆竹安全管理条例》，关于烟花爆竹安全管理的说法，正确的是（    ）。,A.中华全国工商业联合会应当加强对会员单位经营烟花爆竹活动的管理|B.国家对烟花爆竹的生产、经营、运输实行安全生产许可证制度|C.烟花爆竹生产、经营、运输企业和焰火晚会以及其他大型焰火燃放活动主办单位的主要负责人对本单位的烟花爆竹安全工作负责|D.应急管理部门应当组织查处非法生产、经营、储存、运输、邮寄烟花爆竹以及非法燃放烟花爆竹的行为,C,本题主要考查的是烟花爆竹安全管理，属于高频考点。做题思路：先理解掌握烟花爆竹许可制度和管理制度的内容，后进行理解记忆。 A错误，错在“中华全国工商业联合会”。根据《烟花爆竹安全管理条例》，中华全国供销合作总社应当加强对本系统企业烟花爆竹经营活动的管理；B错误，错在“没说和举办焰火晚会以及其他大型焰火燃放活动”。第三条：国家对烟花爆竹的生产、经营、运输和举办焰火晚会以及其他大型焰火燃放活动，实行许可证制度；D错误，错在“应急管理部门”。第五条：公安部门、安全生产监督管理部门、质量监督检验部门、工商行政管理部门应当按照职责分工，组织查处非法生产、经营、储存、运输、邮寄烟花爆竹以及非法燃放烟花爆竹的行为。故选C。
单选题,[2025年][河南中安]某房屋中介公司新开业、为提升公司知名度开展宣传、咨询等活动，其中一些活动与道路通行安全有关。根据《道路交通安全法》，关于该公司影响道路通行条件的做法，正确的是（    ）。,A.公司临时使用公共停车场所组织开业活动|B.在公司门前人行道上临时摆放办公桌接待咨询人员|C.在道路隔离带上邻近红绿灯设置发光红色广告牌|D.征得有关主管部门同意后开挖门前道路，设置广告牌,D,本题主要考查的是道路交通安全，属于高频考点。 A错误，错在“公共停车场所组织开业活动”。根据《道路交通安全法》，第三十三条：新建、改建、扩建的公共建筑、商业街区、居住区、大（中）型建筑等，应当配建、增建停车场；停车泊位不足的，应当及时改建或者扩建；投入使用的停车场不得擅自停止使用或者改作他用；B错误，错在“人行道上”。第三十一条：未经许可，任何单位和个人不得占用道路从事非交通活动；C错误，错在“邻近红绿灯设置发光红色广告牌”。第二十八条：任何单位和个人不得擅自设置、移动、占用、损毁交通信号灯、交通标志、交通标线。道路两侧及隔离带上种植的树木或者其他植物，设置的广告牌、管线等，应当与交通设施保持必要的距离，不得遮挡路灯、交通信号灯、交通标志，不得妨碍安全视距，不得影响通行。故选D。
单选题,[2025年][河南中安]新修订的《安全生产法》，对安全生产公益诉讼作出规定。根据《安全生产法》，关于安全生产公益诉讼的说法。错误的是（    ）。,A.安全生产公益诉讼包括安全生产行政公益诉讼和民事公益诉讼|B.因安全生产违法行为导致重大事故的，应当提起安全生产公益诉讼|C.只有人民检察院有权提起安全生产公益诉讼|D.人民检察院决定应否提起安全生产公益诉讼,B,本题主要考查的是公益诉讼。做题思路：先理解掌握公益诉讼的主体和发起诉讼的情况，后进行理解记忆。 B错误，错在“应当”和没说“致使国家利益或者社会公共利益受到侵害的”，根据《安全生产法》，第七十四条：任何单位或者个人对事故隐患或者安全生产违法行为，均有权向负有安全生产监督管理职责的部门报告或者举报。因安全生产违法行为造成重大事故隐患或者导致重大事故，致使国家利益或者社会公共利益受到侵害的，人民检察院可以根据民事诉讼法、行政诉讼法的相关规定提起公益诉讼。故选B。
单选题,[2025年][河南中安]在我国领域内从事安全评价的机构应具备一定的条件并申请相应资质。根据《安全评价检测检验机构管理办法》，下列资产和专业人员条件中，申请安全评价机构资质应当具备的是（    ）。,A.独立法人资格，固定资产不少于1000万元|B.专职安全评价师不少于25人，其中中级及以上注册安全工程师比例不低于30%|C.工作场所建设面积不少于500平方米，其中档案室不少于100平方米|D.专职技术负责人应为二级安全评价师,B,本题主要考查的是安全评价机构资质。根据《安全评价检测检验机构管理办法》，第六条：申请安全评价机构资质应当具备下列条件：（一）独立法人资格，固定资产不少于八百万元；（二）工作场所建筑面积不少于一千平方米，其中档案室不少于一百平方米，设施、设备、软件等技术支撑条件满足工作需求；（三）承担矿山、金属冶炼、危险化学品生产和储存、烟花爆竹等业务范围安全评价的机构，其专职安全评价师不低于本办法规定的配备标准（附件1）；（四）承担单一业务范围的安全评价机构，其专职安全评价师不少于二十五人；每增加一个行业（领域），按照专业配备标准至少增加五名专职安全评价师；专职安全评价师中，一级安全评价师比例不低于百分之二十，一级和二级安全评价师的总数比例不低于百分之五十，且中级及以上注册安全工程师比例不低于百分之三十；（五）健全的内部管理制度和安全评价过程控制体系；（六）法定代表人出具知悉并承担安全评价的法律责任、义务、权利和风险的承诺书；（七）配备专职技术负责人和过程控制负责人；专职技术负责人具有一级安全评价师职业资格，并具有与所开展业务相匹配的高级专业技术职称，在本行业领域工作八年以上；专职过程控制负责人具有安全评价师职业资格；（八）正常运行并可以供公众查询机构信息的网站；（九）截至申请之日三年内无重大违法失信记录；（十）法律、行政法规规定的其他条件。故选B。
单选题,[2025年][河南中安]【改编】对突发的重大山体崩塌事件，应当按照有关规定统一、准确、及时发布有关突发事件事态发展和应急处置工作的信息。根据《突发事件应对法》，负责向社会公众公开发布信息的单位是突发事件发生地的（    ）。,A.应急管理部门|B.人民政府|C.公安机关|D.自然资源部门,B,本题主要考查的是突发事件应对的方法，属于高频考点。做题思路：先理解掌握各级政府及部门的职责，后进行记忆。 根据《突发事件应对法》，第六十六条：发布三级、四级警报，宣布进入预警期后，县级以上地方各级人民政府应当根据即将发生的突发事件的特点和可能造成的危害，采取下列措施：（一）启动应急预案；（二）责令有关部门、专业机构、监测网点和负有特定职责的人员及时收集、报告有关信息，向社会公布反映突发事件信息的渠道，加强对突发事件发生、发展情况的监测、预报和预警工作；（三）组织有关部门和机构、专业技术人员、有关专家学者，随时对突发事件信息进行分析评估，预测发生突发事件可能性的大小、影响范围和强度以及可能发生的突发事件的级别；（四）定时向社会发布与公众有关的突发事件预测信息和分析评估结果，并对相关信息的报道工作进行管理；（五）及时按照有关规定向社会发布可能受到突发事件危害的警告，宣传避免、减轻危害的常识，公布咨询电话。故选B。
单选题,[2025年][河南中安]【改编】近日，负有煤矿安全生产监督管理职责的部门对甲煤矿企业进行监督检查中发现，该企业未依法取得安全生产许可证就擅自进行了生产，据此要求予以关闭。根据《煤矿安全生产条例》，关于煤矿企业的关闭说法，正确的是（    ）。,A.应当提请省级人民政府予以关闭|B.3个月内2次或者2次以上发现有重大事故隐患仍然进行生产的应当关闭|C.经地方人民政府组织的专家论证在现有技术条件下难以有效防治重大隐患的|D.煤矿企业有关人员有瞒报、谎报事故等行为应当关闭,B,本题主要考查的是煤矿企业关闭的情况，属于高频考点。 A错误，错在“省级”，C错误，错在“重大隐患”。根据《煤矿安全生产条例》第七十条：煤矿企业存在下列情形之一的，应当提请县级以上地方人民政府予以关闭：（一）未依法取得安全生产许可证等擅自进行生产的；（二）3个月内2次或者2次以上发现有重大事故隐患仍然进行生产的；（三）经地方人民政府组织的专家论证在现有技术条件下难以有效防治重大灾害的；（四）有《中华人民共和国安全生产法》规定的应当提请关闭的其他情形；D错误，未提及该内容。故选B。
单选题,[2025年][河南中安]某公司招用未满17周岁的周某。根据《劳动法》及相关规定，关于该公司对周某工作安排和健康检查的做法，正确的是（    ）。,A.安排周某从事国家规定的第三级体力劳动强度的劳动|B.根据劳动合同约定安排周某从事接触有毒物质的劳动|C.在生产任务紧急时安排周某到矿山井下加班|D.根据工作安排对周某不定期进行健康检查,A,本题主要考查的是不同人群的劳动强度，属于高频考点。做题思路：先理解掌握特殊人群的分类和禁忌作业，后进行区分记忆。B错误，错在“从事接触有毒物质的劳动”；C错误，错在“矿山井下”。根据《劳动法》，第六十四条：不得安排未成年工从事矿山井下、有毒有害、国家规定的第四级体力劳动强度的劳动和其他禁忌从事的劳动；D错误，错在“不定期”。第六十五条：用人单位应当对未成年工定期进行健康检查。故选A。
单选题,[2025年][河南中安]为保护人民群众生命财产安全，依法打击严重安全生产违法行为，根据《中华人民共和国刑法修正案（十一）》新增危险作业罪。下列行为中，涉嫌构成危险作业罪的是（    ）。,A.丁企业员工李某破坏本企业防爆报警装置，具有发生重大伤亡事故的现实危险|B.甲煤矿企业为逃避监管，矿长指示员工销毁超产能信息|C.丙企业存在重大事故隐患被责令停产停业，主要负责人拒不执行|D.丙企业未取得危险化学品安全生产许可证，安排职工进行危险化学品生产,A,本题主要考查的是刑法危险作业罪，属于高频考点。做题思路：先理解掌握危险作业罪的内容和犯罪主体，后进行区分记忆。危险作业罪：根据《中华人民共和国刑法修正案（十一）》四、在刑法第一百三十四条后增加一条，作为第一百三十四条之一：在生产、作业中违反有关安全管理的规定，有下列情形之一，具有发生重大伤亡事故或者其他严重后果的现实危险的，处一年以下有期徒刑、拘役或者管制：（一）关闭、破坏直接关系生产安全的监控、报警、防护、救生设备、设施，或者篡改、隐瞒、销毁其相关数据、信息的；（二）因存在重大事故隐患被依法责令停产停业、停止施工、停止使用有关设备、设施、场所或者立即采取排除危险的整改措施，而拒不执行的；（三）涉及安全生产的事项未经依法批准或者许可，擅自从事矿山开采、金属冶炼、建筑施工，以及危险物品生产、经营、储存等高度危险的生产作业活动的。故选A。
单选题,[2025年][河南中安]甲省乙市丙县发生四起事故：第一起是天然气管道爆炸事故，造成35人死亡；第二起是建筑施工过程中脚手架倒塌事故，造成10人重伤；第三起是煤矿瓦斯爆炸事故，造成2人死亡；第四起是在开采石材过程中造成风力发电设备损坏事故，直接经济损失达500多万元。根据《生产安全事故报告和调查处理条例》，关于组织事故调查组的说法，正确的是（    ）。,A.第一起事故由甲省人民政府组织事故调查组进行调查|B.第二起事故由丙县人民政府组织事故调查组进行调查|C.第三起事故由乙市人民政府组织事故调查组进行调查|D.第四起事故由丙县人民政府组织事故调查组进行调查,D,本题主要考查的是事故调查，属于高频考点。做题思路：先理解掌握事故等级和负责调查的主体，后进行区分记忆。ABC错误，根据《生产安全事故报告和调查处理条例》第三条：第一起是天然气管道爆炸事故，造成35人死亡为特别重大事故；第二起是建筑施工过程中脚手架倒塌事故，造成10人重伤为较大事故；第三起是煤矿瓦斯爆炸事故，造成2人死亡为一般事故；第四起是在开采石材过程中造成风力发电设备损坏事故，直接经济损失达500多万元为一般事故。《生产安全事故报告和调查处理条例》第十九条：特别重大事故由国务院或者国务院授权有关部门组织事故调查组进行调查。重大事故、较大事故、一般事故分别由事故发生地省级人民政府、设区的市级人民政府、县级人民政府负责调查。省级人民政府、设区的市级人民政府、县级人民政府可以直接组织事故调查组进行调查，也可以授权或者委托有关部门组织事故调查组进行调查。未造成人员伤亡的一般事故，县级人民政府也可以委托事故发生单位组织事故调查组进行调查。故选D。
单选题,[2025年][河南中安]【改编】依据《煤矿安全生产条例》，被责令停产整顿的煤矿企业经验收合格恢复生产的，县级以上地方人民政府负有煤矿安全生产监督管理职责的部门应当自企业恢复生产之日起（    ）工作日内向社会公告。,A.5|B.10|C.15|D.20,A,本题主要考查的是恢复生产的时间。 根据《煤矿安全生产条例》，第四十九条：县级以上地方人民政府负有煤矿安全生产监督管理职责的部门对被责令停产整顿或者关闭的煤矿企业，应当在5个工作日内向社会公告；对被责令停产整顿的煤矿企业经验收合格恢复生产的，应当自恢复生产之日起5个工作日内向社会公告。故选A。
单选题,[2025年][河南中安]2020年3月底，甲企业复工复产，并按照政府新冠肺炎防疫要求对返岗员工进行14天的集中隔离观察。由于现有宿舍不能满足要求，企业决定将危险化学品库存量较少的某一层库房腾出作为临时集中观察宿舍，某区应急管理局在复工复产检查时发现此问题。根据《安全生产法》，关于区应急管理局采取执法措施的做法，正确的是（    ）。,A.责令企业立即将集中观察宿舍搬离|B.要求企业加强管理保证人员安全|C.责令企业停产停业整顿|D.移交司法机关追究刑事责任,A,本题主要考查的是应急管理局执法措施，属于高频考点。做题思路：先理解掌握在复工复产检查时出现问题的正确处理内容，后进行记忆。根据《安全生产法》，第四十二条：生产、经营、储存、使用危险物品的车间、商店、仓库不得与员工宿舍在同一座建筑物内，并应当与员工宿舍保持安全距离。生产经营场所和员工宿舍应当设有符合紧急疏散要求、标志明显、保持畅通的出口、疏散通道。禁止占用、锁闭、封堵生产经营场所或者员工宿舍的出口、疏散通道。所以应当立即将观察宿舍搬离。故选A。
单选题,[2025年][河南中安]为加强安全生产领域专业化人员管理，国家将注册安全工程师列入准入类专业技术人员职业资格并对其执业范围进行规定。根据《注册安全工程师管理规定》应当有注册安全工程师参与并签署意见的安全生产工作是（    ）。,A.调查处理生产安全事故|B.制定职工技能培训计划|C.组织实施应急救援预案|D.制定事故隐患整改方案,D,本题主要考查的是注册安全工程师管理。做题思路：先理解掌握注册安全工程师的职责，后进行记忆。根据《注册安全工程师管理规定》，第十九条：生产经营单位的下列安全生产工作，应有注册安全工程师参与并签署意见：（一）制定安全生产规章制度、安全技术操作规程和作业规程；（二）排查事故隐患，制定整改方案和安全措施；（三）制定从业人员安全培训计划；（四）选用和发放劳动防护用品；（五）生产安全事故调查；（六）制定重大危险源检测、评估、监控措施和应急救援预案；（七）其他安全生产工作事项。故选D。
单选题,[2025年][河南中安]某化工企业机械操作工张某在作业过程中，发现供电线路绝缘破损，铜丝裸露。根据《安全生产法》，关于张某安全生产权利、义务和责任的说法，正确的是（    ）。,A.张某有权立即撤离现场|B.张某应当排除事故隐患|C.张某未及时报告事故隐患，应当给予其罚款处罚|D.张某对事故隐患应当立即向有关负责人报告,D,本题主要考查的是安全生产权利、义务，属于高频考点。做题思路：先理解掌握从业人员和管理人员的安全生产权利、义务，后进行区分记忆。A错误，错在“立即撤离”。根据《安全生产法》，第五十五条：从业人员发现直接危及人身安全的紧急情况时，有权停止作业或者在采取可能的应急措施后撤离作业场所；B错误，错在“排除事故隐患”。第五十九条：从业人员发现事故隐患或者其他不安全因素，应当立即向现场安全生产管理人员或者本单位负责人报告；接到报告的人员应当及时予以处理；C错误，错在“罚款处罚”。张某未及时报告事故隐患，《安全生产法》并没有规定必须对其罚款。故选D。
单选题,[2025年][河南中安]某建设工程由甲公司作为施工总承包单位，乙、丙、丁公司为分包单位，根据《建设工程安全生产管理条例》，关于事故应急救援和调查处理的说法，正确的是（    ）。,A.甲、乙、丙、丁公司应分别制定生产安全事故应急救援预案，各自建立应急救援组织或者配备应急救援人员，配备救援器材、设备，并定期各自组织演练|B.该建设工程发生生产安全事故，应由甲公司组织乙、丙、丁公司共同向应急管理部门、建设行政主管部门或者其他有关部门报告|C.该建设工程发生生产安全事故，应当由乙、丙、丁公司各自向应急管理部门、建设行政主管部门或者其他有关部门报告|D.甲公司应当统一组织编制建设工程生产安全事故应急救援预案，甲公司和乙、丙、丁公司按照应急救援预案，各自建立应急救援组织或者配备应急救援人员，配备救援器材、设备并定期组织演练,D,本题主要考查的是事故应急救援，属于高频考点。做题思路：先理解掌握各生产经营单位的事故应急救援职责，后进行区分记忆。A错误，错在“分别制定”。根据《建设工程安全生产管理条例》，第四十九条：施工单位应当根据建设工程施工的特点、范围，对施工现场易发生重大事故的部位、环节进行监控，制定施工现场生产安全事故应急救援预案。实行施工总承包的，由总承包单位统一组织编制建设工程生产安全事故应急救援预案，工程总承包单位和分包单位按照应急救援预案，各自建立应急救援组织或者配备应急救援人员，配备救援器材、设备，并定期组织演练；B错误，错在“组织乙、丙、丁公司共同报告”；C错误，错在“由乙、丙、丁公司各自报告”。第五十条：施工单位发生生产安全事故，应当按照国家有关伤亡事故报告和调查处理的规定，及时、如实地向负责安全生产监督管理的部门、建设行政主管部门或者其他有关部门报告；特种设备发生事故的，还应当同时向特种设备安全监督管理部门报告。接到报告的部门应当按照国家有关规定，如实上报。实行施工总承包的建设工程，由总承包单位负责上报事故。故选D。
单选题,[2025年][河南中安]甲市乙县某石料公司风钻工刘某感觉身体不适，去某医院检查显示肺部有阴影，被诊断为职业病矽肺Ⅰ期。因石料公司不愿支付刘某的医疗费，双方发生纠纷，刘某申请劳动能力鉴定。根据《工伤保险条例》，关于劳动能力鉴定的说法，正确的是（    ）。,A.刘某罹患职业病，无需对其进行劳动能力鉴定|B.甲市劳动能力鉴定委员会应对刘某劳动功能障碍程度进行等级鉴定|C.对刘某进行劳动能力鉴定的专家组由3至5名医疗卫生专家组成|D.劳动能力鉴定专家组成员由乙县劳动能力鉴定委员会随机抽取,B,本题主要考查的是工伤保险，属于高频考点。做题思路：先理解掌握劳动能力鉴定的主体和专家的组成，后进行区分记忆。A错误，错在“无需鉴定”。根据《工伤保险条例》，第二十一条：职工发生工伤，经治疗伤情相对稳定后存在残疾、影响劳动能力的，应当进行劳动能力鉴定；C错误，错在“3至5名”；D错误，错在“乙县”。第二十五条：设区的市级劳动能力鉴定委员会收到劳动能力鉴定申请后，应当从其建立的医疗卫生专家库中随机抽取3名或者5名相关专家组成专家组。故选B。
单选题,[2025年][河南中安]为保障生产安全事故应急预案的质量，生产经营单位应当组织对本单位编制的生产安全事故应急预案进行评审或者论证，根据《生产安全事故应急预案管理办法》，下列生产经营单位中应当对其编制的应急预案进行论证的是（    ）。,A.某市政工程施工队|B.某特种钢铁冶炼公司|C.某烟花爆竹批发企业|D.某中型规模烟草企业,A,本题主要考查的是应急预案论证，属于高频考点。做题思路：先理解掌握需要论证和评审的生产经营单位，后进行区分记忆。根据《生产安全事故应急预案管理办法》，第二十一条：矿山、金属冶炼企业和易燃易爆物品、危险化学品的生产、经营（带储存设施的，下同）、储存、运输企业，以及使用危险化学品达到国家规定数量的化工企业、烟花爆竹生产、批发经营企业和中型规模以上的其他生产经营单位，应当对本单位编制的应急预案进行评审，并形成书面评审纪要。前款规定以外的其他生产经营单位可以根据自身需要，对本单位编制的应急预案进行论证。故选A。
单选题,[2025年][河南中安]某大型电商集团举行十周年庆典，准备在庆典晚会上进行大型焰火燃放活动。根据《烟花爆竹安全管理条例》，关于公司焰火燃放安全的说法，正确的是（    ）。,A.不得在文化活动广场、体育场所进行庆典晚会焰火燃放|B.应当按照分级管理的规定取得焰火燃放许可后方可燃烧|C.应当按照分级管理的规定报有关人民政府应急管理部门批准|D.焰火燃烧作业人员应当按照经备案的燃放方案进行燃放作业,B,本题主要考查的是焰火燃放，属于高频考点。做题思路：先理解掌握焰火燃放的地点和主管部门，后进行区分记忆。 A错误，错在“不得在”。根据《烟花爆竹安全管理条例》，第三十条：禁止在下列地点燃放烟花爆竹:(一)文物保护单位;(二)车站、码头、飞机场等交通枢纽以及铁路线路安全保护区内;(三)易燃易爆物品生产、储存单位;(四)输变电设施安全保护区内;(五)医疗机构、幼儿园、中小学校、敬老院;(六)山林、草原等重点防火区;(七)县级以上地方人民政府规定的禁止燃放烟花爆竹的其他地点；B正确，C错误，错在“急管理部门批准”。第三十三条：申请举办焰火晚会以及其他大型焰火燃放活动，主办单位应当按照分级管理的规定，向有关人民政府公安部门提出申请，并提交下列有关材料：（一）举办焰火晚会以及其他大型焰火燃放活动的时间、地点、环境、活动性质、规模；（二）燃放烟花爆竹的种类、规格、数量；（三）燃放作业方案；（四）燃放作业单位、作业人员符合行业标准规定条件的证明。受理申请的公安部门应当自受理申请之日起20日内对提交的有关材料进行审查，对符合条件的，核发《焰火燃放许可证》；对不符合条件的，应当说明理由；D错误，错在“备案”。第三十四条：焰火晚会以及其他大型焰火燃放活动燃放作业单位和作业人员，应当按照焰火燃放安全规程和经许可的燃放作业方案进行燃放作业。故选B。
单选题,[2025年][河南中安]民用爆炸物品属于危险物品，管理不善可能造成事故，危及生产安全和社会公共安全。因此，民用爆炸物品应当储存在专用仓库内并实行严格管理。根据《民用爆炸物品安全管理条例》，关于民用爆炸物品储存的说法，正确的是（    ）。,A.在民用爆炸物品库房内可临时存放即将发放的库管员劳保用品|B.清点时发现黑火药比登记账目少10㎏，应立即向应急管理部门报告|C.县公安机关有权对过期失效的民用爆炸物品的销毁进行监督|D.不同性质的民用爆炸物品必须分库储存,C,本题主要考查的是民用爆炸物品的储存，属于高频考点。做题思路：先理解掌握民用爆炸物品储存的主管部门和管理的内容，后进行着重记忆。A错误，错在“存放劳保用品”。根据《民用爆炸物品安全管理条例》，第四十一条：储存民用爆炸物品应当遵守下列规定：储存的民用爆炸物品数量不得超过储存设计容量，对性质相抵触的民用爆炸物品必须分库储存，严禁在库房内存放其他物品；B错误，错在“应急管理部门”。民用爆炸物品丢失、被盗、被抢，应当立即报告当地公安机关；C正确。第四十三条：民用爆炸物品变质和过期失效的，应当及时清理出库，并予以销毁。销毁前应当登记造册，提出销毁实施方案，报省、自治区、直辖市人民政府民用爆炸物品行业主管部门、所在地县级人民政府公安机关组织监督销毁；D错误，错在“不同性质”。对性质相抵触的民用爆炸物品必须分库储存，严禁在库房内存放其他物品。故选C。
单选题,[2025年][河南中安]某铁矿开采企业发生一起工业中毒事故，造成5人死亡。调查发现，某安全评价机构在验收评价时出具虚假评价报告并收取15万元的评价费用。根据《安全生产法》，应急管理部门有权没收15万元，并对该安全评价机构作出（    ）万元的罚款。,A.15|B.75|C.90|D.150,B,本题主要考查的是安全评价机构的罚款，属于高频考点。做题思路：先理解掌握虚假报告和失实报告的区别，后进行区分记忆。根据《安全生产法》，（2021年版）第九十二条：承担安全评价、认证、检测、检验职责的机构出具失实报告的，责令停业整顿，并处三万元以上十万元以下的罚款；给他人造成损害的，依法承担赔偿责任。承担安全评价、认证、检测、检验职责的机构租借资质、挂靠、出具虚假报告的，没收违法所得；违法所得在十万元以上的，并处违法所得二倍以上五倍以下的罚款；没有违法所得或者违法所得不足十万元的，单处或者并处十万元以上二十万元以下的罚款；对其直接负责的主管人员和其他直接责任人员处五万元以上十万元以下的罚款；给他人造成损害的，与生产经营单位承担连带赔偿责任；构成犯罪的，依照刑法有关规定追究刑事责任。故选B。
单选题,[2025年][河南中安]某矿业公司依法与劳动者签订书面劳动合同，双方约定履行各自的义务。根据《劳动合同法》，关于履行该劳动合同的说法，正确的是（    ）。,A.该矿业公司在生产设备发生故障需要抢修时，要求职工加班，职工有权拒绝|B.职工因培训考核不合格，该矿业公司调整职工到新的工作岗位，职工有权拒绝|C.该矿业公司因生产任务调整致使职工的工作岗位被取消，调整职工到新工作岗位，职工有权拒绝|D.该矿业公司的矿井因存在重大事故隐患被责令封堵后，矿长安排职工下井作业，职工有权拒绝,D,本题主要考查的是劳动合同，属于高频考点。做题思路：先理解掌握从业人员的权利和义务，后进行区分记忆。A错误，错在“需要抢修时，职工有权拒绝”；B错误，错在“考核不合格，职工有权拒绝”；C错误，错在“因生产任务调岗位被取消，职工有权拒绝”。根据《劳动合同法》，第三十二条：【劳动者拒绝违章指挥、强令冒险作业】劳动者拒绝用人单位管理人员违章指挥、强令冒险作业的，不视为违反劳动合同。故选D。
单选题,[2025年][河南中安]某企业是机械加工企业。根据《生产经营单位安全培训规定》，关于该企业开展从业人员安全培训的说法，正确的是（    ）。,A.新上岗从业人员的岗前安全培训时间不少于24学时，每年再培训时间不得少于20学时|B.新上岗电工的岗前安全培训时间不得少于72学时，每年再培训的时间不得少于20学时|C.在企业内调整工作岗位或离岗一年以上重新上岗时，应当重新接受厂级、车间级和班组级安全培训|D.企业的厂级、车间级和班组级岗前安全培训的内容都应当包括有关事故案例,D,本题主要考查的是安全培训，属于高频考点。做题思路：先理解掌握从业人员和管理人员培训时间的区别，后通过高危和非高危进行区分。AB错误，根据《生产经营单位安全培训规定》，第十三条：生产经营单位新上岗的从业人员，岗前安全培训时间不得少于24学时。煤矿、非煤矿山、危险化学品、烟花爆竹、金属冶炼等生产经营单位新上岗的从业人员安全培训时间不得少于72学时，每年再培训的时间不得少于20学时；C错误，第十七条：从业人员在本生产经营单位内调整工作岗位或离岗一年以上重新上岗时，应当重新接受车间（工段、区、队）和班组级的安全培训。生产经营单位采用新工艺、新技术、新材料或者使用新设备时，应当对有关从业人员重新进行有针对性的安全培训。故选D。
单选题,[2025年][河南中安]某市应急管理部门在检查中发现某公司存在重大事故隐患，责令其停产停业整顿，该公司整改后向市应急管理部门提出恢复生产的申请。根据《安全生产事故隐患排查治理暂行规定》，关于该市应急管理部门处理该申请的说法，正确的是（    ）。,A.收到申请后，15日内进行现场审查|B.审查合格的，对事故隐患进行核销|C.审查不合格的，依法责令重新整改|D.对整改无望的，提请市政府予以关闭,B,本题主要考查的是重大事故隐患恢复生产，属于高频考点。做题思路：先理解掌握审查不合格和整改无望的处理区别，后进行区分记忆。A错误，错在“15日”。根据《安全生产事故隐患排查治理暂行规定》，第二十三条：安全监管监察部门收到生产经营单位恢复生产的申请报告后，应当在10日内进行现场审查；B正确。审查合格的，对事故隐患进行核销，同意恢复生产经营；C错误，错在“责令重新整改”。审查不合格的，依法责令改正或者下达停产整改指令；D错误，错在“予以关闭”。对整改无望或者生产经营单位拒不执行整改指令的，依法实施行政处罚。故选B。
单选题,[2025年][河南中安]安全生产培训应当按照标准进行考核。根据《安全生产培训管理办法》，关于安全生产培训考核标准制定权限的说法，正确的是（    ）。,A.国务院应急管理部门制定中央企业主要负责人的考核标准|B.国家煤矿安全监察机构制定煤矿企业特种作业人员的考核标准|C.省级应急管理部门制定省属企业安全生产管理人员的考核标准|D.省级应急管理部门制定安全生产应急救援人员的考核标准,B,本题主要考查的是安全培训考核标准制定权限，属于高频考点。做题思路：先理解掌握考核标准的制定主体，后通过行业进行区分。B正确。煤矿企业的主要负责人、安全生产管理人员和特种作业人员的考核标准，由国家煤矿安监局制定；A错误，错在“国务院”；CD错误，错在“省级应急管理部门”。根据《安全生产培训管理办法》，安全监管监察人员，危险物品的生产、经营、储存单位及非煤矿山、金属冶炼单位主要负责人、安全生产管理人员和特种作业人员，以及从事安全生产工作的相关人员的考核标准，由国家安全监管总局（应急管理部）统一制定。国家安全监管总局（应急管理部）负责省级以上安全生产监督管理部门的安全生产监管人员、各级煤矿安全监察机构的煤矿安全监察人员的考核；负责中央企业的总公司、总厂或者集团公司的主要负责人和安全生产管理人员的考核。除危险物品的生产、经营、储存单位和矿山、金属冶炼单位以外其他生产经营单位主要负责人、安全生产管理人员及其他从业人员的考核标准，由省级安全生产监督管理部门制定。应急管理部承担安全评价、咨询、检测、检验的人员和安全生产应急救援人员的考核。故选B。
单选题,[2025年][河南中安]2019年7月，张某出差外地，在开会期间突发疾病送往医院，紧急抢救20小时后死亡，张某所在单位认为张某不构成工伤，没有在规定期限内提出工伤认定申请，而张某的近亲属认为张某构成工伤，根据《工伤保险条例》，关于张某工伤认定和赔偿的说法，正确的有（    ）。,A.张某在出差期间突发疾病死亡，不认定为工伤|B.张某近亲属应承担张某构成工伤的举证责任|C.张某近亲属可从工伤保险基金领取丧葬补助金，供养亲属抚恤金和一次性工亡补助金|D.张某近亲属可在张某死亡之日起两年内向社会保险行政部门提出工伤认定申请 E 张某的丧葬补助金为六个月的统筹地区上年度职工月平均工资,C,本题主要考查的是工伤认定和赔偿，属于高频考点。做题思路：先理解掌握工伤的认定标准和赔偿补助的标准，后进行着重记忆。A错误，错在“不认定为工伤”。根据《工伤保险条例》，因工外出期间，由于工作原因受到伤害或者发生事故下落不明的应当认定为工伤；B错误，错在“近亲属应承担”。职工或者其近亲属认为是工伤，用人单位不认为是工伤的，由用人单位承担举证责任；D错误，错在“两年内”。用人单位未按前款规定提出工伤认定申请的，工伤职工或者其近亲属、工会组织在事故伤害发生之日或者被诊断、鉴定为职业病之日起1年内，可以直接向用人单位所在地统筹地区社会保险行政部门提出工伤认定申请。故选CE。
单选题,[2025年][河南中安]根据《安全生产法》，下列设备中必须取得安全使用证或者安全标志方可投入使用的有（    ）。,A.海洋石油开采特种设备|B.烟花企业特种生产设备|C.煤矿井下专用防爆电气设备|D.化工企业大型生产设备 E 非煤矿井下特种设备,A,本题主要考查的是安全使用证、安全标志。根据《安全生产法》，第三十七条：生产经营单位使用的危险物品的容器、运输工具，以及涉及人身安全、危险性较大的海洋石油开采特种设备和矿山井下特种设备，必须按照国家有关规定，由专业生产单位生产，并经具有专业资质的检测、检验机构检测、检验合格，取得安全使用证或者安全标志，方可投入使用。检测、检验机构对检测、检验结果负责。故选AE。
多选题,[2025年][河南中安]安全预评价通常在建设项目可行性研究阶段，工业区规划阶段或者生产经营活动组织实施之前进行，根据《建设项目安全设施“三同时”监督管理办法》，下列建设项目按规定应当开展安全预评价的有（    ）。,A.铁矿开采建设项目|B.钢铁冶炼建设项目|C.铝制品加工建设项目|D.烟花爆竹储存建设项目 E 食品加工建设项目,ABD,本题主要考查的是安全设施“三同时”开展安全预评价，属于高频考点。做题思路：先理解掌握应当开展安全预评价的生产经营单位种类，后进行记忆。根据《建设项目安全设施“三同时”监督管理办法》，第七条：下列建设项目在进行可行性研究时，生产经营单位应当按照国家规定，进行安全预评价：（一）非煤矿矿山建设项目；（二）生产、储存危险化学品（包括使用长输管道输送危险化学品，下同）的建设项目；（三）生产、储存烟花爆竹的建设项目；（四）金属冶炼建设项目；（五）使用危险化学品从事生产并且使用量达到规定数量的化工建设项目（属于危险化学品生产的除外，以下简称化工建设项目）；（六）法律、行政法规和国务院规定的其他建设项目。故选ABD。
多选题,[2025年][河南中安]某机械公司准备将闲置的厂房出租，其中300平米拟出租给甲公司用作食品加工经营，1000平米拟出租给乙快递公司用作仓库，根据《安全生产法》，关于机械公司厂房出租安全管理的说法，正确的是（    ）。,A.将厂房出租给甲公司和乙公司的行为合法|B.应当与甲公司、乙公司签订安全生产管理协议|C.应当对甲乙公司的安全生产工作进行统一协调管理|D.应当对甲乙公司的安全生产情况定期进行安全检查 E 应当对乙公司运行中存在的事故隐患负整改责任,ACD,本题主要考查的是厂房出租安全管理，属于高频考点。做题思路：先理解掌握出租单位、承租单位的职责和“应当签订”、“可以签订”的区别，后进行区分记忆。B不推荐选择，机械公司可以和甲乙公司签订安全生产管理协议也可以在合同中约定，B说法太绝对；E错误，错在“负整改责任”。整改责任由分包单位自己承担。根据《安全生产法》，生产经营项目、场所发包或者出租给其他单位的，生产经营单位应当与承包单位、承租单位签订专门的安全生产管理协议，或者在承包合同、租赁合同中约定各自的安全生产管理职责；生产经营单位对承包单位、承租单位的安全生产工作统一协调、管理，定期进行安全检查，发现安全问题的，应当及时督促整改。故选ACD。
多选题,[2025年][河南中安]安全生产许可证制度是保证生产经营单位安全生产的一项重要制度，根据《安全生产许可证条例》，下列企业中应当申请安全生产许可证的有（    ）。,A.煤矿企业|B.金属冶炼企业|C.道路运输企业|D.非煤矿山企业 E 建筑施工企业,AD,本题主要考查的是安全生产许可，属于高频考点。根据《安全生产许可证条例》，第二条：国家对矿山企业、建筑施工企业和危险化学品、烟花爆竹、民用爆炸物品生产企业（以下统称企业）实行安全生产许可制度。企业未取得安全生产许可证的，不得从事生产活动。故选ADE。
单选题,[2025年][河南中安]某公司是一家危险化学品港口储存企业，为扩大储存规模，扩建危险化学品储存仓库，同时在地下铺设剧毒危险化学品专用管道。工程竣工后，紧邻工厂围墙后一家职业培训学校投入运行，根据《危险化学品安全管理条例》，关于该公司危险化学品安全管理的说法正确的有（    ）。,A.扩建储存危险化学品的港口建设项目，应当由应急管理部门进行安全条件审查|B.扩建储存危险化学品的港口建设项目应当由港口行政管理部门按照国务院交通运输主管部门的规定进行安全条件审查|C.已建的危险化学品生产装置构成重大危险源的危险化学品储存设施不受学校影响|D.已建的危险化学品生产装置构成重大危险源的危险化学品的储存设施，由所在地县应急管理部门会同有关部门监督其在规定期限内进行整改 E 地下铺设剧毒化学品专用管道，虽然该管道设备设置在地下，但仍需设置明显标志,B,本题主要考查的是危险化学品安全管理，属于高频考点。做题思路：先理解掌握港口建设项目和陆地建设项目的主管部门和职责，后进行区分记忆。A错误，错在“应急管理部门”。根据《危险化学品安全管理条例》，新建、改建、扩建储存、装卸危险化学品的港口建设项目，由港口行政管理部门按照国务院交通运输主管部门的规定进行安全条件审查；C错误，错在“不受学校影响”。危险化学品生产装置或者储存数量构成重大危险源的危险化学品储存设施（运输工具加油站、加气站除外），与下列场所、设施、区域的距离应当符合国家有关规定：（一）居住区以及商业中心、公园等人员密集场所；（二）学校、医院、影剧院、体育场（馆）等公共设施；（三）饮用水源、水厂以及水源保护区；D错误，错在“县应急管理部门”。已建的危险化学品生产装置或者储存数量构成重大危险源的危险化学品储存设施不符合前款规定的，由所在地设区的市级人民政府安全生产监督管理部门会同有关部门监督其所属单位在规定期限内进行整改。故选BE。
多选题,[2025年][河南中安]某县应急管理局两名执法人员前往辖区某危险化学品生产企业进行安全检查，根据《安全生产法》，关于检查执行人员行使职权的做法正确的有（    ）。,A.检查发现特种作业岗位操作人员无证上岗，当场作出罚款1万元的处罚|B.没收检查发现的不符合安全生产国家标准或行业标准的器材|C.主动出示执法证件，进入生产车间进行检查，调阅监控台账和工人培训记录|D.检查发现一处设备存在明显泄漏隐患，危及岗位工人安全，责令立即停止设备运行 E 查封检查发现的未经批准违法存储危险化学品的临时仓库,CD,本题主要考查的是检查执行人员职权，属于高频考点。做题思路：先理解掌握检察人员和生产经营单位的职责，后进行区分记忆。 A错误，错在“罚款1万元”。根据《安全生产法》，第九十七条：生产经营单位有下列行为之一的，责令限期改正，处十万元以下的罚款；逾期未改正的，责令停产停业整顿，并处十万元以上二十万元以下的罚款，对其直接负责的主管人员和其他直接责任人员处二万元以上五万元以下的罚款：（七）特种作业人员未按照规定经专门的安全作业培训并取得相应资格，上岗作业的；《行政处罚法》第五十一条：违法事实确凿并有法定依据，对公民处以二百元以下、对法人或者其他组织处以三千元以下罚款或者警告的行政处罚的，可以当场作出行政处罚决定。法律另有规定的，从其规定；给予10万元以下罚款没问题，但不可以当场作出处罚；DE正确，B错误，错在“没收”。第六十五条：应急管理部门和其他负有安全生产监督管理职责的部门依法开展安全生产行政执法工作，对生产经营单位执行有关安全生产的法律、法规和国家标准或者行业标准的情况进行监督检查，行使以下职权：（三）对检查中发现的事故隐患，应当责令立即排除；重大事故隐患排除前或者排除过程中无法保证安全的，应当责令从危险区域内撤出作业人员，责令暂时停产停业或者停止使用相关设施、设备；重大事故隐患排除后，经审查同意，方可恢复生产经营和使用；（四）对有根据认为不符合保障安全生产的国家标准或者行业标准的设施、设备、器材以及违法生产、储存、使用、经营、运输的危险物品予以查封或者扣押，对违法生产、储存、使用、经营危险物品的作业场所予以查封，并依法作出处理决定；C正确。第六十七条：安全生产监督检查人员执行监督检查任务时，必须出示有效的行政执法证件；对涉及被检查单位的技术秘密和业务秘密，应当为其保密。故选CDE。
多选题,[2025年][河南中安]某精密仪器生产企业位于河流的主河道旁边，为有效应对洪水灾害，该企业制定洪水灾害应急预案并采取相应的安全措施。近期连日大雨，河水暴涨，当地政府部门发布了洪水灾害预警。根据《安全生产事故隐患排查治理暂行规定》，该企业应当采取的安全措施有（    ）。,A.停止作业|B.留下专人保护仪器|C.撤离人员|D.加强河流水位监测 E 启动预案并通过媒体发布预警信息,ACD,本题主要考查的是安全灾害预警，属于高频考点。做题思路：先理解掌握接到自然灾害预报和撤离的情形及处置措施，后进行加强记忆。根据《安全生产事故隐患排查治理暂行规定》，第十七条：生产经营单位应当加强对自然灾害的预防。对于因自然灾害可能导致事故灾难的隐患，应当按照有关法律、法规、标准和本规定的要求排查治理，采取可靠的预防措施，制定应急预案。在接到有关自然灾害预报时，应当及时向下属单位发出预警通知；发生自然灾害可能危及生产经营单位和人员安全的情况时，应当采取撤离人员、停止作业、加强监测等安全措施，并及时向当地人民政府及其有关部门报告。故选ACD。
多选题,[2025年][河南中安]某汽车生产制造企业，厂区内新建有办公楼、组装车间、锅炉房和库房等，其中特种设备设置情况为在办公楼设置有1部直梯，组装车间设置有2台天车，锅炉房配备有1台蒸汽锅炉。根据《特种设备安全法》，关于该企业特种设备安全管理的说法，正确的有（    ）。,A.应当制定特种设备岗位责任书、隐患治理和应急救援等制度|B.应当在特种设备投入使用前或者投入使用后30日内申请使用登记|C.应当为每台特种设备配备兼职安全管理人员1名|D.应当将登记标志存放于特种设备安全技术档案中 E 必须与电梯制造单位签订电梯维修委托合同,AB,本题主要考查的是特种设备安全管理，属于高频考点。做题思路：先理解掌握使用登记和特种设备安全技术档案等知识点，后进行加强记忆。C错误，错在“兼职”。根据《特种设备安全法》，第三十六条：电梯、客运索道、大型游乐设施等为公众提供服务的特种设备的运营使用单位，应当对特种设备的使用安全负责，设置特种设备安全管理机构或者配备专职的特种设备安全管理人员；其他特种设备使用单位，应当根据情况设置特种设备安全管理机构或者配备专职、兼职的特种设备安全管理人员；D错误，错在“存放于特种设备安全技术档案中”。第三十三条：特种设备使用单位应当在特种设备投入使用前或者投入使用后三十日内，向负责特种设备安全监督管理的部门办理使用登记，取得使用登记证书。登记标志应当置于该特种设备的显著位置；E错误，错在“必须”。第二十二条：电梯的安装、改造、修理，必须由电梯制造单位或者其委托的依照本法取得相应许可的单位进行。电梯制造单位委托其他单位进行电梯安装、改造、修理的，应当对其安装、改造、修理进行安全指导和监控，并按照安全技术规范的要求进行校验和调试。电梯制造单位对电梯安全性能负责。故选AB。
单选题,[2025年][河南中安]某危险化学品仓储公司因动火作业引发火灾，造成10人当场死亡、5人受伤，其中员工宋某被严重烧伤。事故发生后，现场管理人员杜某立即报告单位负责人赵某，并按动消防警报。赵某在接报后向县应急管理部门报告。宋某经医院救治无效，10日后死亡。根据《生产安全事故报告和调查处理条例》，关于本次事故报告的说法，正确的有（    ）。,A.赵某应当在得知火灾发生后2个小时内向县应急管理部门报告|B.宋某死亡后公司应当及时向县应急管理部门补报|C.县应急管理部门接到报告后应当在2小时内向上一级应急管理部门报告|D.杜某可以直接向应急管理部报告 E 县应急管理部门应当逐级上报至应急管理部,C,本题主要考查的是事故报告，属于高频考点。做题思路：先理解掌握事故等级和上报的流程及时间，后进行区分记忆。 A错误，错在“2个小时”；D错误，错在“直接”。根据《生产安全事故报告和调查处理条例》，第九条：事故发生后，事故现场有关人员应当立即向本单位负责人报告；本单位负责人接到报告后，应当于1小时内向事故发生地县级以上人民政府安全生产监督管理部门和负有安全生产监督管理职责的有关部门报告。情况紧急时，事故现场有关人员可以直接向事故发生地县级以上人民政府安全生产监督管理部门和负有安全生产监督管理职责的有关部门报告；B错误，错在“补报”。第十三条：事故报告后出现新情况的，应当及时补报。自事故发生之日起30日内，事故造成的伤亡人数发生变化的，应当及时补报。道路交通事故、火灾事故自发生之日起7日内，事故造成的伤亡人数发生变化的，应当及时补报；D不建议选，错在“直接”。若依据《生产安全事故信息报告和处置办法》发生重大、特别重大生产安全事故的，事故发生单位可以立即报告国家安全生产监督管理总局、国家煤矿安全监察局。但本题依照的是《生产安全事故报告和调查处理条例》，所以D保险起见，不进行选择。故选CE。
多选题,[2025年][河南中安]生产经营单位根据本单位生产安全事故的特点和危害，配备相应的应急物资和装备，并加强应急值守，对于迅速应对突发事故，减少事故损失具有重要意义。根据《生产安全事故应急条例》，关于应急救援装备储备和应急值守的说法，正确的有（    ）。,A.某县应急管理局应当建立应急值班制度，实行工作人员应急值班|B.某服装企业应当设立应急救援物资储备仓库，并实行台账管理|C.某化工厂应当储备灭火、通风等应急救援器材，并保证正常运转|D.某冶金企业应当成立应急处置技术组，实行24小时应急值班 E 某矿山救护队应当建立应急值班制度，遇事故险情时随时待命,AC,本题主要考查的是应急救援装备储备和应急值守，属于高频考点。做题思路：先理解掌握需应急值班的生产经营单位和单位的职责，后与需要设置“应急处置技术组”的企业进行区分记忆。 B错误，错在“某服装企业应当”。根据《生产安全事故的应急救援与调查处理》，第八十二条第二款：危险物品的生产、经营、储存、运输单位以及矿山、金属冶炼、城市轨道交通运营、建筑施工单位应当配备必要的应急救援器材、设备和物资，并进行经常性维护、保养，保证正常运转；D错误，错在“某冶金企业应当成立应急处置技术组”。第十四条：下列单位应当建立应急值班制度，配备应急值班人员：（一）县级以上人民政府及其负有安全生产监督管理职责的部门；（二）危险物品的生产、经营、储存、运输单位以及矿山、金属冶炼、城市轨道交通运营、建筑施工单位；（三）应急救援队伍。规模较大、危险性较高的易燃易爆物品、危险化学品等危险物品的生产、经营、储存、运输单位应当成立应急处置技术组，实行24小时应急值班。故选ACE。
多选题,[2025年][河南中安]志愿消防队是专职消防队的补充力量，在灭火救援中发挥重要作用。根据《消防法》，关于志愿消防队的说法，正确的有（    ）。,A.志愿消防队参加扑救火灾所损耗的燃料、灭火剂和器材装备，由火灾单位给予补偿|B.乡镇人民政府可建立志愿消防队，承担火灾扑救工作|C.居民委员会可建立志愿消防队，开展群众性的消防自救工作|D.设立志愿消防队的单位，可不再建立专职消防队 E 消防救援机构应当对志愿消防队进行业务指导,BC,本题主要考查的是志愿消防队。做题思路：先理解掌握各级政府是否都可以建立消防队和消防队的职责，后进行加强记忆。 A错误，错在“火灾单位给予补偿”。根据《消防法》，第四十九条：国家综合性消防救援队、专职消防队扑救火灾、应急救援，不得收取任何费用。单位专职消防队、志愿消防队参加扑救外单位火灾所损耗的燃料、灭火剂和器材、装备等，由火灾发生地的人民政府给予补偿；B正确。第三十六条：县级以上地方人民政府应当按照国家规定建立国家综合性消防救援队、专职消防队，并按照国家标准配备消防装备，承担火灾扑救工作；乡镇人民政府应当根据当地经济发展和消防工作的需要，建立专职消防队、志愿消防队，承担火灾扑救工作；C正确。第四十一条：机关、团体、企业、事业等单位以及村民委员会、居民委员会根据需要，建立志愿消防队等多种形式的消防组织，开展群众性自防自救工作；D错误，错在“可不再建立专职消防队”。第三十九条：下列单位应当建立单位专职消防队，承担本单位的火灾扑救工作：（一）大型核设施单位、大型发电厂、民用机场、主要港口；（二）生产、储存易燃易爆危险品的大型企业；（三）储备可燃的重要物资的大型仓库、基地；（四）第一项、第二项、第三项规定以外的火灾危险性较大、距离国家综合性消防救援队较远的其他大型企业；（五）距离国家综合性消防救援队较远、被列为全国重点文物保护单位的古建筑群的管理单位。上述企业无论是否建立志愿消防队，都应设置专职消防队；E正确。第四十二条：消防救援机构应当对专职消防队、志愿消防队等消防组织进行业务指导；根据扑救火灾的需要，可以调动指挥专职消防队参加火灾扑救工作；E虽然没有完全按照规范原文表述，但本身没有问题。故选BCE。
多选题,[2025年][河南中安]构成安全生产犯罪的，应当依法承担刑事责任。根据《刑法》及相关司法解释，关于安全生产犯罪刑事责任的说法，正确的有（    ）。,A.强令他人违章冒险作业，因而发生重大伤亡事故的，处3年以下有期徒刑或者拘役|B.在生产、作业中违反有关安全生产管理的规定，因而造成严重后果的，处3年以下有期徒刑或者拘役|C.在安全事故发生后，负有报告职责的人员不报或者谎报事故的，处5年以下有期徒刑或者拘役|D.安全生产条件不符合国家规定，因而发生重大伤亡事故，对直接负责的主管人员，处3年以下有期徒刑或者拘役 E 举办大型群众性活动违反安全管理规定，因而发生重大伤亡事故的，对直接负责的主管人员，处5年以下有期徒刑或者拘役,BD,本题主要考查的是刑法，属于高频考点。做题思路：先理解掌握各种罪责的内容和刑罚，后进行区分记忆。 A错误，错在“3年”。根据《刑法》及相关司法解释，【强令违章冒险作业罪】强令他人违章冒险作业，或者明知存在重大事故隐患而不排除，仍冒险组织作业，因而发生重大伤亡事故或者造成其他严重后果的，处五年以下有期徒刑或者拘役；情节特别恶劣的，处五年以上有期徒刑；B正确。第一百三十四条：【重大责任事故罪】在生产、作业中违反有关安全管理的规定，因而发生重大伤亡事故或者造成其他严重后果的，处三年以下有期徒刑或者拘役；情节特别恶劣的，处三年以上七年以下有期徒刑；C错误，错在“5年以下”。第一百三十九条之一规定：在安全事故发生后，负有报告职责的人员不报或者谎报事故情况，贻误事故抢救，情节严重的，处三年以下有期徒刑或者拘役；情节特别严重的，处三年以上七年以下有期徒刑；D正确。【重大劳动安全事故罪】安全生产设施或者安全生产条件不符合国家规定，因而发生重大伤亡事故或者造成其他严重后果的，对直接负责的主管人员和其他直接责任人员，处3年以下有期徒刑或者拘役；情节特别恶劣的，处3年以上7年以下有期徒刑；E错误，错在“5年以下”。第135条：【大型群众性活动安全事故罪】举办大型活动违反安全管理规定导致事故的，对直接负责人员处3年以下有期徒刑或拘役；情节特别恶劣的，处3年以上7年以下有期徒刑‌。故选BD。
单选题,[2025年][河南中安]某集团公司在下属煤矿圆满完成井下水害事故应急救援预案演练任务，成功解救被困人员。根据《生产安全事故应急条例》，关于生产安全事故应急救援预案演练的说法，正确的有（    ）。,A.本次演练应当邀请煤矿所在地应急管理部门的人员参加|B.该煤矿应当至少每年组织1次生产安全事故应急救援预案演练|C.本次演练情况应当报送该煤矿所在地设区的市级人民政府|D.本次演练情况应当报送该煤矿所在地县级以上地方人民政府负有安全生产监督管理职责的部门 E 该煤矿所在地负有安全生产监督管理职责的部门发现本次演练不符合要求的，应当责令限期改正,D,本题主要考查的是应急救援预案演练，属于高频考点。做题思路：先理解掌握应急救援预案演练的频次和上报的部门，后通过行业进行区分。 A错误，错在“应当邀请”。条例中没有明确演练需要邀请有关部门的人员参加，而是将演练情况报送所在地县级以上地方人民政府负有安全生产监督管理职责的部门；B错误，错在“每年”。至少每半年组织1次生产安全事故应急救援预案演练；C错误，错在“市级人民政府”。演练情况报送所在地县级以上地方人民政府负有安全生产监督管理职责的部门。根据《生产安全事故应急条例》，第八条：易燃易爆物品、危险化学品等危险物品的生产、经营、储存、运输单位，矿山、金属冶炼、城市轨道交通运营、建筑施工单位，以及宾馆、商场、娱乐场所、旅游景区等人员密集场所经营单位，应当至少每半年组织1次生产安全事故应急救援预案演练，并将演练情况报送所在地县级以上地方人民政府负有安全生产监督管理职责的部门。县级以上地方人民政府负有安全生产监督管理职责的部门应当对本行政区域内前款规定的重点生产经营单位的生产安全事故应急救援预案演练进行抽查；发现演练不符合要求的，应当责令限期改正。故选DE。
单选题,[2025年][河南中安]公司新招用劳动者时应当与劳动者签订劳动合同。根据《劳动合同法》，关于公司与劳动者订立劳动合同的说法，正确的有（    ）。,A.劳动关系自签订书面劳动合同之日起建立|B.与同一劳动者只能约定一次试用期|C.有权了解劳动者的家庭财产、婚姻状况等个人情况|D.有权要求劳动者提供订立和履行劳动合同的保证金 E 应当如实告知劳动者劳动条件，安全生产状况等情况,B,本题主要考查的是劳动合同，属于高频考点。做题思路：先理解掌握劳动合同的签订时间和从业人员的权利义务，后进行着重记忆。 A错误，错在“自签订书面劳动合同之日起建立”。根据《劳动合同法》，第七条：用人单位自用工之日起即与劳动者建立劳动关系。用人单位应当建立职工名册备查；C错误，错在“家庭财产、婚姻状况”。第八条：用人单位招用劳动者时，应当如实告知劳动者工作内容、工作条件、工作地点、职业危害、安全生产状况、劳动报酬，以及劳动者要求了解的其他情况；用人单位有权了解劳动者与劳动合同直接相关的基本情况，劳动者应当如实说明；D错误，错在“保证金”。第九条：用人单位招用劳动者，不得扣押劳动者的居民身份证和其他证件，不得要求劳动者提供担保或者以其他名义向劳动者收取财物。故选BE。
