题型,题目,选项,答案,解析
单选题,[2020年][河南中安]某市常住人口12万人，截至2019年底，全年发生安全伤亡事故五起，其中火灾事故一起，死亡两人；特种设备事故一起，死亡一人；烟花爆竹事故一起，重伤三人；道路交通事故一起，轻伤七人；农机事故一起，轻伤一人，造成直接经济损失760万元。下列事故统计指标中，计算正确的是（ ）。,A.千人重伤率0.025|B.千人死亡率0.016|C.百万人火灾死亡率15.66|D.重大事故率0.6,A,本题主要考查的是事故统计指标的计算，属于高频考点。做题思路：熟练掌握各种事故统计指标的计算方法，根据已知条件代入公式。A正确，千人重伤率＝重伤人数/从业人员数×103＝3/120000×103＝0.025；B错误，千人死亡率＝死亡人数/从业人员数×103＝3/120000×103＝0.025；C错误，百万人火灾死亡率＝火灾造成的死亡总人数/地区总人口×106＝2/120000×106＝16.667；D错误，重大事故率＝重大事故起数/事故总起数×100%＝0/5×100%＝0。故选A。
单选题,[2020年][河南中安]某煤矿经鉴定由低瓦斯矿井变更为高瓦斯矿井，该矿设备科拟购置一批防爆电气设备，在征求部门意见时，安全部门提出设备选型要考虑本质安全型防爆结构型式及相应的设备保护等级。关于防爆结构型式及设备保护等级的选择，正确的是（ ）。,A.型式选i，设备保护等级选Ma|B.型式选d，设备保护等级选Mb|C.型式选e，设备保护等级选Mb|D.型式选o，设备保护等级选Ma,A,本题主要考查的是防爆电气设备。做题思路：本题为技术科目的知识点，本题的出现，说明在近两年的考试中真题越来越综合，很可能出现跨科目的知识点，这需要我们在学习和考试中多想多记。题目的题干中指出“安全部门提出设备选型要考虑本质安全型防爆结构型式及相应的设备保护等级”，在技术科目中我们知道本质安全型的防爆电气设备标志为“i”，对于高瓦斯矿井应当选用Ma级的保护级别。因此型式选i，设备保护等级选Ma。故选A。
单选题,[2020年][河南中安]根据《中共中央国务院关于推进安全生产领域改革发展的意见》，全国要构建重大危险源信息管理体系，对重点行业、重点区域、重点企业实行风险预警控制，重大危险源信息管理体系分为（ ）。,A.国家、省二级|B.国家、省、市三级|C.国家、省、市、县四级|D.国家、省、市、县、乡五级,C,本题主要考查的是《中共中央国务院关于推进安全生产领域改革发展的意见》，并非管理教材上的内容。做题思路：这一意见在安全生产领域十分重要，在近几年的考试中也经常出现，因此要求我们对该意见中的一些重点内容有所掌握。在《中共中央国务院关于推进安全生产领域改革发展的意见》第五部分——建立安全预防控制体系中指出“构建国家、省、市、县四级重大危险源信息管理体系”。故选C。
单选题,[2020年][河南中安]2020年4月1日国务院安委会下发通知，决定在全国开展安全生产专项整治三年行动，结合安全生产月主题，积极推进安全宣传“五进”活动。安全宣传“五进”是指（ ）。,A.进企业、进社区、进农村、进学校、进家庭|B.进机场、进车站、进码头、进商场、进餐厅|C.进机关、进工厂、进社区、进学校、进家庭|D.进电视、进广播、进报纸、进互联网、进户外传媒,A,本题主要考查是《国务院安委会办公室 应急管理部〈关于开展2020年全国“安全生产月”和“安全生产万里行”活动的通知〉》，其根源来自《推进安全宣传“五进”工作方案》。做题思路：在历年考试中常出现“安全生产月”主题，在2020的考试中未考查，取而代之的是该文件中的其他内容。因此我们在以后的学习中，要通读一遍当年的“安全生产月”和“安全生产万里行”活动的通知，了解其有关的内容。在《推进安全宣传“五进”工作方案》中，五进活动是指“进企业、进农村、进社区、进学校、进家庭”。故选A。
单选题,[2020年][河南中安]某企业安全管理人员在组织员工学习应知应会培训课后，针对“安全生产监管监察”的内容进行了讨论。关于安全生产监管体制的说法，错误的是（ ）。,A.应急管理部依法对全国安全生产实施综合监督管理|B.生态环境部等有关部门对其行业安全生产实行行业监管或专业管理|C.特种设备监察实行国家垂直管理|D.煤矿安全监管实行国家监察与地方监管相结合,C,本题主要考查的是我国的安全生产监管体制。做题思路：掌握我国的安全生产领域（包括煤矿、特种设备）等的监管监察体制特点。A正确，应急管理部是国务院主管安全生产综合监督管理的组成部门，依法对全国安全生产实施综合监督管理；B正确，交通运输、水利、住房和城乡建设、工业和信息化、文化和旅游、市场监管、生态环境等国务院有关部门分别对交通、铁路、民航、水利、电力、建筑、国防工业、邮政、电信、旅游、特种设备、核安全等行业和领域的安全生产工作负责监督管理，即行业监管或专业管理；C错误，特种设备的监察实行省以下垂直管理的体制，而不是国家垂直管理；D正确，煤矿安全的监管实行的是国家监察与地方监管相结合的方式。故选C。
单选题,[2020年][河南中安]安全生产监督管理有监督检查、行政许可和行政处罚等多种形式。行政执法人员在执法时，须出示有效的行政执法证件。关于行政执法时出示证件的说法，正确的是（ ）。,A.对煤化工企业行政执法时，应出示企业所在地县级人民政府制作的证件|B.对煤矿行政执法时，应出示企业所在地省煤矿安全生产监察局制作的证件|C.对机械企业行政执法时，应出示企业所在地市级负责安全生产监督管理的部门制作的证件|D.对建筑施工企业行政执法时，应出示企业所在地省级住建部门制作的证件,A,本题主要考查的是安全生产监督管理中执法证件的出示。做题思路：掌握行政执法人员出示的执法证件的发放部门，同时要注意执法证件和工作证是不同的。A正确，安全生产行政执法人员在执行公务时，必须出示国务院有关部门或者县级以上地方人民政府统一制作的有效行政执法证件；B错误，对煤矿进行安全监察，必须出示国家煤矿安全监察局统一制作的煤矿安全监察员证；C错误，执法时，出示国务院有关部门或者县级以上地方人民政府统一制作的有效行政执法证件，而不是地市级负责安全生产监督管理的部门制作的证件；D错误，安全生产监督管理人员执法时，出示的应当是国务院有关部门制作的执法证件，而不是省级。故选A。 【注意】该考点内容有变换，建议按照《安全生产法》释义的相关说法记忆：安全生产监督检查人员在执行监督检查任务时，应当出示省级人民政府或者国务院有关部门统一制发的执法证件。
单选题,[2020年][河南中安]不锈钢压力容器制造过程包括：钢板切割下料、成形、焊接、无损检测、吊装组对、热处理和酸洗钝化等工序，生产过程中存在烫伤、物体打击、高温、腐蚀性气体等危险有害因素。根据《职业病危害因素分类目录》，下列有害因素中，属于物理因素的是（ ）。,A.金属烟|B.电焊烟尘|C.紫外线|D.X射线,C,本题主要考查的是《职业病危害因素分类目录》，属于高频考点。学习思路：了解《职业病危害因素分类目录》的分类，根据各自的特性区分类别。在《职业病危害因素分类目录》共分为六大类，包括：粉尘、化学因素、物理因素、放射性因素、生物因素和其他因素。C属于，ABD不属于，A选项属于其他因素；B选项属于粉尘；C选项属于物理因素；D选项属于放射性因素。故选C。
单选题,[2020年][河南中安]【根据新规改编】某化工企业主营甲醇生产与销售。为保证原料供应，该企业收购了一家小型露天煤矿。2019年该企业生产甲醇3万吨、煤炭20万吨，甲醇营业收入2000万元，煤矿业务收入100万元。根据《企业安全生产费用提取和使用管理办法》，该企业2019年应提取安全生产费用为（ ）。,A.167.5万元|B.100万元|C.140万元|D.180万元,A,本题主要考查的是安全生产费用提取的计算，属于高频考点。做题思路：考查方式多以计算某行业的全年安全生产费用的提取额度为主，需要掌握各类型企业的安全生产费用计算方法。本题中该企业属于混业经营，其能够按照业务类别分别核算，因此其安全生产费用应以各业务营收分别计提。其煤矿业务为露天煤矿，计提标准为吨煤5元，即煤矿业务安全生产费用为20万×5＝100万元。其甲醇生产为危险品生产业务，计提标准为：①营业收入不超过1000万元的，按照4.5%提取；②营业收入超过1000万元至1亿元的部分，按照2.25%提取；③营业收入超过1亿元至10亿元的部分，按照0.55%提取；④营业收入超过10亿元的部分，按照0.2%提取。即甲醇生产业务安全生产费用为1000万×4.5%＋（2000－1000）万×2.25%＝67.5万。综上，该企业2019全年应提取安全生产费用为100万＋67.5万＝167.5万元。故选A。
单选题,[2020年][河南中安]某大型冷冻企业的液氨储罐量为50t，属于一级危险化学品重大危险源，按照要求建立了危险化学品重大危险源监控系统。根据《危险化学品重大危险源监督管理暂行规定》（国家安全监管总局令第40号公布，第79号修正），关于液氨储罐重大危险源监督管理要求的说法，错误的是（ ）。,A.监控系统的电子数据保存时间不应少于30天|B.液氨储罐应配备独立安全仪表系统|C.液氨储罐应设置紧急切断装置|D.液氨压缩机房应配备两套气密性化学防护服,D,本题主要考查的是危险化学品重大危险源监督管理，属于高频考点。做题思路：掌握危险化学品重大危险源监督管理的有关要求，根据危险化学品种类、数量、生产、使用工艺等实际情况区分控制措施。A正确，重大危险源配备温度、压力、液位、流量、组份等信息的不间断采集和监测系统以及可燃气体和有毒有害气体泄漏检测报警装置，并具备信息远传、连续记录、事故预警、信息存储等功能；一级或者二级重大危险源，具备紧急停车功能。记录的电子数据的保存时间不少于30天；B正确，涉及毒性气体、液化气体、剧毒液体的一级或者二级重大危险源，配备独立的安全仪表系统（SIS）；氨气属于毒性气体，因此应当配备独立的安全仪表系统；C正确，对重大危险源中的毒性气体、剧毒液体和易燃气体等重点设施，设置紧急切断装置。氨气属于毒性气体，因此液氨储罐应设置紧急切断装置；D错误，涉及剧毒气体的重大危险源，还应当配备两套以上（含本数）气密型化学防护服。氨气并不属于剧毒气体，氨气压缩机房也不属于重大危险源。故选D。
单选题,[2020年][河南中安]某公司承接地铁车站项目。车站采用暗挖法施工，埋深近30m，地下水丰富，车站结构需要采用人工挖孔桩作业。结合作业方式和作业条件，公司为作业人员配备了相应的劳动防护用品。下列属于作业人员必须配备的劳动防护用品是（ ）。,A.有色防护眼镜|B.绝缘鞋|C.雨靴|D.矿灯,C,本题主要考查的是劳动防护用品的配备，属于高频考点。做题思路：根据劳动者工作场所中存在的危险、有害因素种类及危害程度、劳动环境条件等制定劳动防护用品配备标准。A不属于，有色防护眼镜主要防护各类有害光线，在地下挖孔桩并不存在有害光线，因此不是必备的防护用品；B不属于，绝缘鞋用于在电气设备上工作时作为辅助安全用具，防触电伤害，因此不是必备的防护用品；C属于，雨鞋即防水胶鞋主要功能为防水、防滑和耐磨，在地下水丰富的地下作业时，必须配备；D不属于，矿灯严格意义上不属于劳动防护用品。故选C。
单选题,[2020年][河南中安]某大型机械制造企业新安装的一台货梯于2015年8月1日取得检验合格证，该企业的设备科负责货梯管理工作。关于该货梯维护保养和定期检验的说法，正确的是（ ）。,A.货梯在2016年8月1日前应进行定期检验|B.货梯的维护保养必须由货梯制造单位负责|C.货梯应由维保单位每15日进行一次检查|D.货梯使用标志应明确标注检验时间,C,本题主要考查的是电梯维护保养的有关规定，属于高频考点。做题思路：考题中多考查电梯的检验周期，维保单位、使用单位、制造单位及相关职责等内容，要注意区分。A错误，该选项出自《电梯使用管理与维护保养规则》（TSGT5001-2009），其中第十二条规定“在用电梯每年进行一次定期检验。使用单位应当按照安全技术规范的要求，在《安全检验合格》标志规定的检验有效期届满前1个月，向特种设备检验检测机构提出定期检验申请。未经定期检验或者检验不合格的电梯，不得继续使用”，该单位在2015年8月1日取得检验合格证但并不代表标志规定的检验有效期是哪天，因此我们不能判断其下次定期检验的周期是哪天。另外，该规则已经在2017年被修订，移除了该条款，在市场监管总局新出台的文件对电梯的定期检验周期也做了修改；B错误，电梯维保单位应当在依法取得相应的许可后，方可从事电梯的维保工作，而并不是由货梯的制造单位负责；C正确，《特种设备安全监察条例》第三十一条规定“电梯的日常维护保养必须由依照本条例取得许可的安装、改造、维修单位或者电梯制造单位进行。电梯应当至少每15日进行一次清洁、润滑、调整和检查”；D错误，货梯使用标志应明确标注下一次检验时间，而不是检验时间（参见电梯使用标志）。故选C。
单选题,[2020年][河南中安]某施工项目部采购了一批劳动防护用品，下发给作业人员使用，下列关于该项目部劳动防护用品管理的做法，错误的是（ ）。,A.检查劳动防护用品的生产日期|B.检查劳动防护用品的合格证|C.检查劳动防护用品的检验标志|D.将采购物品清单作为发放台账,D,本题主要考查的是劳动防护用品的管理。做题思路：掌握劳动防护用品的管理，熟悉劳动防护用品的选用、采购、发放等内容。A正确，用人单位应当确保已采购劳动防护用品的存储条件，并保证其在有效期内。因此应当检查劳动防护用品的生产日期；B正确，用人单位应当根据劳动防护用品配备标准制定采购计划，购买符合标准的合格产品。因此应当检查劳动防护用品的合格证；C正确，用人单位应当查验并保存劳动防护用品检验报告等质量证明文件的原件或复印件。因此应当检查劳动防护用品的检验标志；D错误，用人单位应当按照本单位制定的配备标准发放劳动防护用品，并做好登记，因此不可以以采购清单作为发放台账。故选D。
单选题,[2020年][河南中安]某电力集团建筑项目由于洪水影响停工半个月，复工后集团安全部为保证复工后施工安全，委托第三方进行专项隐患排查，关于隐患安全管理的说法，错误的是（ ）。,A.正在使用的脚手架下面，应禁止挖洞|B.脚手架外侧密目式安全网应使用阻燃材料|C.停用2个月的脚手架应重新确认其安全性|D.临边作业的防护栏杆高度为1m,D,本题主要考查的标准为《建筑施工脚手架安全技术统一标准》（GB 51210-2016）及《建筑施工高处作业安全技术规范》（JGJ80-2016），属于偶然性考点，再次考查的概率不大。A正确，根据《建筑施工脚手架安全技术统一标准》（GB 51210-2016），11.2.8在脚手架使用期间，立杆基础下及附近不宜进行挖掘作业。当因施工需要需进行挖掘作业时，应对架体采取加固措施；B正确，11.2.4作业脚手架外侧和支撑脚手架作业层栏杆应采用密目式安全网或其他措施全封闭防护。密目式安全网应为阻燃产品；C正确，11.1.6当脚手架遇有下列情况之一时，应进行检查，确认安全后方可继续使用：3.停用超过1个月。因此停用2个月的脚手架应重新确认其安全性；D错误，根据《建筑施工高处作业安全技术规范》（JGJ80-2016），4.3.1临边作业的防护栏杆应由横杆、立杆及挡脚板组成，防护栏杆应符合下列规定：防护栏杆应为两道横杆，上杆距地面高度应为1.2m，下杆应在上杆和挡脚板中间设置。故选D。
单选题,[2020年][河南中安]某大型国有集团公司下辖有化工、能源、建筑施工以及冶金企业。为保证安全生产所必需的资金投入，集团要求高危生产企业按照《企业安全生产费用提取使用管理办法》，提取、使用和管理安全生产费用，其他企业按照行业特点自行制定安全生产费用管理办法。关于企业安全生产费用管理的做法，正确的是（ ）。,A.危险化学品生产企业将当年结余的安全生产费用清零，下一年度重新提取|B.建筑施工企业与分包单位的安全生产费用由建筑施工企业统一管理使用|C.冶金企业将年度安全生产费用计划及上一年度提取使用情况留存备查|D.能源企业自行制定管理制度，提取下属企业安全生产费用的2%集中管理，统筹使用,D,本题主要考查的是安全生产费用的使用管理，属于高频考点。做题思路：明确企业安全生产费用的提取规则，牢记费用的使用范围应专款专用，按照题目所给信息，判断其在提取、使用、管理等环节是否符合规定。A错误，年度结余资金结转下年度使用，当年计提安全费用不足的，超出部分按正常成本费用渠道列支。而不是清零后重新提取；B错误，企业提取的安全生产费用属于企业自提自用资金，除集团总部按规定统筹使用外，任何单位和个人不得采取收取、代管等形式对其进行集中管理和使用。C错误，企业年度安全费用使用计划和上一年安全费用的提取、使用情况按照管理权限报同级财政部门、安全生产监督管理部门、煤矿安全监察机构和行业主管部门备案，而不是留存备查；D正确，主要承担安全管理责任的集团公司经过履行内部决策程序，可以对所属企业提取的安全生产费用按照一定比例集中管理，统筹使用。能源企业制定制度提取下属企业的安全生产费用是符合要求的。故选D。
单选题,[2020年][河南中安]某交通运输股份有限公司的组织机构包括董事会、监事会、工会、总工办、调度室、安全处、财务处等。公司设总经理、安全总监等管理岗位。根据有关规定，该公司安全生产投入资金予以决策的是（ ）。,A.董事会|B.董事长|C.总经理|D.安全总监,A,本题主要考查安全生产投入资金的保证，属于高频考点。做题思路：掌握安全生产投入具体由谁来保证。一般说来，股份制企业、合资企业等安全生产投入资金由董事会予以保证；一般国有企业由厂长或者经理予以保证；个体工商户等个体经济组织由投资人予以保证。该公司为股份制企业因此安全投入资金应当由董事会予以保证。故选A。
单选题,[2020年][河南中安]某安全评价机构承接了一煤矿井下评价项目。为提高评价报告质量，安排本项目组以外评价人员再次对评价项目进行实地考查进一步辨识现场存在的危险有害因素，同时补充相应的对策措施。下列通风、防尘评价单元补充的对策措施中，错误的是（ ）。,A.主要通风机应在10min内实施反风|B.半煤岩巷掘进应采取湿式凿岩措施|C.井下空气中的氧气含量不能低于19.5%|D.井下矿工每人供风量至少保障4m3/min,C,本题主要考查的知识点来源为《煤矿安全规程》。做题思路：相关数值有印象就好，再次考查的概率不大。A正确，《煤矿安全规程》第一百五十九条：生产矿井主要通风机必须装有反风设施，并能在10min内改变巷道中的风流方向；B正确，《煤矿安全规程》第六百五十一条：井工煤矿在煤、岩层中钻孔作业时，应当采取湿式降尘等措施；C错误，《煤矿安全规程》第一百三十五条：采掘工作面的进风流中，氧气浓度不低于20%，二氧化碳浓度不超过0.5%；D正确，《煤矿安全规程》第一百三十八条：矿井需要的风量应当按下列要求分别计算，并选取其中的最大值：（一）按井下同时工作的最多人数计算，每人每分钟供给风量不得少于4m3。故选C。
单选题,[2020年][河南中安]某化工厂的油料输送系统主要设备为泵,A.阀门B和阀门C。为了提高该系统的可靠性，委托某安全评价单位对泵物料输送系统进行事件树分析。安全评价单位对泵|A.阀门B和阀门C发生的故障事件进行统计分析，得出泵|A.阀门B和阀门C的故障概率分别为0.1、0.05、0.05。根据事件树定量分析方法，该系统发生故障的概率是（ ）。|A.0.1500|B.0.1878|C.0.1600|D.0.8122,B,本题主要考查的是事件树的计算。做题思路：近几年的考题中经常出现各类评价方法的计算和使用问题，如事故树、LEC、HAZOP等，需要我们在学习的时候加以注意。在计算本题时我们可以采用简单的计算方法，由于泵A、阀门B和阀门C为串联，因此如果该系统正常运行就需要三个部分同时正常运行其概率为（1－0.1）×（1－0.05）×（1－0.05）＝0.81225。即该系统的可靠度为0.81225，则该系统出现故障的概率为1－0.81225＝0.18775，保留四位小数即0.1878。故选B。
单选题,[2020年][河南中安]某公司财务部按照要求编制了安全生产费用的提取和使用管理办法，经公司分管的副总经理书面批准，以公司红头文件的形式发布。但文件执行过程中，公司计划部和安全生产部提出反对意见，认为该管理办法与公司现行预算管理制度相矛盾。该管理办法在编制过程中，可能缺失的环节是（ ）。,A.起草环节|B.审核环节|C.培训环节|D.会签环节,D,本题主要考查的是安全生产规章制度的编制流程，属于高频考点。做题思路：考查方式多以考查某流程的下一流程是什么，或者某流程应该干些什么为主，在学习中需要掌握相关流程及流程中的主要工作内容。该题题干中指出“文件执行过程中，公司计划部和安全生产部提出反对意见，认为该管理办法与公司现行预算管理制度相矛盾”，也就是说该制度在制定过程中没有向两个部门征求意见，因此其缺失的环节应当是会签环节。故选D。
单选题,[2020年][河南中安]某企业是一家食品机械设备加工企业，有焊接、机加工、装配、调试车间以及锅炉房、配电房等辅助设施。该企业必须进行强制性检查的项目是（ ）。,A.焊接车间的噪声|B.机加工车间的温度|C.装配车间的固定式5t电动葫芦|D.锅炉房的常压热水锅炉,C,本题主要考查的是安全生产检查的内容，属于高频考点。做题思路：掌握安全检查的强制检查项目和检查内容的分类为主。对非矿山企业，目前国家有关规定要求强制性检查的项目有锅炉、压力容器、压力管道、高压医用氧舱、起重机、电梯、自动扶梯、施工升降机、简易升降机、防爆电器、厂内机动车辆、客运索道、游艺机及游乐设施等，作业场所的粉尘、噪声、振动、辐射、温度和有毒物质的浓度等。安全生产检查具体内容应本着突出重点的原则进行确定。对于危险性大、易发事故、事故危害大的生产系统、部位、装置、设备等应加强检查。ABD错误，题干中是一家食品机械设备加工企业，AB选项的噪声和温度不是检查的重点；D选项非特种设备；C正确，固定式5t电动葫芦属于起重机。故选C。
单选题,[2020年][河南中安]M非煤矿山企业是N中央企业在L省的分公司。M企业中，甲是主要负责人，乙是安全管理人员，丙是电工，丁是选矿车间班长。根据《生产经营单位安全培训规定》，关于安全生产教育培训的说法，错误的是（ ）。,A.甲的安全生产教育培训由N企业组织实施，培训内容包括法律法规、安全生产专业知识等|B.乙的安全生产教育培训由M企业组织实施，培训内容包括法律法规、应急预案编制等|C.丁的安全生产教育培训由M企业组织实施|D.丙的专业知识培训由L省负责安全生产监督管理的部门组织实施，考核合格,D,本题主要考查的是企业安全生产教育培训，属于高频考点。做题思路：安全生产教育的培训组织、培训学时、培训内容等都需要熟练掌握。根据《生产经营单位安全培训规定》，生产经营单位应当进行安全培训的从业人员包括主要负责人、安全生产管理人员、特种作业人员和其他从业人员。生产经营单位从业人员的安全培训工作，由生产经营单位组织实施。A正确，M企业是N企业的分公司，因此其主要负责人的安全生产教育培训可由N企业组织实施，主要负责人的培训内容包括法律法规、安全生产专业知识等内容；B正确，乙作为安全生产管理人员，其安全教育可以由N企业组织实施，也可以由M企业组织实施，其培训内容包括法律法规、应急预案编制等内容；C正确，选矿车间班长的生产教育培训由M企业组织实施；D错误，丙是电工属于特种作业人员，但其生产教育培训仍由M企业组织实施。另外根据《特种作业人员安全技术培训考核管理规定》第十条对特种作业人员的安全技术培训，具备安全培训条件的生产经营单位应当以自主培训为主，也可以委托具备安全培训条件的机构进行培训。不具备安全培训条件的生产经营单位，应当委托具备安全培训条件的机构进行培训。生产经营单位委托其他机构进行特种作业人员安全技术培训的，保证安全技术培训的责任仍由本单位负责。故选D。
单选题,[2020年][河南中安]某大厦玻璃幕墙清洗过程中发生一起吊篮坠落事故，造成两名工作人员死亡。事故调查组发现吊篮坠落的原因是钢丝绳断裂。为查清钢丝绳断裂的原因，调查组将钢丝绳送省起重研究所进行鉴定。该起事故的调查技术方法是（ ）。,A.综合原因分析法|B.系统安全分析法|C.对照案例分析法|D.个别案例技术分析法,D,本题主要考查的是事故调查的技术方法。做题思路：事故调查是考试的高频考点，但本知识点在考试中考查的并不多，这部分经常考查的知识点包括事故调查组的组成、职责，事故调查报告的内容等。本题中，为查清钢丝绳断裂的原因调查组将钢丝绳送省起重研究所进行鉴定，属于针对具体案例的专门的技术分析。故选D。
单选题,[2020年][河南中安]某企业电焊机安全操作规程的部分内容为：电焊机应放在通风、干燥处，放置平稳检查焊接面罩应无漏光、无破损；导线有受潮、断股现象时应立即更换；施焊中，如发现自动停电装置失效，应及时停机，断电后检修处理；必须在潮湿处施焊时，焊工应站在绝缘木板上，不准用手触摸焊机导线，不准用臂夹持带电焊钳，以免触电。以上描述中，未涉及的安全操作规程重要内容是（ ）。,A.劳动防护用品的穿戴要求|B.操作前的准备|C.操作的先后顺序、方式|D.操作人员所处的位置,A,本题主要考查安全操作规程的内容，属于高频考点。做题思路：掌握安全操作规程的内容，注重知识点的灵活运用。操作规程的内容中包括劳动防护用品的穿戴要求、操作前的准备、操作的先后顺序、方式、操作人员所处的位置等十项内容。B正确，在本题中，“电焊机应放在通风、干燥处，放置平稳检查焊接面罩应无漏光、无破损”属于操作前的准备；C正确，“如发现自动停电装置失效，应及时停机，断电后检修处理”属于操作的先后顺序、方式；D正确，“必须在潮湿处施焊时，焊工应站在绝缘木板上”属于操作人员所处的位置。在本题给出的操作规程中并没有提及劳动防护用品的穿戴要求。故选A。
单选题,[2020年][河南中安]某市一建筑工程公司承包了开发区第一标段热力管网工程项目。2019年11月10日10时，在热力管网试运行过程中班长甲当面催促工作班成员乙进入阀门井调整阀门，随后甲发现乙晕倒在井下，急忙下井施救，也晕倒在井下。工作班成员丙急忙呼叫119、120前来急救。由于甲、乙缺氧时间过长，抢救无效死亡。关于此次现场管理的说法，错误的是（ ）。,A.甲应遵守“先通风、再检测、后作业”的原则进行作业安排|B.应当每两年至少组织一次有限空间作业专题安全培训|C.作业前阀井内气体检测指标应包括氧浓度、有毒有害气体浓度|D.该建筑公司应对甲、乙、丙进行专项安全培训,B,本题主要考查的是有限空间作业管理，属于高频考点。A正确，有限空间作业应当严格遵守“先通风、再检测、后作业”的原则；B错误，应当每年至少组织一次有限空间作业专题安全培训；C正确，检测指标包括氧浓度、易燃易爆物质（可燃性气体、爆炸性粉尘）浓度、有毒有害气体浓度；D正确，生产经营单位负责本单位从业人员安全培训工作，故该建筑公司应对甲、乙、丙进行专项安全培训。故选B。
单选题,[2020年][河南中安]某机械加工企业聘请技术服务机构进行职业病危害现状评价。该企业锻造车间内有150㎏、400㎏空气锤，1t、2t、3t蒸汽锤，加热炉、退火炉等生产设备，该技术服务机构现场测定出噪声最大声强达到95dB。关于职业病危害现状评价报告中涉及噪声危害的内容，错误的是（ ）。,A.锻造车间噪声危害为极重危害|B.白天厂界噪声应控制在65dB以内|C.个体防护应采取耳罩降噪措施|D.锻造车间应采用吸声降噪技术,A,本题主要考查的是职业病危害评价。做题思路：掌握噪声分级内容，结合经验分析选项，再利用排除法进行选择。A错误，依据《工作场所职业病危害作业分级 第4部分：噪声》（GBZ/T 229.4）第4.3.1表1：该危害应当属于重度危害；B正确，依据《声环境质量标准》（GB 3096-2008）第4部分，3类声环境功能区：指以工业生产、仓储物流为主要功能，需要防止工业噪声对周围环境产生严重影响的区域。判断该厂区为3类声环境功能区。依据《工业企业厂界环境噪声排放标准》（GB 12348-2008）第4.1.1判断该厂区昼间厂界噪声应控制在65dB以内；C正确，对于锻造车间由于其噪声危害严重，故其个体防护应当采取耳罩降噪措施；D正确，重度危害的作业条件下，会对劳动者的健康产生不良影响。应尽可能采取工程技术措施，进行相应的整改，因此应当采取吸声降噪措施[《工作场所职业病危害作业分级 第4部分：噪声》（GBZ/T 229.4）]。故选A。
单选题,[2020年][河南中安]2019年某面粉厂发生爆炸事故，造成3人死亡，机器、厂房损毁。事故善后发生费用40万元，支付丧葬费30万元，抚恤金360万元，机器、厂房原值280万元。保险公司赔付人身意外伤害保险360万元，赔付机器、厂房原值280万元。事故调查结束后，地方政府有关部门对企业总经理处罚2万元对企业处罚50万元。该事故直接经济损失是（ ）。,A.70万元|B.760万元|C.140万元|D.708万元,B,本题主要考查的是生产安全事故经济损失的计算，属于高频考点。做题思路：先区分直接经济损失和间接经济损失，后根据要求计算。该起事故中造成的直接经济损失包括：事故善后发生费用、支付丧葬费、抚恤金、企业事故罚款及机器、厂房等固定资产的损失（根据保险公司的赔付判断固定资产损失为280万元）。综上，该起事故造成的直接经济损失为：40＋30＋360＋50＋280＝760万元。故选B。
单选题,[2020年][河南中安]甲市乙区一地铁施工项目采用矿山法进行车站施工时发生火药爆炸，造成1人死亡。事故调查结束后，事故调查组提交了事故调查报告，提出了相应的防范和整改措施。负责对该事故落实防范和整改措施进行监督检查的部门是（ ）。,A.甲市负责安全生产监督管理的部门|B.甲市住建部门|C.乙区负责安全生产监督管理的部门|D.乙区住建部门,C,本题主要考查的是事故防范和整改措施的落实。做题思路：遵循属地管理原则明确划分责任，使管理更具便利性和效率性。安全生产监督管理部门和负有安全生产监督管理职责的有关部门，应当对事故发生单位负责落实防范和整改措施的情况进行监督检查。在本题中事故造成1人死亡，据此判断事故为一般事故，因此，应由乙区负责安全生产监督管理的部门监督检查。故选C。
单选题,[2020年][河南中安]某金矿新建二期工程于2019年5月竣工，为有效提升应急处置能力，该矿计划开展如下应急管理工作：①每年组织一次专项应急预案演练，每半年组织一次现场处置方案演练；②企业应急预案每三年进行一次预案评估；③洗选车间人员中毒专项应急预案修订完成后应在公布30日之内向有关部门备案；④明确尾矿库漫坝时现场人员有权采取撤离危险区域的措施。上述计划开展的应急管理工作中不符合要求的是（ ）。,A.①|B.②|C.③|D.④,C,本题主要考查的是应急预案的管理，属于高频考点。做题思路：掌握应急预案的管理，记忆各个时间节点的要求。应急预案的备案、演练，演练内容等相关知识点均为常考点。序号①，生产经营单位应当制定本单位的应急预案演练计划，根据本单位的事故风险特点，每年至少组织一次综合应急预案演练或者专项应急预案演练，每半年至少组织一次现场处置方案演练。故①符合。序号②，矿山、金属冶炼、建筑施工企业和易燃易爆物品、危险化学品等危险物品的生产、经营、储存、运输企业、使用危险化学品达到国家规定数量的化工企业、烟花爆竹生产、批发经营企业和中型规模以上的其他生产经营单位，应当每三年进行一次应急预案评估。故②符合。序号③，易燃易爆物品、危险化学品等危险物品的生产、经营、储存、运输单位，矿山、金属冶炼、城市轨道交通运营、建筑施工单位，以及宾馆、商场、娱乐场所、旅游景区等人员密集场所经营单位，应当在应急预案公布之日起20个工作日内，按照分级属地原则，向县级以上人民政府应急管理部门和其他负有安全生产监督管理职责的部门进行备案，并依法向社会公布。故③不符合。序号④，从业人员发现直接危及人身安全的紧急情况时，有权停止作业或者在采取可能的应急措施后撤离作业场所。因此明确尾矿库漫坝时现场人员有权采取撤离危险区域的措施符合要求，故④符合。故选C。
单选题,[2020年][河南中安]某企业在推动安全文化建设过程中，首先从人员的行为规范入手，在厂区内实行人车分流管理模式，指定人车行走轨迹路线，倡导员工“两人成行，三人成列”。按照指定的人行路线出入厂区，形成了浓厚的安全文化氛围。2019年9月，企业从学校和社会分别招聘了5名员工。一周后，这10名员工也按照指定行走路线，自觉做到出入厂区时“两人成行，三人成列”。新员工的这种行为，体现了安全文化功能中的（ ）。,A.导向功能|B.激励功能|C.辐射和同化功能|D.凝聚功能,C,本题主要考查的是企业安全文化的功能，属于高频考点。做题思路：掌握企业安全文化的功能，清晰理解每种功能的特点。辐射和同化功能是指企业安全文化一旦在一定的群体中形成，便会对周围群体产生强大的影响作用，迅速向周边辐射。而且，企业安全文化还会保持一个企业稳定的、独特的风格和活力，同化一批又一批新来者，使他们接受这种文化并继续保持与传播，使企业安全文化的生命力得以持久。在本题中首先老员工形成了浓厚的安全文化氛围，按照“两人成行，三人成列”的路线出入厂区，带动了新员工也自觉做到出入厂区时“两人成行，三人成列”，这就体现了企业的安全文化同化了一批又一批新来者，使他们接受这种文化并继续保持与传播，即体现了安全文化的辐射和同化功能。故选C。
单选题,[2020年][河南中安]某企业生产系统包括物料装卸、场内传送，电气、热力等生产系统，且相互关联，根据相关规定，企业要求有关作业人员必须取得政府部门颁发的作业资格证书。下列作业人员中，应取得作业资格证书的是（ ）。,A.物料装卸工|B.热力操作员|C.架子工|D.皮带运行工,C,本题主要考查的是特种作业人员的相关知识，属于高频考点。做题思路：本题出题范围广，考查的特种人员类型多，需要我们有一定的知识广度。电焊工、架子工、起重工、电工、射线探伤人员等具备作业要求的相应能力，取得政府部门颁发的作业资格证书。故选C。
单选题,[2020年][河南中安]某矿山过去10年平均年降水量为1765㎜，尾矿库上游水平投影面积约7km。为做好防洪工作，矿山计划编制《尾矿库汛期防洪专项应急预案》，本预案除洪水可能造成的事故风险分析、应急组织机构和职责内容外，还应包含的内容是（ ）。,A.处置措施，应急恢复|B.处置程序，应急恢复|C.处置措施，应急保障|D.处置程序，应急措施,C,本题主要考查的是专项预案的内容，属于高频考点。做题思路：考试中还经常考查现场处置方案及综合应急预案的内容，需要我们掌握。本题题干中已经指出，该矿山编制的为《尾矿库汛期防洪专项应急预案》，专项应急预案的内容主要包括适用范围、应急指挥机构及职责、响应启动、处置措施、应急保障。故选C。
单选题,[2020年][河南中安]甲公司将1号设备系统检修工作发包给乙公司，将配套的环保设施改造工程发包给丙公司。甲公司与乙公司、丙公司分别签订了项目合同和安全生产管理协议。施工期间，乙公司使用的平臂吊与丙公司使用的150t汽车吊吊臂发生碰撞，汽车吊吊臂断裂，将项目一名工作人员砸伤。甲公司在该起事故中承担（ ）。,A.受伤人员的医疗费用|B.起重作业指挥不到位的责任|C.设备的经济损失|D.乙、丙协调不到位的责任,D,本题主要考查的是生产经营单位承包管理，属于高频考点。做题思路：掌握承发包和交叉作业的安全管理，明确承包商安全管理职责。依据《安全生产法》，第四十九条：生产经营单位不得将生产经营项目、场所、设备发包或者出租给不具备安全生产条件或者相应资质的单位或者个人。生产经营项目、场所发包或者出租给其他单位的，生产经营单位应当与承包单位、承租单位签订专门的安全生产管理协议，或者在承包合同、租赁合同中约定各自的安全生产管理职责；生产经营单位对承包单位、承租单位的安全生产工作统一协调、管理，定期进行安全检查，发现安全问题的，应当及时督促整改。据此，生产经营单位承担的是对承包单位安全生产工作统一协调、管理的职责，在本起事故中甲公司作为发包方，对本起事故的职责应为对乙、丙协调不到位。故选D。
单选题,[2020年][河南中安]公司对餐厨垃圾处理和利用建设项目进行安全预评价，该项目包括餐厨垃圾接收容纳系统、传送系统、油水分离系统、脱水干燥系统和固态物发酵系统等。关于脱水干燥系统危险有害因素辨识的说法，正确的是（ ）。,A.根据生产过程危险和有害因素分类标准，脱水干燥系统安全标志不清晰属于环境缺陷|B.对照国家法律法规和标准对脱水干燥系统危险有害因素辨识属于类比法|C.考虑脱水干燥系统起因物造成的伤害方式，辨识该系统存在烫伤危险因素|D.根据相似工程系统的统计资料，对脱水干燥系统危险有害因素进行辨识的方法属于对照、经验法,C,本题主要考查的是系统危险有害因素辨识，属于高频考点。A错误，根据《生产过程危险和有害因素分类》（GB/T 13861）安全标志不清晰属于物的因素；B错误，对照国家法律法规和标准对脱水干燥系统危险有害因素辨识，属于对照、经验法；C正确，脱水干燥系统存在热源可能导致烫伤；D错误，根据相似工程系统的统计资料，对脱水干燥系统危险有害因素进行辨识的方法属于类比方法。故选C。
单选题,[2020年][河南中安]某大型食品生产加工企业为缓解一线辅助生产人员不足的问题，分别与劳务派遣公司和职业学校签订合同，由劳务派遣公司派遣6名劳务人员到企业锅炉车间工作，职业学校派20名实习学生到包装车间工作。关于安全生产培训教育的做法，错误的是（ ）。,A.企业应负责实习学生安全操作规程的培训|B.职业学校应协助企业对实习学生进行安全生产教育和培训|C.企业应建立劳务派遣人员和实习学生的安全生产教育和培训档案|D.劳务派遣公司应负责劳务派遣人员安全操作规程的教育和培训,D,本题主要考查的是对劳务派遣人员、实习人员的教育培训，属于高频考点。做题思路：生产经营单位应对进入企业的从业人员进行安全生产教育培训，防止产生不安全行为、减少人为失误。A正确，生产经营单位接收中等职业学校、高等学校学生实习的，应当对实习学生进行相应的安全生产教育和培训，提供必要的劳动防护用品；B正确，学校应当协助生产经营单位对实习学生进行安全生产教育和培训；C正确，生产经营单位应当建立健全从业人员安全生产教育和培训档案，由生产经营单位的安全生产管理机构以及安全生产管理人员详细、准确记录培训的时间、内容、参加人员以及考核结果等情况；D错误，生产经营单位使用被派遣劳动者的，应当将被派遣劳动者纳入本单位从业人员统一管理，对被派遣劳动者进行岗位安全操作规程和安全操作技能的教育和培训。劳务派遣单位应当对被派遣劳动者进行必要的安全生产教育和培训。故应当由企业负责劳务派遣人员安全操作规程的教育和培训，而不是劳务派遣公司。故选D。
单选题,[2020年][河南中安]甲公司拟投资建设一大型商业综合体项目，由乙公司总承包，乙公司将土石工程发包给丙公司，结构和给排水机电施工工程，发包给丁公司。施工过程中，负责该建设项目的安全生产工作统一协调、管理的单位是（ ）。,A.乙|B.甲|C.丙|D.丁,B,本题主要考查的是生产经营单位的安全生产管理责任，属于高频考点。做题思路：掌握生产经营单位的安全生产主体责任。生产经营单位对安全生产工作统一协调、管理。故选B。
单选题,[2020年][河南中安]某金属矿由于局地强降雨，尾矿库坝基渗水，洗选厂厂房漏水，露天矿积水2m矿内山体土质松动。根据《安全生产事故隐患排查治理暂行规定》（国家安全生产监督管理总局令第16号），关于该矿向有关部门报告重大事故隐患时限的说法，正确的是（ ）。,A.洗选厂隐患应于下月15日前报负责安全生产监督管理的部门|B.露天矿隐患应于发现后30日内报国土资源部门|C.尾矿库坝基隐患应于下季度15日前报送负责安全生产监督管理的部门|D.山体松动隐患应于发现后10日内报住建部门,C,本题主要考查的是事故隐患排查治理情况报送的要求，属于高频考点。做题思路：掌握隐患排查治理，清晰上报主体责任、时间节点及报送部门。生产经营单位应当每季、每年对本单位事故隐患排查治理情况进行统计分析，并分别于下一季度15日前和下一年度31日前向安全监管监察部门和有关部门报送书面统计分析表。对于重大事故隐患，生产经营单位除依照上述要求报送外，还应当及时向安全监管监察部门和有关部门报告。因此无论是重大隐患还是一般隐患，其都应当在下一季度15日前报送负责安全生产监督管理的部门，只是重大隐患还需要及时上报。故选C。
单选题,[2020年][河南中安]某大型速冻食品加工企业使用液氨储量为13t的制冷系统，根据《企业安全生产标准化基本规范》（GB/T 33000），开展了安全生产标准化“制度化管理”工作，将现有的安全生产台账按体系要求进行归类管理。下列整理“现场管理”体系要素台账的做法中，正确的是（ ）。,A.将工具的定置管理等台账从“现场管理”要素台账中移出|B.将隐患排查治理台账归到“现场管理”要素台账|C.将13t液氨储罐台账从“现场管理”要素台账中移出|D.将安全生产现状评价资料归到“现场管理”要素台账,C,本题主要考查的是安全生产标准化的要素，属于高频考点。做题思路：掌握安全生产标准化，在理解的基础上对应一级要素和二级要素的具体内容进行区分记忆。A错误，工具的定置管理属于作业安全，现场管理二级要素包括设备设施管理、作业安全、职业健康及警示标志，因此将工具的定置管理不应当从现场管理中移出；B错误，“隐患排查治理”属于“安全风险管控及隐患排查治理”中的二级要素，不应当归入现场管理；C正确，13t液氨储罐属于重大危险源，“重大危险源辨识与管理”属于“安全风险管控及隐患排查治理”中的二级要素，不应当放入现场管理；D错误，安全生产现状评价资料属于文档管理，“文档管理”属于“制度化管理”中的二级要素。故选C。
单选题,[2020年][河南中安]安全生产标准化以“PDCA”循环实现动态管理，具有点面结合、条块结合、循环滚动、持续改进的特点。8个一级要素涵盖了安全生产管理的各项工作，在安全生产标准化建设过程中应体现“三全”要求和“四重”特点。关于“四重”内容的说法，正确的是（ ）。,A.重在宣传、重在培训、重在落实、重在改进|B.重循环、重整体、重依据、重落实|C.重在基础、重在基层、重在落实、重在治本|D.重目标、重分解、重落实、重循环,C,本题考查的是企业开展安全生产标准化建设流程及注意事项。做题思路：适当关注企业在建设过程中应注意的问题，把“三全”“四重”当作常识来了解。“三全”、“四重”的说法目前可考证的起源于2012年12月4日中国安全生产协会发布的，作者为国家安全监管总局《调查研究》的文章——《安全生产标准化工作的历史、现状和前景》，在该文中指出开展安全生产标准化活动“重在基础、重在基层、重在落实、重在治本”即四重特点，另外“三全”要求指的是“全员、全过程、全方位”。故选C。
单选题,[2020年][河南中安]甲公司是一家生产消毒剂的民营企业。针对疫情防控市场需求，甲公司决定扩大生产规模，新建一条生产线，成立了项目部。项目部将新建项目发包给乙公司，同时聘请丙公司进行监理。关于项目及相关方安全管理的做法，正确的是（ ）。,A.甲公司明确项目部为发包工程归口管理部门|B.项目部以部门名义将该工程项目发包给乙公司|C.项目建设期间乙公司造成的生产安全事故由乙公司负责|D.甲公司要求丙公司承担施工现场的安全管理责任,A,本题主要考查的是承包商管理，属于高频考点。做题思路：掌握承发包安全管理，明确承包商安全管理职责。A正确，生产经营单位应明确发包工程归口管理部门，统一对发包工程进行管理。甲公司明确了项目部为发包工程归口管理部门；B错误，生产经营单位发包工程项目，应以生产经营单位名义进行，严禁以某一部门的名义进行发包。因此，不能以项目部一个部门的名义将该工程项目发包给乙公司；C错误，项目建设期间发生的生产安全事故，要根据事故的具体情况来判断各单位应当负的责任，不能一概而论；D错误，丙公司为监理单位，不能承担施工现场的安全管理责任。故选A。
单选题,[2020年][河南中安]某市一建筑施工企业为了能够按工期要求完工，向施工项目部增派劳动力。其中，刘某和李某为临时招用人员，未经培训立即上岗。现场塔吊吊装大型模板时，刘某指挥塔吊作业，李某在高处搭设脚手架且未系安全带，现场无安全管理人员巡查。由于塔吊运行起升高度不够且运行速度较快运行过程中吊物撞击脚手架，导致李某坠落死亡。关于此次事故原因的说法，错误的是（ ）。,A.刘某和李某未经培训直接上岗为间接原因|B.李某未系安全带为间接原因|C.刘某违章指挥为直接原因|D.项目部安全管理人员未进行现场检查为间接原因,B,本题主要考查的是事故的原因分析，属于高频考点。做题思路：掌握事故的原因分析，后区分直接原因和间接原因。A正确，未经培训为间接原因；B错误，属于人的不安全行为为直接原因；C正确，属于人的不安全行为为直接原因；D正确，属于对现场工作缺乏检查或指导错误。故选B。
单选题,[2020年][河南中安]某建筑公司为了加强工程建设项目安全管理，起草了《工程建设项目安全管理制度》该制度涉及建设项目组织机构建立和职责划分、危险性较大的分部分项工程（简称“危大工程”）专项方案论证、危险作业安全技术交底、安全协议签订要求、安全零事故奖励、对承包商的安全奖惩等内容。关于“危大工程”安全管理规定的说法，错误的是（ ）。,A.项目技术负责人应当向施工现场管理人员进行方案交底|B.第三方监测单位应当取得相应的安全资质|C.施工单位拒不按照专项方案施工，监理单位应当及时报所在地住建部门|D.建设单位在应急抢险结束后，应对抢险工作进行评估,B,本题主要考查的是危险性较大的分部分项工程安全管理。A正确，专项施工方案实施前，编制人员或者项目技术负责人应当向施工现场管理人员进行方案交底；B错误，错在“安全资质”，安全资质不同于勘察资质。对于按照规定需要进行第三方监测的危大工程，建设单位应当委托具有相应勘察资质的单位进行监测；C正确，监理单位发现施工单位未按照专项施工方案施工的，应当要求其进行整改；情节严重的，应当要求其暂停施工，并及时报告建设单位。施工单位拒不整改或者不停止施工的，监理单位应当及时报告建设单位和工程所在地住房城乡建设主管部门。拒不按照专项方案施工实际上就是拒不整改；D正确，危大工程应急抢险结束后，建设单位应当组织勘察、设计、施工、监理等单位制定工程恢复方案，并对应急抢险工作进行后评估。故选B。
单选题,[2020年][河南中安]甲公司进行脱硝系统氨区改造，委托乙公司拆除原有液氨储罐及相关管路。为保证作业人员安全，乙公司除配置安全帽、空气呼吸器、防护手套、安全带等劳动防护用品外，还需配置的劳动防护用品是（ ）。,A.防寒服|B.绝缘靴|C.耳塞|D.护目镜,D,本题主要考查的是劳动防护用品的选用，属于高频考点。做题思路：根据劳动者工作场所中存在的危险、有害因素种类及危害程度、劳动环境条件等制定劳动防护用品配备标准。在本题中拆除原有液氨储罐及相关管路，其残留的氨气可能对眼睛造成伤害，在拆卸过程中也可能引起飞溅物对眼睛造成伤害，因此应当配护目镜。防寒服、绝缘鞋和耳塞都不是必需的。故选D。
单选题,[2020年][河南中安]根据建设项目安全设施“三同时”的有关要求。建设项目竣工后在投入生产或使用前进行试运行。一些建设项目试运行前，应将试运行方案报负责安全生产监督管理的部门备案。下列建设项目中，应履行备案手续的是（ ）。,A.烟花爆竹建设项目|B.大型游乐场建设项目|C.碳化钙建设项目|D.道路交通建设项目,C,本题主要考查的是建设项目“三同时”施工和竣工验收，属于高频考点。做题思路：生产、储存危险化学品的建设项目和化工建设项目危险性较高，该知识点着重记忆。生产、储存危险化学品的建设项目和化工建设项目，应当在建设项目试运行前将试运行方案报安全生产监督管理部门备案。在本题的四个选项中，只有碳化钙建设项目属于危险化学品建设项目。故选C。
单选题,[2020年][河南中安]某地方国有独资企业主要从事危险化学品的生产及储存业务。由于长期亏损，该企业安全生产投入资金严重不足，化工生产装置失修，引发安全生产责任事故。根据安全生产管理有关规定该企业应承担安全生产资金投入不足责任的人员是（ ）。,A.生产经理|B.财务总监|C.安全总监|D.总经理,D,本题主要考查的是安全生产投入保证的要求，属于高频考点。做题思路：本题考察承担安全生产资金投入不足责任的人员，其核心还是主要负责人的职责。依据《安全生产法》第二十三条：生产经营单位应当具备的安全生产条件所必需的资金投入，由生产经营单位的决策机构、主要负责人或者个人经营的投资人予以保证，并对由于安全生产所必需的资金投入不足导致的后果承担责任。在本题中主要负责人为总经理，故应承担安全生产资金投入不足责任的人员为总经理。故选D。
单选题,[2020年][河南中安]某金属矿山企业在进行风险管控和隐患排查工作中，对井下采场存在的危险和有害因素进行了辨识，同时给出了有关危险有害因素所属的类别。根据《生产过程危险和有害因素分类与代码》（GB/T 13861），下列有关危险有害因素所属类别的说法中，错误的是（ ）。,A.采场风钻噪声超标是物的因素|B.放矿口信号显示错误是物的因素|C.顶板冒落浮石是物的因素|D.采场存在的α粒子是环境因素,D,本题主要考查的是《生产过程危险和有害因素分类与代码》（GB/T 13861），属于高频考点。做题思路：掌握并区分人的因素、物的因素、环境因素和管理因素。ABC正确，D错误，D选项，采场存在的α粒子是物的因素，其他三个选项的分类均是正确的。故选D。
单选题,[2020年][河南中安]根据特殊作业许可管理要求，动火作业必须制定可靠的安全措施。下列动火作业安全措施中，错误的是（ ）。,A.甲类区域生产设备的伴热蒸汽管道上动火不用进行动火分析|B.距动火点10m内有可燃液体排放的动火可以采用硬隔离方法|C.盛装过危险化学品罐体上的动火必须进行置换和动火分析|D.二级动火作业的动火作业许可证由动火点所在车间审批,A,本题主要考查的是动火作业安全管理，属于高频考点。做题思路：掌握动火作业安全管理的安全措施。A错误，《建筑设计防火规范》（GB 50016）、《石油化工企业设计防火标准》（GB 50160）、《石油库设计规范》（GB 50074）中火灾危险性分类为甲、乙类区域的场所称之为易燃易爆场所，在易燃易爆场所进行的除特殊动火作业以外的动火作业均属于一级动火作业，一级动火作业需要进行动火分析；B正确，对于动火点周围15m范围内有可能泄漏易燃、可燃物料的设备设施，应采取隔离措施，隔离措施是一个类别，硬隔离是隔离措施中的一种方法；C正确，凡在盛有或盛装过危险化学品的设备、管道等生产、储存设施及处于《建筑设计防火规范》（GB 50016）、《石油化工企业设计防火标准》（GB 50160）、《石油库设计规范》（GB 50074）规定的甲、乙类区域的生产设备上动火作业，应将其与生产系统彻底隔离，并进行清洗、置换分析合格后方可作业；D正确，依据新的规范，二级动火作业由动火作业基层单位审批。但依据旧规范，D选项正确。故选A。
单选题,[2020年][河南中安]某化工企业污水处理厂的管井内存在有毒、易燃易爆气体、缺氧、潮湿等危险有害因素容易发生中毒窒息和火灾爆炸等事故，因此管井内清污应按照特殊作业进行管理。关于管井清污作业现场管理要求的说法，错误的是（ ）。,A.作业许可由污水处理厂负责办理|B.受限空间作业前需要进行通风和气体检测|C.管井清污作业要持续进行气体监测|D.进入潮湿管井作业时照明电压应小于36V,D,本题主要考查的是受限空间作业管理，属于高频考点。做题思路：掌握受限空间的作业许可管理和作业安全措施，细节处多多要留心。由于本题中企业为化工企业，故其实质考查的是《危险化学品企业特殊作业安全规范》（GB 30871）。A正确，受限空间作业在作业前，作业单位应办理作业审批手续，可由污水处理厂办理；B正确，应保持受限空间空气通风良好（可采取自然通风，必要时应采用机械通风），并对受限空间内的气体浓度进行严格监测；C正确，管井清污属于可能释放有害物质的受限空间，应当连续监测；D错误，受限空间照明电压应小于或等于36V，在潮湿容器，狭小容器内作业电压应小于或等于12V。故选D。
单选题,[2020年][河南中安]某省为召开安全生产工作会议，编制了年度工作报告，报告中涉及了对上一年度事故的统计、分析，分管领导在审阅报告后，强调报告要通过形象、直观的统计图表揭示本省事故多发频发的区域，该报告适用的统计图表是（ ）。,A.统计地图|B.条形图|C.散点图|D.对数线图,A,本题主要考查的是统计图的类型及其应用，属于高频考点。做题思路：掌握常用的事故统计方法，根据特点进行区分。统计图中的统计地图适用于描述某种现象的地域分布，在本题中“领导在审阅报告后，强调报告要通过形象、直观的统计图表揭示本省事故多发频发的区域”因此，该报告使用的统计图表应为统计地图。故选A。
单选题,[2020年][河南中安]【根据新规改编】某磷矿企业2019年从地下矿开采磷矿石1万吨，从露天矿开采磷矿石2万吨。根据《企业安全生产费用提取和使用管理办法》，关于2019年该企业安全生产费用提取和使用的说法，正确的是（ ）。,A.费用提取14万元，由企业自己提取，自己使用|B.费用提取8万元，由财政部门提取，下拨使用|C.费用提取8万元，由负责安全生产监督管理的部门提取，下拨使用|D.费用提取14万元，由财政部门提取，下拨使用,A,本题主要考查的是安全生产费用的提取，属于高频考点。做题思路：先区分不同行业，记住各行业对应的提取依据和提取比例或额度，再来确定安全生产费用的提取标准。安全生产费用是指企业按照规定标准提取在成本中列支，专门用于完善和改进企业或者项目安全生产条件的资金。安全费用按照“企业提取、政府监管、确保需要、规范使用”的原则进行管理。对于非金属矿山，其安全生产费用的提取标准为：露天矿山每吨3元，地下矿山每吨8元；故该企业安全生产费用1×8＋2×3＝14万元，由企业自己提取，自己使用。故选A。
单选题,[2020年][河南中安]某化工企业进行现场吊装作业，汽车吊试吊后，将一台40t储罐从停止送电的6kV输电线路上方吊至厂房3层平台上安装。在现场安全员的指挥下吊车司机将储罐吊起，越过高压线路时，吊车突然倾翻，储罐坠落砸断输电线。根据《危险化学品企业特殊作业安全规范》（G,B.30871），本次吊装作业违反安全管理要求的是（ ）。|A.本次吊装作业按照二级进行管理|B.现场安全员指挥吊装|C.吊装作业时6kV输电线路停止送电|D.起吊前对储罐进行试吊,B,本题主要考查的是吊装作业安全管理，属于高频考点。做题思路：判断吊装作业等级，掌握吊装作业安全管理要求。A正确，二级吊装作业：40t≤m≤100t；本次作业吊物重40t，因此应为二级吊装作业；B错误，指挥人员应佩戴明显的标志，并按规定的联络信号进行指挥，不能由安全员进行指挥；C正确，不应靠近输电线路进行吊装作业。确需在输电线路附近作业时，起重机械的安全距离应大于起重机械的倒塌半径并符合要求；不能满足时，应停电后再进行作业；D正确，起吊前应进行试吊，试吊中检查全部机具、地锚受力情况，发现问题应将吊物放回地面，排除故障后重新试吊，确认正常后方可正式吊装。故选B。
单选题,[2020年][河南中安]根据国家相关要求，应对叉车有关项目进行强制性检查。除检查叉车日常运行记录、叉车人员取证等项目外，还应强制性检查的项目（ ）。,A.叉车年度检测报告|B.叉车维修租赁使用记录日|C.叉车人员培训学时数|D.叉车司机工伤保险缴纳记录,A,本题主要考查的是叉车使用的有关规定。依据《场（厂）内专用机动车辆安全技术监察规程》使用单位应当遵守《特种设备使用管理规则》的规定，同时还应当符合以下要求：（6）检验有效期届满的1个月以前，向特种设备检验机构提出定期检验申请，接受检验，并且做好定期检验相关的配合工作：（9）场车驾驶人员取得相应的《特种设备作业人员证》，持证上岗；（10）按照本规程要求，进行场车的日常维护保养、自行检查和全面检查。即叉车日常运行记录、叉车人员取证、叉车年度检测报告。故选A。
单选题,[2020年][河南中安]某集团公司为加强安全生产管理，在基层全面推进双重预防机制建设工作，公司下属工厂从总平面布置、道路运输、生产车间、安全管理组织等方面进行了危险源辨识。根据《生产过程危险和有害因素分类与代码》（GB/T 13861），关于工厂危险有害因素分类的说法，正确的是（ ）。,A.车间劳动组织不合理属于管理因素|B.车间疏散通道、安全出口设计缺陷属于室内作业场所环境不良|C.夏季温度高，员工室外作业容易中暑，属于综合性作业场所环境不良|D.运输车辆集中时段进出工厂，导致交通不畅属于室外作业场所环境不良,B,本题主要考查的是《生产过程危险和有害因素分类与代码》（GB/T 13861）中危险和有害因素的辨识，属于高频考点。做题思路：掌握并区分人的因素、物的因素、环境因素和管理因素。A错误，车间劳动组织不合理不属于管理因素，在《生产过程危险和有害因素分类与代码》（GB/T 13861）并不能准确的找到劳动组织属于那种分类，劳动组织不合理属于劳动过程中的危险有害因素；C错误，夏季温度高，员工室外作业容易中暑，属于室外作业场地环境不良中的作业场地温度、湿度、气压不适；D错误，运输车辆集中时段进出工厂，导致交通不畅属于人的因素中的指挥失误。故选B。
单选题,[2020年][河南中安]某煤矿针对规范“应急管理”体系要素内容相关工作展开了讨论，根据《企业安全生产标准化基本规范》（GB/T 33000），关于“应急管理”体系要素内容归属的说法，正确的是（ ）。,A.与邻近的专业应急救援队伍签订应急救援服务协议属于“应急准备”要素的内容|B.每年开展一次应急准备的评估属于“应急准备”要素的内容|C.工业广场防汛应急演练时协同周边企业开展救援属于“应急处置”要素的内容|D.井下触电事故救援结束后开展应急处置评估属于“应急处置”要素的内容,A,本题主要考查的是安全生产标准化的要素管理，属于高频考点。做题思路：掌握安全生产标准化，在理解的基础上对应一级要素和二级要素的具体内容进行区分记忆。B错误，每年开展一次应急准备的评估属于“应急评估”要素的内容；C错误，工业广场防汛应急演练时协同周边企业开展救援属于应急演练，即属于“应急准备”要素的内容；D错误，井下触电事故救援结束后开展应急处置评估属于“应急评估”要素的内容。故选A。
单选题,[2020年][河南中安]某安全评价机构员工甲、乙、丙、丁对该市化工园区内的生产线、罐区及存储库进行安全评价，四人对单元划分的原则，提出了不同看法，根据《危险化学品重大危险源辨识》（G,B.18218），四人关于单元划分原则的看法中，错误的是（ ）。|A.乙认为生产装置及设施之间应以切断阀为分割界限划分单元|B.甲认为丙酮生产厂区应独立划分为一个单元|C.丙认为丙酮储存单元应以罐区防火堤为界划分单元|D.丁认为丙酮存储库相对独立，应划分为一个单元,B,本题主要考查的是重大危险源的评价单元划分，属于高频考点。做题思路：掌握重大危险源的评价单元划分规则，后根据关键词判断正误。依据《危险化学品重大危险源辨识》（GB 18218）生产单元是指危险化学品的生产、加工及使用等的装置及设施，当装置及设施之间有切断阀时，以切断阀作为分隔界限划分为独立的单元。储存单元是指用于储存危险化学品的储罐或仓库组成的相对独立的区域，储罐区以罐区防火堤为界限划分为独立的单元，仓库以独立库房（独立建筑物）为界限划分为独立的单元。B错误，综上生产区应当以切断阀作为分隔界限划分为独立的单元。故选B。
单选题,[2020年][河南中安]甲公司实施一项大型技改项目拟将与该项目配套的办公楼、工艺楼建设项目等发包给乙公司。按照相关要求，甲公司安全管理部门对乙公司进行了安全资质审查。下列乙公司提供的安全资质审查资料中，符合要求的是（ ）。,A.法定代表人证明书、安全生产许可证、主要负责人安全生产考核合格证书、近两年的安全业绩|B.法定代表人证明书、安全生产许可证、安全管理体系程序文件及有效评审报告、近两年的安全业绩|C.特种作业证书、安全生产许可证、主要负责人安全生产考核合格证书、近两年的安全业绩|D.安全生产许可证、主要负责人安全资格证书、安全管理体系有效评审报告、近两年的安全业绩,D,本题主要考查的是承包商的安全资质审查，属于高频考点。做题思路：掌握承包商资质审查应提供的资料，理解的基础上区分业务资质审查和安全资质审查。安全资质审查应提供的资料包括：（1）承包商安全资质审查表；（2）安全资质证书，如安全生产许可证、职业安全健康管理体系认证证书等；（3）主要负责人、项目负责人、安全生产管理人员经政府有关部门安全生产考核合格名单及证书；（4）企业近两年的安全业绩，包括施工经历、重大安全事故情况档案、事故发生率及原始记录、安全隐患治理情况档案等；（5）安全管理体系程序文件及有效评审报告。ABC不符合，D符合。AB选项中不包括法定代表人证明书，C选项中不包括特种作业证书。故选D。
单选题,[2020年][河南中安]某机械企业在开展安全生产专项隐患排查活动后，总经理安排生产技术部牵头对发现的重大事故隐患制定治理方案。在方案评审过程中，总经理听取了“治理的目标和任务”“采取的方法和措施”，“经费和物资的落实”，“负责治理的机构和人员”，“治理的时限和要求”五部分内容的汇报后，对方案的五部分完整性提出了质疑。上述方案缺少的重要内容是（ ）。,A.安全措施和应急预案|B.检测检验和验收要求|C.备案的程序和时限规定|D.第三方评审及报告,A,本题主要考查的是重大事故隐患的治理方案内容，属于高频考点。做题思路：首先明确事故最终要达到的状态和方向，其次针对隐患原因确定方法，再次计算所需资金和物资和谁来治理，最后规定治理的起止时间和要求。重大事故隐患治理方案应当包括以下内容：治理的目标和任务，采取的方法和措施，经费和物资的落实，负责治理的机构和人员，治理的时限和要求，安全措施和应急预案。根据题干，该企业制定的方案中缺少“安全措施和应急预案”。故选A。
单选题,[2020年][河南中安]某火力发电企业安全管理人员每天进行一次现场巡回检查，其行走路线依次为控制室省煤器灰斗一脱硝灰斗一电除尘器一输灰管道—氨水罐区。关于该安全管理人员在巡回检查过程中配备劳动防护用品的说法，错误的是（ ）。,A.应为安全管理人员配备安全帽、耳塞等防护用品|B.应为其进入氨水罐区巡检配备随身携带的正压式呼吸器|C.选用的防护用品应考虑作业地点的有害因素|D.应根据安全管理人员个人特点和需求选择适合型号、式样,B,本题主要考查的是劳动防护用品的配备，属于考试的高频考点。做题思路：掌握不同环境下需要配备的劳动防护用品。在本题中其行走的路线中出现的危险和有害因素包括物体打击、噪声、粉尘、有毒有害气体等。A正确，为管理人员配备安全帽、耳塞等防护用品是合理的；B错误，正常情况下，氨水罐区氨气浓度低（符合职业接触限值），只需配备便携式氨气检测报警仪（实时监测浓度）和过滤式防毒面具（带氨滤毒盒）（应对少量泄漏），无需随身携带正压式呼吸器（过度防护且无必要） ，且正压式呼吸器器材体积大，携带不便应当放置于现场；C正确，用人单位应当根据劳动者工作场所中存在的危险、有害因素种类及危害程度、劳动环境条件等制定劳动防护用品配备标准，因此选用的防护用品应考虑作业地点的有害因素；D正确，劳动防护用品的选择还应当考虑其佩戴的合适性和基本舒适型，根据个人特点和需求选择适合型号、式样。因此应根据安全管理人员个人特点和需求选择适合型号、式样。故选B。
单选题,[2020年][河南中安]某安全评价机构对某石化企业开展危险化学品重大危险源评价工作，评价人员在进行重大危险源评价单元划分时产生了分歧，根据《危险化学品重大危险源辨识》（G,B.18218），以下设备、设施、场所不能划分为同一危险化学品重大危险源评价单元的是（ ）。|A.危险化学品独立库房|B.一个防火堤内的汽油储罐|C.生产区的常减压装置|D.生产区的所有地面管道,D,本题主要考查的是重大危险源单元的划分，属于高频考点。做题思路：掌握重大危险源的评价单元划分规则，后根据关键词判断正误。依据《危险化学品重大危险源辨识》（GB 18218），生产单元：危险化学品的生产、加工及使用等的装置及设施，当装置及设施之间有切断阀时，以切断阀作为分隔界限划分为独立的单元。储存单元：用于储存危险化学品的储罐或仓库组成的相对独立的区域，储罐区以罐区防火堤为界限划分为独立的单元，仓库以独立库房（独立建筑物）为界限划分为独立的单元。A正确，仓库以独立库房（独立建筑物）为界限划分为独立的单元，因此可以作为一个单元；B正确，储罐区以罐区防火堤为界限划分为独立的单元，故一个防火堤内的汽油储罐可以划分为一个单元；C正确，生产区的常减压装置为一个设施，没有切断阀，故可以划分为一个单元；D错误，散设地上的管道不作为独立的单元处理，但配管桥区例外。生产区的所有地面管道既有存储单元的，也有生产单元的，中间切断阀的数量也未明确，因此不能作为一个单元。故选D。
单选题,[2020年][河南中安]某企业计划建设年产1万吨乙醇的项目。在该项目安全设施设计审查阶段，企业应当按相关规定向负责安全生产监督管理的部门备案并提交有关文件。下列文件资料中，应向负责安全生产监督管理的部门提交的是（ ）。,A.重大危险源监控系统设计资料|B.安全预评价报告及相关文件资料|C.施工单位的施工资质证明文件|D.从业人员安全教育培训记录及资格证书,B,本题主要考查的是建设项目安全设施设计审查，属于高频考点。做题思路：本题属于记忆内容，该知识点通常还会考查需要进行审查的企业类型、审查的流程等内容。对于非煤矿山建设项目，生产储存危险化学品（包括使用长输管道输送危险化学品）建设项目，以及生产、储存烟花爆竹的建设项目，金属冶炼建设项目，建设项目安全设施设计完成后，生产经营单位应当向安全生产监督管理部门提出审查申请，并提交下列文件资料：①建设项目审批、核准或者备案的文件。②建设项目安全设施设计审查申请。③设计单位的设计资质证明文件。④建设项目安全设施设计。⑤建设项目安全预评价报告及相关文件资料。⑥法律、行政法规、规章规定的其他文件资料。故本题中，应当向负责安全生产监督管理的部门提交的是安全预评价报告及相关文件资料。故选B。
单选题,[2020年][河南中安]某酿酒厂成立了以厂长为组长，生产副厂长、安全科、生产科和销售科等相关人员组成的安全生产事故应急预案编制小组。半年后，应急预案编制完成，厂长召集内部相关部门对预案进行了评审，之后该厂又聘请行业专家进行了外部评审。一个月后组织全厂员工进行应急演练，并聘请外部专家进行评估。演练结束后，外部专家对演练进行了点评，并在2天后递交了书面评估报告。关于应急预案演练改进的说法，正确的是（ ）。,A.由原应急预案编制小组根据演练评估报告意见修订和完善应急预案，并进行内外部评审|B.由本次评估的外部专家为修订小组组长，根据评估报告提出的意见修订和完善应急预案|C.重新成立编制小组，根据评估报告意见，重新编制应急预案，重新组织应急演练|D.由原应急预案编制小组根据演练评估报告意见修订和完善应急预案，重新组织应急演练,A,本题主要考查的是应急演练的持续改进，属于高频考点。做题思路：应急演练的持续改进包含应急预案修订完善和应急管理工作改进，理解的基础上做题。演练结束后，根据演练评估报告中对应急预案的改进建议，由应急预案编制部门按程序对预案进行修订完善。在本题中应急预案的编制部门为以厂长为组长，生产副厂长、安全科、生产科和销售科等相关人员组成的安全生产事故应急预案编制小组，故应当由该小组根据演练评估报告意见修订和完善应急预案。故选A。
单选题,[2020年][河南中安]甲公司是一家五星级酒店，为解决蒸汽不足的问题，从乙公司购进一台蒸发量为4t/h的燃气锅炉。根据《特种设备安全监察条例》，关于该锅炉安全管理要求的说法，正确的是（ ）。,A.锅炉需进行水质处理，并接受特种设备检验机构的定期检验|B.锅炉投入使用前60日内，向省级特种设备安全监督管理部门登记|C.锅炉有效期届满后30日内，向检验机构提出定期检验要求|D.锅炉出现故障时，乙公司全面检查及处理后，方可重新投入使用,A,本题主要考查的是《特种设备安全监察条例》，属于高频考点。做题思路：特种设备相关的时间要求在记忆的时候注意关键词和细节。A正确，锅炉使用单位应当按照安全技术规范的要求进行锅炉水（介）质处理，并接受特种设备检验检测机构实施的水（介）质处理定期检验；B错误，特种设备在投入使用前或者投入使用后30日内，特种设备使用单位应当向直辖市或者设区的市的特种设备安全监督管理部门登记。其登记的部门应当是直辖市或者设区的市的特种设备安全监督管理部门而不是省级特种设备安全监督管理部门；C错误，特种设备使用单位应当按照安全技术规范的定期检验要求，在安全检验合格有效期届满前1个月向特种设备检验检测机构提出定期检验要求。而不是有效期届满后30日内；D错误，特种设备出现故障或者发生异常情况，使用单位应当对其进行全面检查，消除事故隐患后，方可重新投入使用。选项中缺少消除事故隐患后。故选A。
单选题,[2020年][河南中安]2019年12月10日，某热力公司供热锅炉发生故障。故障抢修过程中，发现锅炉房桥式起重机主钩抱闸故障，存在溜钩现象。由于起重设备厂家人员不能及时到场，工作负责人急于恢复供热，安排检修工甲站在桥式起重机主钩抱闸处，采用扳手配合制动。起吊过程中，抱闸闸箱突然破裂，一碎片击中甲的头部，经送医院抢救无效死亡。根据《企业职工伤亡事故分类》（G,B.6441），该事故的类别为（ ）。|A.物体打击事故|B.起重伤害事故|C.其他伤害事故|D.机械伤害事故,B,本题主要考查的是《企业职工伤亡事故分类》（GB 6441），属于高频考点。做题思路：掌握企业职工伤亡事故分类，在理解的基础上对各种伤害事故的具体内容进行区分记忆。起重伤害是指各种起重作业（包括起重机安装、检修、试验）中发生的挤压、坠落（吊具、吊重）、物体打击等。在本题中是起吊过程中，抱闸闸箱突然破裂，一碎片击中甲的头部，经送医院抢救无效死亡，也就是说是在起吊过程中发生的物体打击，故应当是本起事故的分类应当是起重伤害。故选B。
单选题,[2020年][河南中安]某企业为规范作业现场安全管理，推行了“5S”管理。实施半年后，员工的安全意识普遍提高，现场状况明显改善。关于“5S”作业现场管理的说法，正确的是（ ）。,A.“5S”整顿就是归类为“要”或“不要”|B.定置定位就是固定作业现场的工具及设备不得移动|C.“5S”素养就是提高安全管理水平|D.“5S”管理就是整理、整顿、清扫、清洁、素养,D,本题主要考查的是“5S”安全管理法，属于高频考点。做题思路：掌握“5S”安全管理法，后根据关键词判断正误。通常还可能考查“PDCA”、“目视化管理”等内容。A错误，5S的整顿是明确整理后需要物品的摆放区域和形式，即定置定位，而不是归类；B错误，定置定位是明确整理后需要物品的摆放区域形式，而不是工具设备不得移动；C错误，5S的素养是提高人的素质，养成严格执行各种规章制度、工作程序和各项作业标准的良好习惯和作风，而不单单是提高管理水平；D正确，“5S”管理就是整理、整顿、清扫、清洁、素养。故选D。
单选题,[2020年][河南中安]某公司是一家白酒生产企业，已取得了安全生产许可证。县应急管理局执法人员在危险化学品专项治理检查过程中，发现该公司白酒储存、勾兑场所未规范设置乙醇浓度检测报警装置，遂下达了暂停生产整改指令书，并报请县人民政府对该重大事故隐患实行挂牌督办。该公司经过整改，向县应急管理局提交了恢复生产的申请报告。关于对该公司重大事故隐患处理的做法，正确的是（ ）。,A.未安装乙醇浓度检测报警装置前，执法人员可暂扣公司的安全生产许可证|B.县应急管理局收到恢复生产申请报告后，应于10日内进行现场审查|C.县应急管理局对乙醇浓度检测报警装置现场审查合格后，报请县人民政府批准|D.经第三方安全评价机构评审合格后，即可恢复生产,B,本题主要考查的是挂牌督办的重大隐患处理的程序，属于高频考点。做题思路：掌握挂牌督办的过程，明确整改责任单位、整改要求、整改时限、整改环节以及验收阶段的相关要求。A错误，已经取得安全生产许可证的生产经营单位，在其被挂牌督办的重大事故隐患治理结束前，安全监管监察部门应当加强监督检查。必要时，可以提请原许可证颁发机关依法暂扣其安全生产许可证。注意是提请原发证机关暂扣而不是执法人员暂扣；B正确，对挂牌督办并采取全部或者局部停产停业治理的重大事故隐患，安全监管监察部门收到生产经营单位恢复生产的申请报告后，应当在10日内进行现场审查。因此县应急管理局收到恢复生产申请报告后，应于10日内进行现场审查；C错误，挂牌督办的重大事故隐患审查合格的，对事故隐患进行核销，同意恢复生产经营。无需报县人民政府批准；D错误，挂牌督办的重大隐患治理工作结束后，应当进行评估，符合安全生产条件的向安全生产监管监察部门和有关部门提出恢复生产的书面申请，经审查同意后方可恢复生产。而不是经第三方安全评价机构评审合格后，即可恢复生产。故选B。
单选题,[2020年][河南中安]某石化公司组织了催化裂化装置管线泄漏的现场演练，演练完成后，进行了评估与总结。下列工作内容中，不属于评估与总结阶段的是（ ）。,A.在演练现场，评估人员或评估组负责人对演练效果及发现的问题进行口头点评|B.应急演练结束后，组织应急演练的部门根据问题和建议进行改进|C.演练组织单位根据演练情况对演练进行全面总结|D.应急演练结束后，将应急演练文字资料等归档,B,本题主要考查的是应急演练的评估与总结，属于高频考点。做题思路：理解的基础上区分应急演练的各个步骤。ACD属于，B不属于，ACD分别属于现场点评、演练总结和资料归档三个方面；B选项属于应急演练的持续改进阶段，不属于评估与总结阶段。故选B。
单选题,[2020年][河南中安]某机械加工企业根据生产过程中危险有害因素特点，为员工购买了防尘面具、焊接护目镜、防静电手套和防静电鞋等劳动防护用品。关于劳动防护用品按防护部位分类的说法，正确的是（ ）。,A.防尘面具属于眼面部防护用品|B.耳罩属于听觉器官防护用品|C.焊接防护面罩属于头部防护用品|D.防静电手套属于躯干防护用品,B,本题主要考查的是劳动防护用品的分类、劳动防护用品的相关知识点，属于高频考点。做题思路：根据防护用品所防护的人体部位（如头部、眼部、手部、足部等）来对给出的劳动防护用品进行分类。A错误，防尘面具属于呼吸器官防护用品；B正确，耳罩属于听觉器官防护用品；C错误，焊接防护面罩属于眼面部防护用品；D错误，防静电手套属于手部防护用品。故选B。
单选题,[2020年][河南中安]某肉制品加工企业为了有效提升本企业安全管理水平，遏制涉氨制冷企业重特大事故的发生，特邀请第三方进行现场隐患排查。现场发现：①使用铍铜合金助力扳手；②压缩机房采用防爆排风机；③氨浓度检测仪安装在液氨储罐上方；④事故风机启停按钮安装在压缩机房内等情况。其中，属于事故隐患的是（ ）。,A.①|B.②|C.④|D.③,C,本题主要考查的是隐患排查治理。做题思路：事故隐患辨识需从人、机、料、法、环等各个方面排查可能导致事故的潜在问题，需要紧扣标准规范、全面细致分析相关要素。①氨属于易燃易爆气体，在易燃易爆场所不得使用铁制工具，铍铜合金不易产生火花，因此在该场所可以使用铍铜合金助力扳手。故①不属于事故隐患。②依据《冷库设计规范》（GB 50072-2010），9.0.2制冷机房的通风设计应符合下列要求：3.氨制冷机房应设置事故排风装置，氨制冷机房的事故排风机必须选用防爆型，排风口应位于侧墙高处或屋顶。故②不属于事故隐患。③依据《冷库设计规范》（GB 50072-2010），7.2.1氨制冷机房应设置氨气体浓度报警装置，氨气浓度传感器应安装在氨制冷机组及贮氨容器上方的机房顶板上。故氨浓度检测仪安装在液氨储罐上方不属于事故隐患。④依据《冷库设计规范》（GB 50072-2010），7.2.2氨制冷机房应设事故排风机，在控制室排风机控制柜上和制冷机房门外墙上应安装人工启停控制按钮。不能安装在压缩机房内，故事故风机启停钮安装在压缩机房内属于事故隐患。综上在本题中属于事故隐患的是第④项（注意选项与序号的顺序）。故选C。
单选题,"[2020年][河南中安]一、单选题
68
标记
收藏
某氨肥生产企业编制了安全技术措施计划，其中为现场接触尘毒作业人员设置淋浴室和更衣室属于安全技术措施计划中的（ ）。",A.辅助措施|B.安全技术措施|C.卫生技术措施|D.安全宣传教育措施,A,本题主要考查的是安全技术措施计划的项目范围，属于高频考点。做题思路：掌握安全技术措施的类型，后在理解的基础上根据关键词进行判断。A属于，安全技术措施计划中的辅助措施指保证工业卫生方面所必需的房屋及一切卫生性保障措施，如尘毒作业人员的淋浴室、更衣室或存衣箱、消毒室、妇女卫生室、急救室等。因此本题中为现场接触尘毒作业人员设置淋浴室和更衣室属于辅助措施。故选A。
单选题,[2020年][河南中安]某家具生产厂下料车间有大量锯末、刨花等易燃物，打磨车间有木屑粉尘，油漆车间有硝基漆。该工厂编制了针对火灾、爆炸和中毒等事故的应急预案。某日，该厂组织人员在下料车间进行演练，演练场景为：针对刨花清理不及时、辅助电动工具短路打火引起的火灾进行现场处置。根据上述场景，下列应急处置措施中，正确的是（ ）。,A.断开低压断路器、切断电源|B.用泡沫灭火器及时扑灭刨花火苗|C.用水枪灭火，安全距离不应小于2m|D.用灭火毯直接扑灭刨花火苗,A,本题考查的是电气火灾事故的应急措施。做题思路：有电气火灾风险（辅助电动工具短路打火）的火灾场景下，正确的应急处置措施。B错误，泡沫灭火剂不宜用于电气灭火；C错误，用水灭火时，水枪喷嘴至带电体的距离电压10kV及以下者不应小于3m；D错误，二氧化碳灭火器、干粉灭火器可用于带电灭火，灭火毯不适用。故选A。
单选题,[2020年][河南中安]2019年5月17日，某企业输煤栈桥发生火灾事故。事故调查发现电焊工在未办理动火许可手续的情况下，违章施焊运行中的传送带，造成托架开裂，引发火灾。根据相关规定，该作业除办理动火作业许可外，还需办理的作业许可是（ ）。,A.临时用电作业许可|B.高处作业许可|C.特种作业许可|D.吊装作业许可,A,本题主要考查的是危险作业许可，属于高频考点。做题思路：在我们的学习中涉及作业许可的有两个规范，一个是《危险化学品企业特殊作业安全规范》（GB 30871），另外一个是《企业安全生产标准化基本规范》（GB/T 33000-2016），我们除在化工企业应用GB 30871外，其他行业一般用GB/T 33000-2016。依据《企业安全生产标准化基本规范》（GB/T 33000-2016），企业应对临近高压输电线路作业、危险场所动火作业、有（受）限空间作业、临时用电作业、爆破作业、封道作业等危险性较大的作业活动，实施作业许可管理。在本题中由于需要用焊机进行焊接，在栈桥处一般都是非固定的焊机需要采用临时性线路，故本题还需办理的是临时用电作业许可。故选A。在本题中有些争议，有些人认为还可能涉及到高处作业，之所以不选择高处作业的原因有两个。其一在GB/T 33000中并没有指明高处作业；其二，一般在输煤栈桥的两侧都配有固定的防护栏，因此本次作业并不属于严格意义上的高处作业。综上，本题选择临时用电作业许可是合理的。
多选题,[2020年][河南中安]某企业因产能扩大，在原危险化学品库房（独立建筑物）中间设置一道防火墙将原库房分成1#、2#危险化学品库房，并对消防设施、电气线路及照明、安全设施、安全出口进行了改造，满足合规性要求。1#库房存放乙醇250t（β1＝1，临界量500t）、乙炔5t（β2＝1.5，临界量1t），2#库房存放过乙酸25t（β3＝1.5，临界量10t）、发烟硝酸10t（β4＝1，临界量20t）。暴露人员校正系数α＝2。依据《危险化学品重大危险源辨识》（G,B.18218），对1#、2#危险化学品库房进行重大危险源辨识和评价，正确的有（ ）。|A.划分为2个评价单元|B.构成1个重大危险源，重大危险源级别是4级|C.划分为1个评价单元|D.构成1个重大危险源，重大危险源级别是3级 E 构成2个重大危险源，重大危险源级别是4级,CD,本题主要考查的是危险化学品重大危险源的辨识，属于高频考点。做题思路：掌握重大危险源的评价单元划分规则，后确定危险化学品的品种和数量，然后对照危险化学品重大危险源辨识标准，看其是否超过临界量，超过则可判定为重大危险源。 C正确，AE错误，因为只有一个评价单元，不可能构成2个重大危险源。在本题中我们首先要划分重大危险源的评价单元，本题中只涉及危险化学品仓库，根据《危险化学品重大危险源辨识》（GB 18218），仓库以独立库房（独立建筑物）为界限划分为独立的单元，因此无论其中间是否设置了防火墙都只能作为一个评价单元；D正确，B错误，计算该重大危险源的R值如下＝2×（250/500＋1.5×5/1＋1.5×25/10＋10/20）＝24.5，10≤R＜50，故该重大危险源构成3级重大危险源。故选CD。
多选题,[2020年][河南中安]某食品加工企业采取四条皮带并列布置的方式输送粮食，其中100m长的输送带处于20m高的栈桥内，为避免发生人员伤害事故，栈桥内张贴了相关安全标志。根据《安全标志及其使用导则》（G,B.2894），下列安全标志中，应张贴的安全标志有（ ）。|A.禁止烟火|B.当心机械伤人|C.当心落物|D.当心腐蚀 E 当心触电,AB,本题主要考查的是安全标志的使用，属于高频考点。做题思路：根据场所存在的危险类型，结合安全标志的含义，将正确的标志张贴在能起到有效提示、警示、指令作用的相应位置。A正确，该企业用皮带运送粮食容易发生火灾，故应当张贴禁止烟火；B正确，该企业采用皮带运输，存有机械伤人的危险，故应张贴当心机械伤人；C错误，该企业输送带位于20m高的栈桥内，应当在栈桥下贴当心落物的标志；D错误，该企业栈桥内不涉及具有腐蚀的物质和危险；E正确，皮带运输机开关柜及有关部位存有电击的危险，因此应当张贴当心触电。故选ABE。
多选题,[2020年][河南中安]甲公司是一家食用油脂生产加工企业为扩大生产规模，在厂区扩建一条小包装生产线并将该项目的土建工程、设备安装、装饰工程分别承包给乙公司、丙公司、丁公司，聘请戊公司负责项目工程监理。在项目实施过程中，乙公司的土建收尾、丙公司的设备安装和丁公司的防水保温需进行交叉作业。关于交叉作业安全管理的做法，正确的有（ ）。,A.甲公司指定乙公司对丙公司、丁公司的交叉作业现场的安全生产工作统一协调、管理|B.甲公司与乙公司、丙公司、丁公司和戊公司签订专门的安全管理协议，约定各自的安全生产管理职责|C.甲公司、乙公司、丙公司及丁公司对交叉作业现场各自的作业活动进行独立安全管理，互不干涉|D.甲公司指定戊公司协助对乙公司、丙公司和丁公司的交叉作业现场的安全生产工作统一协调、管理 E 甲公司对乙公司、丙公司和丁公司的交叉作业现场的安全生产工作进行统一协调、管理,BD,本题主要考查的是承包商管理中的交叉作业管理，属于高频考点。做题思路：掌握承发包安全管理，明确承包商、发包商、监理单位各自的职责。在本题中，甲为发包方，乙、丙、丁为承包方，戊为监理方。A错误，生产经营单位对承包单位、承租单位的安全生产工作统一协调、管理，定期进行安全检查，发现安全问题的，应当及时督促整改，因此应当由甲负责统一协调管理；B正确，生产经营项目、场所发包或者出租给其他单位的，生产经营单位应当与承包单位、承租单位签订专门的安全生产管理协议，或者在承包合同、租赁合同中约定各自的安全生产管理职责。在本题中，甲分别与各方签订了专门的安全管理协议，约定各自的安全生产管理职责；C错误，两个以上生产经营单位在同一作业区域内进行生产经营活动，可能危及对方生产安全的，应当签订安全生产管理协议，明确各自的安全生产管理职责和应当采取的安全措施，不能独立进行作业活动；D正确，甲公司可以指定戊公司协助对乙公司、丙公司和丁公司的交叉作业现场的安全生产管理；E正确，生产经营单位对承包单位、承租单位的安全生产工作统一协调、管理，定期进行安全检查，发现安全问题的，应当及时督促整改，因此应当由甲负责统一协调管理，甲单位对承包商进行统一协调管理符合规定。故选BDE。
单选题,[2020年][河南中安]美国铁路列车安装自动连接器之前，每年都有数百名铁路工人因工作时精力不集中死于车辆连接作业，而装上自动连接器后，虽然偶尔有伤人事件发生，但死亡人数大幅下降。根据轨迹交叉事故致因理论，自动连接器的应用消除了（ ）。,A.设计上的缺陷|B.人的行为缺陷|C.作业环境的缺陷|D.管理上的缺陷 E 使用上的缺陷,A,本题主要考查的是事故致因理论中的轨迹交叉理论，属于高频考点。做题思路：本题是一道有特点的题目，在考查安全原理和事故致因理论中的内容时出题人经常会从教材中截取相关的案例，本题就是代表，该题干中的背景来自于教材中的轨迹交叉理论，意在强调自动连接器斩断物的运动轨迹，消除生产作业中的不安全状态。在本题中自动连接器的作用主要是用于消除物的不安全状态，依据轨迹交叉理论物的不安全状态包括，设计上的缺陷、制造工艺流程上的缺陷、维护保养上的缺陷、使用上的缺陷和作业场所环境上的缺陷。自动连接器消除了设计上的缺陷和使用上的缺陷。故选AE。
多选题,[2020年][河南中安]某机械加工厂临时承接一直径3m、长9m的容器直管段内的部件安装工作。焊工甲用电焊在直管段内进行焊接，乙在外监护。因通风不良焊接烟尘不易扩散，甲要求乙去找风机。乙去办理借用手续，半小时后仍未回来。甲着急完成当日工作量、便打开了附近的氧气瓶接上了氧气带，引至工作位。焊接过程中，焊渣引燃了橡胶工作垫和工作服，甲受重伤。本次作业应办理的作业许可包括（ ）。,A.压力容器作业许可|B.动火作业许可|C.受限空间作业许可|D.临时用电许可 E 安装作业许可,BCD,本题主要考查的是安全生产标准化中的作业安全管理，属于高频考点。做题思路：考虑到本题为机械加工企业，不适用于《危险化学品企业特殊作业安全规范》（GB 30871），因此本题依据的是《企业安全生产标准化基本规范》（GB/T 33000-2016）。依据《企业安全生产标准化基本规范》（GB/T 33000-2016），企业应对临近高压输电线路作业、危险场所动火作业、有（受）限空间作业、临时用电作业、爆破作业、封道作业等危险性较大的作业活动，实施作业许可管理。故本题中应当办理的作业许可包括：动火作业许可、受限空间作业许可、临时用电许可。故选BCD。
单选题,[2020年][河南中安]某年产15万吨烧碱生产企业扩建了两条生产线，按照《企业安全生产费用提取使用管理办法》要求提取了安全生产费用，专用于安全生产支出。以下支出可以使用安全生产费用的有（ ）。,A.购买再生产原料用盐|B.扩建两条生产线的安全评价费用|C.检测检验生产车间的行吊|D.举办产品展销会 E 更换生产车间内可燃气体检测探头,C,本题主要考查的是安全生产费用的使用范围，属于高频考点。做题思路：通常考查的方式类似于本题，多用安全预评价、生产用材料、设备等加以混淆。烧碱生产企业属于危险化学品生产企业，对于危化企业，危险化学品企业安全生产费用的使用范围为：（一）完善、改造和维护安全防护设施设备支出（不含“三同时”要求初期投入的安全设施），包括车间、库房、罐区等作业场所的监控、监测、通风、防晒、调温、防火、灭火、防爆、泄压、防毒、消毒、中和、防潮、防雷、防静电、防腐、防渗漏、防护围堤或者隔离操作等设施设备支出；（二）配备、维护、保养应急救援器材、设备支出和应急演练支出；（三）开展重大危险源和事故隐患评估、监控和整改支出；（四）安全生产检查、评价（不包括改建、新建、扩建项目安全评价）、咨询和标准化建设支出；（五）配备和更新现场作业人员安全防护用品支出；（六）安全生产宣传、教育、培训支出；（七）安全生产适用的新工艺、新标准、新技术、新装备的推广应用支出；（八）安全设施及特种设备检测检验支出；（九）其他与安全生产直接相关的支出。A错误，购买再生产原料用盐，为生产用原料和安全生产无关；B错误，扩建两条生产线的安全评价费用，属于扩建项目安全评价，不在安全生产费的提取范围内；C正确，检测检验生产车间的行吊，属于安全设施及特种设备检测检验支出；D错误，举办产品展销会，与安全生产无关；E正确，更换生产车间内可燃气体检测探头属于作业场所的监控、监测设施设备支出。故选CE。
单选题,[2020年][河南中安]甲公司是一家一级建筑施工企业，委托乙公司进行塔吊等特种设备的安装与运行操作。并与其签订了安全协议，明确了各自的安全管理责任，关于特种设备使用管理的说法，正确的是（ ）。,A.甲公司应逐台建立塔吊等特种设备的安全技术档案|B.乙公司应负责塔吊等特种设备检测检验|C.乙公司应对塔吊运行过程中发生的事故负责|D.甲公司应在塔吊使用前30日内向所在地市特种设备安全监督部门登记 E 甲公司应将塔吊使用登记证明文件置于设备的显著位置,A,本题主要考查的是特种设备的使用管理，属于高频考点。做题思路：明确特种设备类型，考虑其使用单位应按规定登记、建立制度、做好人员培训和应急救援，同时要确保设备维护保养、检验合格并在有效期内安全运行等。A正确，依据《特种设备使用管理规则》，2.5使用单位应当逐台建立特种设备安全与节能技术档案。甲为使用单位，应逐台建立塔吊等特种设备的安全技术档案；B错误，乙单位没有相关的资质，不能进行特种设备的检测检验。特种设备的监督检验、定期检验、型式试验和无损检测应当由经核准的特种设备检验检测机构进行；C错误，特种设备使用单位应当按照《特种设备使用管理规则》规定，负责特种设备安全与节能管理，承担特种设备使用安全与节能主体责任，甲公司为使用单位，故甲公司应对塔吊运行过程中发生的事故负责；D错误，错在“应当、使用前30日”。特种设备在投入使用前或者投入使用后30日内，使用单位应当向特种设备所在地的直辖市或者设区的市的特种设备安全监管部门申请办理使用登记；E正确，特种设备使用单位应当将使用登记证明文件置于设备的显著位置，包括设备本体、附近或者操作间，如可置于锅炉房内墙上或者操作间内，可置于电梯轿厢内，也可将登记编号置于显著位置，如压力容器本体铭牌上留有标贴使用登记证编号的位置，气瓶可以在瓶体上加登记标签，移动式压力容器采用在罐体上喷涂使用登记证编号等方式。故选AE。
多选题,[2020年][河南中安]某化工企业对5.6m高的汽油储罐进行内部焊接检修作业，检修单位未制定检修方案，仅要求检修作业人员甲到安全部门办理了进入受限空间作业证。随后，甲和监护人乙通过爬梯登上储罐，打开上部人孔，甲趴在人孔向罐内查看时，不幸坠落罐底。关于此次设备维修作业许可管理要求的说法，错误的有（ ）。,A.因设备已停运，可不制定检修方案|B.应该办理受限空间作业证|C.应按照Ⅰ级高处作业要求作业|D.作业前应进行汽油储罐置换及动火分析 E 甲应当佩戴防护器具,AC,本题主要考查的是特殊作业安全管理，属于高频考点。做题思路：本题是一道综合型的题目，其考查的知识点包括设备检维修、高处作业、动火作业等内容。是这两年考试的一个趋势。A错误，设备检修时要落实“五定”原则，即定检维修方案、定检维修人员、定安全措施、定检维修质量、定检维修进度。也就是说无论设备是否停运，都必须制定检修方案；B正确，进入受限空间作业必须办理受限空间作业证；C错误，该作业高度为5.6m，依据《危险化学品企业特殊作业安全规范》（GB 30871），5m＜h≤15m，应当为Ⅱ级高处作业；D正确，依据《危险化学品企业特殊作业安全规范》（GB 30871），凡在盛有或盛装过危险化学品的设备、管道等生产、储存设施及处于GB 50016、GB 50160、GB 50074规定的甲、乙类区域的生产设备上动火作业，应将其与生产系统彻底隔离，并进行清洗、置换分析合格后方可作业。汽油属于危险化学品，故在汽油储罐进行内部焊接检修作业时应进行置换及动火分析；E正确，进入作业现场的作业人员应按规定着装及正确佩戴相应的个体防护用品，故甲应当佩戴相应的防护器具。故选AC。
多选题,[2020年][河南中安]应急处置卡可以让员工快速有效地掌握现场应急处置知识和技能，但与现场应急处置方案相比，在内容上相对简单。以下为某加油站的现场应急处置卡，将其转化为应急处置方案，需要增加的章节有（ ）。,A.各岗位人员的应急工作分工和职责|B.现场应急处置措施|C.报警的方式、顺序和对象|D.事故风险分析 E 佩戴个人防护器具方面的注意事项等,AD,本题主要考查的是应急处置卡和现场处置方案的内容，属于高频考点。做题思路：本题需要掌握两种预案的内容，并进行对比，类似的考点还有专项应急预案和综合应急预案的内容。依据《生产安全事故应急预案管理办法》第十九条：应急处置卡应当规定重点岗位、人员的应急处置程序和措施，以及相关联络人员和联系方式，便于从业人员携带。现场处置方案的主要内容包括：事故风险分析、应急工作职责、应急处置、注意事项。两者对比我们发现需要增加：事故风险分析、应急工作职责和注意事项三个内容。故选ADE。
多选题,[2020年][河南中安]某大型能源集团公司规划在三年内逐步投资建设一批油田、矿山、炼油、管道等建设项目。根据《国家安全监管总局办公厅关于切实做好国家取消和下放投资审批有关建设项目安全监管工作的通知》和《危险化学品建设项目安全监督管理办法》（国家安全生产监督管理总局令第45号），下列建设项目中，需要国家负责安全生产监督管理的部门进行设施安全审查的有（ ）。,A.设计80万吨/年海洋石油新油田开发建设项目|B.跨省陆地长输天然气管道建设项目|C.设计50万吨/年陆地新油田开发建设项目|D.设计100万吨/年地下石膏矿建设项目 E 设计总坝高100m的尾矿库建设项目,AB,本题主要考查的是需要国家负责安全生产监督管理的部门进行设施安全审查的建设项目。做题思路：记忆并区分每个建设项目及其对应的数值。 根据《国家安全监管总局办公厅关于切实做好国家取消和下放投资审批有关建设项目安全监管工作的通知》，下列非煤矿山类建设项目的安全设施设计由原国家安全生产监督管理总局负责实施审查和竣工验收：（1）海洋石油天然气建设项目、企业投资年产100×104t及以上的陆上新油田开发项目、企业投资年产20×108m3及以上的陆上新气田开发项目。根据《危险化学品建设项目安全监督管理办法》下列危险化学品建设项目由国家负责安全生产监督管理的部门进行设施安全审查：（1）国务院审批（核准、备案）的；（2）跨省、自治区、直辖市的。综上，AB正确，A选项，设计80万吨/年海洋石油新油田开发建设项目，属于海洋石油天然气建设项目应当由原国家安全生产监督管理总局负责实施审查和竣工验收；B选项，跨省陆地长输天然气管道建设项目需要由原国家安全生产监督管理总局负责实施审查和竣工验收。CDE不正确。故选AB。
多选题,[2020年][河南中安]G建设单位负责的地铁工程工期紧张，作业现场有土建施工总包单位H、公共区装修施工单位J、机电设备安装单位K以及轨道安装单位M，这些单位同时交叉作业，其中H、K和M均为G委托的承包商，J为H的专业分包商。为做好安全管理工作，G应该履行的安全管理责任包括（ ）。,A.与H在承包合同中约定安全生产管理职责|B.与J签订安全管理协议|C.与K签订安全管理协议|D.对各承包商的安全生产工作统一协调管理 E 监督K与M签订安全管理协议,ACD,本题主要考查的为承包商安全管理，属于高频考点。做题思路：掌握承发包安全管理，明确承包商安全管理职责。在本题中G为生产经营单位（即发包方），H、K、M为G的承包商，J为分包方（可简单理解是H的承包商）。依据《安全生产法》，生产经营项目、场所发包或者出租给其他单位的，生产经营单位应当与承包单位、承租单位签订专门的安全生产管理协议，或者在承包合同、租赁合同中约定各自的安全生产管理职责；生产经营单位对承包单位、承租单位的安全生产工作统一协调、管理，定期进行安全检查，发现安全问题的，应当及时督促整改。AC正确，我们可以看出G单位应当与H、K、M签订专门的安全生产管理协议，或者在承包合同、租赁合同中约定各自的安全生产管理职责；D正确，E错误（E选项中两个以上生产经营单位在同一作业区域内进行生产经营活动，可能危及对方生产安全的，应当签订安全生产管理协议，因此K和M应当签订协议，G有对生产工作统一协调和管理的职责，而不是监督）。G单位应当对承包单位、承租单位的安全生产工作统一协调、管理；B错误，由于J为分包方，并不是G单位的承包商。故选ACD。
多选题,[2020年][河南中安]某食品企业新建一危险化学品库房用于存放汽油，根据《安全标志及其使用导则》（G,B.2894），下列安全标志中，适用于该危险化学品库房的有（ ）。|A.禁止伸入|B.禁止用水灭火|C.禁止穿化纤服装|D.当心火灾 E 当心爆炸,BCD,本题主要考查的是安全标志的使用，属于高频考点。做题思路：根据场所存在的危险类型，结合安全标志的含义，将正确的标志张贴在能起到有效提示、警示、指令作用的相应位置。A错误，禁止伸入用于易于夹住身体部位的装置或场所，如有开口的传动机、破碎机等，在该库房中不存在此类装置；B正确，禁止用水灭火用于生产、储运、使用中有不准用水灭火的物质的场所，如：变压器室、乙炔站、化工药品库、各种油库等。汽油燃烧时不能用水灭火；C正确，禁止穿化纤服装用于有静电火花会导致灾害或有炽热物质的作业场所，如：冶炼、焊接及有易燃易爆物质的场所等，汽油库中有易燃易爆物质；DE正确，当心火灾和当心爆炸分别用于易发生火灾的危险场所，易发生爆炸危险的场所，汽油库属于易于发生火灾和爆炸的场所。故选BCDE。
多选题,[2020年][河南中安]建设项目的业主单位是甲单位，该项目第三标段包含储罐安装、物料输送廊道建设、管架安装等工作。为优化工期，甲单位将0～10m层储罐安装工作发包给乙单位，将15～20m层管架安装工作发包给丙单位，将25～35m层物料输送廊道建设工作发包给丁单位。现场使用两台150t汽车吊进行起重作业。为确保各相关方施工作业的安全，业主组织各单位共同制定了现场安全措施，并提出了管理要求。关于现场作业安全管理要求的说法，错误的有（ ）。,A.甲单位应对现场作业安全实施统一协调管理|B.乙、丙、丁三家施工单位交叉作业时应设置专人进行检查和协调|C.乙单位储罐内附件安装作业时应保证氧含量在17%～21%|D.丙单位所进行的管架安装工作应按照Ⅱ级高处作业制定安全措施 E 丁单位所进行的起重作业应按照三级吊装作业制定安全措施,CD,本题主要考查的知识点包括承包商的管理和特殊作业安全管理，这几个考点都是高频考点。做题思路：掌握承发包安全管理，明确承包商安全管理职责。掌握特殊作业安全管理，明确各类型特殊作业分级及相关法规要求。A正确，生产经营单位对承包单位、承租单位的安全生产工作统一协调、管理，定期进行安全检查，发现安全问题的，应当及时督促整改。甲单位属于发包方故应当对现场作业安全实施统一协调管理；B正确，两个以上生产经营单位在同一作业区域内进行生产经营活动，可能危及对方生产安全的，应当签订安全生产管理协议，明确各自的安全生产管理和应当采取的安全措施，并指定专职安全生产管理人员进行安全检查与协调。因此乙、丙、丁三家施工单位存在交叉作业时应设置专人进行检查和协调；C错误，储罐内附件安装作业属于受限空间作业，受限空间作业时氧含量应为19.5%～21%，在富氧环境下不大于23.5%；D错误，丙单位进行的作业高度为15～20m，其作业高度15m＜h≤30m，应当属于Ⅲ级高处作业；E错误，吊装作业使用两台150t汽车吊进行起重作业，其吊重m＞100t，属于一级吊装作业，应当按照一级吊装作业制定安全措施。故选CDE。
多选题,[2020年][河南中安]某建筑企业在2017～2019年期间先后发生了4起生产安全事故，分别是：①汽车吊吊运时模板坠落砸伤2人；②员工不慎从光滑的洞口滑落，撞击到脚手架，造成胫骨骨折；③塔吊在起重过程中由于钢丝绳断裂发生倾覆，将员工砸伤；④从脚手架上坠落的角磨机击中一员工肩部，导致其肩部受伤。根据《企业职工伤亡事故分类》（G,B.6441），以上生产安全事故情形中包含的事故类型有（ ）。|A.坍塌|B.物体打击|C.起重伤害|D.高处坠落 E 机械伤害,BCD,本题主要考查的是《企业职工伤亡事故分类》（GB 6441），属于高频考点。做题思路：我们需要对20类事故分类熟记，同时对其特定情况的规定有一定了解。①中汽车吊吊运时模板坠落砸伤2人，是在起重作业中发生的吊重坠落事故，因此属于起重伤害。②员工不慎从光滑的洞口滑落，撞击到脚手架，造成胫骨骨折，是在高处作业过程中造成的伤亡，因此属于高处坠落。③塔吊在起重过程中由于钢丝绳断裂发生倾覆，将员工砸伤，是在起重作业中发生的吊具坠落事故，因此属于起重伤害。④从脚手架上坠落的角磨机击中一员工肩部，导致其肩部受伤，是角磨机在重力的作用下产生运动打击人体，因此属于物体打击。综上，该题中涉及的事故类型包括起重伤害、高处坠落、物体打击。故选BCD。
多选题,[2020年][河南中安]某炼油企业根据安全生产标准化一级达标的要求，在原油储罐作业现场采取以下安全措施：①设置储罐防火堤；②为工人配备空气呼吸器；③设置紧急疏散通道；④设置“严禁明火”警示标识；⑤设置人脸识别系统。以上安全措施中，属于减少事故损失的安全技术措施有（ ）。,A.④|B.①|C.⑤|D.② E ③,BD,本题主要考查的是安全技术措施的分类，属于高频考点。做题思路：掌握安全技术措施的类型，防止事故发生的安全措施侧重于在事故发生前，减少事故损失的安全措施主要聚焦于事故发生后。①设置储罐防火堤，设置防火堤的作用是油罐发生爆炸或破罐事故时，使储罐灾害限制在局部范围内，不致蔓延扩散，因此其属于减少事故损失的安全技术措施中的隔离。②为工人配备空气呼吸器，属于减少事故损失的安全技术措施中的个体防护。③设置紧急疏散通道，属于减少事故损失的安全技术措施中的避难与救援。④设置“严禁明火”警示标识，用于防止人的不安全行为，增加系统的可靠性，属于防止事故发生的措施。⑤设置人脸识别系统，属于安全监控系统，安全监控系统既能防止事故发生也能减少事故损失，但单就设置人脸识别系统来讲，其最根源的作用还是用于，防止无关人员入内，减少故障和失误。故其应当属于防止事故发生的措施。综上本题中属于少事故损失的安全技术措施的是①②③，故选BDE（在真题考试中经常会打乱序号，我们在做题时应当加以注意）。
单选题,[2021年][河南中安]某企业针对重大安全隐患编制了安全技术措施计划，在下达前由企业有关领导召集，按规定程序对安全技术措施计划进行审查、核定。下列人员中，负责审查、核定安全技术措施计划的召集人是（ ）。,A.单位主要负责人|B.主管安全生产领导|C.总工程师|D.主管财务领导,A,本题主要考查的是安全技术措施计划的编制。做题思路：理解掌握单位主要负责人的职责。单位主要负责人根据审批意见，召集有关部门和下属单位负责人审查、核定安全技术措施计划。审查、核定安全技术通过后，与生产计划同时下达到有关部门贯彻执行。故选A。
单选题,[2021年][河南中安]某冶金企业开展安全文化建设年度审核，审查承包商年度相关材料时，发现一起承包商违章作业造成的手部伤害事故。经调查，承包商作业人员熟悉企业安全文化，安全作业规程考试合格。在研究评价指标时，应减分的指标是（ ）。,A.安全承诺|B.员工层行为|C.安全管理|D.决策层行为,B,本题主要考查的是企业安全文化建设评价指标。做题思路：先掌握减分指标内容，再区分决策层、管理层及员工层行为的评价指标。企业安全文化建设评价指标之一的员工层行为包括：安全态度、知识技能、行为习惯、团队合作。其中，行为习惯是指员工应养成良好的安全行为习惯，积极交流安全信息，主动参与各种安全培训和活动，严格遵守规章制度。本题承包商作业人员在熟悉企业安全文化，安全作业规程考试合格的情况下违章作业造成的手部伤害，应在员工层行为指标减分。故选B。
单选题,[2021年][河南中安]K市某食品加工企业根据相关法规要求，成立应急预案编制小组，制定的应急预案中明确了应急队伍的保障。关于应急队伍的组成，错误的是（ ）。,A.专家、专兼职应急救援队伍、周边相关单位或社区代表|B.应急救援小组，应急救援指挥部、专兼职应急救援队伍|C.协议应急救援队伍、专家、专兼职应急救援队伍|D.应急救援小组、协议应急救援队伍、专兼职应急救援队伍,A,本题主要考查的是应急队伍的组成。做题思路：掌握应急队伍保障内容，从而筛选干扰项。A错误，错在“应急队伍的保障不包括周边相关单位或社区代表”。应急队伍保障：明确相关的应急人力资源，包括专家、专兼职应急救援队伍及协议应急救援队伍。故选A。
单选题,[2021年][河南中安]某氯碱企业按照规定为员工配备的劳动防护用品，包括安全帽、安全带、防滑鞋、乳胶手套、防尘口罩、滤毒罐等。关于该企业劳动防护用品使用的做法，错误的是（ ）,A.低毒岗位使用防尘口罩|B.电解岗位穿防静电工作服|C.电工穿绝缘鞋|D.化验分析岗位员工佩戴乳胶手套,A,本题主要考查的是劳动防护用品的配备，属于高频考点。做题思路：根据劳动者工作场所中存在的危险、有害因素种类及危害程度、劳动环境条件等制定劳动防护用品配备标准。接触有毒、有害物质的作业人员，应根据可能接触毒物的种类选择配备相应的防毒面具、空气呼吸器等呼吸防护装备。接触粉尘的作业人员应配备防颗粒物呼吸器（防尘口罩）、防尘眼镜等防护装备。故选A。
单选题,[2021年][河南中安]王某承接某广告公司户外广告牌维修业务，独自赶到现场，攀爬到15m高的广告牌上进行焊接作业，广告公司在巡查中发现王某使用安全带低挂高用，未戴安全帽，立即要求停止作业。根据《生产过程危险和有害因素分类与代码》（GB/T 13861），王某本次作业中存在的物理性危险因素是（ ）。,A.作业场地狭窄|B.电焊烟尘|C.防护不当|D.监护失误,C,本题主要考查的是《生产过程危险和有害因素分类与代码》（GB/T 13861）中危险和有害因素的辨识，属于高频考点。做题思路：掌握并区分人的因素、物的因素、环境因素和管理因素。A错误，作业场地狭窄属于室外作业场所环境不良；B错误，电焊烟尘属于化学性危险有害因素；D错误，监护失误属于人的因素。故选C。
单选题,[2021年][河南中安]某化工企业为落实《国务院安委会办公室关于实施遏制重特大事故工作指南构建双重预防机制的意见》（安委办（2016）11号），开展了如下工作：①聘请专家对化学品库房中的危险源进行排查；②安全管理人员运用LEC法进行作业现场安全分析；③对可能含有毒有害气体的设备加装监控装置；④绘制生产过程中的安全风险空间分布图。根据上述工作，符合构建双重预防机制内容的说法，正确的是（ ）。,A.①属于落实风险管控责任人|B.③属于开展安全风险辨识|C.④属于实施安全风险公告警示|D.②属于科学评定安全风险等级,D,本题主要考查的是双重预防机制。做题思路：理解掌握双重预防机制，后通过关键词进行辨识。构建双重预防机制内容包括：全面开展安全风险辨识、科学评定安全风险等级、有效管控安全风险、实施安全风险公告警示、建立完善隐患排查治理体系。A错误，①内容属于建立完善隐患排查治理体系的内容；B错误，③属于有效管控安全风险的内容；C错误，依据安全风险类别和等级建立企业安全风险数据库，绘制企业“红橙黄蓝”四色安全风险空间分布图属于科学评定安全风险等级。故选D。
单选题,[2021年][河南中安]某肉制品加工集团公司受疫情影响，传统业务受到冲击，对现有业务进行重组，于2020年2月成立了集团子公司甲企业，任命张某为甲企业总经理，任命赵某为甲企业生产副总经理，并于同年3月安排二人参加属地应急管理部门组织的安全生产培训，均取得了上岗资格证书。2021年，为了加强安全生产管理，甲企业任命王某和李某为安全管理人员，其中王某从集团总部调入，持有中级注册安全工程师职业资格证书，李某为刚毕业大学生。关于甲企业主要负责人和安全管理人员2021年度安全生产培训时间的说法，正确的是（ ）。,A.张某培训时间不得少于16学时|B.王某培训时间不得少于16学时|C.李某培训时间不得少于36学时|D.赵某培训时间不得少于12学时,D,本题主要考查的是安全教育培训，属于高频考点。做题思路：首先区分高危行业和非高危行业，再区分各自的主要负责人和安全生产管理人员及其他从业人员的初次培训时间和再次培训时间。本企业为肉制品加工集团公司，主要负责人和安全生产管理培训时间不得少于32学时，每年再培训时间不得少于12学时。新从业人员安全教育培训时间不得少于24学时。AB错误，张某为主要负责人，赵某为有关负责人，王某和李某均为安全管理人员，对于张某、赵某、王某是再培训，对于李某是初次培训，所以张某和王某再培训不得少于12学时；C错误，李某初次培训不得少于24学时；D正确，本题应该是将赵某当作安全管理人员来看的。排除法选D，但是D选项也有问题，因为生产副总经理并不是主要负责人或者安全管理人员。故选D。
单选题,[2021年][河南中安]某市新建钛白粉矿山企业，按设计配套建设总坝高215m的尾矿库，项目建成后，进行了为期三个月的试运行，竣工验收前委托某安全评价机构对安全设施进行了验收评价，并编制了安全验收评价报告。组织该项目竣工验收的是（ ）。,A.县级应急管理部门|B.市级应急管理部门|C.国家应急管理部门|D.省级应急管理部门,C,本题主要考查的是应由原国家安全生产监督管理总局负责实施审查和竣工验收的项目。做题思路：记忆并区分每个建设项目及其对应的数值。下列非煤矿山类建设项目的安全设施设计由原国家安全生产监督管理总局负责实施审查和竣工验收：（1）海洋石油天然气建设项目、企业投资年产100×104t及以上的陆上新油田开发项目、企业投资年产20×108m3及以上的陆上新气田开发项目。（2）设计生产能力300×1044t/a以上或者设计最大开采深度1000m以上的金属非金属地下矿山建设项目。（3）设计生产能力1000×1044t/a以上或者设计边坡200m以上的金属非金属露天矿山建设项目。（4）设计总库容1×108m3或者设计总坝高200m以上的尾矿库建设项目。故选C。
单选题,[2021年][河南中安]生产经营企业是安全生产的主体，对本单位安全生产负全面责任。根据安全生产相关法律法规的要求，下列某公司安全生产主体责任的说法中，错误的是（ ）。,A.法定代表人和实际控制人同为安全生产第一责任人|B.重大事故隐患治理实行监管部门和工会“双报告”制度|C.强化部门安全生产职责，落实“一岗双责”|D.企业实行全员安全生产责任制度,B,本题主要考查的是企业的安全生产主体责任。做题思路：理解掌握企业的安全生产主体责任。重大事故隐患排查治理情况应当及时向负有安全生产监督管理职责的部门和职工大会或者职工代表大会报告。报告的是职工大会或职工代表大会而不是工会。故选B。
单选题,[2021年][河南中安]某企业内部宾馆新安装一部电梯，委托专业的维保单位进行日常维护保养。根据国家特种设备有关规定，该企业应当在特种设备投入使用前或者投入使用后30日内，向负责特种设备安全监督管理部门申请办理（ ）。,A.特种设备作业人员证|B.电梯安全操作规程|C.电梯检验合格证|D.电梯使用登记证,D,本题主要考查的是特种设备使用登记，属于高频考点。做题思路：记忆特种设备使用登记办理的时间节点。特种设备使用单位应当在特种设备投入使用前或投入使用后30日内，向负责特种设备安全监督管理部门办理使用登记，取得使用登记证书。登记标志应当置于该特种设备的显著位置。故选D。
单选题,[2021年][河南中安]某企业使用故障树分析方法对某系统的危险性进行识别评价，其分析步骤包括：a.熟悉分析系统，b.确定分析边界，c.确定分析的深度，d.确定系统事故发生概率、事故损失的安全目标值，e.编制故障树，f.调查原因事件，g.确定不予考虑的事件，h.确定分析对象系统和分析的对象事件，i.定量分析，j.得出结论。以下顺序正确的是（ ）。,A.a-b-c-d-e-f-g-h-i-j|B.a-h-b-d-f-g-c-e-i-j|C.b-a-c-h-d-e-i-f-g-j|D.b-a-h-d-e-c-f-g-i-j,B,本题主要考查的是安全评价方法中故障树分析方法的步骤。做题思路：理解故障树分析方法，记忆分析步骤。故障树分析方法的步骤先后顺序为：熟悉分析系统、确定分析对象系统和分析的对象事件（顶上事件）、确定分析边界、确定系统事故发生概率、事故损失的安全目标值、调查原因事件、确定不予考虑的事件、确定分析的深度、编制故障树、定量分析、得出结论。所以本题的正确顺序为a-h-b-d-f-g-c-e-i-j，故选B。
单选题,[2021年][河南中安]某食品加工企业引进两套制冷设备安装测试后，经检测两套设备正常运行时的噪声值为96dB。为保证制冷工的身心健康，该企业安全部在现场设置了职业危害告知卡，配备相应防护器材。根据《工作场所职业病危害作业分级第4部分：噪声》（GBZ/T 229.4），该场所8h暴露作业下噪声危害的级别是（ ）。,A.轻度危害|B.中度危害|C.极重危害|D.重度危害,D,本题主要考查的是噪声危害的级别。做题思路：记忆各级噪声的等效声级及危害程度。依据《工作场所职业病危害作业分级第4部分：噪声》（GBZ/T229.4），噪声的分级如下表，所以96dB，该场所8h暴露作业下噪声危害的级别是重度危害。故选D。
单选题,[2021年][河南中安]某危险化学品企业管理人员利用风险判别指标判定系统的危险和危害性，并根据《危险化学品生产、储存装置个人可接受风险标准和社会可接受风险标准（试行）》（原国家安全监管总局（2014）13号）确定某装置的社会可接受风险标准，通过用累积频率和死亡人数之间的关系曲线（F-N曲线）确定社会可接受风险标准。关于社会可接受风险曲线的说法，正确的是（ ）。,A.横坐标对应的是所有超过该死亡人数事故的累积概率|B.纵坐标对应的是死亡人数|C.F（30）对应的是该装置超过30人以上死亡事故的概率|D.N（30）对应的是该装置发生造成30人以上伤亡人数,C,本题主要考查的是累积概率与死亡人数的曲线关系。做题思路：了解横纵坐标分别代表的内容。AB错误，本题中的图表是体现累计频率和死亡人数之间的关系曲线，相当于一个F与N具有函数关系，如图，纵坐标都是小于1的数值，所以纵坐标应是所有超过该死亡人数事故的累积概率，横坐标为死亡人数；C正确，D错误，F（30）表示该装置造成超过30人以上死亡事故的概率，也就是特别重大事故的发生概率。故选C。
单选题,[2021年][河南中安]用人单位在工作场所设置职业病危害警示标识是其法定义务，根据《工业场所职业病危害警示标识》（GBZ 158），关于职业病危害事故现场设置临时警示线的说法，错误的是（ ）。,A.红色警示线设在紧邻事故危害源周边，将危害源与其他区域分隔开来，佩戴相应防护用具的专业人员方可进入此区域|B.蓝色警示线设在清消区域的周边，其内外分别是消毒区和洁净区，此区域内的人员要佩戴适当的消毒用具，出入此区域的人员必须进行洗消处理|C.黄色警示线设在危害区域的周边，其内外分别是危害区和洁净区，此区域内的人员要佩戴适当的防护用具，出入此区域的人员必须进行洗消处理|D.绿色警示线设在救援区域的周边，将救援人员与公众隔离开来，患者的抢救治疗、指挥机构设在此区内,B,本题主要考查的是职业病危害事故现场临时警示线的设置。做题思路：掌握不同危险区域应设置的警示线颜色及应采取的措施。B错误，错在“蓝色警示线”，规范中并未有蓝色警示线的设置。依据《工业场所职业病危害警示标识》（GBZ 158），职业病危害事故现场警示线的设置：在职业病危害事故现场，根据实际情况，设置临时警示线，划分出不同功能区。A正确，红色警示线设在紧邻事故危害源周边，将危害源与其他区域分隔开来，佩戴相应防护用具的专业人员方可进入此区域；C正确，黄色警示线设在危害区域的周边，其内外分别是危害区和洁净区，此区域内的人员要佩戴适当的防护用具，出入此区域的人员必须进行洗消处理；D正确，绿色警示线设在救援区域的周边，将救援人员与公众隔离开来，患者的抢救治疗、指挥机构设在此区内。故选B。
单选题,[2021年][河南中安]习近平总书记在中国共产党第十九次全国代表大会报告中指出，健全公共安全体系完善安全生产责任制，坚决遏制重特大安全事故，提升防灾减灾救灾能力，打造共建共治共享的社会治理格局。关于习近平总书记安全发展观的思想，正确的是（ ）,A.树立安全发展理念，弘扬安全第一、以人为本的思想|B.树立以人为本理念，弘扬预防为主、安全第一的思想|C.树立安全发展理念，弘扬生命至上、安全第一的思想|D.树立以人为本理念，弘扬安全第一、协调发展的思想,C,本题主要考查的是习近平总书记安全发展观的思想。习近平总书记在十九大报告中强调：“树立安全发展理念，弘扬生命至上、安全第一”的思想，健全公共安全体系，完善安全生产责任制，坚决遏制重特大安全事故，提升防灾减灾救灾能力。故选C。
单选题,[2021年][河南中安]2021年某日，甲省乙市某金矿在施工过程中发生爆炸事故。经全力救援，11人获救，10人死亡，1人失踪。关于该事故调查组织的说法，正确的是（ ）。,A.应由乙市人民政府组织事故调查特邀甲省应急管理厅参加|B.应由甲省应急管理厅组织事故调查，特邀乙市人民政府参加|C.应由甲省自然资源厅组织事故调查，特邀乙市人民政府参加|D.应由甲省人民政府组织事故调查，并指定事故调查组组长,D,本题主要考查的是不同事故等级的事故调查组织，属于高频考点。做题思路：首先判断事故等级，再根据事故等级判断事故调查组织级别。根据题目死亡10人，确定该起事故的事故等级为重大事故，重大事故的事故由省、自治区、直辖市人民政府负责调查。事故调查组组长由负责事故调查的人民政府指定。ABC错误，D正确，本次事故应由甲省人民政府组织事故调查，本次事故的事故发生地和发生单位在同一地，所以不需要乙市人民政府派人参加。故选D。
单选题,[2021年][河南中安]某企业安全生产管理部门牵头起草专项应急预案，组织部门对预案内审；又邀请相关专家外审，由企业主要负责人签发实施。各相关部门组织人员对新颁布的应急预案进行培训，培训过程中设备人员提出，应急预案中涉及设备部门的相关职责与部门实际不符，认为该预案无法有效实施。关于该企业生产规章制度管理程序的说法，错误的是（ ）。,A.宣布该应急预案无效，重新修订评审发布|B.该应急预案编制过程符合程序应继续保持有效性|C.应按程序完善应急预案中设备部相关职责|D.该应急预案若存在争议，应及时修订后发布执行,B,本题主要考查的是安全生产规章制度管理的程序，属于高频考点。做题思路：掌握安全生产规章制度管理程序的内容，按照程序顺序进行记忆。安全生产规章制度的管理包括起草、会签或公开征求意见、审核、签发、发布、培训、反馈、持续改进。本题中专项应急预案在编制起草后，未进行会签或公开征求意见这个程序，设备部的人员提出了异议，所以该应急预案的编制程序是错误的。故选B。
单选题,"[2021年][河南中安]一、单选题
18
标记
收藏
某化工企业组织开展一次职业性致癌因素专项排查工作，辨识出的职业性致癌物有炼焦油、铍及其化合物、焦炉逸散物、氯乙烯等。其中炼焦油的致癌部位是（ ）。",A.喉|B.肺|C.鼻|D.肾,C,本题主要考查的是职业性致癌物辨识。做题思路：掌握各种物质的致癌部位。炼焦油的致癌部位是唇、皮肤、鼻。故选C。
单选题,[2021年][河南中安]汽车安全气囊系统是一种被动安全性的保护系统，它与座椅安全带配合使用，在汽车相撞时，可使头部受伤率减少22%，面部受伤率减少80%左右，为成员提供有效的防撞保护。安全气囊属于减少事故损失安全技术措施中的（ ）。,A.个体防护|B.薄弱环节|C.隔离|D.避难与救援,C,本题主要考查的是安全技术措施的类型，属于高频考点。做题思路：减少事故损失的安全措施主要聚焦于事故发生后，采取的一些降低危害后果的手段。安全气囊是在发生车祸后弹出的，属于减少事故损失的安全技术措施，在安全气囊弹出后，是将人与汽车防风玻璃等危险物质隔开，所以应属于隔离。故选C。
单选题,[2021年][河南中安]某建设项目施工单位在挖深基坑危险性较大的施工作业前，按照相关要求，编制完成了专项施工方案，并聘请相关专家进行方案审查。审查意见提出方案中应增加安全验收内容。根据建设项目“危大工程”安全管理要求，关于修改完善后的专项施工方案管理的说法，正确的是（ ）。,A.施工单位技术负责人和总监理工程师签字后实施|B.施工单位安全总监和总监理工程师签字后实施|C.项目经理和安全总监签字并组织实施|D.报备建设方安全总监和施工单位负责人签字后实施,A,本题主要考查的是建设项目“危大工程”安全管理要求，属于高频考点。做题思路：技术性的方案要由技术负责人把关，总监理工程师要进行监督审查，谁负责谁签字。依据《建设工程安全管理条例》第二十六条：施工单位应当在施工组织设计中编制安全技术措施和施工现场临时用电方案，对下列达到一定规模的危险性较大的分部分项工程编制专项施工方案，并附具安全验算结果，经施工单位技术负责人、总监理工程师签字后实施，由专职安全生产管理人员进行现场监督后实施。故选A。
单选题,[2021年][河南中安]某危险化学品企业，按照规定为不同岗位员工配备了防护功能和效果适用的劳动防护用品、用具，并督促员工正确佩戴。关于不同岗位配备的劳动防护用品、用具中，不符合规定的是（ ）。,A.离子膜电解岗位配备防静电工作服|B.液氨操作岗位配备4号滤毒罐|C.空气压缩机岗位巡检人员配备耳塞|D.煤气化岗位配备7号滤毒罐,D,本题主要考查的是不同岗位劳动防护用品、用具的配备，属于高频考点。做题思路：掌握不同岗位需要配备的劳动防护用品、用具。依据《呼吸防护 自吸过滤式防毒面具》（GB 2890-2009），过滤件类型与原标准对照表： D不符合，因为在煤气化岗位产生的有毒气体主要是一氧化碳，所以需要防护一氧化碳，故应选择5号滤毒罐。故选D。【注】在GB 2980-2009中并未有5号滤毒罐的说法，该说法为旧规范GB 2980-1995中的说法，新规范已改为CO型滤毒罐。
单选题,[2021年][河南中安]某建筑公司持有《高空作业证》的工作人员甲，沿框架进行钢结构焊接时，因错误选用安全带，从20米高处坠落。根据《安全带》（G,B.6095），关于甲高空作业过程中选用安全带的说法，正确的是（ ）。|A.选用整体静态负荷测试的区域限制型安全带|B.选用整体动态或静态负荷测试的坠落悬挂安全带|C.框架高处连接杆焊接应选用围杆作业安全带|D.选用整体动态符合测试的区域限制型安全带,B,本题主要考查的是高空作业过程中安全带的选用。做题思路：掌握不同高空作业状态下安全带的类型。依据《安全带》（GB 6095-2021），坠落悬挂用安全带：当作业人员发生坠落时，通过制动作用将作业人员安全悬挂的个体坠落防护系统。本题中甲在作业时有坠落风险，所以选用坠落悬挂安全带；安全带的测试方法包括断裂强力及强度下降率测试、系带静态强度测试、系带动态强度测试，后两种方法是测试安全带整体强度的方法。故选B。
单选题,[2021年][河南中安]某施工项目部收到公司下发的“隐患整改通知单”：①架子工在搭设脚手架时，未正确系安全带；②汛期后，职工宿舍后低洼处有积水；③绿化带一处井盖未有效盖放；④现场基坑支护设计存在严重缺陷；⑤场地内个别地点有未熄灭的烟头；⑥超过6m的墩柱安全爬梯腐蚀断裂。根据《安全生产事故隐患排查治理暂行规定》，按隐患整改的难易程度，属于重大事故隐患的是（ ）。,A.①②|B.②③|C.④⑥|D.⑤⑥,C,本题主要考查的是隐患排查治理，属于高频考点。做题思路：理解一般事故隐患和重大事故隐患，根据整改难度大小进行区分。重大事故隐患是指危害和整改难度比较大，应当全部或局部停产停业，并经过一定时间整改治理方能排除的隐患。在本题中①②③⑤虽然也属于事故隐患，但是整改的难度小，所以不属于重大事故隐患，而④⑥的隐患在整改时整改的难度较大，而且整改时，整改的区域是不能进行生产的，所以属于重大事故隐患。故选C。
单选题,[2021年][河南中安]某公司在加强员工职业心理健康管理的活动中，对员工进行了心理辅导和访谈。访谈过程中员工提出，希望得到表扬和认可，这种行为会使人感到自己有价值、有能力，能够产生积极的工作热情。根据个性倾向性理论，该公司员工这种想法体现了人的（ ）。,A.动机|B.兴趣|C.需求|D.价值观,A,本题主要考查的是影响人行为因素中的动机与安全。做题思路：分析动机产生的原因，理解动机对行为的驱动。动机是激发和维持有机体的行动，并将使行动导向某一目标的心理倾向或内部驱力动机具有激发、指向、维持和调节功能一依据引起动机的原因，动机可分为内在动机和外在动机。前者由有机体自身的内部动因（如激素、中枢神经的唤起状态、理想、愿望等）所致；后者则由有机体的外部诱因（如异性、食物、金钱、奖惩等）所致。故选A。
单选题,[2021年][河南中安]某建筑公司1名瓦工在搭设的毛竹脚手架上浇筑阳台混凝土时，直接将混凝土卸在该脚手架临时铺设的钢模板上。由于脚手架承重过大，右侧内立杆突然断裂，钢模板和瓦工一起坠落地面，导致瓦工死亡。事故调查发现：①公司安全管理机制不健全；②瓦工安全意识淡薄；③瓦工未佩戴安全帽；④卸料平台用毛竹脚手架不符合安全要求；⑤安全监管不力；⑥卸料平台高达20m未设安全防护设施；⑦工地存在违规作业现象；⑧瓦工性格鲁莽、粗心。根据海因里希因果连锁理论，属于第三块骨牌因素的是（ ）。,A.①⑤⑧|B.③④⑥|C.②③⑧|D.④⑤⑥,B,本题主要考查的是海因里希事故因果连锁理论。做题思路：掌握海因里希事故因果连锁理论，牢记五块骨牌的要素内容。海因里希事故因果连锁理论的“骨牌”一共有5块：遗传及社会环境、人的缺点、人的不安全行为或物的不安全状态、事故、伤害；其中第三块“骨牌”为人的不安全行为或物的不安全状态。其中③属于人的不安全行为，④⑥属于物的不安全状态，故选B。
单选题,[2021年][河南中安]某市有冶金、化工、烟花爆竹、食品加工、建材等多业态企业。根据《安全生产责任保险实施办法》，除投保安全生产责任险之外，可以投保职业病保险的企业是（ ）。,A.砷化氢企业和石材加工企业|B.炼钢厂和食品加工厂|C.甲醇生产企业和物流企业|D.鞭炮厂和机械加工厂,A,本题主要考查的是可以投保职业病相关保险的企业。做题思路：首先对各企业进行职业危害因素识别，选出存在高危粉尘作业、高毒作业或其他严重职业病危害的单位投保职业病相关保险。依据《安全生产责任保险实施办法》第六条：煤矿、非煤矿山、危险化学品、烟花爆竹、交通运输、建筑施工、民用爆炸物品、金属冶炼、渔业生产等高危行业领域的生产经营单位应当投保安全生产责任保险。鼓励其他行业领域生产经营单位投保安全生产责任保险。各地区可针对本地区安全生产特点，明确应当投保的生产经营单位。对存在高危粉尘作业、高毒作业或其他严重职业病危害的生产经营单位，可以投保职业病相关保险。本题中A选项砷化氢企业属于高毒作业企业，而石材厂属于高危粉尘作业企业，所以可以投保职业病相关保险。故选A。
单选题,[2021年][河南中安]某建筑企业内部事故分析会上，针对高处坠落事故有人提出：即使改进工法，高处施工时的势能也不可能消失，高处作业的风险也始终存在，因此防范该类事故的发生应当从减少危险源的危险性出发，研究最佳的安全技术措施。该观点属于安全管理基本理论中的（ ）。,A.能量意外释放理论|B.事故频发倾向理论|C.综合原因论|D.系统安全论,D,本题主要考查的是系统安全论。做题思路：掌握系统安全论内容，根据关键词与其他理论进行区分。D正确，系统安全理论是指在系统寿命周期内应用系统安全管理及系统安全工程原理，识别危险源并使其危险性减至最小，从而使系统在规定的性能、时间和成本范围内达到最佳的安全程度。不可能根除一切危险源和危险，可以减少来自现有危险源的危险性，应减少总的危险性而不是只消除几种选定的危险；A错误，能量意外释放理论认为，工业事故及其造成的伤害或损坏，通常都是生产过程中失去控制的能量转化和（或）能量做功的过程中发生的；B错误，事故频发倾向理论是阐述企业工人中存在着个别人容易发生事故的、稳定的、个人的内在倾向的一种理论；C错误，综合原因论是指事故是社会因素（基础原因）、管理因素（间接原因）和生产中危险因素（事故隐患）（直接原因）被偶然事件触发所造成的后果。故选D。
单选题,[2021年][河南中安]某园区新建精密仪器制造厂包括一座35kV变电站、50MW燃气锅炉房、电路板车间、焊接车间、包装车间和库房，由于生活配套设施尚未完工，租赁相邻企业的职工宿舍，并借用该企业食堂就餐。关于该厂风险管控和隐患排查范围的说法，正确的是（ ）。,A.除厂区外还应包括食堂，不包括宿舍|B.节假日期间食堂和宿舍可以不排查|C.除厂区外还应包括宿舍，不包括食堂|D.除厂区外还应包括职工宿舍和食堂,C,本题主要考查的是生产经营单位的主要职责，属于高频考点。做题思路：掌握生产经营单位的主要职责，分清责任主体。C正确，生产经营单位将生产经营项目、场所、设备发包、出租的，应当与承包、承租单位签订安全生产管理协议，并在协议中明确各方对事故隐患排查、治理和防控的管理职责。生产经营单位对承包、承租单位的事故隐患排查治理负有统一协调和监督管理的职责。该厂租赁相邻企业的职工宿舍，应纳入该厂风险管理和隐患排查范围，出租职工宿舍的企业负有统一协调和监督管理的职责。借用食堂就餐，食堂的经营仍属于原企业，故不纳入该厂风险管理和隐患排查范围。故选C。
单选题,[2021年][河南中安]蒋某于1993年入职某云母矿从事采掘工作，2001年离职，经省职业病防治院诊断，患尘肺职业病。2005年，蒋某与云母矿达成调解协议，但随着时间的推移、其病情加重，2014年出现严重功能障碍和部分生活自理障碍。根据《职业病危害因素分类目录》和《职工工伤与职业病致残等级分类》（GB/T 16180），关于蒋某法定尘肺病和致残等级的说法，正确的是（ ）。,A.云母混合粉尘造成矽肺，致残等级为一级|B.云母尘造成云母肺，致残等级为三级|C.云母混合粉尘造成矽肺，致残等级为三级|D.云母尘造成云母肺，致残等级为一级,B,本题主要考查的是职工职业病致残等级分类。做题思路：明确云母尘导致的肺病名称，掌握三级伤残标准里关于肺部疾病的规定。因为本题中说明蒋某是在云母矿从事采掘工作，云母矿中的粉尘为云母粉尘，云母粉尘会导致云母尘肺。依据《职工工伤与职业病致残等级分类》，致残等级为三级的原则是：器官严重缺损或畸形，有严重功能障碍或并发症，存在特殊医疗依赖，或部分生活自理障碍。故选B。
单选题,[2021年][河南中安]某化工企业油品罐区动火作业时，发生了着火爆炸事故，导致1人死亡、1人受伤。按照事故“四不放过”原则，该企业采取了事前、事中和事后的综合措施，关于防止此类事故发生的有效安全技术措施的做法，正确的是（ ）。,A.严格执行动火作业审批程序|B.现场作业人员配置可燃气体报警仪|C.动火作业前进行JSA分析|D.加强现场作业人员安全技术交底,B,本题主要考查的是防止事故发生的安全技术措施，属于高频考点。做题思路：掌握安全技术措施的类别，并能够区分技术措施和管理措施。ACD错误，ACD属于管理措施。B正确，现场作业人员配置可燃气体报警仪属于防止事故发生的安全技术措施。故选B。
单选题,[2021年][河南中安]某公司生产过程中高压电缆短路停电，造成生产车间部分排风设备停止运行，2h后供电恢复，工人在准备恢复生产过程中，吸入有毒气体，5人经抢救无效死亡。关于采取安全整改措施的说法，错误的是（ ）。,A.完善应急预案，加强心肺复苏演练|B.加装有毒气体报警装置，配备相应的安全防护用品|C.加装备用电源，保证排风设备在停电状态下正常运转|D.加强员工安全教育，提高自我保护意识,A,本题主要考查的是安全整改措施。 A错误，整改措施是指针对已发现的问题或不足，制定的具体行动方案或解决方案，旨在消除问题根源并预防其再次发生。完善应急预案，加强心肺复苏演练，属于事故发生之后的应急措施，而非是事故发生前的整改措施。故选A。
单选题,[2021年][河南中安]危险化学品生产经营企业隐患排查过程中，检查出本企业存在以下隐患：①主要负责人未依法经考试合格；②全压力式液化烃储罐注水设施法兰锈蚀；③未按国家标准分区分类储存危险化学品；④制定的操作规程和工艺控制指标不完善；⑤使用淘汰落后的安全技术工艺；⑥自动化控制系统设置的不间断电源输出电压波动大于2%。根据《化工和危险化学品生产经营单位重大生产安全事故隐患判定标准（试行）》，属于重大生产安全事故隐患的是（ ）。,A.①②④|B.②④⑥|C.①③⑤|D.③⑤⑥,C,本题主要考查的是重大生产安全事故隐患。做题思路：事故隐患辨识需从人、机、料、法、环等各个方面排查可能导致事故的潜在问题，需要紧扣标准规范、全面细致分析相关要素。依据《化工和危险化学品生产经营单位重大生产安全事故隐患判定标准（试行）》，以下情形应当判定为重大事故隐患：①属于，（一）危险化学品生产、经营单位主要负责人和安全生产管理人员未依法经考核合格。（二）特种作业人员未持证上岗。（三）涉及“两重点一重大”的生产装置、储存设施外部安全防护距离不符合国家标准要求。（四）涉及重点监管危险化工工艺的装置未实现自动化控制，系统未实现紧急停车功能，装备的自动化控制系统、紧急停车系统未投入使用。（五）构成一级、二级重大危险源的危险化学品罐区未实现紧急切断功能；涉及毒性气体、液化气体、剧毒液体的一级、二级重大危险源的危险化学品罐区未配备独立的安全仪表系统。（六）全压力式液化烃储罐未按国家标准设置注水措施。（七）液化烃、液氨、液氯等易燃易爆、有毒有害液化气体的充装未使用万向管道充装系统。（八）光气、氯气等剧毒气体及硫化氢气体管道穿越除厂区（包括化工园区、工业园区）外的公共区域。（九）地区架空电力线路穿越生产区且不符合国家标准要求。（十）在役化工装置未经正规设计且未进行安全设计诊断。⑤属于，（十一）使用淘汰落后安全技术工艺、设备目录列出的工艺、设备。（十二）涉及可燃和有毒有害气体泄漏的场所未按国家标准设置检测报警装置，爆炸危险场所未按国家标准安装使用防爆电气设备。（十三）控制室或机柜间面向具有火灾、爆炸危险性装置一侧不满足国家标准关于防火防爆的要求。（十四）化工生产装置未按国家标准要求设置双重电源供电，自动化控制系统未设置不间断电源。（十五）安全阀、爆破片等安全附件未正常投用。（十六）未建立与岗位相匹配的全员安全生产责任制或者未制定实施生产安全事故隐患排查治理制度。（十七）未制定操作规程和工艺控制指标。（十八）未按照国家标准制定动火、进入受限空间等特殊作业管理制度，或者制度未有效执行。（十九）新开发的危险化学品生产工艺未经小试、中试、工业化试验直接进行工业化生产；国内首次使用的化工工艺未经过省级人民政府有关部门组织的安全可靠性论证；新建装置未制定试生产方案投料开车；精细化工企业未按规范性文件要求开展反应安全风险评估。③属于，（二十）未按国家标准分区分类储存危险化学品，超量、超品种储存危险化学品，相互禁配物质混放混存。故选C。
单选题,[2021年][河南中安]某化肥厂水洗塔系统内发生过氧，3号气化炉严重超温后紧急停车，但2号水洗塔与系统相连的阀门没有联锁关闭，1号水洗塔中的裂解气通过止回阀倒入2号水洗塔内，此时操作工甲某离开岗位到厂门口取快递，未实时监控仪表盘，导致2号水洗塔内的气体浓度升至爆炸范围，造成爆炸事故。经调查发现：①操作工长时间未检查各水洗塔工艺参数；②操作人员配备不足；③操作人员对装置特性和存在的潜在风险辨识不够；④水洗塔报警及联锁装置失灵；⑤1号水洗塔止回阀长期内漏；⑥气化炉系统的紧急放空系统设计有缺陷。根据狭义本质安全管理的观点，在本质安全方面存在缺陷的是（ ）。（争议题）,A.①②|B.③④|C.④⑥|D.⑤⑥,D,本题主要考查的是安全生产管理基本概念。做题思路：掌握本质安全是设备设施和技术工艺本身固有的，以此进行区分。本质安全是指通过设计等手段使生产设备或生产系统本身具有安全性，即使在误操作或发生故障的情况下也不会造成事故。具体包括两方面的内容：（1）失误一安全功能，指操作者即使操作失误，也不会发生事故或伤害，或者说设备设施和技术工艺本身具有自动防止人的不安全行为的功能。（2）故障一安全功能，指设备设施或生产工艺发生故障或损坏时，还能暂时维持正常工作或自动转变为安全状态。上述两种安全功能应该是设备设施和技术工艺本身固有的，即在其规划设计阶段就被纳入其中，而不是事后补偿的。该化工厂工艺设计存在缺陷，对于物料倒流会产生危险的设备管道，没有在设置止回阀的同时设置紧急切断阀，止回阀结构设计存在缺陷，选材不当，不能满足工艺要求，在使用过程中发生损坏。故⑤在本质安全方面存在缺陷。⑤⑥符合题意缺乏本质安全方面的相关设计，本身无失误一安全功能或故障一安全功能。而④在其设计时是存在故障－安全功能的本质安全设计的，只不过是联锁装置失灵故障了，不属于存在缺陷，属于故障一安全功能发生了故障。故选D。
单选题,[2021年][河南中安]某化工企业工程部计划于2021年5月2日对厂区管廊支架进行动火作业，作业期间风力六级，作业高度为5.7m，作业时间约为2h。关于该次作业的说法，错误的是（ ）。,A.属于特级动火作业|B.属于二级高处作业|C.应停止作业|D.应预先通知厂区调度及管理单位,B,本题主要考查的是动火作业和高处作业安全管理，属于高频考点。做题思路：掌握动火作业和高处作业的分级要求及相关知识点。A正确，厂区管廊上的动火作业按一级动火作业管理，遇节日、假日或其他特殊情况时，动火作业应升级管理。2021年5月2日正值“五一”假期，故应升级为特殊动火作业。B错误，依据《危险化学品企业特殊作业安全规范》，8.1.2因为本题出现了五级以上的阵风，所以高处作业分级采用B类，所以作业高度5.7m为III级高处作业。C正确，遇有五级以上强风、浓雾等恶劣气候，不应进行高处作业、露天攀登与悬空高处作业。D正确，根据特殊动火作业要求，动火点所在的生产车间（分厂）应预先通知工厂生产调度部门及有关单位，使之在异常情况下能及时采取相应的应急措施。故选B。
单选题,[2021年][河南中安]某市安全生产检查组发现A公司在毗邻居民楼临建仓库内存有乙炔气瓶80只，每只气瓶内充装有13～14㎏不等的乙炔气体（临界量1t），同时发现这些气瓶存在震圈残破不全、瓶嘴防护罩不全、堆放有其他杂物、无人看管等隐患。根据《危险化学品重大危险源辨识》和《安全生产事故隐患排查治理暂行规定》，关于检查采取的措施中，正确的是（ ）。,A.该仓库未构成重大安全事故隐患，需限期整改|B.将有关隐患排查资料提交消防主管部门，并记录备查|C.该仓库未构成重大危险源，需做好气瓶安全技术措施|D.该仓库应停止使用，立即查封,B,本题主要考查的是重大危险源和事故隐患辨识，属于高频考点。做题思路：重大危险源做题要依据相关标准判定危险物质数量及临界量等情况来确定，事故隐患辨识则需从人、机、料、法、环等方面排查可能导致事故的潜在问题，总体思路都是紧扣标准规范、全面细致分析相关要素。A错误，事故隐患分为一般事故隐患和重大事故隐患。一般事故隐患，是指危害和整改难度较小，发现后能够立即整改排除的隐患。重大事故隐患，是指危害和整改难度较大，应当全部或者局部停产停业，并经过一定时间整改治理方能排除的隐患，或者因外部因素影响致使生产经营单位自身难以排除的隐患。该仓库隐患显然无法立即整改排除，属于重大事故隐患；B正确，根据《安全生产事故隐患排查治理暂行规定》（国家安全监管总局令第16号），安全监管监察部门发现属于其他有关部门职责范围内的重大事故隐患的，应该及时将有关资料移送有管辖权的有关部门，并记录备查；C错误，仓库中储存的乙炔最少有1040㎏，超过了1t，所以构成重大危险源；D错误，对检查过程中发现的重大事故隐患，应当下达整改指令书，并建立信息管理台账。必要时，报告同级人民政府并对重大事故隐患实行挂牌督办。故选B。
单选题,[2021年][河南中安]某山区采石场经当地公安部门批准在山崖上放炮作业，当放炮员点燃雷管导火索撤离时，正好有一群游客上山游玩，一声巨响后，一名游玩人员受伤，关于爆破作业管理要求的说法，错误的是（ ）。,A.装药前12h应发布爆破公告并在现场张贴，爆破公告内容包括爆破时间、地点范围等|B.爆破作业单位应于施工前3天发布施工公告，并在作业地点张贴|C.爆破作业前应对爆破作业区域周围的人员活动情况进行调查，采取必要的安全防范措施|D.爆破作业项目应进行安全管理，并应在爆破器材领用、爆破作业等环节实行旁站监理,A,本题主要考查的是爆破作业管理。做题思路：掌握爆破作业管理，后根据时间节点及内容判断正误。根据《爆破安全规程》装药前1天应发布爆破公告并在现场张贴，内容包括爆破地点、每次爆破时间、安全警戒范围、警戒标识、起爆信号等。故选A。
单选题,[2021年][河南中安]某精细化工厂对13#车间的反应釜内部进行清洗和防腐作业，当地应急管理部门于2021年7月14日14：00对其进行检查发现：①作业开始时间记录为2021年7月12日16：00，作业时间为1天，7月13日12：00对作业票进行了延期，延期1天；②气体浓度监测点位于反应釜上、中、下部三处，每隔2.5h测定一次；③对反应釜采取连续强制通风措施；④反应釜内氧含量测试仪显示为21%。根据《危险化学品企业特殊作业安全规范》，关于该反应釜作业过程中的做法，错误的是（ ）。,A.①|B.③|C.②|D.④,C,本题主要考查的是受限空间作业安全管理，属于高频考点。做题思路：掌握受限空间作业管理，从作业前到作业中再到作业后，确保每个环节都符合安全标准，细节处注意避坑。C错误，错在“每隔2.5h测定一次”。根据《危险化学品企业特殊作业安全规范》（GB 30871-2022），关于受限空间作业的规定：作业时，作业现场应配置移动式气体检测报警仪，连续检测受限空间内可燃气体、有毒气体及氧气浓度，并2h记录1次；气体浓度超限报警时，应立即停止作业、撤离人员、对现场进行处理，重新检测合格后方可恢复作业。故选C。
单选题,[2021年][河南中安]某炼化企业对一大型储罐进行除垢作业，上午9：00两名检修人员进入罐内，通过敲打将罐壁上附着的积垢敲落，9：10罐外监护人员通过人孔查看，发现两名检修中人员晕倒。关于该次受限空间作业的说法，错误的是（ ）。,A.作业前应根据受限空间盛装（过）的物料特性，对受限空间进行清洗或置换|B.作业过程中应保持受限空间空气流通良好，氧含量为19.5%～21%，富氧环境下不大于23.5%|C.受限空间外应设置专人监护，作业期间监护人员不得离开，并应随时与作业人员保持联络|D.作业前30～90min内应对受限空间进行气体分析，作业中应至少2.5h监测，必要时连续监测,D,本题主要考查的是受限空间作业安全管理，属于高频考点。做题思路：掌握受限空间的作业许可管理和作业安全措施。依据《危险化学品企业特殊作业安全规范》（GB 30871-2022），作业前30min内，应对受限空间进行气体检测，检测合格方可进入。作业时，作业现场应配置移动式气体检测报警仪，连续检测受限空间内可燃气体、有毒气体及氧气浓度，并2h记录1次。故选D。
单选题,[2021年][河南中安]甲企业检修期间实施管道改造项目，工程地点主要在泵房及罐区，某焊工分别在房内部和罐区连续加班工作15天和5天。由于工作量巨大、时间紧迫，导致该焊工颈椎出现劳损，不能继续焊接工作。根据《生产过程危险和有害因素分类与代码》，导致焊工颈椎出现劳损的有害因素属于（ ）。,A.其他作业环境不良|B.室内作业环境不良|C.地下作业环境不良|D.室外作业环境不良,A,本题主要考查的是作业现场环境的危险和有害因素分类，属于高频考点。做题思路：掌握作业现场环境的危险和有害因素分类，根据关键词判断正误。本题中职工由于工作量巨大、时间紧迫，在进行工作时，需要长时间保持同一个姿势，所以属于强迫体位。依据《生产过程危险和有害因素分类与代码》，强迫体位属于其他作业环境不良。故选A。
单选题,[2021年][河南中安]2021年某日，国务院安委办某暗访组突击检查某省码头仓储公司工地，发现多项安全生产问题和重大事故隐患。根据《安全生产事故隐患排查治理暂行规定》，检查组应开具（ ）。,A.责令限期整改指令书|B.现场处理措施决定书|C.行政处罚告知书|D.现场隐患整改告知书,A,本题主要考查的是隐患排查治理的监督管理。做题思路：掌握隐患排查治理的监督管理，检查过程中发现重大事故隐患应责令企业整改。依据《安全生产事故隐患排查治理暂行规定》，第二十条：安全监管监察部门应当建立事故隐患排查治理监督检查制度，定期组织对生产经营单位事故隐患排查治理情况开展监督检查；应当加强对重点单位的事故隐患排查治理情况的监督检查。对检查过程中发现的重大事故隐患，应当下达整改指令书，并建立信息管理台账。必要时，报告同级人民政府并对重大事故隐患实行挂牌督办。故选A。
单选题,[2021年][河南中安]某天然气公司接到人员报警，在辖区商业步行街有人闻到泄漏“煤气味”，立即派抢修人员及时赶到泄漏点，经紧急勘察锁定了漏气点为地下燃气管道一法兰接口处。抢修人员经共同讨论后认为，作业前应对供气管道实施加盲板抽堵作业。根据《危险化学品企业特殊作业安全规范》（G,B.30871），关于盲板抽堵作业安全要求的说法，正确的是（ ）。|A.在泄漏法兰处上下段，应同时进行盲板抽堵作业|B.在法兰接口上端30m处不应进行盲板抽堵作业|C.燃气管道盲板抽堵检修完后，参与检修人员应共同确认签字|D.在燃气管道实施盲板抽堵作业时，应穿防静电工作鞋,D,本题主要考查的是盲板抽堵作业安全管理，属于高频考点。做题思路：掌握盲板抽堵作业，从作业前到作业中再到作业后，确保每个环节都符合安全标准。A错误，不应在同一管道上同时进行两处或两处以上的盲板抽堵作业；B错误，在盲板抽堵作业地点30m内不应有动火作业；C错误，盲板抽堵作业结束，由作业单位和危险化学品企业专人共同签字确认。故选D。
单选题,[2021年][河南中安]【根据新规改编】某市有煤矿、石油化工、机械制造等企业，根据《企业安全生产费用提取和使用管理办法》，提取相应的安全生产费用。关于该市各行业企业的安全生产费用提取标准和使用范围的说法，不符合要求规定的是（ ）。,A.某露天煤矿3月份开采原煤200万吨，提取1000万元用于“隐患治理支出”|B.某炼油厂营业收入10亿元，提取500万元用于扩建项目安全设施“三同时”支出|C.某石油化工工程施工企业工程造价1.5亿元，提取300万元用于安全生产检查和隐患整改支出|D.某机床厂营业收入3200万元，提取55万元用于劳保和安全宣传教育,B,本题主要考查的是企业安全生产费用的提取标准和使用范围，属于高频考点。做题思路：掌握安全生产费用的使用范围。先区分不同行业，记住各行业对应的提取依据和提取比例或额度，再来确定安全生产费用的提取标准。A符合，隐患排查治理支出可以使用安全生产费用，露天煤矿按照产量提取，每吨煤提取5元，故200万吨煤需要提取1000万元；B不符合，扩建项目安全设施“三同时”支出不能使用安全生产费用；C符合，依据2022版规范，石油化工工程施工企业按照工程造价2%计提，1.5亿元需要提取，15000×2%＝300（万元）；D符合，机床厂营业收入3200万元需要按照超额累退方法计提营业收入不超过1000万元的，按照2.35%提取，营业收入超过1000万元至1亿元的部分，按照1.25%提取，故应1000×2.35%＋2200×1.25%＝51（万元）。多提取没有问题。故选B。
单选题,[2021年][河南中安]某农药生产企业为改善反应釜厂房的空气质量，采取了一系列改进措施：将高压搅拌反应釜单端面密封改造为双端面机械密封，在靠近密封点位置安装了泄漏气体抽吸管路及有毒气体报警仪，厂房增加了排风机的数量，并要求职工在操作中佩戴滤毒面罩。上述措施中，属于控制污染源头措施的是（ ）。,A.要求职工在操作中佩戴滤毒面罩|B.靠近密封点位置安装了泄漏气体抽吸管路|C.高压搅拌反应釜单端面密封改造为双端面机械密封|D.厂房增加了排风机的数量,C,本题主要考查的是作业环境现场管理的内容。做题思路：掌握作业现场管理内容，找到源头进行控制。ABD不属于，A选项属于加强个体防护的措施；B选项和D选项均属于加强通风的措施；C属于，C选项是增加了反应釜的密封性，可以防止反应釜内气体泄漏，所以属于控制污染源头的措施。故选C。
单选题,[2021年][河南中安]某企业使用起重设备吊物时，发生吊装坠物伤人事故。事后安全管理人员为查找造成事故的基本和深层原因，带领大家进行了事故树分析，得出事故割集组合为K1＝（X2X3）、K2＝（X1X3X4）、K3＝（X1X2X3X4），其中基本事件X1代表吊装物超载，X2代表钢丝绳腐蚀断股、变形，X3代表吊装工操作失误，X4代表日常检查不到位。根据事故树最小割集分析方法，从事故结构重要度出发，为防止此类事故再次发生，企业应优先采取的措施是（ ）。,A.安装起重限制器|B.加强安全操作规程培训|C.定期检查钢丝绳强度|D.完善安全检查,B,本题主要考查的是安全评价方法。 根据题干以及从事故结构重要度出发，X3的结构重要度最大，是优先管理的重点，所以针对吊装工操作失误，企业应进行的是安全操作规程的培训。故选B。
单选题,[2021年][河南中安]2019年某日，某省C市L县T镇烟花制造企业发生一起爆炸事故，造成13人死亡13人受伤。事故调查组在调查报告的事故防范措施建议中提出了“强化安全生产政治责任，履行安全生产主体责任，加强对烟花爆竹行业安全监管以及严格落实突发事件信息报送规定”等建议。关于事故防范措施建议管理的说法，正确的是（ ）。,A.防范措施的落实情况应接受各级工会的安全监督检查和督促整改|B.L县淘汰关闭安全条件差的散小落后企业，推进生产机械化措施|C.T镇党委监督以及T镇人民政府负责企业防范措施的落实|D.C市安全生产协会负责企业的隐患排查和改善职业病等方面的工作,B,本题主要考查的是事故防范措施建议管理。做题思路：掌握事故防范措施建议管理，明确责任主体。A错误，工会对生产经营单位有监督的作用，而没有检查的权利；C错误，应急管理部门和其他负有安全生产监督管理职责的部门对事故单位防范措施进行监督检查；D错误，生产经营单位应当建立健全隐患排查治理制度，单位的主要负责人对单位的事故隐患排查治理工作全面负责生产经营单位是事故隐患排查治理、防控的责任主体。故选B。
单选题,[2021年][河南中安]某食品加工企业积极落实国家关于淘汰燃煤锅炉的要求，新建20t/h的天然气蒸汽锅炉两台，并于2020年5月10日投入生产和使用。在后续的锅炉运行管理过程中，正确的是（ ）。,A.电工将天然气管道的自动切断阀和事故风机电源改为不间断电源，并留有一定裕量|B.在天然气主管道上加设铸铁材质的截止阀，一旦发生泄漏可手动切断供气|C.技术人员自行更换节能型燃烧器并投入运行|D.机修工将防爆型事故风机加装过载保护器，防止风机过载烧毁,A,本题主要考查的是特种设备的安全管理。做题思路：特种设备使用单位应按规定登记、建立制度、做好人员培训和应急救援，同时要确保设备维护保养、检验合格并在有效期内安全运行等。B错误，天然气管道上的截止阀一般采用的是碳钢、不锈钢304、316材质，不适用铸铁材质；C错误，更换燃烧器属于特种设备的维修，特种设备的维修需要具有相关资质的单位进行；D错误，过载保护器会在出现过载时切断电路，可能会导致事故风机在需要使用时电路被切断，所以事故风机不可以安装过载保护器。故选A。
单选题,[2021年][河南中安]甲公司承揽乙发电厂锅炉空气预热器改造工程，自行安装电动葫芦，并与乙发电厂共同检查电动葫芦正常。作业期间发现电动葫芦上升限位故障，随即甲公司派人拆除限位器后继续工作。当蓄热片组提升到顶时，电动葫芦操作人员未及时松开上升按钮，导致钢丝绳被拉断后吊物坠落砸伤下方路过的一名巡检人员。关于本次施工作业过程安全管控的说法，正确的是（ ）。,A.乙发电厂应安排专人在现场全程旁站监督甲公司落实各项安全措施|B.乙发电厂应负责预热器改造工程中的电动葫芦危害因素辨识|C.乙发电厂应监督甲公司电动葫芦限位器的拆除|D.乙发电厂作业变更管理存在缺陷，造成钢丝绳拉断事故,A,本题主要考查的是承发包管理和施工作业过程安全管控。做题思路：明确承发包责任人，识别作业过程中的各个环节和风险点，保证作业安全。生产经营单位将生产经营项目、场所、设备发包、出租，应当与承包、承租单位签订安全生产管理协议，并在协议中明确各方对隐患排查、治理和防控的职责。生产经营单位对承包、承租单位的事故隐患排查治理负有统一协调和监督管理的职责。B错误，因为电动葫芦是甲公司使用的，所以其危害因素的辨识应由甲公司进行；C错误，电动葫芦的限位器是保证电动葫芦安全使用的装置，不可以拆除；D错误，造成本次事故的原因是限位器拆除并且操作人员操作失误，与作业变更无关。故选A。
单选题,[2021年][河南中安]某石蜡化工厂准备对厂内一硫化氢输送管道进行动火作业，作业人员进行盲板抽堵作业。关于盲板抽堵作业安全要求的说法，正确的是（ ）。,A.高压盲板在使用前应经过红外检测|B.作业时应佩戴防腐蚀护目镜|C.作业前管道应进行泄压、吹扫置换|D.作业人员应穿戴防灼伤的劳动防护用品,C,本题主要考查的是盲板抽堵作业安全管理，属于高频考点。做题思路：掌握盲板抽堵作业，从作业前到作业中再到作业后，确保每个环节都符合安全标准。A错误，高压盲板使用超声波进行探伤而不是红外线；B错误，硫化氢是剧毒气体，重点防护是防中毒，而非单纯防腐蚀，且盲板抽堵核心风险是介质喷出、中毒窒息，不优先强调防腐蚀护目镜；D错误，硫化氢不属于高温熔融介质，不需要穿戴防灼伤用品；在易燃易爆场所进行盲板抽堵作业时，作业人员应穿防静电服、工作鞋，并应使用防爆灯具和防爆工具，距盲板抽堵作业地点30m内不得有动火作业；在有毒介质的管道、设备上进行盲板抽堵作业时，作业人员应按要求选用防护用具。在涉及硫化氢、氯气、氨气、一氧化碳及氰化物等毒性气体的管道、设备上进行作业时，除满足上述要求外，还应佩戴移动式气体检测仪。故选C。
单选题,[2021年][河南中安]某加油站应急预案编制工作组编制完成了加油站电气火灾现场处置方案，方案中对电气火灾事故进行了安全风险分析，分析了电气火灾事故可能发生的区域、地点时间、危害程度及影响范围。根据《生产经营单位生产安全事故应急预案编制导则》，该电气火灾安全风险分析还应包括的是（ ）。,A.事故可能出现的征兆|B.事故的处置措施|C.事故的应急防护|D.事故救援的注意事项,A,本题主要考查的是生产安全事故应急预案编制程序。做题思路：掌握生产安全事故应急预案编制程序的各个步骤。依据《生产经营单位生产安全事故应急预案编制导则》，事故风险分析，描述生产经营单位事故类型、事故发生的可能性、危害后果和影响范围等。事故可能出现的征兆属于事故发生的可能性。故选A。
单选题,[2021年][河南中安]某地应急管理局年底对当地发生的生产安全事故按照工贸、危化、矿山、冶金等行业进行统计分析，同时又按照各事故企业发生的辖区和街道进行事故特征统计分析。根据伤亡事故统计方法的分类，上述做法属于（ ）。,A.综合分析法|B.统计图表法|C.主次图分析法|D.分组分析法,D,本题主要考查的是伤亡事故统计分析方法。做题思路：掌握常用的事故统计方法，根据特点进行区分。常见的事故统计分析方法包括综合分析法、分组分析法、算数平均法、相对指标比较法、统计图表法、排列图法和控制图法。其中，分组分析法可根据发生事故的行业或事故发生的地点、原因、类别等进行分组。故选D。
单选题,[2021年][河南中安]常用的事故统计分析方法有综合分析法、统计图表法等。某企业绘制了以下事故类型、事故频数、事故累计数的统计图。该图采用的事故统计分析方法是（ ）。,A.相对指标法|B.排列图法|C.统计图表法|D.分类图法,B,本题主要考查的是伤亡事故统计分析方法。做题思路：掌握常用的事故统计方法，根据特点进行区分。排列图法是将直方图和折线图结合到同一张统计图中，该统计图同时采用了直方和折线图的表现形式，故该图采用的事故统计分析方法为排列图法。故选B。
单选题,[2021年][河南中安]某燃煤发电厂聘请技术服务机构进行职业病危害控制效果评价，该机构根据企业生产工艺流程及有关检测规范的要求，集中对该企业输煤单元、机炉电单元、除灰渣单元、脱硫单元、化学水处理单元及其相关辅助生产场所进行检测评估。根据检测结果，该机构对企业职业病危害因素控制措施提出的建议中，错误的是（ ）。,A.输煤单元采用除尘工程技术措施|B.化学水处理车间设置洗眼器|C.脱硫单元使用罗茨风机替代离心风机降噪|D.酸储罐周围采用酸雾吸收系统,C,本题主要考查的是职业病危害因素控制措施。做题思路：先识别作业场所中存在的职业病危害因素，然后从各个方面采取控制措施，以降低或消除职业病危害。脱硫单元应使用离心风机，不得使用罗茨风机替代离心风机，同等进风量的条件下，罗茨风机的噪声要比离心风机的噪声更大，起不到降噪的作用。故选C。
单选题,[2021年][河南中安]2021年4月10日13时13分，H市G县L镇某铁矿发生透水事故，22人被困，10日13时30分，该铁矿有关负责人抵达事故现场组织救援。10日19时许L镇党委从该铁矿附近村民获知发生事故，随即向G县政府作了报告。G县县委书记作出暂不上报的决定。11日18时46分，H市应急管理部门从其他渠道获悉铁矿发生事故，要求G县进行核实。G县县委书记决定以11日20时5分作为接报时上报。该起事故中构成迟报瞒报的是（ ）。,A.该铁矿和L镇党委|B.H市应急管理局和G县政府|C.该铁矿负责人和L镇党委书记|D.该铁矿和G县政府,D,本题主要考查的是生产安全事故报告，属于高频考点。做题思路：掌握生产安全事故报告，明确事故上报的部门及时限。事故发生后事故现场有关人员应当立即向本单位负责人报告；单位负责人接到报告后，应当于1h内向事故发生地县级以上人民政府应急管理部门和负有安全生产监督管理职责的有关部门报告。应急管理部门和负有安全生产监督管理职责的有关部门逐级上报事故情况，每级上报的时间不得超过2h。本题中事故发生在10日13时发生的，而县政府在19时才接到事故的报告，铁矿主要负责人并没有及时上报，而县政府在接到报告后，选择了暂不上报，所以构成迟报瞒报的是铁矿和G县政府。故选D。
单选题,[2021年][河南中安]甲安全评价机构接受了乙企业的委托进行安全评价，评价组人员进行了现场勘查认为该企业安全设备设施具备投入生产和使用的条件，提交了相关评价报告。该评价报告可不包括的内容是（ ）。,A.安全设施设计的符合性|B.安全对策措施在试投产中的合理有效性|C.试生产记录和对策措施建议的落实情况|D.安全对策措施的具体设计、安装施工情况有效保障程度,A,本题主要考查的是安全验收评价，属于高频考点。做题思路：掌握安全验收评价的内容，根据关键词进行筛选。 由题干可得，本次评价属于安全验收评价。安全验收评价主要从以下方面进行：A不包括，安全设施设计的符合性是预评价的内容，C包括，评价对象前期（安全预评价、可行性研究报告、初步设计中安全卫生专篇等）对安全生产保障等内容的实施情况和相关对策措施建议的落实情况，D包括，评价对象的安全对策措施的具体设计、安装施工情况有效保障程度，B包括，评价对象的安全对策措施在试投产中的合理有效性和安全措施的实际运行情况，评价对象的安全管理制度和事故应急预案的建立与实际开展和演练有效性。C选项试生产记录，没有依据；AC综合考虑。故选A。
单选题,[2021年][河南中安]某食品加工企业为增加产能，将原有高压蒸锅（压力容器）内部构件进行改造，增加额定蒸发量。设备安装调试结束后，生产车间便开始投入正常生产。关于变更要求的说法，错误的是（ ）。,A.应当使用取得许可生产的设备|B.制定设备操作规程|C.重新办理使用登记手续|D.办理设备使用登记变更手续,C,本题主要考查的是特种设备安全管理中的变更登记，属于高频考点。做题思路：掌握特种设备安全管理，区分办理使用登记和办理变更登记的不同情况。依据《特种设备安全法》第四十七条：特种设备进行改造、修理，按照规定需要变更使用登记的，应当办理变更登记，方可继续使用。所以不需要重新办理使用登记，而是办理变更登记。故选C。
单选题,[2021年][河南中安]2020年12月，甲市开展重大生产安全事故隐患排查治理专项行动，在检查某钢铁企业时发现，煤气柜的煤气管道未设置可靠隔离装置和吹扫设施，根据《工贸行业重大生产安全事故隐患判定标准》，已构成重大事故隐患。企业编写了生产安全事故隐患排查治理报告。根据《安全生产事故隐患排查治理暂行规定》，关于事故隐患排查治理报告的说法，错误的是（ ）。,A.应描述隐患的现状及其产生原因|B.应包括隐患的危害程度和整改难易程度分析|C.应由负有安全生产监督管理职责的部门报上级人民政府|D.应明确该隐患治理方案,C,本题主要考查的是重大事故隐患报告，属于高频考点。做题思路：掌握重大事故隐患报告的内容，排除干扰项。生产经营单位应当每季、每年对本单位事故隐患棑查治理情况进行统计分析，并分别于下一季度15日前和下一年1月31日前向安全监管监察部门和有关部门报送书面统计分析表。统计分析表应当由生产经营单位主要负责人签字。对于重大事故隐患，生产经营单位除依照上述要求报送外，还应当及时向安全监管监察部门和有关部门报告。重大事故隐患报告内容应当包括：（1）隐患的现状及其产生原因。（2）隐患的危害程度和整改难易程度分析。（3）隐患的治理方案。故选C。
单选题,[2021年][河南中安]某矿山企业准备开展一次尾矿库漫坝应急演练，成立了演练组织机构，包括领导组、策划组、执行组等。策划组负责编制工作方案、演练脚本、演练安全保障方案等演练文件并经评审和完善。关于演练文件编制的说法，错误的是（ ）。,A.漫坝演练规模及时间确定应放在演练工作方案中|B.由执行组负责编制演练文件中的《演练观摩手册》|C.演练过程的《指令与对白》采用表格形式|D.漫坝演练如出现伤害的应急预案，应放在演练保障方案中,B,本题主要考查的是综合应急演练的组织与实施，属于高频考点。做题思路：掌握综合应急演练的组织与实施，熟悉各环节内容。B错误，策划组：负责编制演练工作方案、演练脚本、演练安全保障方案或应急预案、宣传报道材料、工作总结和改进计划等。所以《演练观摩手册》应该是由策划组编制的，而不是执行组。故选B。
单选题,[2021年][河南中安]某总公司为评测下属企业安全文化建设效果，选定建设分公司、销售分公司和开发分公司进行企业安全文化建设评价，成立了评价组织机构，确定由相关部门工作人员和专家组成的评价工作组为实施机构。根据《企业安全文化建设评价准则》，关于企业安全文化评价工作的说法，正确的是（ ）。,A.评价组织机构制定《评价工作实施方案》，由评价工作组按方案要求实施评价|B.在实施评价前，评价工作组向选定的三个分公司下达《评价通知书》|C.评价组织机构必须建立安全文化办公室，由安全管理部门人员组成，负责日常工作|D.评价工作组报送评价组织机构审核评价报告前，应将评价报告反馈给分公司,D,本题主要考查的是企业安全文化建设评价程序。做题思路：掌握企业安全文化建设评价程序，区分评价组织机构和评价实施机构各自负责的内容。需要注意的是本题中的评价工作组为评价实施机构。A错误，错在“评价组织机构制定《评价工作实施方案》”。评价实施机构应参照标准制定《评价工作实施方案》，并应报送评价组织机构批准；B错误，错在“评价工作组向选定的三个分公司下达《评价通知书》”。在评价实施前，由评价组织机构向选定的样本单位下达评价通知书；C错误，领导机构可以定为安全文化建设委员会，其下还必须建立一个安全文化办公室。企业实施评价时，由评价组织机构负责确定评价工作人员并成立评价工作组。必要时可选聘有关咨询专家或咨询专家组。故选D。
单选题,[2021年][河南中安]某炼化企业拥有一套100t/a柴油加氢装置，因扩充产能又新建了一套1004t/a柴油加氢装置，关于新建装置的安全操作规程管理的说法，正确的是（ ）。,A.新操作规程可以采用简式格式编写|B.采用原安全操作规程，应由设备管理部门审批|C.采用原安全操作规程，应由使用部门审批|D.新安全操作规程在原基础上编写应图表化、流程化,A,本题主要考查的是安全操作规程的编制，属于高频考点。做题思路：掌握安全操作规程的编制，熟悉其撰写要求。BC错误，安全操作规程编写完成后，应广泛征求设备管理部门和使用部门的意见，进一步修改完善，经过审批，作为企业内部标准严格执行。所以审批并不是由设备管理部门或使用部门进行的；D错误，为了使操作者更好地掌握、记住操作规程，发生事故时的既定程序处理，也可以将安全操作规程图表化、流程化。采用流程图表化的规程，可一目了然，便于应用。所以图表化、流程化并不是强制要求的。故选A。
单选题,[2021年][河南中安]某市危化品码头储运有限公司2018年通过评审取得安全生产标准化二级企业证书（以下简称证书）。2019年5月，因有害气体泄漏发生一起2人死亡的生产安全生产事故。根据安全生产标准化评审管理办法相关要求，正确的是（ ）。,A.该公司安全生产标准化二级降为三级|B.该公司证书自撤销之日起届满半年后，方可重新申请评审|C.该公司证书自撤销之日起通过内审半年后，方可重新申请评审|D.该公司证书自撤销之日起届满一年后，方可重新申请评审,D,本题主要考查的是安全生产标准化定级管理，属于高频考点。做题思路：掌握安全生产标准化定级管理，熟记定级条件和定级等级撤销条件。A错误，取得安全生产标准化证书的企业，在证书有效期内，企业发生生产安全死亡事故的，由原公告单位公告撤销其安全生产标准化企业等级。BC错误，D正确，申请定级的企业应在自评报告中，由其主要负责人承诺符合以下条件之一：被撤销安全生产标准化等级之日起满1年。所以需要满1年后才可以重新进行评审、定级。故选D。
单选题,[2021年][河南中安]某电网维修站副值班员未办理操作票直接进入高压配电室准备进行倒闸操作，站长发现其站在错误的设备隔间，立即叫停操作，避免了一起触电事故发生。站长针对上述行为提出，虽然此次操作未造成事故，但如果没有及时制止，后果不可想象。站长这一说法符合预防原理及原则中的（ ）。,A.动态相关原则|B.偶然损失原则|C.弹性原则|D.本质安全化原则,B,本题主要考查的是安全原理，属于高频考点。做题思路：掌握安全原理，将四大原理和十四大原则一一对应和区分。偶然损失原则。事故后果以及后果的严重程度，都是随机的、难以预测的。反复发生的同类事故，并不一定产生完全相同的后果，这就是事故损失的偶然性。偶然损失原则告诉我们，无论事故损失的大小，都必须做好预防工作。如爆炸事故，爆炸时伤亡人数、伤亡部位、被破坏的设备种类、爆炸程度以及事后是否有火灾发生都是偶然的，无法预测的。故选B。
单选题,[2021年][河南中安]某金矿基建施工过程发生爆炸事故，为预防此类事故再次发生，矿山开展了安全理念、风险管控和隐患排查研讨会。会上，安全员小王说：“岩巷掘进需要采取超前预防理念进行管理，如引进风险指标衡量岩巷的掘进工作”；负责材料采购的小李补充：“锚杆购置需要考虑安全系数，施工应考虑施工工艺的差异”；负责宣传工作的老张说：“应该将巷道掘进中各种事故频率作为安全指标”；施工班长老江补充：“巷道掘进以隐患排查为核心，危险为零作为标准，这样才安全”。上述人员的讨论意见中，错误的是（ ）。,A.安全员小王|B.负责材料采购的小李|C.负责宣传工作的老张|D.施工班长老江,D,本题主要考查的是事故致因理论，属于高频考点。做题思路：掌握各个事故致因理论的观点，清楚到底是什么原因导致事故发生。D错误，依据系统安全理论，没有任何一种事故是绝对安全的，任何事物中都潜伏着危险因素，没有绝对的安全，那么就是不可能使危险为零。故选D。
单选题,[2021年][河南中安]某新能源汽车生产企业根据美国心理学家马斯洛提出的“层次需求理论”，制定了一系列安全激励措施。根据马斯洛“层次需求理论”，排序最高的安全激励措施是（ ）。,A.喷漆车间员工因连续两次违反安全生产禁令被辞退|B.安全文化期刊中公布安全积分高的标兵员工|C.氢能测试车间各班组开展流动安全红旗竞赛|D.开展员工家属进车间，关爱支持员工安全活动,B,本题主要考查的是安全心理与行为。做题思路：首先了解“层次需求理论”中各个层次的内容，在根据题目要求进行区分。马斯洛的需求层次理论是心理学中的激励理论。包括人类需求的五级模型，通常被描绘为金字塔内的等级，即各类需求从层次结构的底部向上排序依次升高，分别为：①生理需要，即食物和衣服；②安全需要，即工作保障，主要表现为降低生活中的不确定性；③归属与爱的需要，即友谊、归属和爱；④尊严需要，即社会和自身对自身的承认与尊重；⑤自我实现，即才能、潜力及天赋的持续实现。评选标兵可以使员工感受到自我实现，是对员工自我实现的肯定。故选B。
单选题,[2021年][河南中安]某精细化工企业对光化反应生产工艺过程进行危险可操作性分析（HAZOP），分析小组成员张某认为，以空白为引导词，偏差是釜内无物料，造成的后果是反应缺原料；王某认为，以高压力为引导词，偏差是釜内压力过高，造成的后果是光气外泄；李某认为，以反向为引导词，偏差是原料输送方向变反，造成的后果是无法进料；赵某认为，以伴随为引导词，偏差是光化釜内有水，造成的后果是产品质量受影响。根据HAZOP定义，该分析小组成员对于引导词的描述中，错误的是（ ）。,A.张某|B.李某|C.赵某|D.王某,D,本题主要考查的是安全评价方法。做题思路：掌握HAZOP分析中引导及其意义，在理解的基础上对每个点的具体内容进行区分。HAZOP分析用引导及其意义：①空白，对设计意图的否定，即设计或操作要求的指标或事件完全不发生如无流量；②过量，数量增加，即同标准值比较，数值偏大，如温度、电压力、流量等数值偏高；③部分，质的减少，即只完成既定功能的一部分，如组分的比例发生变化或无某些组分；④伴随、质的增加，即在完成指定功能的同时，伴随多余事件的发生；⑤反向，即出现和设计要求完全相反的事或物，如流体反向流动；⑥异常，完全代替，即出现和实际要求不相同的事或物。故选D。
单选题,[2021年][河南中安]某污水处理厂在高效沉淀池检修过程中，由于天气炎热及沉积污泥散发有毒有害气体，发生4人死亡、1人受伤的事故。事故发生后，上级主管部门组织该厂进行事故反思，范主管提出“厂里出现事故，这种情况是不允许的，要把事故发生的概率降低到零，它是企业的安全生产目标”；李主管要求“改善高效沉淀池相关的可靠性，从而避免失误造成的事故”；王主管认为“任何事物都存在潜在的危险，要把人和沉淀池危险全面辨识”；赵主管认为“要从事故直接原因进行分析，才能制定对应措施”。根据以上各位主管的说法，符合系统安全理论的是（ ）。,A.范主管|B.李主管|C.王主管|D.赵主管,C,本题主要考查的是系统安全理论，属于高频考点。做题思路：掌握各个事故致因理论的观点，清楚到底是什么原因导致事故发生。 系统安全理论认为“没有任何一件事故是绝对安全的，任何事物中都潜伏着危险因素”。而王主管说的“任何事物都存在危险”，符合系统安全理论；范主管提出“把事故发生的概率降低到零”，和系统安全论是冲突的，不符合；李主管认为改善“物”，避免事故，说的太绝对，人和物都要考虑，不符合；赵主管说的“事故直接原因进行分析”，系统安全论并没有提到直接原因，不符合。故选C。
单选题,[2021年][河南中安]某县造纸厂1名工人在污水池进行作业时中毒窒息，旁站2人发现后，进池救援造成晕厥，送医院途中1人死亡、2人受伤。事故发生后，当地政府成立了事故调查组。根据《生产安全事故报告和调查处理条例》，事故调查的组成部门可不包括（ ）。,A.当地县级应急管理部门|B.当地县级监察机关|C.当地县级法院|D.当地县级公安机关,C,本题主要考查的是事故调查组的组成，是高频考点。做题思路：掌握事故调查组的组成，注意区分法院和检察院。事故调查组的组成应当遵循精简、效能的原则。根据事故的具体情况，事故调查组由有关人民政府、安全生产监督管理部门、负有安全生产监督管理职责的有关部门、监察机关、公安机关以及工会派人组成，并应当邀请人民检察院派人参加。事故调查组可以聘请有关专家参与调查。故选C。
单选题,[2021年][河南中安]炼油厂甲委托承包商乙对厂区管廊上6m高管道进行防腐除锈工作，承包商乙13：00使用磨光机等机具进行动火作业。根据《危险化学品企业特殊作业安全规范》，关于现场施工安全管理的说法，错误的是（ ）。,A.管廊作业按一级动火作业管理|B.甲要求乙在施工作业前办理高处作业票|C.应在12：20前进行动火作业分析|D.应在距离动火点10m范围内进行气体分析,C,本题主要考查的是特殊作业安全管理，属于高频考点。做题思路：掌握特殊作业安全管理，理清时间节点及关键词，后判断正误。依据《危险化学品企业特殊作业安全规范》，气体分析取样时间与动火作业开始时间间隔不应超过30min，作业开始时间是13：00，而作业分析在12：20，超过了30min。故选C。
单选题,[2021年][河南中安]2021年某日，沈海高速甲省A市境内，一辆乙省B市大货车穿越中央护栏后与一辆丙省C市大客车发生碰撞，造成大客车翻车，又与丁省D市的2辆货车相继发生碰撞事故，造成11人死亡、19人受伤。按照相关规定，负责组织该起事故调查的单位是（ ）,A.乙省B市人民政府|B.交通运输部|C.应急管理部|D.甲省A市人民政府,D,本题主要考查的是事故调查，属于高频考点。做题思路：看清楚事故发生地。特别重大事故以下等级事故，事故发生地与事故发生单位不在同一个县级以上行政区域的，由事故发生地人民政府负责调查，事故发生单位所在地人民政府应当派人参加。死亡11人，属于重大事故，应由甲省人民政府组织调查，甲省人民政府可以授权下级政府单位进行调查。答案只能选D。注:本题事故发生地在甲省A市。故选D。
单选题,[2021年][河南中安]某地处偏远的小型水电站开展了水淹全厂的应急演练，参演人员按照规定路线撤离后，发现该水电站的厨师仍在厨房工作，演练结束后，评价人员进行了点评，关于演练中人员未全部撤离的原因，错误的是（ ）,"A.人员未全部撤离的原因可能是演练方案缺乏清点人数的要求|B.没有通过移动电话发紧急撤离信息，导致人员不能及时撤离|C.该预案演练脚本中只考虑生产人员，未考虑不在现场的后勤人员|D.人员撤离后，未安排专人到电站各处回检,确认人员撤离",B,本题主要考查的是应急演练。做题思路：本题为争议题，BD选项存在争议。应急演练的组织中参演单位和参演人员需要熟悉各自的演练任务和角色并按照演练方案进行演练。题目中厨师仍在厨房工作，其中的原因要么是应急演练准备工作不到位，未能分配好角色；要么是厨师未能听从演练安排。应急预案演练的是需要做好通知和准备，按照既定方案执行，不能临时靠电话通知。故选B。
单选题,"[2021年][河南中安]某负有安全生产管理职责的部门在对10kV高压配电室进行防火防爆专项检查时发现，该配电室未设置电气火灾监控探测器，地面绝缘垫不符合防火要求，电缆进出口未做封堵,室内灰尘较多,灭火器数量不足等现象。下列整改措施中，符合防火防爆要求的是（ ）。",A.设置接触式测温电气火灾监控探测器|B.按照面积配置要求，增配CO₂灭火器|C.室内进行通风增湿，做好降尘除尘|D.更换绝缘垫，使用b1级橡胶绝缘垫,D,本题主要考查的是防火防爆，属于高频考点。做题思路：注意被保护对象。保护对象为1kV及以下的配电线路测温式电气火灾监控探测器应采用接触式布置：保护对象为1kV以上的供电线路，测温式电气火灾监控探测器宜选择光栅光纤测温式或红外测温式电气火灾监控探测器，光栅光纤测温式电气火灾监控探测器应直接设置在保护对象的表面。二氧化碳本身不导电，是电气设备灭火的首选灭火器，但当电压超过600V时，会将二氧化碳击穿，因此高压配电室不能使用二氧化碳灭火器。故选D。
多选题,[2021年][河南中安]某建筑企业安全监管部门组织秋季安全生产大检查，发现承包方架子工在外桥墩作业过程中，使用的安全带不符合安全规范要求，提出异议。关于该架子工所使用的安全带的说法，正确的有（ ）。,A.架子工使用标记为“X”字母的安全带|B.架子工采用坠落悬挂式安全带|C.架子工使用标记为“R”字母的安全带|D.架子工使用标记为“F”字母的安全带 E 架子工使用标记为“X-RF”字母的安全带,BCD,本题主要考查的是安全带。做题思路：了解安全带的知识点，根据不同的作业选择适合的安全带类型。B正确，依据《坠落防护 安全带》（GB 6095）坠落安全带是指当作业人员发生坠落时，通过制动作用将作业人员安全悬挂的个体坠落防护系统。因为架子工在进行作业时是可能发生坠落的；CD正确，E错误，依据《坠落防护 安全带》4.2安全带的标记：安全带附加功能：防静电功能用字母E表示，阻燃功能用字母F表示，救援功能用字母R代表，耐化学品功能用字母C表示。故选BCD。
多选题,[2021年][河南中安]从事外资制造业务的甲公司，其集团总公司为世界500强企业，集团总部开展对标世界一流管理提升行动，推进管理体系和管理能力现代化工作。甲公司董事会经过集体决议，着力强化风险管理、制度体系、合规管理，全面对标国际标准和最佳实践。切实做到“依法治企，合规经营”。关于该公司的安全生产规章制度的说法，正确的有（ ）。,A.总部有关部门负责国际先进的行业标准的识别、获取、更新和保管，甲公司负责对本地的法律法规、规章及规范性文件予以识别、获取、更新和保管|B.新的法律法规、标准或其他要求颁布时，甲公司须及时组织相关部门对安全生产规章制度予以修订，并及时组织培训|C.当本地的相关法律法规、规章及规范性文件要求高于国际先进行业标准时，甲公司须及时提交总部有关部门予以重新修订安全生产规章制度|D.甲公司安全生产规章制度由总部风险管理部门依据国际上先进的行业标准予以制定，遵守全球化统一标准，不得擅自更改，当各地区出现新的法律法规、规章及规范性文件与国际上先进行业标准有出入时，以国际先进的行业标准为准 E 新的法律法规、标准或其他要求已生效时，甲公司安全生产规章制度尚未修订完毕，员工应按照现有制度予以执行,ABC,本题主要考查的是安全生产规章制度。做题思路：掌握安全生产规章制度，判断场景或行为是否符合安全生产规章制度要求，对不符合的情况通过制度去纠正完善。D错误，错在“以国际先进的行业标准为准”。甲公司安全生产规章制度在对标国际标准的同时，也应根据本行业本地区的实际情况予以制定，当各地区出现新的法律法规、规章及规范性文件且与国际上先进行业标准有出入时，应以要求较高者为准；E错误，错在“员工应按照现有制度予以执行”。新的法律法规、标准或其他要求已生效时，甲公司安全生产规章制度尚未修订完毕，员工应按照新的法律法规、标准或其他要求予以执行。故选ABC。
多选题,[2021年][河南中安]某煤化工企业为进一步落实安全技术措施、卫生技术措施、安全宣传教育措施和辅助措施等，采取了一系列改进措施：在有毒有害厂房安装了轴流风机、增加高压氧舱急救装置，购置教育测试仪器，对高温设备采取了降温等措施。关于该企业采取的措施分类的说法，正确的有（ ）。,A.新建高压氧舱属于安全技术措施|B.有毒有害厂房安装轴流风机属于卫生技术措施|C.尘毒作业淋浴室属于卫生技术措施|D.购置教育测试仪器属于安全宣传教育措施 E 妇女卫生室属于辅助措施,BD,本题主要考查的是安全技术措施计划的项目范围，属于高频考点。做题思路：掌握安全技术措施计划的项目范围，根据要求区分四类技术措施。A错误，安全技术措施，指以防止工伤事故和减少事故损失为目的的一切技术措施，如安全防护装置、保险装置、信号装置、防火防爆装置等。高压氧舱属于辅助措施；B正确，卫生技术措施，指改善对职工身体健康有害的生产环境条件、防止职业中毒与职业病的技术措施，如防尘、防毒、防噪声与振动、通风、降温、防寒、防辐射等装置或设施；C错误，E正确，辅助措施，指保证工业卫生方面所必需的房屋及一切卫生性保障措施，如尘毒作业人员的淋浴室、更衣室或存衣箱、消毒室、妇女卫生室、急救室等；D正确，安全宣传教育措施，指提高作业人员安全素质的有关宣传教育设备、仪器、教材和场所等，如安全教育室，安全卫生教材、挂图、宣传画、培训室、安全卫生展览等。故选BDE。
单选题,[2021年][河南中安]某化工企业新入职的安全员小周根据集团总部统一要求，对所属厂内运行的制造设备。附属装置使用的机器设备和劳动防护用品等各类危险源进行归类，依据第一、第二类危险源的定义，属于第二类危险源的有（ ）。,A.装有10t液氨的储罐|B.腐蚀受损的减压阀|C.氮气瓶中的高压氮气|D.飞速旋转的车床 E 失效的防护用品,B,本题主要考查的是危险源，属于高频考点。做题思路：掌握第一类危险源和第二类危险源的特点，根据特点进行区分。BE属于，ACD不属于，ACD属于第一类危险源。第二类危险源是指导致能量或危险物质约束或限制措施破坏或失效的各种因素。广义上包括物的故障、人的失误、环境不良以及管理缺陷等因素。第二类危险源决定了事故发生的可能性，它出现得越频繁，发生事故的可能性越大。例如，冒险进入危险场所等。故选BE。
多选题,[2021年][河南中安]2021年1月23日，国务院召开全国安全生产电视电话会议，中共中央政治局常委、国务院总理李克强作出重要批示：要进一步压实各环节安全生产责任，持续抓好安全生产基础建设。为坚决扛起政治责任，Z市立即召开安全生产监督管理责任落实大会，要求所有负有安全生产监督管理职责的部门主要负责人出席，并严格落实“三个必须”监督管理责任，积极推进安全生产高质量发展。下列人员中，需要出席本次会议的有（ ）。,A.旅游局局长|B.税务局局长|C.交通局局长|D.公安局局长 E 邮政局局长,ACD,本题主要考查的是安全生产责任制。依据国务院安全生产委员会关于印发《国务院安全生产委员会成员单位安全生产工作任务分工》的通知中，对各负有安全生产监督管理职责的部门进行任务分工，分工的部门包括国家发展改革委、教育部、科技部、工业和信息化部、公安部、民政部、司法部、财政部、人力资源社会保障部、自然资源部、生态环境部、住房城乡建设部、交通运输部、水利部、农业农村部、商务部、文化和旅游部、国家卫生健康委、应急管理部、国务院国资委、海关总署、市场监管总局、广电总局、体育总局、中国气象局、中国银保监会、国家粮食和储备局、国家能源局、国家邮政局等，其中包括了旅游、交通、公安和邮政，不包括税务，故选ACDE。
单选题,[2021年][河南中安]甲企业与乙承包商签订了设备维修合同，乙承包商派出3名员工进行维修作业。某周六凌晨，三人在汽油储罐顶部焊接作业中突然发生爆炸事故，造成3人死亡。关于本次动火作业的做法，错误的有（ ）。,A.乙承包商作业人员在甲企业进行动火作业前必须报甲企业批准|B.本次动火作业属于特级动火级别|C.本次动火作业应对储罐进行彻底隔离、清洗和置换|D.本次乙承包商维修的动火作业应按照一级动火管理 E 本次作业属于在企业内固定区域的动火,D,本题主要考查的是动火作业安全管理，属于高频考点。做题思路：掌握动火作业安全管理，从作业前到作业中再到作业后，确保每个环节都符合安全标准，细节处注意避坑。D错误，特级动火作业是指在生产运行状态下的易燃易爆生产装置、输送管道、储罐、容器等部位上及其特殊危险场所进行的动火作业，带压不置换动火作业按特级动火作业管理。汽油储罐属于易燃易爆储罐，所以本次动火属于特级动火作业；E错误，固定动火区指允许正常使用电气焊（割）、砂轮、喷灯及其他动火工具从事检修、加工设备及零部件的区域。在正常情况下，汽油储罐区是不允许使用上述工具从事检修、加工等工作的，所以汽油储罐不属于固定动火区。故选DE。
多选题,[2021年][河南中安]某小型机修厂日常管理比较松散，员工在车间内吸烟，工器具随意摆放，地面大面积油污未及时清理，习惯性违反操作规程，安全标志标识缺失等。为规范作业现场安全管理，该厂推行了班组“5S”管理活动。下列该机修厂现场日常管理的做法中，属于“5S”现场安全管理内容的有（ ）。,A.组织制定设备操作规程|B.与员工签订安全生产责任状|C.组织开展班前班后会|D.完善安全标志标识 E 组织员工对生产现场环境整理,CD,本题主要考查的是“5S”安全管理法，属于高频考点。做题思路：掌握“5S”安全管理法，后根据关键词判断归属。“5S”安全管理法是指对生产现场的各种要素进行合理配置和优化组合的动态过程，即令所使用的人、财、物等资源处于良好的、平衡的状态。“5S”即整理、整顿、清扫、清洁、素养，又被称为“五常法则”或“五常法”。整理，就是将工作场所收拾成井然有序的状态。整顿，就是明确整理后需要物品的摆放区域和形式，即定置定位。清扫，就是大扫除，清扫一切污垢、垃圾创造一个明亮、整齐的工作环境。清洁，就是要维持整理、整顿、清扫后的成果，认真维护和保持在最佳状态，并且制度化，管理公开化、透明化。素养，就是提高人的素质，养成严格执行各种规章制度、工作程序和各项作业标准的良好习惯和作风，这是“5S”活动的核心。CDE属于，C选项属于素养；D选项属于整顿；E选项属于整理。故选CDE。
多选题,[2021年][河南中安]某热电厂汽机的转速正常运行值为3000rpm，3100rpm时触发报警，3300rpm联锁动作停车，超过3300rpm会有飞车的危险。根据危险源在事故发生发展中的作用，危险源分为第一类危险源和第二类危险源，属于第一类危险源的有（ ）。,A.专责工程师误设联锁动作参数值为3500rpm|B.联锁参数设置过程监护不到位|C.超过3300rpm的汽机|D.运行中的汽机从电网解列 E 运行值为3000rpm的汽机,CD,本题主要考查的是危险源，属于高频考点。做题思路：掌握第一类危险源和第二类危险源的特点，根据特点进行区分。 CD属于，ABE不属于，A选项，是人的失误，B选项，是管理的因素，属于第二类危险源，E选项，正常运行是不属于危险源的，建议不选。第一类危险源是指生产过程中存在的，可能发生意外释放的能量，包括生产过程中各种能量源、能量载体或危险物质。第一类危险源决定了事故后果的严重程度，它具有的能量越多，发生事故的后果越严重。例如，炸药、旋转的飞轮等属于第一类危险源。CD属于，C选项，超过3300rpm的汽机，有飞车的危险，属于第一类危险源；D选项，运行中从电网解列是不安全的状态，所以属于第一类危险源。故选CD。
多选题,[2021年][河南中安]某光伏发电企业开展“安全你我共责任”交流会，员工甲提出将工程技术硬手段与教育、管理软手段等结合起来的管理方法；员工乙提出应从员工的安全观念、伦理、情感、态度、认识、品德等人文素质入手加强安全的理解和认识；员工丙发言安全生产应执行同时规划、同时实施、同时投产的“三同步”原则；员工丁建议建设项目设计阶段开展对生产现场的“危险点、危害点、事故多发点”的控制工程，对隐患的评估，应急预案的制定和实施保证等开展超前预防型安全活动；员工戊表示安全生产过程中要查思想认识、查规章制度、查管理落实、查设备和环境隐患的“四查”制度。以上五人的叙述中属于本质论的预防型安全哲学观的有（ ）。,A.甲|B.乙|C.丙|D.丁 E 戊,BCD,本题主要考查的是安全哲学观。做题思路：掌握安全哲学观，在理解的基础上根据各自的内容和特点区分四类安全哲学观。BCD属于，AE不属于，AE两个选项的说法均属于系统论与综合型的安全哲学。故选BCD。
多选题,[2021年][河南中安]某铁矿山由于未实施采空区充填措施，突然造成地面大面积塌陷、邻近厂房倒塌、人员受伤。当地上千名群众聚集矿方大门，造成道路拥堵、交通瘫痪，发生较为严重的突发事件。根据《生产安全事故报告和调查处理条例》和《突发事件应对法》，关于此次突发事件信息报告的说法，正确的有（ ）。,A.矿山安全负责人事发1h内，应向县级应急管理部门报告|B.此突发事件信息报告应由相关职能部门向当地县级人民政府报告|C.县级人民政府可以直接向省级人民政府报告|D.县级人民政府应在2h内向上一级人民政府报告 E 此突发事件应收集居民委员会、村委会和兼职信息报告员的信息,ABC,本题主要考查的是突发事件和生产安全事故报告，属于高频考点。做题思路：掌握突发事件和生产安全事故报告，明确事故上报的部门及时限。D错误，安全生产监督管理部门和负有安全生产监督管理职责的有关部门逐级上报事故情况，每级上报的时间不得超过2h，注意事故上报的是部门而不是政府。故选ABCE。
多选题,[2021年][河南中安]某企业生产现场有1台蒸汽压力0.8MPa的20L承压蒸汽锅炉，3辆30m³甲醇罐车和1台100m³硫酸储罐，2部电梯（客货通用，核载1400㎏），日常生产检修维护过程中经常使用1t电动葫芦吊装设备，定期对在用的设备进行经常性维护保养和定期进行检查检验，并做好记录。下列企业设施设备中，需要经常性维护保养、定期检查，但不需要定期检验的有（ ）。,A.20L承压蒸汽锅炉|B.30m³甲醇罐车|C.100m³硫酸储罐|D.2台电梯 E 1t电动葫芦,AC,本题主要考查的是特种设备安全，属于高频考点。做题思路：掌握特种设备的定义与分类，判断是否属于特种设备。依据《特种设备安全法》第四十条：特种设备使用单位应当按照安全技术规范的要求，在检验合格有效期届满前一个月向特种设备检验机构提出定期检验要求。所以需要定期检验的是特种设备。A不需要，不属于特种设备。依据《特种设备目录》设计正常水位容积大于或者等于30L，且额定蒸汽压力大于或者等于0.1MPa（表压）的承压蒸汽锅炉；B需要，甲醇储罐和罐车都是常压的，但是甲醇属于它属于3类易燃液体。所以需要定期检验；C不需要，不属于特种设备，硫酸储罐不是压力容器；D需要，电梯属于特种设备；E不需要，单独的电动葫芦属于起重设备部件，不属于特种设备，只有当电动葫芦用于单梁起重机、电动葫芦桥式起重机、电动葫芦门式起重机等起重设备，且起重量大于等于3吨时，才属于特种设备。故选ACE。
多选题,[2021年][河南中安]2018年某日，甲化工企业氯乙烯气柜泄漏，氯乙烯扩散至厂外区域，遇火源发生爆炸，造成24人死亡、21人受伤，38辆大货车和12辆小型车损毁。根据伤亡事故的不同特点，事故按照行业、致损因素和伤害程度分类，下列事故分类中，正确的有（ ）。,A.按照致损因素划分，该事故是火灾事故|B.按照行业划分，该事故是危险化学品事故|C.按照伤害程度划分，该事故是重大事故|D.按照致损因素划分，该事故是其他爆炸事故 E 按照伤害程度划分，该事故是死亡事故,BD,本题主要考查的是事故的分类，属于高频考点。做题思路：掌握事故的分类，通过不同的特点区分事故的类型。A错误，D正确，按照致损因素划分，本次事故是遇火爆炸，所以不属于火灾事故，而属于爆炸事故；C错误，E正确，按照伤害程度划分，分为轻伤事故、重伤事故，死亡事故，本题因为有人死亡，所以属于死亡事故。故选BDE。
多选题,[2021年][河南中安]某百万吨级乙烯项目配套设有两个罐区，罐区一是低温液化烃储罐，罐区二包含原料储罐、中间储罐和成品储罐，分布在三个独立防火堤内。根据《危险化学品重大危险源辨识》，下列可被划分为独立评价单元的有（ ）。,A.罐区一|B.罐区二|C.原料储罐|D.中间储罐 E 成品储罐,ACD,本题主要考查的是重大危险源的评价单元划分，属于高频考点。做题思路：掌握重大危险源的评价单元划分规则，后根据关键词判断正误。根据《危险化学品重大危险源辨识》，储罐区以罐区防火堤为界限划分为独立的单元，仓库以独立库房（独立建筑物）为限划分为独立的单元。原料储罐、中间储罐和成品储罐分别设置在三个防火堤内，所以可以划分为独立的评价单元。罐区一是低温液化烃储罐，作为一个单独的罐区，罐区一划分为一个独立的评价单元。故选ACDE。
单选题,[2021年][河南中安]甲防腐公司5人在乙企业廊道内进行防腐作业，其中1人监护，4人作业。2小时后，监护人去洗手间，回来后发现4人在廊道内晕倒。事故发生后，乙企业检修部门负责人汇报公司主要领导，启动专项应急预案，拨打了110电话，并组织将伤者送往医院抢救。为切实保障救援者的身心健康，乙企业将参与救援的20多名职工送到当地医院，留观正常。由于该事故涉及送医人员较多，未及时报告当地政府有关部门，造成一定的社会恐慌。根据《生产经营单位应急预案编制导则》，该专项应急预案应完善的内容包括（ ）。,A.应急响应启动后须信息公开，避免造成恐慌|B.乙企业主要领导应启动专项应急预案|C.处置措施环节应明确专人拨打110电话|D.应急保障部分应明确医疗应急救援相关事项 E 处置措施环节应增加向当地政府部门即时报送信息,A,本题主要考查的是专项应急预案，属于高频考点。做题思路：掌握专项应急预案，熟悉专项应急预案的各个环节。由题可知，由于该事故涉及送医人员较多，未及时报告当地政府有关部门，造成一定的社会恐慌。所以对于未及时报告当地政府有关部门以及造成社会恐慌进行完善。故选AE。
单选题,[2021年][河南中安]某多业态集团公司下属有商业综合体、物流企业、建设工程施工企业等，从事的行业有交通、商贸经营、物流运输、建筑工程施工。为加强安全生产费用管理，进一步规范安全生产费用提取和使用，根据《企业安全生产费用提取和使用管理办法》，下列支出项目可列入安全生产费用范围的有（ ）。,A.安全验收评价报告费用|B.移动式脚手架|C.排洪沟|D.车辆卫星定位装置 E 缓降器,D,本题考查的是安全生产投入与安全生产责任保险的使用范围，属于高频考点。做题思路：以记忆为主。DE属于，A不属于，根据《企业安全生产费用提取和使用管理办法》，针对建设工程施工企业、安全生产检查、咨询、评价（这里的安全评价主要指的是现状评价，新建、改建、扩建项目的安全评价预评价或安全验收评价，不是安全生产费用的便用范围）和标准化建设支出可列入安全生产费用范围；完善、改造和维护安全防护设施设备（不含“三同时”要求初期投入的安全设施）支出可列入安全生产费用范围，包括施工现场临时用电系统、洞口、临边、机械设备、高处作业防护、交叉作业防护、防火、防爆、防尘、防毒、防雷、防台风、防地质灾害、地下工程有害气体监测、通风、临时安全防护等设施设备支出。针对交通运输企业，购置、安装和使用具有行驶记录功能的车辆卫星定位装置、船舶通信导航定位和自动识别系统、电子海图等支出可列入安全生产费用范围。B属于：措施项目费的范畴；C不属于，排洪沟虽属于安全设施，不过应属于“三同时”时期与主体工程共同完工的安全设施。故选D。
单选题,[2022年][河南中安]某企业制氯车间生产能力为100Nm3/h，在企业组织的安全生产检查过程中，出现许多事故隐患，下列隐患中，属于重大事故隐患的是（    ）。,A.制氯车间视频监控摄像头损坏|B.电气控制室内配置的灭火器超期未检验|C.氯气管道穿墙处静电接地线松动|D.制氯车间内使用非防爆型通风机,D,本题主要考查的是重大事故隐患判定。做题思路：找危害和整改难度较大的，选择最符合题意的选项。D属于，ABC不属于，ABC属于一般事故隐患。《化工和危险化学品生产经营单位重大生产安全事故隐患判定标准（试行）》十二：涉及可燃和有毒有害气体泄漏的场所未按国家标准设置检测报警装置，爆炸危险场所未按国家标准安装使用防爆电气设备。故选D。
单选题,[2022年][河南中安]某危险货物运输企业，载重20吨的甲醇罐车经常高速穿越山区道路，罐车装设的紧急切断阀有失灵现象，偶尔导静电橡胶拖地带悬空，驾驶员偶尔存在长时间疲劳驾驶情况。下列危险源中，属于第一类危险源的是（    ）。,A.装有甲醇的罐车|B.罐车失灵的紧急切断阀|C.疲劳驾驶的驾驶员|D.悬空的导静电橡胶拖地带,A,本题主要考查的是安全生产管理基本概念中的危险源，属于高频考点。A属于，BCD不属于，BCD属于第二类危险源。第一类危险源是指生产过程中存在的，可能发生意外释放的能量，包括生产过程中各种能量源、能量载体或危险物质。第一类危险源决定了事故后果的严重程度，它具有的能量越多，发生事故的后果越严重。例如，炸药、旋转的飞轮等，本题的装有甲醇的罐车也属于第一类危险源。第二类危险源是指导致能量或危险物质约束或限制措施破坏或失效的各种因素。广义上包括物的故障、人的失误、环境不良以及管理缺陷等因素。第二类危险源决定了事故发生的可能性，它出现得越频繁，发生事故的可能性越大。例如冒险进入危险场所等。故选A。
单选题,[2022年][河南中安]某矿业公司码头采用卸船机作业，卸船机抓斗从船舱抓取铁矿石，通过皮带转运至厂内堆取料仓，公司事故统计发现，卸船机抓斗从船舱抓取铁矿石过程中发生的人身伤害事故较多，事故主要原因是个别作业人员在卸船作业的同时违章进入船舱清理船底矿石。为防范事故发生，该公司集中采取了“反违章”专项措施，打断事故链，该措施符合的事故致因理论是（    ）。,A.事故频发倾向|B.海因里希事故因果连锁|C.瑞士奶酪模型理论|D.轨迹交叉,B,本题主要考查的是事故致因原理，属于高频考点。做题思路：结合题目背景，找出关键词，选择最符合题意的选项。B符合，ACD不符合。事故因果连锁理论阐述了导致伤亡事故的各种因素间及与伤害间的关系，认为伤亡事故的发生不是一个孤立的事件，尽管伤害可能在某瞬间突然发生，却是一系列原因事件相继发生的结果。题干强调的是“反违章”，打断事故链，属于事故因果连锁理论。故选B。
单选题,[2022年][河南中安]某化工园区管委会组织安全检查时，针对发现的问题，提出①将员工通道与叉车通道分开；②使用氯气的化学实验室应拆掉室内吊顶；③将铸铁静电接地转换改为包钢材质接地；④电工穿雨靴作业改成穿绝缘鞋作业。上述整改措施中，不适用能量意外释放理论的是（    ）。,A.①|B.②|C.③|D.④,B,本题主要考查的是能量意外释放理论，属于高频考点。做题思路：对照题干匹配理论措施，选出不适用的选项。B不适用，ACD适用。能量意外释放的屏蔽措施主要有下列11种：（1）用安全的能源代替不安全的能源；（2）限制能量；（3）防止能量蓄积；（4）控制能量释放；（5）延缓释放能量；（6）开辟释放能量的渠道；（7）设置屏蔽设施；（8）在人、物与能源之间设置屏障，在时间或空间上把能量与人隔离；（9）提高防护标准；（10）改变工艺流程；（11）修复或急救。A适用，A属于在人、物与能源之间设置屏障；B不适用，氯气的密度常压下大于空气，并不会在实验室顶部积聚，拆除吊顶无用；C适用，包钢接地通常是指铜包钢接地棒，其核心是钢，表面覆盖一层铜。这种设计结合了铜的优良导电性和钢的强度，既保证了良好的导电性能，又具有较高的机械强度和耐腐蚀性‌。铸铁的主要成分是铁和碳，碳含量较高。铸铁具有良好的塑形性，但强度、硬度和韧性较低。由于其碳含量高，铸铁的导电性和耐腐蚀性相对较差‌。因此在变电站等需要高稳定性和导电性的场合，包钢接地棒因其优良的导电性和耐腐蚀性，成为更优的选择。而铸铁由于其性能限制，一般不推荐用于接地系统‌；D适用，CD均属于提高防护标准。故选B。
单选题,"[2022年][河南中安]某省安委会在2022年全国“安全生产月”期间，组织工贸和矿山行业的专家，进行现场督查时，发现某集团公司下属企业存在以下生产安全事故隐患：

根据工贸和矿山行业类重大生产事故隐患判定标准，全部隐患属于重大事故隐患的是（    ）。",A.某汽车制造厂|B.某白酒厂|C.某煤矿|D.某铁矿,D,本题主要考查的是重大事故隐患判定。D正确，ABC错误，机械制造企业叉车转向灯损坏、轻工企业职工更衣室设置在联合厂房内、煤矿企业安全帽过期均不属于重大事故隐患。根据《金属非金属矿山重大事故隐患判定标准》，二十：矿井未采用机械通风，或者采用机械通风的矿井存在下列情形之一的：1.在正常生产情况下，主通风机未连续运转；2.主通风机发生故障或者停机检查时，未立即向调度室和企业主要负责人报告，或者未采取必要安全措施；3.主通风机未按规定配备备用电动机，或者未配备能迅速调换电动机的设备及工具；4.作业工作面风速、风量、风质不符合国家标准或者行业标准要求；5.未设置通风系统在线监测系统的矿井，未按国家标准规定每年对通风系统进行1次检测；6.主通风设施不能在10分钟之内实现矿井反风，或者反风试验周期超过1年。二十一：未配齐或者随身携带具有矿用产品安全标志的便携式气体检测报警仪和自救器，或者从业人员不能正确使用自救器。故选D。
单选题,[2022年][河南中安]某化工企业建厂较早，在2022年企业老旧装置安全风险防控专项整治行动时，对照相关规定组织自检自查，为后续整改提供基础资料。关于企业自检自查的说法，正确的是（    ）。,A.装置总平面布置是经过正规设计院设计的，手续齐全不用辨识|B.原液氨储罐改成氨气储罐，因危险性降低，可以不辨识|C.普通离心泵应从密封、联轴器、使用场合和误操作等方面进行辨识|D.在自查过程中，工作人员应使用经验方法开展老旧设备风险辨识,C,本题考查的是2022年应急管理部印发的《危险化学品生产使用企业老旧装置安全风险评估指南（试行）》，属于日常管理相结合的题目。AB错误，错在“不辨识”。在役装置应经过正规设计，未经过正规设计的在役化工装置应进行安全设计诊断，通知要求全面排查并精准评估老旧装置安全风险；D错误，错在“使用经验方法”按照评估指南，在自查过程中均发布了具体的自查标准，应当按照标准自查，而不是使用经验方法。故选C。（超纲）
单选题,[2022年][河南中安]甲地安全监管部门在某危险化学品生产企业检查监管时，发现该企业应急物品中的滤毒罐防护类型选择不合理，也没配备符合规范要求的气密型化学防护服，监管部门根据相关规定对企业进行处罚，本次监管的方式属于（    ）。,A.事后监督管理的行为监管|B.事中监督管理的技术监管|C.事中监督管理的行为监管|D.事后监督管理的技术监管,B,本题主要考查的是安全生产监督管理方式，属于高频考点。做题思路：只有事中监督管理有行为和技术之分，可以先排除事后监管。B正确，ACD错误。事中监督管理：（1）行为监管。监督检查生产经营单位安全生产的组织管理、规章制度建设、职工教育培训、各级安全生产责任制的实施等工作。其目的和作用在于提高用人单位各级管理人员和普通职工的安全意识，落实安全措施，对违章操作、违反劳动纪律的不安全行为，严肃纠正和处理。（2）技术监管。是对物质条件的监督检查，包括对新建、扩建、改建和技术改造工程项目的“三同时”监督检查；对用人单位现有防护措施与设施完好率、使用率的监督检查；对个人防护用品的质量、配备与使用的监督检查；对危险性较大的设备、危害性较严重的作业场所和特殊工种作业的监督检查等。其特点是专业性强，技术要求高。技术监管多从设备的本质安全入手。故选B。
单选题,"[2022年][河南中安]一、单选题
8
标记
收藏

某医药研发企业设有一冰醋酸专用储存间，根据《安全标志及其使用导则》，不需设置的安全标志是（    ）。",A.当心低温|B.禁止烟火|C.当心腐蚀|D.必须戴防护眼镜,A,本题主要考查的是安全标志。做题思路：结合题目背景，找出最符合题意的选项。A不需要设置，BCD需要设置。冰醋酸是危险品。乙酸，也叫醋酸、冰醋酸，是一种有机一元酸，属于危险化学品。纯的无水乙酸（冰醋酸）是无色的吸湿性固体，凝固后为无色晶体，其水溶液中呈弱酸性且蚀性强，蒸汽对眼和鼻有刺激性作用。冰醋酸是一种易燃易爆品。冰醋酸易燃，其水蒸气能和空气发生爆炸。故选A。
单选题,[2022年][河南中安]某市安全执法人员对一家饭店检查时，发现该饭店未安装燃气预警仪，按照相关规定下发了限期整改指令书，两周后复查发现隐患仍未整改。关于该情况的处罚，正确的是（    ）。,A.责令该饭店停业整顿|B.依法追究该饭店主要负责人刑事责任|C.对该饭店直接负责的管理人员处5万元罚款|D.吊销该饭店营业执照,A,本题主要考查的是法律责任。做题思路：结合题目背景行为，依据相关法律规范对处罚进行判断。A正确，B错误，错在缺少前提“构成犯罪的”，C金额错误，D无相关处罚。根据《安全生产法》，第九十九条：生产经营单位有下列行为之一的，责令限期改正，处五万元以下的罚款；逾期未改正的，处五万元以上二十万元以下的罚款，对其直接负责的主管人员和其他直接责任人员处一万元以上二万元以下的罚款；情节严重的，责令停产停业整顿；构成犯罪的，依照刑法有关规定追究刑事责任：（一）未在有较大危险因素的生产经营场所和有关设施、设备上设置明显的安全警示标志的；（二）安全设备的安装、使用、检测、改造和报废不符合国家标准或者行业标准的；（三）未对安全设备进行经常性维护、保养和定期检测的；（四）关闭、破坏直接关系生产安全的监控、报警、防护、救生设备、设施，或者篡改、隐瞒、销毁其相关数据、信息的；（五）未为从业人员提供符合国家标准或者行业标准的劳动防护用品的；（六）危险物品的容器、运输工具，以及涉及人身安全、危险性较大的海洋石油开采特种设备和矿山井下特种设备未经具有专业资质的机构检测、检验合格，取得安全使用证或者安全标志，投入使用的；（七）使用应当淘汰的危及生产安全的工艺、设备的；（八）餐饮等行业的生产经营单位使用燃气未安装可燃气体报警装置的。故选A。
单选题,[2022年][河南中安]甲公司为扩大生产能力，拟新建一座厂房用以存放机械加工设备，委托乙设计公司进行设计，丙建筑总公司负责施工，丁监理公司负责监理。依据《建设项目安全设施“三同时”监督管理办法》（原国家安全监督总局令第36号修正）。下列各企业做法中，正确的是（    ）。,A.丙公司在深基坑支护施工前，编制了专项施工方案，经丙公司技术负责人审批并报甲公司备案后，实施现场作业|B.施工过程中，丙公司应提前编制土方开挖工程专项施工方案，发现安全专项设计文件有错漏的，及时向甲、乙公司提出，甲、乙公司应及时处理|C.甲公司负责对丙公司制定的安全技术措施进行审查，确保符合工程建设强制性标准，项目竣工后，积极组织对项目进行30日试运营|D.建设项目安全设施建成后，由乙公司按照安全设施设计对建成的安全设施进行对比审核检查，发现问题后向甲公司建议整改,B,本题主要考查的是《建设项目安全设施“三同时”监督管理办法》，属于高频考点。做题思路：先理清楚各单位职责，再根据关键词判断对错。A错误，错在“经丙公司技术负责人审批”。施工单位应当在施工组织设计中编制安全技术措施和施工现场临时用电方案，同时对危险性较大的分部分项工程依法编制专项施工方案，并附具安全验算结果，经施工单位技术负责人、总监理工程师签字后实施。A选项缺少总监理工程师审批；B正确，施工单位发现安全设施设计文件有错漏的，应当及时向生产经营单位、设计单位提出。生产经营单位、设计单位应当及时处理；C错误，错在甲公司审查，应由丁公司审查。第十九条：工程监理单位应当审查施工组织设计的安全技术措施或者专项施工方案是否符合工程建设强制性标准；D错误，错在乙公司对安全设施审核检查，应由甲公司对安全设施进行检查。第二十条：建设项目安全设施建成后，生产经营单位应当对安全设施进行检查，对发现的问题进行整改。故选B。
单选题,[2022年][河南中安]某煤炭生产企业根据《企业安全生产费用提取和使用管理办法》，制定了安全生产费用提取和使用管理制度，该企业安全生产费用的使用，错误的是（    ）。,A.用于更新改造煤与瓦斯防突设备和设施|B.用于改扩建厂房项目的安全评价|C.用于开展重大危险源和事故隐患评估|D.用于安全生产新标准推广应用,B,本题主要考查的是安全生产费用使用范围，属于高频考点。做题思路：找不能使用的。煤炭生产企业安全生产费用应当用于以下支出：A正确，（一）煤与瓦斯突出及高瓦斯矿井落实综合防突措施支出，包括瓦斯区域预抽、保护层开采区域防突措施、开展突出区域和局部预测、实施局部补充防突措施等两个“四位一体”综合防突措施，以及更新改造防突设备和设施、建立突出防治实验室等支出；（二）冲击地压矿井落实防冲措施支出，包括开展冲击地压危险性预测、监测预警、防范治理、效果检验、安全防护等防治措施，更新改造防冲设备和设施，建立防冲实验室等支出；（三）煤矿安全生产改造和重大事故隐患治理支出，包括通风、防瓦斯、防煤尘、防灭火、防治水、顶板、供电、运输等系统设备改造和灾害治理工程，实施煤矿机械化改造、智能化建设，实施矿压、热害、露天煤矿边坡治理等支出；（四）完善煤矿井下监测监控、人员位置监测、紧急避险、压风自救、供水施救和通信联络等安全避险设施设备支出，应急救援技术装备、设施配置和维护保养支出，事故逃生和紧急避难设施设备的配置和应急救援队伍建设、应急预案制修订与应急演练支出；C正确，（五）开展重大危险源检测、评估、监控支出，安全风险分级管控和事故隐患排查整改支出，安全生产信息化建设、运维和网络安全支出；B错误，错在“改扩建”。（六）安全生产检查、评估评价（不含新建、改建、扩建项目安全评价）、咨询、标准化建设支出；（七）配备和更新现场作业人员安全防护用品支出；（八）安全生产宣传、教育、培训和从业人员发现并报告事故隐患的奖励支出；D正确，（九）安全生产适用新技术、新标准、新工艺、煤矿智能装备及煤矿机器人等新装备的推广应用支出；（十）安全设施及特种设备检测检验、检定校准支出；（十一）安全生产责任保险支出；（十二）与安全生产直接相关的其他支出。故选B。
单选题,[2022年][河南中安]安全技术措施计划的项目范围包括改善劳动条件、防止事故、预防职业病和提高职工安全素质等，类别可分为安全技术措施、卫生技术措施、辅助措施和安全宣传教育措施4类。下列措施中，属于卫生技术措施的是（    ）。,A.甲公司喷漆房内安装了防爆型电气设备设施|B.丙公司针对喷漆作业人员设置了淋浴室|C.丁公司设置了急救室和妇女卫生室|D.乙公司氩弧焊作业场所设置了局部排风设施,D,本题主要考查的是安全技术措施分类，属于高频考点。D属于，卫生技术措施，指改善对职工身体健康有害的生产环境条件、防止职业中毒与职业病的技术措施，如防尘、防毒、防噪声与振动、通风、降温、防寒、防辐射等装置或设施；A不属于，A属于安全技术措施；BC不属于，BC属于辅助措施。故选D。
单选题,[2022年][河南中安]某化工企业改扩建的苯乙烯装置包括螺杆机、压力容器、压力管道等设备设施，技术质量部组织修订苯乙烯装置安全生产操作规程，在组织审查该操作规程时，生产部提出部分内容缺失，根据安全生产操作规程编写的要求，应补充的内容是（    ）。,A.装置突然停电时应急处理方案|B.装置螺杆机检修步骤|C.装置压力容器定期检验探伤步骤|D.装置工艺管道单线图,A,本题主要考查的是安全操作规程，属于高频考点。做题思路：根据安全操作规程内容，找到与之相应选项。A正确，A属于异常情况如何处理的要求。BCD错误，BCD不属于安全操作规程内容。安全操作规程包括：（1）操作前的准备，包括操作前做哪些检查，机器设备和环境应当处于什么状态，应做哪些调整，准备哪些工具等。（2）劳动防护用品的穿戴要求。应该和禁止穿戴的防护用品种类，以及如何穿戴等。（3）操作的先后顺序、方式。（4）操作过程中机器设备的状态，如手柄、开关所处的位置等。（5）操作过程需要进行哪些测试和调整，如何进行。（6）操作人员所处的位置和操作时的规范姿势。（7）操作过程中有哪些须禁止的行为。（8）一些特殊要求。（9）异常情况如何处理。（10）其他要求。故选A。
单选题,[2022年][河南中安]某集团公司有六家下属公司，上一年度有三家公司发生生产安全事故，其中甲公司事故造成1人重伤，住院费10万元，停产损失1000万元，乙公司事故未造成人员伤亡，直接经济损失900万元，丙公司有毒气体遗漏紧急疏散人员600人，根据《生产安全事故信息报告和处置办法》（原国家安全监管总局令第21号），集团公司上一年度共发生较大涉险事故次数（    ）。,A.0|B.1|C.2|D.3,B,本题主要考查的是较大涉险事故，属于高频考点。做题思路：先判断甲乙丙公司事故中哪些属于较大涉险事故，然后相加。较大涉险事故是指：（一）涉险10人以上的事故；（二）造成3人以上被困或者下落不明的事故；（三）紧急疏散人员500人以上的事故；（四）因生产安全事故对环境造成严重污染（人员密集场所、生活水源、农田、河流、水库、湖泊等）的事故；（五）危及重要场所和设施安全（电站、重要水利设施、危化品库、油气站和车站、码头、港口、机场及其他人员密集场所等）的事故；（六）其他较大涉险事故。这三起事故中只有丙公司发生的事故为较大涉险事故。故选B。
单选题,[2022年][河南中安]某企业施工过程中，将土方倒运到基坑附近的围墙内侧地坪处，因堆土导致近公共道路一段围墙向外坍塌，致使公共道路上集贸早市的经营者及行人共44人被压埋，造成19人死亡，25人受伤的重大事故。关于事故报告时限的说法，正确的是（    ）。,A.上报国务院不应超过事故发生起7h|B.上报县级应急管理部门不应超过事故发生起3h|C.上报市级应急管理部门不应超过事故发生起4h|D.上报省级应急管理部门不应超过事故发生起6h,A,本题主要考查的是事故报告，属于高频考点。做题思路：先判断事故等级，再确定上报级别和时限。A正确，BCD错误，均错在上报部门和时间。该事故为重大事故，应逐级上报至国务院安全生产监督管理部门和负有安全生产监督管理职责的有关部门。单位负责人接到报告后，应当于1小时内向事故发生地县级以上人民政府安全生产监督管理部门和负有安全生产监督管理职责的有关部门报告。安全生产监督管理部门和负有安全生产监督管理职责的有关部门逐级上报事故情况，每级上报的时间不得超过2小时。故选A。
单选题,[2022年][河南中安]某化工企业组织对丙烷制冷机组进行大修，检修的操作人员对机组介质进行撤压，置换合格后，加装了盲板，并进行停电和对开关柜挂牌上锁，检修中对机械电气回路综保系统过流、速断、接地等进行了测试，按照防止事故发生的安全技术措施要求，下列说法正确的是（    ）。,A.对系统撤压属于消除危险源|B.加装盲板属于限制能量|C.开关柜挂牌上锁属于能量隔离|D.电气保护回路的检修测试属于减少故障失误,A,本题主要考查的是安全技术措施，属于高频考点。做题思路：先排除管理措施，再进行判断。A正确，常用的防止事故发生的安全技术措施有消除危险源、限制能量或危险物质、隔离等；B错误，B选项中的加装盲板属于隔离；CD错误，C选项挂牌上锁、D选项检修测试为管理措施。故选A。
单选题,[2022年][河南中安]某建筑施工企业推行风险分级管控机制，一建筑工地按要求制作了各风险安全警示标志牌，其中基坑区域属A级风险点，警示牌如图所示，关于安全标志的说法，正确的是（    ）。,A.禁止靠近属于禁止标志，提醒人们对周边环境引起注意，禁止靠近|B.安全标志是规范作业现场，消除现场作业隐患最有力的工具|C.必须佩戴安全帽属于指示标志，使用颜色为蓝色背景、白色图形|D.当心坑洞需采用黑色符号和黄色背景，属于提示标志,A,本题主要考查的是安全标志，属于高频考点。做题思路：先掌握各种安全标志含义和几何图形，后通过关键词判断正误。A正确，禁止标志是禁止人们不安全行为的图形标志。禁止标志的几何图形是带斜杠的圆环，其中圆环与斜杠相连，用红色；图形符号用黑色，背景用白色；B错误，错在“消除”，安全标志是规范作业现场，降低现场作业隐患的有力工具之一；C错误，错在“指示标志”，必须戴安全帽属于安全标志中的指令标志；D错误，“当心坑洞”属于警告标志，而不是提示标志。提示标志的几何图形是方形，绿色背景，白色图形符号及文字；题干中标志的顺序是错误的，应当按照警告、禁止、指令、提示的顺序，按照由左向右，自上而下排列。故选A。
单选题,[2022年][河南中安]某企业醋酸车间二楼操作平台的员工甲在未关闭真空泵的情况下拔出前一个原材料的软管，插入下一个原材料进行抽吸作业，造成醋酸酐高位槽发生爆炸。爆发后的碎片击破相邻的盐酸高位槽；员工乙在撤离过程中由于二层操作平台阶梯一侧扶手栏杆缺失，失稳坠落死亡。根据《生产过程危险和有害因素分类与代码》（GB/T 13861），关于造成此次事故的危险有害因素分类的说法，正确的是（    ）。,A.醋酸酐高位槽爆炸产生的运动碎片，属于环境因素|B.醋酸车间二层操作平台的阶梯扶手栏杆缺失，属于物的因素|C.员工甲未按照公司规定的操作规程操作，属于管理因素|D.醋酸酐高位槽与盐酸高位槽距离过近，属于物的因素,D,本题主要考查的是危险有害因素分类，属于高频考点。做题思路：先掌握危险有害因素的分类，后根据关键词进行判断。A错误，A选项属于物的因素，运动物危害；B错误，B选项属于环境因素，室内梯架缺陷；C错误，C选项属于人的因素，违章作业；D正确，D选项属于物的因素，防护距离不够。故选D。
单选题,[2022年][河南中安]某大型空分企业由于生产经营管理需要，新建D级锅炉一台，购置低温液氮储槽汽车三台，车用氧气瓶6只以及充装压力管道若干。根据特种设备使用管理的有关规定，关于特种设备使用登记的说法，正确的是（    ）。,A.低温液氮储槽汽车，应当在特种设备购买地登记机关申请办理使用登记|B.新建D级锅炉需要办理使用登记|C.压力管道应当以使用单位为对象向登记机关办理使用登记|D.车用氧气瓶应以瓶为单位进行使用登记,C,本题主要考查的是特种设备安全管理，属于高频考点。做题思路：先掌握特种设备安全管理规定内容，后根据关键词判断正误。A错误，错在“购买地”。流动作业的特种设备，向产权所在地的登记机关办理使用登记；B错误，根据《特种设备使用管理规则》，D级锅炉不需要办理使用登记；C正确，气瓶（车用气瓶除外）、工业管道应当以使用单位为对象向登记机关办理使用登记；D错误，错在“以瓶为单位”。根据《特种设备使用管理规则》，车用气瓶以车为单位进行使用登记。故选C。
单选题,[2022年][河南中安]某安全评价机构接受一食品加工企业委托，对该企业仓库扩建项目进行竣工安全验收评价，验收范围包括加工半成品储存库房、运输线路、仓库干燥系统、实时控温系统等。关于安全验收评价内容的说法，错误的是（    ）。,A.评价企业仓库扩建项目施工期间编制的应急处置方案的合规性|B.评价企业初步设计中湿度、温度等与安全卫生相关指标的落实情况|C.评价项目安全预评价中，针对机械伤害提出设置屏障的安全措施落实情况|D.评价仓库干燥系统用电安全相关内容,A,本题主要考查的是安全验收评价内容。做题思路：先掌握安全验收评价内容，后根据关键词进行判断。安全验收评价的内容主要包括危险、有害因素的辨识与分析，符合性评价和危险危害程度的评价，安全对策措施建议，安全验收评价结论等。安全验收评价主要从以下方面进行：评价对象前期（安全预评价、可行性研究报告、初步设计中安全卫生专篇等）对安全生产保障等内容的实施情况和相关对策措施建议的落实情况，评价对象的安全对策措施的具体设计、安装施工情况有效保障程度，评价对象的安全对策措施在试投产中的合理有效性和安全措施的实际运行情况，评价对象的安全管理制度和事故应急预案的建立与实际开展和演练有效性。故BC正确；安全验收评价是在建设项目竣工后正式生产运行前或工业园区建设完成后，通过检查建设项目安全设施与主体工程同时设计、同时施工、同时投入生产和使用的情况或工业园区内的安全设施、设备、装置投入生产和使用的情况，检查安全生产管理措施到位情况，检查安全生产规章制度健全情况，检查事故应急救援预案建立情况，审查确定建设项目、工业园区建设满足安全生产法律法规、标准规范要求的符合性，从整体上确定建设项目、工业园区的运行状况和安全管理情况，作出安全验收评价结论的活动。故D正确；安全验收评价程序内容主要包括：前期准备；危险、有害因素辨识；划分评价单元；选择评价方法，定性、定量评价；提出安全管理对策措施及建议；作出安全验收评价结论；编制安全验收评价报告等。A错误，评价企业仓库扩建项目施工期间编制的应急处置方案的合规性不属于验收评价的内容。故选A。
单选题,[2022年][河南中安]某企业危险化学品生产许可证到期，进行延期换证，按照要求开展安全评价，评价单位在评价报告形成过程中针对发现的问题与企业交换意见，企业有关人员对其中的一些问题提出相应看法。关于安全评价报告编制的说法，正确的是（    ）。,A.法律法规必须遵守，有些危险性较小的内容可以与标准有差异|B.评价不应拘泥于标准，与标准不符的时候要体现专家经验|C.该评价报告结构应与验收评价报告一致|D.安全评价单元划分应参考以往评价报告,D,本题主要考查的是安全评价报告的内容与编写要求。做题思路：先掌握安全评价报告的内容与编写要求，后根据关键词进行判断。AB错误，错在“可以与标准有差异”“与标准不符”。安全评价要坚持合法性、科学性，政策性是安全评价的灵魂，必须要符合标准；C错误，错在“应与验收评价报告一致”。安全验收评价报告是安全验收评价工作过程形成的成果。题目背景要求为安全现状评价。安全现状评价报告要比安全验收评价报告更为详尽、更具体；D正确，评价单元的划分应科学、合理，便于实施评价，相对独立且具有明显的特征界限，可以、应当参考以往的评价报告。故选D。
单选题,[2022年][河南中安]【改编】某央企主管业务为非煤矿山，杨某为该集团公司的主要负责人，李某是位于甲省乙市内子公司主要负责人，王某为安全管理人员，孙某为新上岗从业人员。下列关于安全培训大纲的说法，错误的是（    ）。,A.杨某的安全培训大纲由国家应急管理部组织制定|B.李某的安全培训大纲由国家应急管理部组织制定|C.王某的安全培训大纲由国家应急管理部组织制定|D.孙某的安全教育培训由本企业自行组织实施即可，无需依照安全生产监管监察部门制定的安全培训大纲实施,D,本题主要考查的是安全培训大纲。做题思路：先掌握安全培训大纲知识点，后根据关键词进行判断。ABC正确，安全监管监察人员，危险物品的生产、经营、储存单位与非煤矿山、金属冶炼单位的主要负责人和安全生产管理人员、特种作业人员以及从事安全生产工作的相关人员的安全培训大纲，由国家安全监管总局组织制定。D错误，错在“无需依照乙市安全生产监管监察部门制定的安全培训大纲实施”。生产经营单位的从业人员的安全培训，由生产经营单位负责。除危险物品的生产、经营、储存单位和矿山、金属冶炼单位以外其他生产经营单位的主要负责人、安全生产管理人员及其他从业人员的安全培训大纲，由省级安全生产监督管理部门、省级煤矿安全培训监管机构组织制定。安全培训应当按照规定的安全培训大纲进行。故选D。
单选题,[2022年][河南中安]某企业制定了安全教育培训制度，明确了各级管理人员的安全培训要求，重点是提升员工的安全意识和能力，关于员工安全教育培训的说法，错误的是（    ）。,A.司炉工张某初次安全培训时间不得少于24学时|B.厂长王某初次安全培训时间不得少于24学时|C.包装线由手动改为自动，包装工刘某应该接受培训|D.使用被派遣劳务人员，派遣公司应对其进行培训,B,本题主要考查的是安全培训，属于高频考点。做题思路：先掌握安全培训规定和学时，后根据选项描述，选出最符合题意的选项。A正确，第十三条：生产经营单位新上岗的从业人员，岗前安全培训时间不得少于24学时。B错误，错在“24学时”，主要负责人初次培训至少为32学时。第九条：生产经营单位主要负责人和安全生产管理人员初次安全培训时间不得少于32学时。每年再培训时间不得少于12学时。煤矿、非煤矿山、危险化学品、烟花爆竹、金属冶炼等生产经营单位主要负责人和安全生产管理人员初次安全培训时间不得少于48学时，每年再培训时间不得少于16学时。C正确，生产经营单位采用新工艺、新技术、新材料或者使用新设备时，应当对有关从业人员重新进行有针对性的安全培训。D正确，第四条：生产经营单位使用被派遣劳动者的，应当将被派遣劳动者纳入本单位从业人员统一管理，对被派遣劳动者进行岗位安全操作规程和安全操作技能的教育和培训。劳务派遣单位应当对被派遣劳动者进行必要的安全生产教育和培训。故选B。
单选题,[2022年][河南中安]某危险化学品生产企业以演练水淹危险化学品库作为事故演练情景，根据需要编制了演练脚本，帮助参演人员全面掌握演练进程和内容。关于演练脚本相关内容的说法，正确的是（    ）。,A.应由评估组在演练前编制|B.是应急演练的观摩手册|C.是应急演练工作方案的操作实施文件|D.应明确达到的目标评判标准,C,本题主要考查的是应急演练，属于高频考点。做题思路：先掌握应急演练各文件的知识点，后根据关键词判断正误。A错误，演练脚本是策划与导调组编制；B错误，根据演练规模和观摩需要，可编制演练观摩手册。演练观摩手册通常包括应急演练时间、地点、情景描述、主要环节及演练内容、安全注意事项等。演练观摩手册和演练脚本是不同的；C正确，演练脚本是应急演练工作方案具体操作实施的文件，帮助参演人员全面掌握演练进程和内容；D错误，应急演练各环节应达到的目标评判标准属于演练评估方案，而不是演练脚本。故选C。
单选题,[2022年][河南中安]某餐饮店后厨使用液化石油气，安装有液化石油气泄漏报警仪和排风机。餐饮店编制有《餐饮后厨液化气泄漏现场处置方案》，并组织了相应的应急演练培训。关于应急管理阶段的说法，正确的是（    ）。,A.后厨安装排风机属于应急管理的准备阶段|B.后厨安装液化石油气报警仪属于应急管理的预防阶段|C.餐饮店编制现场处置方案属于应急管理的预防阶段|D.餐饮店组织演练培训属于应急管理的响应阶段,B,本题主要考查的是应急管理，属于高频考点。做题思路：先掌握应急管理四个阶段，后通过关键词判断正误。A错误，错在“准备阶段”。后厨安装排风机属于应急管理的预防阶段；B正确，后厨安装液化石油气报警仪属于应急管理的预防阶段；C错误，错在“预防阶段”。餐饮店编制现场处置方案属于应急管理的准备阶段；D错误，错在“响应阶段”。餐饮店组织演练培训属于应急管理的准备阶段。故选B。
单选题,[2022年][河南中安]甲酒店坐落于乙公司所属的大型综合体内，综合体内安装了三部观光电梯，电梯为丙公司制造，丁物业公司受乙公司委托，负责电梯管理。甲酒店为解决客流高峰期乘坐电梯问题，向乙公司租用了一部专用观光电梯。关于租用电梯管理的说法，正确的是（    ）。,A.丁公司作为电梯管理单位，负责改造和维修电梯，并对其安全性能负责|B.乙公司应按照安全技术规范的定期检验要求，在该电梯发生检验合格有效期届满后30日内，向特种设备检验检测机构提出定期检验要求|C.丙公司应对该电梯安全运行方面存在的问题，提出使用改进建议|D.甲酒店作为电梯的实际使用方，应当建立电梯安全技术档案，每15日对电梯进行一次清洁、润滑、调整和检查,C,本题主要考查的是特种设备的安全管理，属于高频考点。做题思路：先掌握特种设备安全管理知识点，后根据关键词判断正误。A错误，错在“丁公司负责改造和维修电梯，并对其安全性能负责”本题电梯制造单位对电梯安全性能负责；B错误，错在“届满后30日内”。特种设备使用单位应当按照安全技术规范的要求，在检验合格有效期届满前一个月向特种设备检验机构提出定期检验要求；C正确，电梯投入使用后，电梯制造单位应当对其制造的电梯的安全运行情况进行跟踪调查和了解，对电梯的日常维护保养单位或者电梯的使用单位在安全运行方面存在的问题，提出改进建议，并提供必要的技术帮助；D错误，错在“甲酒店应当建立电梯安全技术档案，每15日对电梯进行一次清洁、润滑、调整和检查”。特种设备使用单位（丁公司）应当建立特种设备安全技术档案，电梯的日常维护保养必须由依照本条例取得许可的安装、改造、维修单位或者电梯制造单位进行。电梯应当至少每15日进行一次清洁、润滑、调整和检查。故选C。
单选题,[2022年][河南中安]2022年5月1日，某化工企业由于设备生产负荷较高导致设备损坏，设备作业区域不属于火灾爆炸危险场所，维修班当日进行焊接维修作业，根据《危险化学品企业特殊作业安全规范》（GB-30871），维修单位在作业前应开具的作业票为（    ）。,A.二级动火安全作业票|B.一级动火安全作业票|C.特级动火安全作业票|D.网络安全作业票,B,本题主要考查的是动火作业，属于高频考点。做题思路：先判断是几级动火作业，再考虑是否应升级管理。B正确，该地区动火为二级动火，但是由于5月1日为节假日。动火作业应升级管理，故该次动火所开具的动火作业票为一级动火作业票。故选B。
单选题,[2022年][河南中安]应急管理部门在检查某耐火砖生产企业时，发现其提供的安全标准化文件是三年前由技术服务机构编制的，并且其压制工序操作规程与现场实际不符，该企业负责人解释说，近几年来企业未发生过事故，所以不需要修订，关于企业安全生产标准化动态管理的说法，正确的是（    ）。,A.操作规程修订周期不应超过三年|B.操作规程编制和修订不得委托第三方机构负责|C.技术服务机构对操作规程不符合实际应负主要责任|D.事故发生原因是修订操作规程的必要条件,B,本题主要考查的是安全生产标准化，属于高频考点。做题思路：先掌握安全生产标准化制度化管理的内容，后根据关键词判断正误。AD错误，错在“三年”“必要条件”。对安全操作规程类规章制度，除每年进行审查和修订外，每3～5年应进行一次全面修订，并重新发布，确保规章制度的建设和管理有序进行；C错误，错在“技术服务机构”。建立、健全安全生产责任制和各项规章制度、操作规程、应急救援预案并督促落实是生产经营单位的安全生产主体责任之一。故选B。
单选题,[2022年][河南中安]林某是某机加工企业的车床操作工人。在工作时佩戴企业安全部门选用钢双纱外网防护眼镜。该防护眼镜按劳动防护用品的用途分类属于（    ）。,A.防机械外伤用品|B.眼面部防护用品|C.防冲击用品|D.头部防护用品,C,本题主要考查的是个体防护装备，属于高频考点。做题思路：注意关键词“按用途分类”。A错误，该防护眼镜不是防机械外伤的。防机械外伤用品，如防刺、割、绞碾、磨损用的防护服、鞋、手套等；BD错误，眼面部防护用品、头部防护用品是按防护部位分类；C正确，防冲击用品，如安全帽、防冲击护目镜等。故选C。
单选题,[2022年][河南中安]某工业园区在辖区内积极推进安全生产标准化建设工作，各企业按照《企业安全生产标准化建设定级办法》（应急〔2021〕83号），结合自身情况准备申请定级。其中A企业在制定全年工作规划时确定在本年度内完成三级标准化定级工作。下列安全标准化建设及管理的做法中，正确的是（    ）。,A.成立标准化建设工作组，组长由安全部经理担任，成员为各职能部门负责人|B.在对员工培训时，讲解了标准化定级程序为申请、自评、评审、公告、发放证书和牌匾|C.半年前发生了一起事故，经济损失五十万元，无人伤亡，不影响本次定级申请|D.领导层高度重视标准化建设工作，列支专款用于向监管机构缴纳定级费用,C,本题主要考查的是安全生产标准化，属于高频考点。做题思路：先掌握安全生产标准化定级管理知识点，后根据关键词判断选项正误。A错误，错在“组长由安全部经理担任，成员为各职能部门负责人”。《企业安全生产标准化建设定级办法》第七条：企业应当自主开展标准化建设，成立由其主要负责人任组长、有员工代表参加的工作组；B错误，错在“公告、发放证书和牌匾”。《企业安全生产标准化建设定级办法》第七条：企业标准化定级按照自评、申请、评审、公示、公告的程序进行；C正确，《企业安全生产标准化建设定级办法》第八条：申请定级的，企业应当在自评报告中，由其主要负责人承诺符合以下条件：（四）申请定级之日前1年内，未发生死亡、总计3人及以上重伤或者直接经济损失总计100万元及以上的生产安全事故；D错误，错在“缴纳定级费用”。《企业安全生产标准化建设定级办法》第六条：标准化定级工作不得向企业收取任何费用。故选C。
单选题,[2022年][河南中安]某集团公司下属有工程设计、建筑施工、投资置业和燃煤发电等公司，根据《安全生产责任保险实施办法》（安监总办〔2017〕140号），其所属公司中应投保安全生产责任险的是（    ）,A.工程设计公司|B.投资置业公司|C.建筑施工公司|D.燃煤发电公司,C,本题主要考查的是安全生产责任保险，属于高频考点。煤矿、非煤矿山、危险化学品、烟花爆竹、交通运输、建筑施工、民用爆炸物品、金属冶炼、渔业生产等高危行业领域的生产经营单位应当投保安全生产责任保险。鼓励其他行业领域生产经营单位投保安全生产责任保险。各地区可针对本地区安全生产特点，明确应当投保的生产经营单位。故选C。
单选题,[2022年][河南中安]某省甲市乙县一制药公司不锈钢浓缩罐未按常压设备使用，发生一起爆炸事故造成3人死亡、5人受伤，部分设备损坏和房屋倒塌，直接经济损失746万元，根据《生产安全事故报告和调查处理条例》（国务院令-493号）事故调查组成员组成的说法，错误的是（    ）。,A.受甲市委托由乙县应急局牵头，邀请县纪委监委、公安局，以及工会派员组成事故调查组|B.经甲市政府批准，成立由市应急局局长任组长的事故调查组|C.由甲市应急局、公安局、工信局、市场监管局组成事故调查组|D.邀请甲市检察院，聘请消防、爆炸、特种设备、化工安全等多名专家参与事故调查,A,本题主要考查的是事故调查组成员，属于高频考点。做题思路：先判断事故等级，并掌握事故调查组成员组成，后根据关键词判断选项正误。3人死亡、5人受伤，部分设备损坏和房屋倒塌，直接经济损失746万元，该起事故为较大事故。B正确，事故调查组组长由负责事故调查的人民政府指定。事故调查组组长主持事故调查组的工作；C正确，A错误，根据事故的具体情况，事故调查组由有关人民政府、安全生产监督管理部门、负有安全生产监督管理职责的有关部门、监察机关、公安机关以及工会派人组成，并应当邀请人民检察院派人参加。该事故市较大事故，由市一级开展调查；D正确，事故调查组可以聘请有关专家参与调查。故选A。
单选题,[2022年][河南中安]为避免发生电梯剪切事故，专业人员建立了剪切事故故障树，如下图所示。T代表电梯发生的剪切顶上事故，A1代表超载溜车，A2代表电梯系统失效溜车，经统计分析得出，超载保护开关失效事件B1概率为0.1、轿厢载重量超标事件B2概率为0.05、对重与轿厢重量相差较大事件B3概率为0.05、曳引机故障事件B4概率为0.1，根据故障树定量分析方法，电梯在运行过程中，发生的电梯剪切事故概率是（    ）。,A.0.30|B.0.20|C.0.02|D.0.01,D,本题主要考查的是故障树计算，属于高频考点。做题思路：分析图形，“或”门算相反。“与”门表示只有当所有输入事件发生时，输出事件才发生。“或”门表示至少有一个输入事件发生时，输出事件才发生。当B1与B2都发生时，A1才发生，B3与B4都发生时，A2才发生。所以A1、A2发生的概率均为0.1×0.05＝0.005，A1与A2是或门，表示至少有一个输入事件发生，对应的输出事件就发生，A1、A2都不发生时的概率为（1－0.1×0.05）×（1－0.1×0.05）＝0.990，所以T发生的概率为1－（1－0.1×0.05）×（1－0.1×0.05）＝1－0.990＝0.01。故选D。
单选题,[2022年][河南中安]某大型食品加工企业推动安全文化示范企业建设，在工厂大门入口处设置醒目的电子公告牌，公告显示企业安全承诺。下列电子公告牌显示的内容中，不属于安全承诺的是（    ）。,A.企业安全生产365天无事故|B.您觉得在工作时有不安全，可以拒绝工作|C.让员工在安全舒适的环境中体面地劳动|D.操作不规范，亲人两行泪,D,本题主要考查的是安全承诺。做题思路：找不属于愿景、目标的。ABC属于，D不属于。企业应建立包括安全价值观、安全愿景、安全使命和安全目标等在内的安全承诺。安全承诺应做到：切合企业特点和实际，反映共同安全志向；明确安全问题在组织内部具有最高优先权；声明所有与企业安全有关的重要活动都追求卓越；含义清晰明了，并被全体员工和相关方所知晓和理解。故选D。
单选题,[2022年][河南中安]某市应急管理局在对一金属冶炼扩建项目进行检查时发现，该建设项目竣工投入生产前，安全设施未经验收合格，市应急管理局依法作出了处理，下列管理处罚中，正确的是（    ）。,A.责令停业整顿|B.边施工边整改|C.处该企业60万元罚款|D.处企业直接负责人6万元罚款,A,本题主要考查的是法律责任。做题思路：结合题目背景行为，依据相关法律规范对处罚进行判断。B错误，不允许边施工边整改。CD错误，逾期未改才罚款。生产经营单位对本办法第七条第（一）项、第（二）项、第（三）项和第（四）项（第四项为金属冶炼建设项目）规定的建设项目有下列情形之一的，责令停止建设或者停产停业整顿，限期改正；逾期未改正的，处50万元以上100万元以下的罚款，对其直接负责的主管人员和其他直接责任人员处2万元以上5万元以下的罚款；构成犯罪的，依照刑法有关规定追究刑事责任：（一）未按照本办法规定对建设项目进行安全评价的；（二）没有安全设施设计或者安全设施设计未按照规定报经安全生产监督管理部门审查同意，擅自开工的；（三）施工单位未按照批准的安全设施设计施工的；（四）投入生产或者使用前，安全设施未经验收合格的。故选A。
单选题,[2022年][河南中安]M省某建筑安装工程公司在N省承包建设项目，公司到项目部检查时发现，一名作业人员持有M省特种作业证6年，下列说法中正确的是（    ）。,A.必须到原发证机关申请复审|B.可以在N省参加复审安全培训|C.复审前应接受不少4学时安全培训|D.可直接申请延期复审,B,本题主要考查的是特种作业人员培训，属于高频考点。做题思路：先掌握特种作业人员的培训内容和时间知识点，后根据关键词判断选项正误。A错误，错在“必须”。特种作业操作证需要复审的，应当在期满前60日内，由申请人或者申请人的用人单位向原考核发证机关或者从业所在地考核发证机关提出申请；B正确，跨省、自治区、直辖市从业的特种作业人员，可以在户籍所在地或者从业所在地参加培训；C错误，错在“4小时”。特种作业操作证申请复审或者延期复审前，特种作业人员应当参加必要的安全培训并考试合格。安全培训时间不少于8个学时，主要培训法律、法规、标准、事故案例和有关新工艺、新技术、新装备等知识；D错误，错在“直接”。特种作业操作证申请复审或者延期复审前，特种作业人员应当参加必要的安全培训并考试合格。故选B。
单选题,[2022年][河南中安]李某2016年入职某公司印刷车间从事网印工作，2021年11月，在年度体检中发现血小板减少，后诊断为职业性慢性轻度苯中毒，导致李某中毒的慢性毒物形态属于（    ）。,A.液体毒物|B.气态毒物|C.气溶胶毒物|D.蒸汽毒物,D,本题主要考查的是职业病危害。苯常温下是液态，可挥发成气体导致中毒，是蒸汽毒物。故选D。
单选题,[2022年][河南中安]甲公司为某生命科学园的产权单位，该园区内有16部电梯，甲公司将园区出租给乙公司用于科研开发，甲公司委托丙物业公司对园区进行物业管理，丙公司委托丁公司作为16部电梯维修保养单位，依据规定必须配备电梯专职安全管理人员的公司是（    ）。,A.甲|B.乙|C.丙|D.丁,C,本题主要考查的是特种设备管理，属于高频考点。做题思路：找到使用单位。根据《特种设备使用管理规则》2.1.2特别规定：委托物业服务管理的单位，物业单位是使用单位。再依据2.2使用单位义务：使用单位设置特种设备安全管理机构，配备相应的安全管理人员和作业人员。故选C。
单选题,[2022年][河南中安]某地矿山监察部门对一煤矿进行安全检查时，发现其瓦斯抽放管道一直未安装到位，当即下达限期整改指令书，随后该煤矿在实施瓦斯抽放管道安装，调试及试抽过程中，工作面发生煤与瓦斯突出事故。关于该煤矿隐患排查治理的说法，正确的是（    ）。,A.隐患排查不到位是煤与瓦斯突出直接原因|B.安全总监应对瓦斯抽放管道隐患整改负领导责任|C.瓦斯抽放管道隐患整改的责任主体应当是矿山监察部门|D.该矿应建立以安全管理人员为主导的隐患整改评价制度,B,本题主要考查的是隐患排除整改，属于高频考点。做题思路：找到关键词如直接原因、责任主体等，看选项是否对应正确。A错误，错在“直接原因”。隐患排查不到位属于间接原因，直接原因应该是管道未安装到位；B正确，安全总监应对瓦斯抽放管道隐患整改负全面责任，包括了领导责任；C错误，错在“矿山监察部门”。生产经营单位是事故隐患排查、治理和防控的责任主体；D错误，错在“安全管理人员”。建立以安全生产专业人员为主导的隐患整改效果评价制度，确保整改到位。故选B。
单选题,[2022年][河南中安]某氢气充装站对不锈钢氢气管道进行更换。将焊接工作承包给有资质的M公司，M公司安排甲、乙、丙3名人员进行作业。甲为施工组长，乙为焊接人员，丙为M公司安全员。丁为充装站工作人员。根据《危险化学品企业特殊作业安全规范》（GB-30871）的安全管理要求，施工焊接时动火监护人是（    ）。,A.丁|B.甲|C.乙|D.丙,A,本题主要考查的是动火作业监护人。做题思路：找本单位人员。 A正确，《危险化学品企业特殊作业安全规范》（GB30871-2022）该标准第4.10条明确规定：监护人需由具有生产（作业）实践经验的人员担任，并需通过专项培训及考试合格后持证上岗‌。所以，监护人应该是危化品企业工作人员，其具有危化品生产（作业）实践经验。故选A。
单选题,[2022年][河南中安]重大危险源评价工作包括辨识、划分生产单元、存储单元。根据《危险化学品重大危险源辨识》（GB8218），下列说法错误的是（    ）。,A.在划分存储单元时，以500m为界划分单元|B.重大危险源所在厂区500m范围内常住人口的数量会影响分级指标|C.正确划分生产、存储单元是开展重大危险源的基础|D.在划分生产单元时，以切断阀作为分隔界限划分为独立的单元,A,本题主要考查的是重大危险源，属于高频考点。做题思路：先掌握重大危险源单元划分知识点，后根据关键词、数字等分析选项判断正误。A错误，错在“以500m为界”。用于储存危险化学品的储罐或仓库组成的相对独立的区域，储罐区以罐区防火堤为界限划分为独立的单元，仓库以独立库房（独立建筑物）为界限划分为独立的单元；B正确，根据危险化学品重大危险源的厂区边界向外扩展500范围内常住人口数量，按照表设定暴露人员校正系数值；CD正确，危险化学品的生产、加工及使用等的装置及设施，当装置及设施之间有切断阀时，以切断阀作为分隔界限划分为独立的单元。故选A。
单选题,[2022年][河南中安]某日14∶10，甲企业发生危险化学品泄漏引发的火灾爆炸事故。造成2名操作工人死亡。现场负责人李某向企业负责人王某报告，但联系不到王某。考虑到现场危险化学品仍在持续泄漏。李某于15∶30向属地县级应急管理部门通过微信上报。县级应急部门接到事故报告后，于18∶00上报至市级应急管理部门，根据《生产安全事故报告和调查处理条例》（国务院令第493号）和《生产安全事故信息报告和处置办法》（原国家安监总局令第21号）。事故上报符合规定的是（    ）。,A.企业上报时限|B.现场负责人李某上报事故|C.县级应急管理部门上报时限|D.企业事故上报方式,B,本题主要考查的是事故报告，属于高频考点。做题思路：先掌握事故上报知识点，后根据题目描述结合选项选出最符合题意的。该事故死亡2人，为一般事故，上报至设区的市级人民政府安全生产监督管理部门和负有安全生产监督管理职责的有关部门。A错误，企业上报时限为1h，该事故上报超过1h，不符合规定；B正确，事故发生后，事故现场有关人员应当立即向本单位负责人报告；单位负责人接到报告后，应当于1小时内向事故发生地县级以上人民政府安全生产监督管理部门和负有安全生产监督管理职责的有关部门报告。情况紧急时，事故现场有关人员可以直接向事故发生地县级以上人民政府安全生产监督管理部门和负有安全生产监督管理职责的有关部门报告；C错误，该事故上报超过2h，不符合规定。安全生产监督管理部门和负有安全生产监督管理职责的有关部门逐级上报事故情况，每级上报的时间不得超过2小时。D错误，李某应电话快报，而不是微信上报。安全生产监督管理部门实行24小时不间断调度值班，并向社会公布值班电话，受理事故信息报告和举报。故选B。
单选题,[2022年][河南中安]某榨油厂设有精炼，包装等生产车间，张某被任命为榨油厂精炼车间安全管理人员，下列职责中，不属于其职责范围的是（    ）。,A.参与制定榨油厂《事故调查报告处理制度》|B.治理构成重大危险源的精炼车间的事故隐患|C.参与制定精炼车间现场应急处置方案|D.参与精炼车间新员工三级安全教育培训,B,本题主要考查的是管理人员职责，属于高频考点。做题思路：先理解掌握主要负责人和管理人员的职责，后通过关键词不同进行区分。ACD属于，B不属于，B治理事故隐患（即消除生产安全事故隐患）属于主要负责人的职责。生产经营单位的安全生产管理机构以及安全生产管理人员履行下列职责：AC属于，（一）组织或者参与拟订本单位安全生产规章制度、操作规程和生产安全事故应急救援预案；D属于，（二）组织或者参与本单位安全生产教育和培训，如实记录安全生产教育和培训情况；（三）组织开展危险源辨识和评估，督促落实本单位重大危险源的安全管理措施；（四）组织或者参与本单位应急救援演练；（五）检查本单位的安全生产状况，及时排查生产安全事故隐患，提出改进安全生产管理的建议；（六）制止和纠正违章指挥、强令冒险作业、违反操作规程的行为；（七）督促落实本单位安全生产整改措施。B不属于，故选B。
单选题,[2022年][河南中安]某化工企业组织了一次火灾事故演练。演练开始后，现场指挥部接到危险化学品库房发生火灾的报告，指挥部立即部署厂内消防队启动消防灭火响应，不久后火灾失控，引发临近成品储罐着火，厂内消防队已无法控制火势，指挥部立即请求园区消防队进入厂区支援。请求园区消防队支援属于应急演练内容的是（    ）。,A.应急通信|B.指挥与协调|C.现场处置|D.警戒与管制,B,本题主要考查的是应急演练内容，属于高频考点。做题思路：本题是归类题，根据题目描述，选择最符合题意选项内容。指挥与协调。根据事故情景，成立应急指挥部，调集应急救援队伍和相关资源，开展应急救援行动。该题中的请求园区消防队支援属于指挥与协调。以下为应急演练的内容：①预警与报告。根据事故情景，向相关部门或人员发出预警信息，并向有关部门和人员报告事故情况。②指挥与协调。根据事故情景，成立应急指挥部，调集应急救援队伍和相关资源，开展应急救援行动。③应急通信。根据事故情景，在应急救援相关部门或人员之间进行音频、视频信号或数据信息互通。④事故监测。根据事故情景，对事故现场进行观察、分析或测定，确定事故严重程度、影响范围和变化趋势等。⑤警戒与管制。根据事故情景，建立应急处置现场警戒区域，实行交通管制，维护现场秩序。⑥疏散与安置。根据事故情景，对事故可能波及范围内的相关人员进行疏散、转移和安置。⑦医疗卫生。根据事故情景，调集医疗卫生专家和卫生应急队伍开展紧急医学救援，并开展卫生监测和防疫工作。⑧现场处置。根据事故情景，按照相关应急预案和现场指挥部要求对事故现场进行控制和处理。⑨社会沟通。根据事故情景，召开新闻发布会或事故情况通报会，通报事故有关情况。⑩后期处置。根据事故情景，应急处置结束后，开展事故损失评估、事故原因调查、事故现场清理和相关善后工作。⑪其他。根据相关行业（领域）安全生产特点开展其他应急工作。故选B。
单选题,[2022年][河南中安]某工厂发生火灾事故，厂领导立即启动火灾专项应急预案，并向政府主管部门上报事故情况。上报事故情况属于应急预案内容的（    ）。,A.应急指挥机构及职责|B.处置措施|C.处置程序|D.信息公开,C,本题主要考查的是应急预案内容，属于高频考点。做题思路：选择最符合题意选项。该题为旧《生产经营单位生产安全事故应急预案编制导则》内容。在新规范中信息上报为响应启动的内容，但选项中并没有响应启动。但是在旧规范中属于“处置程序”的内容。故选C。
单选题,[2022年][河南中安]王某进入位于东北林区的某公司种羊场务工。2022年3月15日。王某不慎滑倒，被羊圈中的杂物刺伤左手拇指背部皮肤，伤口逐渐发展为水泡，当日经医院诊断为疑似职业病。王某所得的职业病最可能是（    ）。,A.森林脑炎|B.布鲁氏菌病|C.莱姆病|D.炭疽病,D,本题主要考查的是职业病危害，属于高频考点。做题思路：先熟悉各生物因素所致职业病各特征，后根据选项描述选出符合选项。D正确，炭疽病的职业性高危人群主要是牧场工人、屠宰工、剪毛工、搬运工、皮革厂工人、毛纺工、缝皮工及兽医等，其显著特点为出现水泡。A错误，森林脑炎起病急剧，突发高热可迅速到40℃以上，并有头痛、恶心、呕吐、意识不清等，可迅速出现脑膜刺激症状，多为重症。神经系统症状以瘫痪、脑膜刺激征及意识障碍为主。B错误，发热是布鲁氏杆菌病患者最常见的临床表现之一，常有多发性神经炎，多见于大神经，以坐骨神经最为多见。C错误，莱姆病早期以皮肤慢性游走性红斑为特点，以后出现神经、心脏或关节病变，通常在夏季和早秋发病，可发生于任何年龄，男性略多于女性。故选D。
单选题,[2022年][河南中安]某日13时，一景区露天玻璃栈道维保员因热射病晕倒滑下栈道，被佩戴的三点式安全带悬吊在半空，在救援过程中，由于救援人员救援方式不当，导致安全带脱落，维保员不慎坠亡。根据《生产过程危险和有害因素分类与代码》（GB/T13861），危险和有害因素分类，错误的是（    ）。,A.中午极端高温属于环境因素中的室外作业场地环境不良|B.选用三点式安全带属于物的因素中的防护缺陷|C.玻璃栈道本身较滑属于物的因素中的外形缺陷|D.救援人员未接受预案培训属于管理因素中的应急管理缺陷,C,本题主要考查的是危险有害因素分类，属于高频考点。做题思路：先掌握危险有害因素分类，后根据关键词判断正误。A正确，属于室外作业场地环境不良中的恶劣气候与环境；B正确，三点式安全带不适用于高处作业，属于防护缺陷、防护装置、设施缺陷一防护装置、设施本身安全性、可靠性差，包括防护装置、设施、防护用品损坏、失效、失灵等；C错误，错在“属于物的因素中的外形缺陷”。玻璃栈道较滑属于室外作业场地环境不良中的作业场地和交通设施湿滑：包括铺设好的地面区域、阶梯、通道、道路、小路等被任何液体、熔融物质润湿，冰雪覆盖或有其他易滑物等；什么是“外形缺陷”---外形缺陷指设备、设施表面的尖角利楼和不应有的凹凸部分等，是物的因素中的一种；D正确，属于管理因素应急管理缺陷一事故应急预案缺陷应急预案培训不到位。故选C。
单选题,[2022年][河南中安]某企业新建一煤化工项目，在初步设计阶段委托具有资质的单位进行了安全设施设计，并报当地安全生产监督管理部门审查批准，后因该项目生产工艺发生重大变化，进行了安全设施设计变更，关于安全设施设计变更管理的做法，正确的是（    ）。,A.经企业技术负责人审批后开工建设|B.经原审批部门批准同意后开工建设|C.经企业主要负责人审批后开工建设|D.经专家评审通过后开工建设,B,本题主要考查的是建设项目安全设施“三同时”，属于高频考点。做题思路：找到关键词“原批准部门”。B正确，根据《建设项目安全设施“三同时”监督管理暂行办法》第十六条：已经批准的建设项目及其安全设施设计有下列情形之一的，生产经营单位应当报原批准部门审查同意；未经审查同意的，不得开工建设：（一）建设项目的规模、生产工艺、原料、设备发生重大变更的；（二）改变安全设施设计且可能降低安全性能的；（三）在施工期间重新设计的。该项目的生产工艺发生严重变化，需要报告原批准部门审查同意；未经审查同意的，不得开工建设。故选B。
单选题,[2022年][河南中安]为加强安全生产宣传教育工作，提高全民安全意识，我国每年开展“安全生产月”活动，每年的“安全生产月”活动都有一个主题，2022年开展的第21个“安全生产月”活动的主题是（    ）。,A.落实安全责任制，当好第一责任人|B.遵守安全生产法，当好第一责任人|C.落实安全责任制，当好第一负责人|D.树立安全发展观，当好第一负责人,B,本题主要考查的是安全生产月活动主题。B正确，2022年开展的第21个“安全生产月”活动的主题是：遵守安全生产法，当好第一责任人。故选B。
单选题,[2022年][河南中安]某危险化学品库区存有硝化棉、酒精、浓硫酸和碳化钙。下列应急处置措施中，正确的是（    ）。,A.硝化棉仓库着火后，用消防砂覆盖|B.浓硫酸仓库发生泄漏，进行喷水稀释|C.酒精仓库发生着火，用抗溶泡沫灭火|D.碳化钙仓库发生火灾，用消防水灭火,C,主要考查的是灭火剂使用，为技术科目考点。A错误，大量硝化棉着火，极易引发爆炸。针对这样的物质用消防砂覆盖，可能会增强爆炸物品爆炸时的威力。不建议选用；B错误，浓硫酸遇水能放出大量的热，会导致沸腾飞溅，需特别注意防护。针对浓硫酸量很大的情况，应先用二氧化碳、干粉、卤代烷等灭火，然后再把着火物品与浓硫酸分开；C正确，酒精主要成分为乙醇，针对乙醇类的物质，最好用抗溶性泡沫扑救；D错误，电石的主要成分为碳化钙，遇水立即发生激烈反应，生成乙炔，并放出热量。所以不能用水来进行灭火。故选C。
单选题,[2022年][河南中安]某工厂员工刘某、王某对生产线OP1机台进行维修时，未切断动力电源，未挂警示牌，王某在启动前未仔细观察，且OP1机台后门行程开关被人为使用扎带绑扎，联锁功能失效，导致刘某被运行的设备挤压死亡。该起事故支出人员伤亡费100万元，善后处理费300万元，为救人切割报废OP1机台损失589万元；停产损失30万元，根据《生产安全事故报告和调查处理条例》（国务院令第493号）规定，该事故等级是（    ）。,A.一般事故|B.较大事故|C.重大事故|D.特别重大,A,本题主要考查的是事故等级，属于高频考点。做题思路：先计算直接经济损失，后判断事故等级。 该起事故支出人员伤亡费100万元，善后处理费300万元，为救人切割报废OP1机台损失589万元均为直接经济损失，合计989万元。根据《生产安全事故报告和调查处理条例》（国务院令第493号），死亡一人，直接经济损失989万元。为一般事故。故选A。
单选题,[2022年][河南中安]某产业园产权单位甲聘请施工单位乙承担桥梁改造工程，乙单位租赁李某的起重车辆进行吊装作业，李某安排张某等三人负责起吊作业，作业过程中发生倾覆事故。关于本起事故中相关方安全管理的说法，正确的是（    ）。,A.甲应与每一个施工参与单位和人员签署安全协议|B.乙应对各参与方统一协调、管理|C.甲应审查李某作业车辆资质及张某操作资质|D.甲工程部门应与李某签署发包合同及安全协议,C,本题主要考查的是相关方管理，属于高频考点。做题思路：先区分发包方和承包商，后判定管理细节。A错误，错在“应与每一个施工参与单位和人员”。B错误，错在“乙”。D错误，错在“甲工程部门应与李某签署发包合同及安全协议”。同一工程项目或同一施工场所有多个承包商施工时，生产经营单位应与承包商签订专门的安全管理协议或者在承包合同中约定各自的安全生产管理职责，生产经营单位对各承包商的安全生产工作统一协调、管理。故选C。
单选题,[2022年][河南中安]某化工企业污水处理工艺使用盐酸调节废水的pH值，因盐酸易挥发，腐蚀了周边3m高的操作平台，公司改用硫酸替换，更换了现场安全警示标志和化学品安全技术说明书，并修订了应急预案，组织应急演练。关于应急演练的说法，错误的是（    ）。,A.可以利用流程图进行应急状态下的演练活动|B.应急预案培训教材可作为应急演练脚本|C.可以将硫酸眼睛灼烫事故与高处坠落事故一同演练|D.演练过程中可以使用洗眼器,B,本题主要考查的是应急演练，属于高频考点。做题思路：先掌握应急演练知识点，后选出最符合题意选项。A正确，桌面演练是指针对事故情景，利用图纸、沙盘、流程图、计算机、视频等辅助手段，进行交互式讨论和推演的应急演练活动。所以利用流程图进行演练是没有问题的；B错误，错在“可作为应急演练脚本”。在演练准备中，是由策划和导调组专门负责编制演练工作方案、演练脚本、演练安全保障方案。而演练脚本是应急演练工作方案具体操作实施的文件，帮助参演人员全面掌握演练进程和内容。培训的教材并不能根据每个现场实际情况具体分析；C正确，综合应急演练是针对应急预案中多项或全部应急响应功能开展的演练活动，所以将硫酸眼睛灼烫事故与高处坠落事故一同演练也是没有问题的；D正确，实战演练指针对事故情景，选择（或模拟）生产经营活动中的设备设施、装置或场所，利用各类应急器材、装备、物资，通过决策行动、实际操作，完成真实应急响应的过程。在演练中使用洗眼器也是没有问题的。故选B。
单选题,[2022年][河南中安]甲公司有一部额定起重量为10t的桥式起重机，由取得特种设备作业资格的员工负责操作，委托乙公司定期对起重机进行维护保养，委托丙检测机构定期对起重机进行检测。下列涉及特种设备管理的资料中，不属于起重机安全技术档案的是（    ）。,A.甲公司对起重机的日常使用状况记录|B.甲公司对起重机的运行故障记录|C.丙检测机构出具的起重机的定期检验记录|D.甲公司与乙公司开展的起重机应急演练记录,D,本题主要考查的是特种设备安全技术档案，属于高频考点。做题思路：先掌握技术档案内容，后根据关键词判断选项正误。D错误，错在“应急演练记录”。特种设备安全技术档案应当包括以下内容：（1）使用登记证。（2）《特种设备使用登记表》。（3）特种设备的设计文件、产品质量合格证明、安装及使用维护保养说明、监督检验证明等相关技术资料和文件。（4）特种设备的定期检验和定期自行检查记录。（5）特种设备的日常使用状况记录。（6）特种设备及其附属仪器仪表的维护保养记录。（7）特种设备安全附件和安全保护装置校验检修、更换记录和有关报告。（8）特种设备的运行故障和事故记录。故选D。
单选题,[2022年][河南中安]甲公司将脱硫脱硝检修项目委托给乙公司。乙公司在审核检修作业方案时，发现需增加脱硫吸收塔内两处动火作业，随即办理动火作业审批手续，当日20时，开始动火工作。次日凌晨5时左右，气割作业的切割熔渣点燃塔内易燃衬胶引发火灾，造成1人死亡，关于动火作业许可安全要求的说法，正确的是（    ）。,A.脱硫吸收塔内禁止多处同时进行动火作业|B.本次气割动火作业级别应是一级动火|C.本次气割动火作业审批的有效期不应超过8小时|D.甲公司安全部门审批该动火作业,C,本题主要考查的是动火作业，属于高频考点。做题思路：先判断动火级别，注意是否升级，后根据关键词判断选项正误。A错误，错在“禁止多处同时”。在有可燃物构件和使用可燃物做防腐内衬的设备内部进行动火作业时，应采取防火隔绝措施。做好防火隔绝措施的情况下可以同时进行多处作业；C正确，特级、一级动火安全作业票有效期不应超过8h；二级动火安全作业票有效期不应超过72h；B错误，错在“一级”。本次动火作业本身属于一级，在夜间作业需要升级为特级；D错误，错在“安全部门审批”。应由甲企业主管领导审批该次动火作业。故选C。
单选题,[2022年][河南中安]某企业按照《企业职工伤亡事故分类》（G,B.6441）对本企业发生的自2011年至2021年的生产安全事故进行事故类型起数和占比统计。根据统计图的一般选用原则，表示不同事故类别的起数和不同事故起数占事故总起数的占比，选用的统计图应为（ ）。|A.条图和圆图|B.直方图和散点图|C.线图和散点图|D.直方图和圆图,A,本题主要考查的是统计图，属于高频考点。做题思路：先掌握统计图选用原则，后根据题目描述选择适合的统计图。利用条图表示不同事故类别的起数，利用圆图表示不同事故起数占事故总起数的占比。故选A。
单选题,[2022年][河南中安]某企业从规范停放车辆入手，推动安全文化建设，采取了划定停车标线和停车车头向外方向指引线、安装语音提示系统、厂内测速实时显示系统和专人现场指导等手段，从而形成了浓厚的规范停车安全文化氛围。经运行一个月后，员工能够按照既定的提示和要求，规范停放车辆。该企业做法符合安全文化建设功能中的（    ）。,A.激励功能|B.凝聚功能|C.辐射功能|D.导向功能,D,本题主要考查的是安全文化的主要功能，属于高频考点。做题思路：先掌握各功能内涵，后根据题干描述选出最符合选项。D符合，导向功能：企业安全文化所提出的价值观为企业的安全管理决策活动提供了被企业大多数职工所认同的价值取向，它们能将价值观内化为个人的价值观，将企业目标内化为自己的行为目标，使个体的目标、价值观、理想与企业的目标、价值观、理想有了高度一致性和同一性。故选D。
单选题,[2022年][河南中安]甲企业扩大生产规模，将成品储运业务外包给乙公司。乙公司在甲企业厂区内自己投资建设储运设备设施，并将配套厂房建设项目委托给具有相应资质的丙公司。关于乙、丙公司在甲企业内发生事故管理的说法，错误的是（    ）。,A.丙公司发生的事故应由乙公司承担主要责任|B.乙公司发生的事故应纳入甲企业事故管理|C.丙公司发生的事故应纳入乙公司事故管理|D.乙公司发生的事故应报送属地应急管理部门,A,本题主要考查的是相关方管理，属于高频考点。做题思路：先区分发包方和承包商，后判定管理细节。甲企业为生产经营单位，乙公司为分包单位，丙公司为施工单位。A错误，错在“由乙公司承担主要责任”。分包单位应当服从总承包单位的安全生产管理，分包单位不服从管理导致生产安全事故的，由分包单位承担主要责任。BCD正确，企业应建立事故档案和管理台账，将承包商、供应商等相关方在企业内部发生的事故纳入本企业事故管理。施工单位发生生产安全事故，应当按照国家有关伤亡事故报告和调查处理的规定，及时、如实地向负责安全生产监督管理的部门、建设行政主管部门或者其他有关部门报告。故选A。
单选题,[2022年][河南中安]某化工公司物流部运输车押运员在磷酸装卸区附近，使用低压蒸汽对运输车罐体内残留的硫化钠残液进行蒸罐清洗，污水流入地沟后与地沟内残存的硫酸发生反应，产生的硫化氢气体造成附近2人中毒死亡，导致事故发生的直接原因是（    ）。,A.化工公司没有设置单独的清洗作业场所|B.装卸作业风险辨识不清、装卸区安全管理混乱|C.运输车押运员培训不到位，违规操作|D.硫化钠污水流入地沟，与地沟内的硫酸发生化学反应,D,本题主要考查的是事故直接原因，属于高频考点。做题思路：找人不安全行为和物的不安全状态。D正确，人的不安全行为和物的不安全状态为直接原因。ABC均属于间接原因。故选D。
单选题,[2022年][河南中安]某建筑施工企业承包一防水工程项目，其中工人甲是连续从业12年的焊工；工人乙是连续从业10年的电工；工人丙是连续从业4年的架子工，甲、乙、丙均在从业期间遵规守纪，三人的《特种作业人员操作证》于2017年9月刚完成复审。下列说法正确的是（    ）。,A.到2020年9甲不需要复审，乙、丙需要复审|B.三人均可以参加户籍所在地受委托的市级安全生产监督管理部门组织的培训|C.甲的特种作业人员操作证复审时间可延长至2025年9月|D.申请复审前，甲应参加不少于4学时，乙、丙不少于8学时的安全培训,B,本题主要考查的是特种作业人员培训，属于高频考点。做题思路：先掌握特种作业人员的培训内容和时间知识点，后根据关键词判断选项正误。B正确，省、自治区、直辖市人民政府安全生产监督管理部门和负责煤矿特种作业人员考核发证工作的部门或者指定的机构（以下统称考核发证机关）可以委托设区的市人民政府安全生产监督管理部门和负责煤矿特种作业人员考核发证工作的部门或者指定的机构实施特种作业人员的考核、发证、复审工作；AC错误，错在“甲不需要复审”“可延长至2025年9月”。特种作业操作证有效期为6年，在全国范围内有效。特种作业操作证由应急管理部统一式样、标准及编号。特种作业操作证每3年复审1次。特种作业人员在特种作业操作证有效期内，连续从事本工种10年以上，严格遵守有关安全生产法律法规的，经原考核发证机关或者从业所在地考核发证机关同意，特种作业操作证的复审时间可以延长至每6年1次。甲和乙在2017年完成复审，2017＋6＝2023年，故可延长至2023年9月；D错误，错在“甲应参加不少于4学时”。特种作业操作证申请复审或者延期复审前，特种作业人员应当参加必要的安全培训并考试合格。安全培训时间不少于8个学时。故选B。
单选题,[2022年][河南中安]某液氨制冷企业在安全生产管理过程中，通过工艺优化等技术措施，液氨储量由原来的12t（液氨临界量10t）减少为8.5t，氨储罐由3个减少到2个。关于重大危险源规范化管理的说法，错误的是（    ）。,A.仍应按照包保责任制要求管控措施进行履职管理|B.根据评价结果重新修订和完善原有的管控措施|C.在属地应急管理部门办理核销重大危险源备案手续|D.每月对防控措施的落地执行情况进行现场督导验证,A,本题主要考查的是重大危险源管理，题干描述不够清晰。做题思路：选出最符合题意选项。A错误，包保责任制为《应急管理部办公厅关于印发危险化学品企业重大危险源安全包保责任制办法（试行）的通知》的内容，针对危险化学品重大危险源（以下简称重大危险源）安全风险防控。由于储罐是在一个共同堤坝内的全部储罐划分为一个单元。题干未说明，并不能确定两个储罐是否为一个评价单元。甚至不能确定其是否为重大危险源。如果不是重大危险源，无需按照包保责任制要求管控措施进行履职管理。故选A。
单选题,[2022年][河南中安]某市应急管理部门对甲企业三级重大危险源汽油罐区检查时，发现在防火堤储罐外使用220V的电源为罐区设备进行供电，根据有关规定，该设备用电电压应为（    ）。,A.9V～24V|B.12V～36V|C.24V～42V|D.42V～110V,A,本题主要考查的是重大危险源管理。根据《危险化学品重大危险源安全监控通用技术规范》（AQ3035-2010），由外部本安电源供电的设备应能在9V～24V范围内正常工作。故选A。
单选题,[2022年][河南中安]某CNG加气站员工小许在未进行设备检查情况下，强行拉拽加气枪管线给远处一辆槽车加气，导致老化的加气枪管线断裂，高压气泄漏发生爆炸，造成加气设备、槽车损坏和人员伤亡。根据事故致因轨迹交叉理论，关于人、物事故致因的说法，错误的是（    ）。,A.加气设备和槽车是致害物|B.小许强行拉拽加气枪是不安全行为|C.气枪管线老化是不安全状态的起因物|D.消除人的不安全行为是管理的重点,D,本题考查的是轨迹交叉理论，属于高频考点。做题思路：消除起因物。根据轨迹交叉理论，管理的重点应放在控制物的不安全状态上，即消除起因物，这样就不会出现施害物，砍断物的因素运动轨迹，使人与物的轨迹不相交叉，事故即可避免。故选D。
单选题,"[2022年][河南中安]一、单选题
1
标记
收藏

某企业制氯车间生产能力为100Nm3/h，在企业组织的安全生产检查过程中，出现许多事故隐患，下列隐患中，属于重大事故隐患的是（    ）。",A.制氯车间视频监控摄像头损坏|B.电气控制室内配置的灭火器超期未检验|C.氯气管道穿墙处静电接地线松动|D.制氯车间内使用非防爆型通风机|A.装有甲醇的罐车|B.罐车失灵的紧急切断阀|C.疲劳驾驶的驾驶员|D.悬空的导静电橡胶拖地带|A.事故频发倾向|B.海因里希事故因果连锁|C.瑞士奶酪模型理论|D.轨迹交叉|A.①|B.②|C.③|D.④|A.某汽车制造厂|B.某白酒厂|C.某煤矿|D.某铁矿|A.装置总平面布置是经过正规设计院设计的，手续齐全不用辨识|B.原液氨储罐改成氨气储罐，因危险性降低，可以不辨识|C.普通离心泵应从密封、联轴器、使用场合和误操作等方面进行辨识|D.在自查过程中，工作人员应使用经验方法开展老旧设备风险辨识|A.事后监督管理的行为监管|B.事中监督管理的技术监管|C.事中监督管理的行为监管|D.事后监督管理的技术监管|A.当心低温|B.禁止烟火|C.当心腐蚀|D.必须戴防护眼镜|A.责令该饭店停业整顿|B.依法追究该饭店主要负责人刑事责任|C.对该饭店直接负责的管理人员处5万元罚款|D.吊销该饭店营业执照|A.丙公司在深基坑支护施工前，编制了专项施工方案，经丙公司技术负责人审批并报甲公司备案后，实施现场作业|B.施工过程中，丙公司应提前编制土方开挖工程专项施工方案，发现安全专项设计文件有错漏的，及时向甲、乙公司提出，甲、乙公司应及时处理|C.甲公司负责对丙公司制定的安全技术措施进行审查，确保符合工程建设强制性标准，项目竣工后，积极组织对项目进行30日试运营|D.建设项目安全设施建成后，由乙公司按照安全设施设计对建成的安全设施进行对比审核检查，发现问题后向甲公司建议整改|A.用于更新改造煤与瓦斯防突设备和设施|B.用于改扩建厂房项目的安全评价|C.用于开展重大危险源和事故隐患评估|D.用于安全生产新标准推广应用|A.甲公司喷漆房内安装了防爆型电气设备设施|B.丙公司针对喷漆作业人员设置了淋浴室|C.丁公司设置了急救室和妇女卫生室|D.乙公司氩弧焊作业场所设置了局部排风设施|A.装置突然停电时应急处理方案|B.装置螺杆机检修步骤|C.装置压力容器定期检验探伤步骤|D.装置工艺管道单线图|A.0|B.1|C.2|D.3|A.上报国务院不应超过事故发生起7h|B.上报县级应急管理部门不应超过事故发生起3h|C.上报市级应急管理部门不应超过事故发生起4h|D.上报省级应急管理部门不应超过事故发生起6h|A.对系统撤压属于消除危险源|B.加装盲板属于限制能量|C.开关柜挂牌上锁属于能量隔离|D.电气保护回路的检修测试属于减少故障失误|A.禁止靠近属于禁止标志，提醒人们对周边环境引起注意，禁止靠近|B.安全标志是规范作业现场，消除现场作业隐患最有力的工具|C.必须佩戴安全帽属于指示标志，使用颜色为蓝色背景、白色图形|D.当心坑洞需采用黑色符号和黄色背景，属于提示标志|A.醋酸酐高位槽爆炸产生的运动碎片，属于环境因素|B.醋酸车间二层操作平台的阶梯扶手栏杆缺失，属于物的因素|C.员工甲未按照公司规定的操作规程操作，属于管理因素|D.醋酸酐高位槽与盐酸高位槽距离过近，属于物的因素|A.低温液氮储槽汽车，应当在特种设备购买地登记机关申请办理使用登记|B.新建D级锅炉需要办理使用登记|C.压力管道应当以使用单位为对象向登记机关办理使用登记|D.车用氧气瓶应以瓶为单位进行使用登记|A.评价企业仓库扩建项目施工期间编制的应急处置方案的合规性|B.评价企业初步设计中湿度、温度等与安全卫生相关指标的落实情况|C.评价项目安全预评价中，针对机械伤害提出设置屏障的安全措施落实情况|D.评价仓库干燥系统用电安全相关内容|A.法律法规必须遵守，有些危险性较小的内容可以与标准有差异|B.评价不应拘泥于标准，与标准不符的时候要体现专家经验|C.该评价报告结构应与验收评价报告一致|D.安全评价单元划分应参考以往评价报告|A.杨某的安全培训大纲由国家应急管理部组织制定|B.李某的安全培训大纲由国家应急管理部组织制定|C.王某的安全培训大纲由国家应急管理部组织制定|D.孙某的安全教育培训由本企业自行组织实施即可，无需依照安全生产监管监察部门制定的安全培训大纲实施|A.司炉工张某初次安全培训时间不得少于24学时|B.厂长王某初次安全培训时间不得少于24学时|C.包装线由手动改为自动，包装工刘某应该接受培训|D.使用被派遣劳务人员，派遣公司应对其进行培训|A.应由评估组在演练前编制|B.是应急演练的观摩手册|C.是应急演练工作方案的操作实施文件,B,本题主要考查的是职业病危害，属于高频考点。做题思路：熟悉确认的主要职业性致癌物知识点。氯乙烯的致癌部位为肝，肝血管瘤。故选B。
单选题,[2022年][河南中安]本质安全是通过设计等手段使生产设备或生产系统、建设项目本身具有安全性，即使操作失误也不会造成人员伤亡。下列关于本质安全描述错误是（    ）。,A.本质安全是生产中“预防为主”的根本体现|B.失误—安全功能指操作者即使操作失误，也不会发生事故或伤害，或设备等自动防止人的不安全行为的功能|C.故障—安全功能指设备、设施和工艺发生故障或损坏时，还能暂时维持正常工作或自动转变为安全状态|D.只要做到本质安全，就可以杜绝一切生产安全事故,D,本题主要考查的是本质安全，属于高频考点。做题思路：先掌握本质安全的概念，后判断描述细节。A正确，本质安全是生产中“预防为主”的根本体现；B正确，失误一安全功能，指操作者即使操作失误，也不会发生事故或伤害，或者说设备设施和技术工艺本身具有自动防止人的不安全行为的功能；C正确，故障一安全功能，指设备设施或生产工艺发生故障或损坏时，还能暂时维持正常工作或自动转变为安全状态；D错误，错在“可以杜绝一切生产安全事故”。系统工程中的安全概念，认为世界上没有绝对安全的事物，任何事物中都包含有不安全因素，具有一定的危险性。安全是一个相对的概念，当危险性低于某种程度时，人们就认为是安全的。杜绝一切生产安全事故这个说法太绝对了。故选D。
单选题,[2022年][河南中安]某企业为了及时发现安全隐患，预防事故发生，企业总经理组织各部门负责人及安全管理人员开展安全生产专项检查。下列安全生产检查内容中，属于软件系统的是（    ）。,A.可燃气体报警系统|B.工作场所的湿度和噪声|C.安全联锁装置|D.员工的情绪和精神状态,D,本题主要考查的是安全生产检查的内容，属于高频考点。做题思路：先区分软件系统和硬件系统，后判断选项。D属于，ABC不属于，ABC均属于硬件系统。安全生产检查的内容包括软件系统和硬件系统。软件系统主要是查思想、查意识、查制度、查管理、查事故处理、查隐患、查整改。硬件系统主要是查生产设备、查辅助设施、查安全设施、查作业环境。故选D。
单选题,[2022年][河南中安]甲公司为一家大型集团公司，主要从事煤矿及建筑施工业务，乙、丙公司均为其下属企业，其中乙公司主要从事煤矿生产业务，丙公司主要从事建筑施工业务。因市场原因，甲公司决定对乙公司业务进行调整，退出煤矿业务。根据《企业安全生产费用提取和使用管理办法》《财企〔2012〕16号》，关于该企业安全生产费用管理的说法，正确的是（    ）。,A.甲公司经过履行内部决策程序，可以对所属企业提取的安全生产费用按照一定比例集中管理，统筹使用|B.乙公司调整业务后，其结余的安全生产费用不得结转为本期收益|C.丙公司提取的安全生产费用应当专户核算，上年度结转安全生产费用不得结转至下年度使用|D.丙公司若当年计提的安全生产费用不足，超出部分在下一年度进行补充计提,A,本题主要考查的是企业安全生产费用提取和使用管理办法，属于高频考点。做题思路：先掌握安全生产费用提取和使用要求，后结合题干描述进行判断正误。A正确，主要承担安全管理责任的集团公司经过履行内部决策程序，可以对所属企业提取的安全生产费用按照一定比例集中管理，统筹使用；B错误，错在“不得”。企业调整业务、终止经营或者依法清算，其结余的安全生产费用应当结转本期收益或者清算收益；CD错误，错在“不得”“超出部分在下一年度进行补充计提”。企业提取的安全生产费用应当专户核算，按规定范围安排使用，不得挤占、挪用。年度结余资金结转下年度使用，当年计提安全生产费用不足的，超出部分按正常成本费用渠道列支。故选A。 注：根据《企业安全生产费用提取和使用管理办法》《财企〔2022〕136号》，第五十九条：企业调整业务、终止经营或者依法清算的，其结余的企业安全生产费用应当结转本期收益或者清算收益。下列情形除外：（一）矿山企业转产、停产、停业或者解散的，应当将企业安全生产费用结余用于矿山闭坑、尾矿库闭库后可能的危害治理和损失赔偿；则B选项是正确的。
单选题,[2022年][河南中安]某污水处理厂针对沉淀池防护栏破损造成维修工甲摔伤事故，现身说法开展系统风险管控大讨论。首先厂长乙发言，严肃批评维修班拖了全厂的后腿，生产计划难以完成；班长丙检讨，检修前没做好安全措施交底；甲自己也承认错误，同时强调若及时焊接好护栏，也不至于跌落沉淀池中；丁说没做好监护也是原因之一。上述讨论中，符合系统安全风险管控理论的观点是（    ）。,A.甲、乙、丙|B.甲、丙、丁|C.乙、丙、丁|D.甲、乙、丁,B,本题主要考查的是第一章第四节的安全风险管控观。乙的发言不符合安全风险管控理论观点。安全风险观主要包括三点：①事故可预防论；②系统的本质安全化；③风险预控。厂长乙的发言并没有涉及到这三点。故选B。
单选题,[2022年][河南中安]某公司因生产工艺优化和设备更新迭代，安全部门组织生产部门及相关操作人员对安全绩效管理制度和设备安全操作规程等进行了全面修订，并下发执行。关于安全管理制度制定及执行的说法，错误的是（    ）。,A.新设备投用后应及时发布经审批的安全操作规程|B.安全绩效管理制度在签发前应听取工会意见|C.将发布后的设备安全操作规程发给相关操作人员|D.安全操作规程应每3年至少进行一次全面修订,A,本题主要考查的是安全生产规章制度的管理，属于高频考点。做题思路：先判断规章制度制定的流程顺序正误，后判断细节内容。A错误，错在“后”。新设备（包括改造后的设备）投入使用前须有操作规程、竣工图纸等技术文件和保证安全生产的办法与管理细则，经过技术测验合格并对有关人员进行培训后，方可使用；B正确，生产经营单位制定或者修改有关安全生产的规章制度，应当听取工会的意见；补充说明：制度签发前，应进行审核。安全奖惩等涉及全员性的制度，应经过职工代表大会或职工代表进行审核；C正确，新颁布的安全生产规章制度、修订的安全生产规章制度，应组织进行培训，安全操作规程类规章制度还应组织相关人员进行考试。要先发给相关操作人员才能让他们学习，并进行培训；D正确，生产经营单位应每年制定规章制度制定、修订计划，并应公布现行有效的安全生产规章制度清单。对安全操作规程类规章制度，除每年进行审查和修订外，每3～5年应进行一次全面修订，并重新发布，确保规章制度的建设和管理有序进行。考虑其他选项有问题，只能选择A。故选A。
单选题,[2022年][河南中安]某食品加工企业针对存在的火灾、高处坠落、触电和机械伤害等风险，编制了相应的专项预案和现场处置方案。关于该企业应急演练类型的说法，正确的是（    ）。,A.火灾综合演练属于按组织形式开展的应急演练|B.机械伤害实战演练属于按组织形式开展的应急演练|C.高处坠落桌面演练属于按演练内容开展的应急演练|D.触电实战演练属于按演练内容开展的应急演练,B,本题主要考查的是应急演练类型，属于高频考点。做题思路：先掌握应急演练的不同分类，后根据关键词判断正误。A错误，错在“按组织形式”。火灾综合演练属于按演练内容开展的应急演练；C错误，错在“按演练内容”。高处坠落桌面演练属于按演练形式开展的应急演练；D错误，错在“按演练内容”。触电实战演练属于按演练形式开展的应急演练。故选B。
多选题,[2022年][河南中安]某集团公司2021年底对下属危险化学品生产单位进行安全生产专项检查，对安全生产费用使用存疑，根据《企业安全生产费用提取和使用管理办法》，属于安全生产费用使用范围的有（    ）。,A.企业为全体员工购买的工伤保险|B.企业聘请第三方机构开展安全生产标准化咨询的费用|C.企业起重机和叉车等38台特种设备的检测费用|D.企业2021年安全教育培训费用 E 2021年企业扩建项目的安全预评估和安全验收评价费用,BCD,本题主要考查的是企业安全生产费用使用范围，属于高频考点。做题思路：先掌握安全生产费用使用范围，根据关键词对选项判断正误。BCD属于，AE不属于，A选项中的工伤保险和E选项中的扩建项目的安全预评价和验收评价均不在安全生产费用的适用范围内。该企业为危险化学品生产单位。危险品生产与储存企业安全生产费用应当用于以下支出：（一）完善、改造和维护安全防护设施设备支出（不含“三同时”要求初期投入的安全设施），包括车间、库房、罐区等作业场所的监控、监测、通风、防晒、调温、防火、灭火、防爆、泄压、防毒、消毒、中和、防潮、防雷、防静电、防腐、防渗漏、防护围堤和隔离操作等设施设备支出；（二）配备、维护、保养应急救援器材、设备支出和应急救援队伍建设、应急预案制修订与应急演练支出；（三）开展重大危险源检测、评估、监控支出，安全风险分级管控和事故隐患排查整改支出，安全生产风险监测预警系统等安全生产信息系统建设、运维和网络安全支出；（四）安全生产检查、评估评价（不含新建、改建、扩建项目安全评价）、咨询和标准化建设支出；（五）配备和更新现场作业人员安全防护用品支出；（六）安全生产宣传、教育、培训和从业人员发现并报告事故隐患的奖励支出；（七）安全生产适用的新技术、新标准、新工艺、新装备的推广应用支出；（八）安全设施及特种设备检测检验、检定校准支出；（九）安全生产责任保险支出；（十）与安全生产直接相关的其他支出。故选BCD。
多选题,[2022年][河南中安]某单位实验室发生爆炸事故，造成1名实验人员死亡。事故原因查明后，该单位从安全管理角度进行了全面整改，并编制了实验室火灾爆炸事故现场应急处置方案。根据《生产经营单位生产安全事故应急预案编制导则》，现场应急处置方案的事故风险描述包含的内容有（    ）。,A.火灾的危害严重程度|B.火灾爆炸发生前可能出现的征兆|C.实验室安全岗位职责|D.火灾爆炸可能引发的次生事故 E 实验室火灾控制程序,ABD,本题主要考查的是事故风险描述内容。做题思路：先掌握现场处置方案的四个内容，后区分各个内容包含细节进行归类。ABD属于，CE不属于。C属于应急组织与职责内容，E属于应急处置内容。事故风险描述主要包括：①事故类型；②事故发生的区域、地点或装置的名称；③事故发生的可能时间、事故的危害严重程度及其影响范围；④事故前可能出现的征兆；⑤事故可能引发的次生、衍生事故。故选ABD。
多选题,[2022年][河南中安]根据国务院安委会指定部署的安全生产十五条措施，生产经营单位将接受其作业指令的劳务派遣人员。灵活用工人员纳入本单位从业人员安全生产统一管理，履行安全生产保障责任。下列人员应纳入企业灵活用工人员统一管理的有（    ）。,A.临时劳务派遣人员|B.实习人员|C.现场慰问人员|D.外包工程作业人员 E 上级公司支援一线人员,ABD,本题主要考查的是企业灵活用工人员。ABD应纳入，CE不应纳入。根据按照《国务院办公厅关于支持多渠道灵活就业的意见》（国办发〔2020〕27号）规定，灵活就业人员包括个体经营、非全日制、新就业形态等从业人员。综合来讲，主要有以下几种情况：1）自营劳动者：包括自我雇佣者（自谋职业）和以个人身份从事职业活动的自由职业者等。比如自由撰稿人、技术小工等，其工作方式自由灵活，故称为自由职业者或灵活就业人员。2）家庭帮工：即那些帮助家庭成员从事生产经营活动的人员。比如家里开了一家餐馆，我们在里面帮忙。3）其他灵活就业人员：主要是指非全时工、季节工、劳务承包工、劳务派遣工、家庭小时工等一般劳动者。故选ABD。
多选题,[2022年][河南中安]美国心理学家马斯洛将人的需要按其强度的不同排列成5个等级层次，促进社会的发展进步，企业在改造和提升管理方面采取了多样化措施，下列措施中属于满足员工安全需要的有（    ）。,A.为员工提供情绪发泄室|B.完善各车间安全防护设施，提升防护水平|C.定期开展安全生产教育培训，提升员工安全操作技能|D.开展安全生产先进个人评比活动 E 组织全体员工开展火灾逃生应急演练,BC,本题主要考查的是安全需要。做题思路：先了解5个层次，后区分筛选出安全需要。BCE属于，AD不属于。A选项中的提供情绪发泄室是满足生理需要。D选项中的个人评比满足的是尊严需要。美国心理学家马斯洛将人的需要按其强度的不同排列成5个等级层次：一是生理需要，生存直接相关的需要；二是安全需要，包括对结构、秩序和可预见性及人身安全等的要求，其主要目的是降低生活中的不确定性；三是归属与爱的需要，随着生理需要和安全需要的实质性满足，个人以归属与爱的需要作为其主要内驱力；四是尊严需要，既包括社会对自己能力、成就等的承认，又包括自己对自己的尊重；五是自我实现，是指人的潜力、才能和天赋的持续实现。安全需要是人的基本需要之一，并且是低层次需要。在企业生产中，建立起严格的安全生产保障制度是极其重要的，如果没有保证生产安全的必要条件，那么这种客观的不安全会使人产生心理上的不安全感。故选BCE。
多选题,[2022年][河南中安]某企业实行8h工作制，每周工作5天，该企业金属冶炼车间存在噪声、低温、粉尘等多种职业病危害因素，为控制职业病危害因素，采取了多项措施。下列控制职业病危害因素的措施中，正确的有（    ）。,A.定期组织职业病体检|B.合理规划作业人员的作业时间|C.为工人配备专用口罩|D.升级设备降低噪声 E 对厂房进行合理布局增强散热,BCD,本题主要考查的是职业病危害控制，属于高频考点。做题思路：先掌握3个大的分类，后熟悉细节做出归类。BCDE正确，A错误，A不包含在内。职业病危害控制的主要技术措施包括工程技术措施、个体防护措施和组织管理措施等。D升级设备降低噪声和E对厂房进行合理布局增强散热为工程技术措施。C为工人配备专用口罩为个体防护措施。B合理规划作业人员的作业时间属于组织管理措施。故选BCDE。
多选题,[2022年][河南中安]某地级市市属企业领导班子调整，商贸公司经理甲与石油冶炼公司经理乙需要按照有关规定要求，需要对两位经理做上岗安全培训。关于培训内容和时长的说法，正确的是（    ）。,A.经理甲本次培训的主要内容为安全生产管理基础知识，安全生产技术|B.经理乙本次培训的主要内容为安全生产新知识、新技术|C.经理甲需要培训的时间不低于32学时|D.甲乙两位经理均需重新培训取得上岗资格证书 E 经理乙需要培训的时间不低于16学时,AC,本题主要考查的是安全教育培训，属于高频考点。做题思路：先掌握主要负责人初次培训和再培训内容，以及高危/非高危企业培训学时，后区分判断。经理甲为其他生产经营单位新上岗的主要负责人。经理乙为危险化学品生产经营单位新上岗的主要负责人。A正确、B错误，错在“主要内容为安全生产新知识、新技术”，这些是再培训内容。甲乙新上岗应该培训初次培训内容；D错误，错在“均需重新培训取得上岗资格证书”商贸公司经理甲不需要；E错误，错在“16”，应为48学时。煤矿、非煤矿山、危险化学品、烟花爆竹、金属冶炼等生产经营单位主要负责人初次安全培训时间不得少于48学时，每年再培训时间不得少于16学时。C正确，其他生产经营单位主要负责人初次安全培训时间不得少于32学时，每年再培训时间不得少于12学时。故选AC。
多选题,[2022年][河南中安]使用劳动防护用品，是保障从业人员人身安全与健康的重要措施，《个体防护装备配备规范第一部分 总则》（GB398001），关于用人单位在劳动防护用品发放、培训和使用管理的说法，正确的有（    ）。,A.对劳动者进行劳动防护用品的使用等专业知识培训|B.对劳动防护用品使用情况进行检查|C.劳动防护用品入库后应进行进货验收，确保符合国家标准|D.确保劳动防护用品外观完好、功能正常 E 所有劳动防护用品实施强制报废管理,ABD,本题主要考查的是个体防护装备管理，属于高频考点。做题思路：先掌握个体防护用品管理要求，后根据关键词对选项判断正误。劳动防护用品在2022年新教材中变更为个体防护装备，后面出现的个体防护装备均为劳动防护用品，本质并无区别。个体防护装备（即劳动防护用品）是指从业人员为防御物理、化学、生物等外界因素伤害所穿戴、配备和使用防护品的总称。A正确，用人单位应按计划定期对作业人员进行培训，培训内容至少应包括工作中存在的危害种类和法律法规、标准等规定的防护要求，本单位采取的控制措施，以及个体防护装备的选择、防护效果、使用方法及维护、保养方法、检查方法等；B正确，用人单位应监督作业人员个体防护装备的使用情况；C错误，错在“入库后”。用人单位应在入库前对个体防护装备进行进货验收，确定产品是否符合国家或行业标准；对国家规定应进行定期抽检的个体防护装备，用人单位应按相关规定，委托具有检测资质的检验检测机构进行定期检验；D正确，用人单位应定期检测个体防护装备的性能和效果，保证其完好有效；E错误，错在“所有”。安全帽、呼吸器、绝缘手套等安全性能要求高、易损耗的个体防护装备，应当按照有效防护功能最低指标和有效使用期，到期强制报废。而不是所有的个体防护装备都要强制报废。故选ABD。
多选题,[2022年][河南中安]某市应急管理部门对辖区内的食品加工企业进行现场安全检查时，发现该企业现场管理存在安全问题，企业现场管理的工作做法，正确的有（    ）。,A.液氯储罐的安全阀前的手阀常闭|B.氯制冷车间分气缸预留管道采用管道封堵|C.拆除液氯储罐前进行置换处理|D.液氯制冷机房内使用铁制维修扳手 E 控制室的报警器频繁报警，采取消音和屏蔽措施,BC,本题主要考查的是现场管理具体做法。做题思路：结合技术知识点进行判断。A错误，错在“常闭”。该知识点为技术相关知识点，当安全阀的入口处装有隔断阀（截断阀可采用自动或者手动阀门，这里的手阀就是截断阀）时，隔断阀必须保持常开状态并加铅封，故液氯储罐安全阀前的手阀为常开状态，而不是常闭状态；D错误，错在“铁制”。液氯为强氧化性物质，并具有腐蚀性，铁质工具容易受到腐蚀，从而影响使用效果和安全性；E错误，错在“采取消音和屏蔽措施”。生产经营单位不得关闭、破坏直接关系生产安全的监控、报警设施。报警器频繁报警的时候，应及时查明原因，而不是采取消音和屏蔽措施。故选BC。
多选题,[2022年][河南中安]甲公司印发了《甲公司注册安全工程师管理暂行办法》，规定从事安全工作的公司员工，取得注册安全工程证书的一次性奖励50000元，每月增加工资5000元。安全管理人员小钱表示。这让他产生了学习的动力，每天打游戏时间少了，学习时间多了，且逢人就说会一直学习到考试那一天，小钱的这些做法体现个性倾向动机的相关功能有（    ）。,A.激发功能|B.平衡功能|C.指向功能|D.维持功能 E 调节功能,AC,本题主要考查的是动机的功能。做题思路：根据题目背景找对应符合项。个性倾向为心理学的概念，动机的功能：激发功能（产生行为，学习）；指向功能（指向某个特定目标，去图书馆学习）；维持功能（持续时间，坚持学习）；调节功能。通过注册安全工程师的奖励就是激发功能，通过这个注册安全工程师就体现了指向功能（即指向通过注册安全工程师这个目标）。每天打游戏时间少了，学习时间多了，是对个人时间的调节，体现了调节功能。故选ACE。
多选题,[2022年][河南中安]某危化品企业生产单元为二级重大危险源，按照重大危险源监督管理要求，对构成危险化学品重大危险源生产单元的企业应建立监控预警系统，试点接入属地市重大危险源监控子系统。关于对该企业重大危险源监督管理的说法，正确的有（    ）。,A.按照监管系统的设计思想，该企业的重大危险源信息，由市重大危险源监管子系统采集后，还要实现与国家重大危险源监管系统的信息共享|B.该企业所在市建立重大危险源监管子系统后，由市安全监督管理部门直接负责对该企业重大危险源的监督管理工作|C.该企业的监控预警系统应具备该重大危险源在正常运行阶段，事故初始阶段有参数记录，报表等功能|D.该企业的重大危险源监控预警系统，应有能够实现火灾事故初始阶段智能定位，自动启动应急控制系统的功能 E 该重大危险源应由国家安全生产监督管理部门进行监督管理,ACD,本题主要考查的是重大危险源监督管理，属于高频考点。做题思路：先掌握重大危险管理、监督要求，后根据关键词判断正误。BE错误，错在“市”“国家”。B选项中的直接由市安全监督管理部门直接负责进行监管和E选项的直接由国家安全生产监督管理部门进行监管都是存在问题的。重大危险源的安全生产监督管理工作主要由区县一级安全生产监督管理部门进行。信息网络建成之后，市级安全生产监督管理部门可以通过网络了解一、二级危险源的情况和监察信息，有重点地进行现场监察；国家安全生产监督管理部门可以通过网络对各城市的一级危险源的监察情况进行监督；A正确，在各地开展工作的基础上，逐步建立全国范围内的重大危险源信息系统，建立“工业互联网+危化安全生产”生态系统，以便各级安全生产监督管理部门及时了解、掌握重大危险源状况，从而建立企业负责、安全生产监督管理部门监督的重大危险源监控体系；CD正确，C、D选项中的系统功能为其正常的功能，并无问题。故选ACD。
多选题,[2022年][河南中安]某大型矿山企业，为扩大生产规模，改善职工办公条件，拟在“十四五”期间进行金属矿山、危险化学品存储库房、办公楼等多个建设项目。根据《建设项目安全设施“三同时”监督管理办法》（原国家安监总局令第36号、第77号修订），下列建设项目中，应进行安全预评价的有（   ）。,A.设计生产能力100×104t/a的地下铝矿开采项目|B.设计生产能力2000×104t/a的露天铁矿开采项目|C.改造存储10t酒精、汽油等危险化学品的库房|D.新建建筑面积为20000m2的办公楼 E 扩建建筑面积为5000m2的员工宿舍,ABC,本题主要考查的是安全预评价建设项目，属于高频考点。做题思路：找高危企业。第七条：下列建设项目在进行可行性研究时，生产经营单位应当按照国家规定，进行安全预评价：（一）非煤矿矿山建设项目；（二）生产、储存危险化学品（包括使用长输管道输送危险化学品，下同）的建设项目；（三）生产、储存烟花爆竹的建设项目；（四）金属冶炼建设项目；（五）使用危险化学品从事生产并且使用量达到规定数量的化工建设项目（属于危险化学品生产的除外，下同）；（六）法律、行政法规和国务院规定的其他建设项目。故选ABC。
多选题,[2022年][河南中安]某施工单位承建一矿业公司综合楼项目，2022年2月7日上午，工人将综合楼八楼外飘景观模板支撑钢架，架在作业人员施工的外部脚手架钢管上，当日下午，监理单位发现隐患后，要求2月9日前整改完毕，2月8日下午四时许，五名混凝土工人在综合楼八楼的景观梁模板上进行浇筑施工时，突然发生坍塌，造成两人死亡，关于该起事故隐患分类分级闭环管理的说法，正确的有（    ）。,A.模板支撑钢架梁架在外脚手架钢管上属于重大事故隐患|B.隐患排查治理的主体是该矿业公司|C.监理人员职责包括监督落实事故隐患整改闭环|D.监理单位发现隐患时，应当采取停工等措施 E 矿业公司应当对项目隐患排查实施监督管理,AD,本题主要考查的是隐患排查治理，属于高频考点。做题思路：先判断是一般隐患还是重大隐患，后根据生产经营单位和监理单位职责判断选项正误。A正确，《房屋市政工程生产安全重大事故隐患判定标准（2024版）》第九条：高处作业有下列情形之一的，应判定为重大事故隐患：（三）悬挑式卸料平台的搁置点、拉结点、支撑点未设置在稳定的主体结构上，且未做可靠连接；B错误，生产经营单位是事故隐患排查、治理和防控的责任主体；在本项目中，施工单位是具体的生产经营单位，因此隐患排查治理的主体应为施工单位，而非作为建设单位的矿业公司；C错误，错在“监督落实事故隐患整改闭环”。监理人员的职责包括发现隐患、要求整改、督促整改及报告，但事故隐患整改的落实责任主体是施工单位，监理单位负责监督，而非“监督落实整改闭环”；企业应建立隐患排查治理制度，逐级建立并落实从主要负责人到每位从业人员的 隐患排查治理和防控责任制，并按照有关规定组织开展隐患排查治理工作，及时发现并消除隐患，实行隐患闭环管理；D正确，监理单位发现事故隐患的，应当要求施工单位整改；情况严重的，应当要求施工单位暂时停止施工，并及时报告生产经营单位。本题题干属于重大事故隐患，属于情况严重；E正确，生产经营单位对承包、承租单位的事故隐患排查治理负有统一协调和监督管理的职责。故选ADE。
多选题,[2022年][河南中安]某风力发电施工项目临近陡峭山地，在施工工地辨识出：①防雷接地接触不良；②现场地面泥泞；③施工现场脚手架没有护网；④个别员工有恐高症；⑤山体土质松软等主要危险和有害因素。根据《生产过程危险和有害因素分类与代码》（GB/T 13861），上述危险和有害因素中，属于环境因素的有（    ）。,A.①|B.②|C.③|D.④ E ⑤,BC,本题主要考查的是危险有害因素识别，属于高频考点。做题思路：识别题干各危险因素进行归类，找出属于环境因素的选项。BC属于，AD不属于，A选项①属于物的因素；D选项④属于人的因素；E选项⑤山体土质松软有可能造成土、岩滑动属于物的因素中的运动物危害，也可能发生泥石流，属于环境因素，保守不选。故选BC。
多选题,[2022年][河南中安]甲公司对生产厂房进行了扩建改造，由乙公司负责该项目的设计，由丙公司负责该项目的施工总承包，由丁公司负责项目的监理工作，甲公司建立了完善的承包商安全管理制度。下列甲公司对相关方安全管理的说法中，正确的有（    ）。,A.乙公司应提供生产厂房的地下管线资料|B.乙公司应注明涉及施工安全的重点部位|C.丁公司应开展施工现场的事故隐患排查|D.丙公司应对施工现场的安全生产负总责 E 甲公司应审查施工安全技术措施合规性,BD,主要考查的是相关方管理，属于高频考点。做题思路：先区分各方职责，后判断管理细节。甲公司为生产经营单位，乙公司为设计公司，丙公司为施工总承包公司，丁公司为监理公司。A错误，错在“乙公司”。生产经营单位（甲公司）应提供必要的周边环境资料；B正确，设计公司（乙公司）在设计中注明施工安全的重点部位是没有问题的；C错误，错在“丁公司”。生产经营单位（甲公司）应组织施工单位开展事故隐患排查；D正确，建设工程实行施工总承包的，由总承包单位（丙公司）对施工现场的安全生产负总责；E错误，错在“甲公司”。工程监理单位应当审查施工组织设计中的安全技术措施或者专项施工方案是否符合工程建设强制性标准。故选BD。
多选题,[2022年][河南中安]2021年10月15日，甲市乙县某建筑施工现场突发一起火灾事故，造成2人死亡、1人重伤。事故发生后第9天，重伤人员抢救无效死亡，县政府成立事故调查组，由县应急局、消防大队、纪监委、公安局组成。下设技术勘察组、管理管控组、综合工作组、责任追究组，按程序开展事故调查。调查取证阶段，安排1名行政执法人员调查取证，调查查阅了诸多材料，并调查了施工单位主要负责人上一年年收入。事故发生后第90天调查组向县人民政府提交了事故调查报告。根据上述背景，该起事故调查相关内容不符合要求的有（    ）。,A.事故调查组的组成|B.事故调查组的权限|C.行政执法人员的人数|D.提交事故调查报告的时间 E 调查主要负责人的年收入,AC,主要考查的是事故调查，属于高频考点。做题思路：先掌握事故调查相应知识点，后结合背景判断选项正误。A不符合，事故调查组的组成应当遵循精简、效能的原则。根据事故的具体情况，事故调查组由有关人民政府、安全生产监督管理部门、负有安全生产监督管理职责的有关部门、监察机关、公安机关以及工会派人组成，并应当邀请人民检察院派人参加；C不符合，调查取证至少安排2名行政执法人员；D建议慎选，题中未提及是否有可以适当延长、技术鉴定等特殊情况，判断条件不明确。事故调查组应当自事故发生之日起60日内提交事故调查报告，特殊情况下，经负责事故调查的人民政府批准，提交事故调查报告的期限可以适当延长，但延长的期限最长不超过60日。需要技术鉴定的，技术鉴定所需时间不计入该时限，其提交事故调查报告时限可以顺延；E符合，根据《安全生产法》，生产经营单位的主要负责人未履行本法规定的安全生产管理职责，导致发生生产安全事故的，由应急管理部门依照下列规定处以罚款：发生一般事故的，处上一年年收入百分之四十的罚款，所以事故调查组调查主要负责人的年收入正确。故选AC。
单选题,[2023年][河南中安]某大型康养连锁机构为减少老年人摔倒事件。运用海因里希法则对该机构历年来老年人摔倒事故数据进行了统计分析。统计分析报告中对海因里希法则的理解应用错误的是（    ）。,A.运营部通过关注小事故和未遂事件的根本原因，以防止发生更严重的事故|B.康养机构场所由于地砖光滑导致的摔伤，可以通过采取更换防滑砖来预防|C.通过减少老年人居室内未遂事件的数量降低重伤事故|D.每1次老人摔倒重伤事故，都对应29次老人摔倒轻伤事故和300次未遂事件,D,本题主要考查的是对海因里希法则的理解，属于高频考点。做题思路：深刻理解海因里希法则，抓住关键词语。 海因里希法则：海因里希认为，企业安全工作的中心就是防止人的不安全行为，消除机械的或物质的不安全状态，中断事故连锁的进程而避免事故的发生。强调几乎所有的工业伤害事故都是由于人的不安全行为造成的。伤亡、轻伤、不安全行为的比例为1:29:300，国际上把这一法则叫事故法则。这个法则说明，在机械生产过程中，每发生330起意外事件，有300件未产生人员伤害，29件造成人员轻伤，1件导致重伤或死亡。D错误，错在数据的绝对对应关系，数字仅仅表达了一种概率关系；对于不同的生产过程，不同类型的故事，上述比例关系不一定完全相同，但这统计规律说明了在进行同一项活动中，无数次意外事件必然导致重大伤亡事故的发生。事故的后果虽有偶然性，但是不安全因素或动作在事故发生之前已暴露过许多次，如果在事故发生之前，抓住时机，及时消除不安全因素，许多重大伤亡事故是完全可以避免的。故选D。
单选题,[2023年][河南中安]某疫苗生产企业对公司构架进行调整后，根据人员教育背景、工作经历和实际绩效，重新明确了每个部门和所有人员的安全生产分工，实现了安全生产责任的“横向到边，纵向到底“。该企业上述做法基于（    ）。,A.动态相关性原则和3E原则|B.整分合原则和能级原则|C.安全第一原则和动力原则|D.封闭原则和行为原则,B,本题主要考查的是安全原理，属于高频考点。做题思路：必须学会区分系统原理及原则；人本原理及原则；预防原理及原则；强制原理及原则。 高效的现代安全生产管理必须在整体规划下明确分工，在分工基础上有效综合，这就是整分合原则。在管理系统中，建立一套合理能级，根据单位和个人能量的大小安排其工作，发挥不同能级的能量，保证结构的稳定性和管理的有效性，这就是能级原则。故选B。
单选题,[2023年][河南中安]某精密机械制造厂对近10年发生的人身伤害类事故进行了统计分析，发现性格内向不爱说话的员工发生事故的概率相对较高，该企业决定在下一步招聘中增加心理测试环节，以避免该类人员从事高风险工作，根据事故致因理论，该企业人员招聘以及岗位适配的说法，符合的理论是（    ）。,A.能量意外释放理论|B.事故轨迹交叉理论|C.瑞士奶酪模型理论|D.事故频发倾向理论,D,题主要考查的是事故致因理论，属于高频考点。做题思路：结合题目背景，找出关键词，选择最符合题意的选项。事故频发倾向是指个别容易发生事故的稳定的个人的内在倾向，事故频发倾向者的存在是工业事故发生的主要原因，即少数具有事故频发倾向的工人是事故频发倾向者。因此，人员选择就成了预防事故的重要措施，通过严格的生理、心理检验，从众多的求职人员中选择身体、智力、性格特征及动作特征等方面优秀的人才就业，而把企业中的所谓事故频发倾向者解雇。故选D。
单选题,[2023年][河南中安]某沿海中药企业，每年“安全生产月”期间，根据国家安全政策法律法规和制药“加灸、蒸煮、煅烧以及炒药”等工艺操作规程要求，开展安全质量岗位达标培训，关于企业岗位安全教育培训的说法，正确的是（    ）。,A.蒸煮前班会属于专题安全教育培训|B.“三新“安全教育培训属于专题安全教育培训|C.加灸安全操作规程的专题考试属于日常安全教育培训|D.开展沿海气候条件影响炒药岗位风险培训属于专题安全教育培训,B,本题主要考查的是岗位安全教育培训。做题思路：学会区分日常安全教育培训、定期安全考试和专题安全教育培训。 日常安全教育培训主要以车间、班组为单位组织开展，重点是安全操作规程的学习培训、安全生产规章制度的学习培训、作业岗位安全风险辨识培训、事故案例教育等。专题安全教育培训是指针对某一具体问题进行专门的培训工作，专题安全教育培训工作针对性强，效果比较突出，通常开展的内容有“三新”安全教育培训，法律法规及规章制度培训，事故案例培训，安全知识竞赛、技术比武等。故选B。
单选题,[2023年][河南中安]用人单位应在劳动防护用品入库前进行验收，确定产品是否符合国家和行业标准，关于坠落悬挂用安全带性能要求的说法，错误的是（    ）。,A.安全带伸展长度不应小于永久标识中明示的数值|B.连接器不应打开，零部件不应断裂|C.安全带使用的金属环类零件使用焊接件|D.系带不应出现明显不对称或滑移,A,本题主要考查的是安全带验收。做题思路：熟悉安全带的基础性能。 A错误，错在伸展长度应小于或等于永久标识中明示的数值。安全带应标明伸展长度，且伸展长度应小于或等于永久标识中明示的数值。故选A。
单选题,"[2023年][河南中安]一、单选题
6
标记
收藏

某露天矿运输车在弯道行驶过程中，装载的矿石突然滑落，根据《企业职工伤亡事故分类》（GB6441），事故类型属于（    ）。",A.车辆伤害|B.物体打击|C.机械伤害|D.高处坠落,A,本题主要考查的是企业职工伤亡事故分类，属于高频考点。做题思路：必须能够清楚区分20类事故。 车辆伤害：指企业机动车辆在行驶中引起的人体坠落和物体倒塌、下落、挤压伤亡事故，不包括起重设备提升、牵引车辆和车辆停驶时发生的事故。故选A。
单选题,[2023年][河南中安]某井下煤矿在井下进行填充炸药的作业过程中，发生早爆，导致2人死亡，1人受伤，本次事故发生的直接原因是，无资质放炮员使用PVC炮模，在装药过程中产生静电引起膨化硝铵炸药药尘爆炸，关于该井下作业安全管理要求的说法，错误的是（    ）。,A.井下爆破施工方案应包括炮孔布置图、警戒图、划定安全警戒范围等|B.用炮泥封堵炮孔应轻放轻撞药卷|C.PVC管严禁作为炮棍使用|D.放炮员应取得国家矿山安全监察局颁发的资格证书,D,本题主要考查的是井下作业安全管理。做题思路：了解井下作业的具体流程。 《煤矿安全作业规程》第三百五十七条：装药前，必须首先清除炮眼内的煤粉或者岩粉，再用木质或者竹质炮棍将药卷轻轻推入，不得冲撞或者捣实。炮眼内的各药卷必须彼此密接。用严禁使用PVC当作炮棍，避免产生静电；D错误，错在资格证书的颁发部门。放炮员应取得公安部门颁发的资格证书和煤监局的操作证书。故选D。
单选题,[2023年][河南中安]为贯彻落实党中央关于全面依法治国的要求，促进安全监管部门严格规范公正文明执法，国家对开展安全生产监管执法监督工作提出了一系列明确的要求，应急管理部门的下列执法行为，正确的是（    ）。,A.对存在事故隐患的生产经营单位现场作出1万元行政处罚决定|B.执法人员在企业检查时出示执法证件|C.执法行为被企业起诉可由指定律师事务所的律师代理出庭应诉|D.执法人员参加统一培训考核合格后，即可从事执法,B,本题主要考查的是应急管理部门的执法行为，属于高频考点。做题思路：理解应急管理部门的权力和执法流程。 A错误，违法事实确凿并有法定依据，对个人处以200元以下罚款、对生产经营单位处以3000元以下罚款或者警告的行政处罚的，安全生产行政执法人员可以当场作出行政处罚决定；B正确，安全生产行政执法人员在执行公务时，必须出示国务院有关部门或者县级以上地方人民政府统一制作的有效行政执法证件；C错误，被企业起诉，应由本身工作人员到场应诉；D错误，执法人员参加统一培训考核合格后，取得证书方可从事执法工作。故选B。
单选题,[2023年][河南中安]某市经济开发区创新产业园项目在作业区域进行塔式起重机安全工作，起重机安装单位严重违章作业，业主方安全员张某当即责令作业人员停止作业，但起重机安装单位负责人王某告知因顶升作业已经开始，临时停止风险更高，完成正在顶升的标准节后才能停止作业。随后，安全员张某在起重机附近等待，但王某等人在安装完该标准节后并未停止作业。张某再次叫停王某，立即通知监理人员，并向单位领导汇报之后，起重机突然坍塌，造成5人死亡。关于安全员张某履行安全职责情况的说法，错误的是（    ）。,A.对王某等现场作业人员安全教育培训不到位，履职不到位|B.按照要求对起重机安装现场进行了安全管理，履职到位|C.明确告知起重机安装单位严重违章作业，责令停止作业，履职到位|D.违章制止未果后，通知监理人员，向单位领导汇报，履职到位,C,本题主要考查的是安全员的安全职责，属于高频考点。做题思路：充分理解安全员的安全职责并尽量掌握。 《特种设备使用单位落实使用安全主体责任监督管理规定》第八十八条：起重机械使用单位主要负责人应当支持和保障起重机械安全总监和起重机械安全员依法开展起重机械使用安全管理工作，在作出涉及起重机械安全的重大决策前，应当充分听取起重机械安全总监和起重机械安全员的意见和建议。起重机械安全员发现起重机械存在一般事故隐患时，应当立即进行处理；发现存在严重事故隐患时，应当立即责令停止使用并向起重机械安全总监报告，起重机械安全总监应当立即组织分析研判，采取处置措施，消除严重事故隐患。故选C。
单选题,[2023年][河南中安]某县建立的民用爆破公司，申请非营业性爆破作业许可证，根据《爆破作业单位资质条件和管理要求》（GA990），关于申请单位必备条件的说法，错误的是（    ）。,A.爆破工程技术人员不少于1人，爆破员不少于2人，安全员不少于2人，保管员不少于2人|B.具有安全评价合格的民用爆炸物品专用仓库|C.技术负责人具有工学学科范围中级及以上技术职称，有2年及以上爆破作业项目技术管理工作的经历|D.有爆破作业专用设备,A,本题主要考查的是申请单位必备条件。做题思路：相关数据要熟悉。 非营业性爆破作业单位应具备下列条件：a）有经安全评价合格的民用爆炸物品专用仓库；b）技术负责人具有理学、工学学科范围中级及以上技术职称，有2年及以上爆破作业项目技术管理工作的经历；c）爆破工程技术人员不少于1人，爆破人员不少于5人，安全员不少于2人，保管员不少于2人；d）有爆破作业专用设备。A错误，错在爆破人员数量。故选A。
单选题,[2023年][河南中安]某电力公司开展内部安全生产大检查过程中，发现员工的安全教育培训工作存在问题，关于员工安全教育培训相关要求的内容，错误的是（    ）。,A.新上岗的从业人员，岗前安全培训时间不得少于24学时|B.电力公司安全副总岗前培训时间不得少于24学时|C.岗位安全教育培训主要包括日常安全教育培训，定期安全考试和专题安全教育培训三个方面|D.采用新工艺，应当对有关从业人员重新进行有针对性的安全教育培训,B,本题主要考查的是员工安全教育培训，属于高频考点。做题思路：对于数据的记忆要非常清楚。 电力公司为一般企业，安全副总为安全生产管理人员，其培训时间不得少于32学时。（1）煤矿、非煤矿山、危险化学品、烟花爆竹、金属冶炼等生产经营单位安全生产管理人员初次安全培训时间不得少于48学时，每年再培训时间不得少于16学时。（2）其他生产经营单位安全生产管理人员初次安全培训时间不得少于32学时，每年再培训时间不得少于12学时。B错误，错在数据错误。故选B。
单选题,[2023年][河南中安]某企业开展安全生产标准化建设，根据《企业安全生产标准化基本规范》（GB/T33000），关于现场管理一级要素内容的说法，错误的是（    ）。,A.安全设施和职业病防护设施不应随意拆除，挪用或弃置不用|B.检维修过程中应执行安全控制措施，检维修后应进行安全确认|C.同一作业区域内进行作业活动的两支队伍只需与业主方签订安全管理协议|D.企业应建立合格承包商、供应商等相关方的名录和档案,C,本题主要考查的是现场管理一级要素内容。做题思路：尽量熟悉《企业安全生产标准化基本规范》。 A正确，安全设施和职业病防护设施不应随意拆除、挪用或弃置不用，确因检维修拆除的，应采取临时安全措施，检维修完毕后立即复原；B正确，检维修过程中应执行安全控制措施，隔离能量和危险物质，并进行监督检查，检维修后应进行安全确认；C错误，错在不同作业队伍相互之间也要签订管理协议。两个以上作业队伍在同一作业区域内进行作业活动时，不同作业队伍相互之间应签订管理协议，明确各自的安全生产、职业卫生管理职责和采取的有效措施，并指定专人进行检查与协调；D正确，企业应建立合格承包商、供应商等相关方的名录和档案，定期识别服务行为安全风险，并采取有效的控制措施。故选C。
单选题,[2023年][河南中安]甲省乙市丙县的某化工企业，位于本省丁市戊县的分公司发生危险化学品爆炸事故，造成2人死亡，10人重伤，直接经济损失200余万元，负责组织此次事故调查的是（    ）。,A.丁市人民政府|B.丙县人民政府|C.乙市人民政府|D.戊县人民政府,A,本题主要考查的是事故调查的主体，属于高频考点。做题思路：掌握不同级别事故的调查主体。 根据题干描述，本题所示为较大事故，事故发生地为丁市戊县，所以负责组织调查的是丁市人民政府。故选A。
单选题,[2023年][河南中安]甲省乙市丙县的某企业发生一起火灾事故，当场5人死亡，5人重伤，重伤人员送往医院抢救。事故发生10日后，重伤的5人经医院救治无效死亡，负责组织此次事故调查的是（    ）。,A.丙县人民政府|B.甲省人民政府|C.乙市人民政府|D.国务院,C,本题主要考查的是事故调查的主体，属于高频考点。做题思路：掌握不同级别事故的调查主体及不同事故的统计日期。 自事故发生之日起30日内（道路交通事故、火灾事故自发生之日起7内），因事故伤亡人数变化导致事故等级发生变化，应当由上级人民政府负责调查的，上级人民政府可以另行组织事故调查组进行调查。本题为较大事故，10日后死亡人数不计入火灾事故；由乙市人民政府组织调查。故选C。
单选题,[2023年][河南中安]安全生产管理人员在企业中具有不可替代的重要作用，为员工的生命安全保驾护航，按照有关法律法规，属于其职责的是（    ）。,A.组织制定并实施本单位的安全生产教育和培训计划|B.组织开展危险源辨识和评估，组织本单位应急救援演练|C.组织制定并实施本单位安全生产规章制度和操作规程|D.保证本单位安全生产投入的有效实施,B,本题主要考查的是安全生产管理人员的职责，属于高频考点。做题思路：区分安全生产管理人员及主要负责人的职责。 B属于，ACD不属于，ACD属于主要负责人的职责。安全生产管理人员的职责为：（1）组织或者参与拟定本单位安全生产规章制度、操作规程和生产安全事故应急救援预案。（2）组织或者参与本单位安全生产教育和培训，如实记录安全生产教育和培训情况。（3）组织开展危险源辨识和评估，督促落实本单位重大危险源的安全管理措施。（4）组织或者参与本单位应急救援演练。（5）检查本单位的安全生产状况，及时排查生产安全事故隐患，提出改进安全生产管理的建议。（6）制止和纠正违章指挥、强令冒险作业、违反操作规程的行为。（7）督促落实本单位安全生产整改措施。故选B。
单选题,[2023年][河南中安]国家对危险化学品重大危险源的监控监管有明确要求，关于重大危险源的说法，错误的是（    ）。,A.企业负责建立监测监控体系，政府负责监督|B.企业应向公安部门提交重大危险源安全评价报告|C.政府有关部门对构成重大危险源的企业实行分级管理|D.储存剧毒物质构成或重大危险源的场所，应设置监控系统,B,本题主要考查的是化学品重大危险源的监控监管。做题思路：掌握重大危险源的监督及管理。 A正确，危险化学品单位应当根据构成重大危险源的危险化学品种类、数量、生产、使用工艺（方式）或者相关设备、设施等实际情况，按照下列要求建立健全安全监测监控体系，完善控制措施；B错误，错在备案的主体。危险化学品单位在完成重大危险源安全评估报告或者安全评价报告后15日内，应当填写重大危险源备案申请表，连同本规定第22条规定的重大危险源档案材料（其中第二款第五项规定的文件资料只需提供清单），报送所在地县级人民政府安全生产监督管理部门备案；C正确，重大危险源的安全监督管理实行属地监管与分级管理相结合的原则。县级以上地方人民政府安全生产监督管理部门按照有关法律、法规、标准和本规定，对本辖区内的重大危险源实施安全监督管理；D正确，重大危险源中储存剧毒物质的场所或者设施，设置视频监控系统。故选B。
单选题,[2023年][河南中安]甲方为一大型商业综合体企业，新建项目委托乙方进行深基坑作业，下列现场安全管理要求中，正确的是（    ）。,A.甲方应针对外来施工方实行门禁管理，并予以登记|B.进入施工现场人员应由乙方进行安全技术交底，并签字确认|C.乙方作业人员参加安全教育培训后方可办理准入手续|D.涉及定期检测的安全用具应经甲方检验合格后方可使用,A,本题主要考查的是施工现场安全管理。做题思路：掌握建筑工程甲乙方的义务。 A正确，生产经营单位（甲）应针对承包商等外来人员实行门禁管理。对进出工作场所的人员进行身份确认和安全条件确认，并予以登记，防止无关人员进出作业现场；B错误，错在由乙方进行安全技术交底。承包商作业人员进行施工作业前，生产经营单位应将与施工作业有关的安全技术要求向承包商作业人员作出详细说明，双方签字确认，未经安全技术交底，切勿进行作业；C错误，错在只进行安全教育培训。在承包商队伍进入作业现场前，发包单位要对其进行消防安全、设备设施保护及社会治安方面的教育。所有教育培训和考试完成后，办理准入手续，凭证件出入现场；D错误，错在甲方检验合格后方可使用。涉及定期试验的工器具、绝缘用具、施工机具、安全防护用品，应具有检验、试验资质部门出具的合格的检验报告。应明确对设备和工具的定期检查、标识、修理和退出现场的要求。故选A。
单选题,[2023年][河南中安]某企业发生一起安全责任事故，该起事故总损失工作日为9600工作日，企业上年税利额为1150万元，平均职工人数为120人，法定工作日为250日，则该起事故造成的工作损失为（    ）。,A.184万元|B.368万元|C.575万元|D.736万元,B,本题主要考查的是工作损失，属于高频考点。做题思路：掌握计算公式、带入数据及计算过程要准确。 工作损失价值故选B。
单选题,"[2023年][河南中安]一、单选题
1
标记
收藏

某大型康养连锁机构为减少老年人摔倒事件。运用海因里希法则对该机构历年来老年人摔倒事故数据进行了统计分析。统计分析报告中对海因里希法则的理解应用错误的是（    ）。",A.运营部通过关注小事故和未遂事件的根本原因，以防止发生更严重的事故|B.康养机构场所由于地砖光滑导致的摔伤，可以通过采取更换防滑砖来预防|C.通过减少老年人居室内未遂事件的数量降低重伤事故|D.每1次老人摔倒重伤事故，都对应29次老人摔倒轻伤事故和300次未遂事件|A.动态相关性原则和3E原则|B.整分合原则和能级原则|C.安全第一原则和动力原则|D.封闭原则和行为原则|A.能量意外释放理论|B.事故轨迹交叉理论|C.瑞士奶酪模型理论|D.事故频发倾向理论|A.蒸煮前班会属于专题安全教育培训|B.“三新“安全教育培训属于专题安全教育培训|C.加灸安全操作规程的专题考试属于日常安全教育培训|D.开展沿海气候条件影响炒药岗位风险培训属于专题安全教育培训|A.安全带伸展长度不应小于永久标识中明示的数值|B.连接器不应打开，零部件不应断裂|C.安全带使用的金属环类零件使用焊接件|D.系带不应出现明显不对称或滑移|A.车辆伤害|B.物体打击|C.机械伤害|D.高处坠落|A.井下爆破施工方案应包括炮孔布置图、警戒图、划定安全警戒范围等|B.用炮泥封堵炮孔应轻放轻撞药卷|C.PVC管严禁作为炮棍使用|D.放炮员应取得国家矿山安全监察局颁发的资格证书|A.对存在事故隐患的生产经营单位现场作出1万元行政处罚决定|B.执法人员在企业检查时出示执法证件|C.执法行为被企业起诉可由指定律师事务所的律师代理出庭应诉|D.执法人员参加统一培训考核合格后，即可从事执法|A.对王某等现场作业人员安全教育培训不到位，履职不到位|B.按照要求对起重机安装现场进行了安全管理，履职到位|C.明确告知起重机安装单位严重违章作业，责令停止作业，履职到位|D.违章制止未果后，通知监理人员，向单位领导汇报，履职到位|A.爆破工程技术人员不少于1人，爆破员不少于2人，安全员不少于2人，保管员不少于2人|B.具有安全评价合格的民用爆炸物品专用仓库|C.技术负责人具有工学学科范围中级及以上技术职称，有2年及以上爆破作业项目技术管理工作的经历|D.有爆破作业专用设备|A.新上岗的从业人员，岗前安全培训时间不得少于24学时|B.电力公司安全副总岗前培训时间不得少于24学时|C.岗位安全教育培训主要包括日常安全教育培训，定期安全考试和专题安全教育培训三个方面|D.采用新工艺，应当对有关从业人员重新进行有针对性的安全教育培训|A.安全设施和职业病防护设施不应随意拆除，挪用或弃置不用|B.检维修过程中应执行安全控制措施，检维修后应进行安全确认|C.同一作业区域内进行作业活动的两支队伍只需与业主方签订安全管理协议|D.企业应建立合格承包商、供应商等相关方的名录和档案|A.丁市人民政府|B.丙县人民政府|C.乙市人民政府|D.戊县人民政府|A.丙县人民政府|B.甲省人民政府|C.乙市人民政府|D.国务院|A.组织制定并实施本单位的安全生产教育和培训计划|B.组织开展危险源辨识和评估，组织本单位应急救援演练|C.组织制定并实施本单位安全生产规章制度和操作规程|D.保证本单位安全生产投入的有效实施|A.企业负责建立监测监控体系，政府负责监督|B.企业应向公安部门提交重大危险源安全评价报告|C.政府有关部门对构成重大危险源的企业实行分级管理|D.储存剧毒物质构成或重大危险源的场所，应设置监控系统|A.甲方应针对外来施工方实行门禁管理，并予以登记|B.进入施工现场人员应由乙方进行安全技术交底，并签字确认|C.乙方作业人员参加安全教育培训后方可办理准入手续|D.涉及定期检测的安全用具应经甲方检验合格后方可使用|A.184万元|B.368万元|C.575万元|D.736万元|A.皮肤癌|B.间皮癌|C.鼻癌|D.白血病|A.未做安全预评价，做了安全设施设计审查和安全设施竣工验收|B.试运行计划35天，实际试运行时间30天|C.安全设施设计审查同时提交乙丙两市安全生产监督管理部门|D.安全设施审核通过后，改变安全设施设计，不再提交审查|A.0.01853|B.0.02153|C.0.01812|D.0.02147|A.防火堤内2个6t的液氨储罐|B.存有10只乙炔气罐（每罐充装乙炔约6.5kg）的临时库房|C.最大可储存200t汽油的罐区，被防火堤分隔成2个存储能力相同的储罐|D.库区内2个库房分别存有500kg金属钾和5t金属钠|A.灭火行动组组长根据演练方案提出灭火设备能力是否充足属于提出问题|B.安全防护组防护员对演练情况进行简要汇总并进行点评属于注入信息|C.疏散引导组引导员讨论警戒和交通管制的范围和区域问题属于分析决策|D.医疗救护组代表讲解并演示胸外按压和人工呼吸操作要领属于表达结果|A.该动火安全作业票有效期不超过8小时|B.该动火作业应办理一级动火安全作业票|C.作业现场应使用防爆型摄录设备全程摄录|D.该动火作业期间应连续进行气体监测|A.酒精|B.硬木屑|C.盐酸|D.润滑脂|A.配备卫星电话属于通信与信息保障|B.购置冲锋舟属于物资装备保障|C.与当地派出所签订应急协议属于应急队伍保障|D.与当地医院签订协议属于其他保障,A,本题主要考查的是不同工作引起的症状。做题思路：了解症状及工作的对应关系。 长期接触沥青，可能导致的肿瘤是皮肤癌。故选A。
单选题,[2023年][河南中安]某中央企业下属大型有色金属冶炼企业拟新上一锡锑火法精炼扩建项目，该项目所在地甲省乙、丙两个地级市，关于该企业扩建项目安全生产“三同时”监管的做法，正确的是（    ）。,A.未做安全预评价，做了安全设施设计审查和安全设施竣工验收|B.试运行计划35天，实际试运行时间30天|C.安全设施设计审查同时提交乙丙两市安全生产监督管理部门|D.安全设施审核通过后，改变安全设施设计，不再提交审查,B,本题主要考查的是“三同时”监管，属于高频考点。做题思路：凡是与“三同时“有关的都要尽量掌握。 A错误，错在未做安全评价。安全评价规定。矿山、金属冶炼建设项目和用于生产、储存、装卸危险物品的建设项目，应当按照国家有关规定进行安全评价；B正确，试运行时间应当不少于30日，最长不得超过180日，国家有关部门有规定或者特殊要求的行业除外；C错误，错在同时提交乙丙两市安全生产监督管理部门。跨两个及两个以上行政区域的建设项目安全设施“三同时”由其共同的上一级人民政府安全生产监督管理部门实施监督管理；D错误，错在不再提交审查。改变安全设施设计的，重新提交审查。故选B。
单选题,[2023年][河南中安]某生产三甲胺盐酸盐化工厂，由于一装置突然停机而造成整条生产线停产。为了诊断故障，进行了故障树分析（如下图所示）。其基本事件发生的概率分别为q1=0.03，q2=0.02，q3=0.05。该装置突然停机（顶上事件）T发生的概率是（    ）。,A.0.01853|B.0.02153|C.0.01812|D.0.02147,D,本题主要考查的是顶上事件的计算，属于高频考点。做题思路：看清楚图片，掌握逻辑关系。简化后发生的概率={X2}或{X1X3}=1-[（1-0.02）×（1-0.03×0.05）]=1-（0.98×0.9985）=0.02147。故选D。
单选题,[2023年][河南中安]某企业安全环保部对本单位的重大危险安全评估，汇总分析了各车间提交的重大危险源清单，根据《化学品重大危险源辨识》（GB18218）中所列的临界量（如下表所示），构成危险化学品重大危险源的是（    ）。,A.防火堤内2个6t的液氨储罐|B.存有10只乙炔气罐（每罐充装乙炔约6.5kg）的临时库房|C.最大可储存200t汽油的罐区，被防火堤分隔成2个存储能力相同的储罐|D.库区内2个库房分别存有500kg金属钾和5t金属钠,A,本题主要考查的是危险化学品重大危险源的判断，属于高频考点。做题思路：看懂表格，学会判断。 防火堤内两个液氨储罐为一个储存单元，（6＋6）/10＞1。故选A。
单选题,[2023年][河南中安]某大型石化公司在安全生产月期间组织了桌面演练，按照应急注入信息，提出问题，分析决策、表达结果四个环节完成应急处置演练，关于桌面演练环节的说法，错误的是（    ）。,A.灭火行动组组长根据演练方案提出灭火设备能力是否充足属于提出问题|B.安全防护组防护员对演练情况进行简要汇总并进行点评属于注入信息|C.疏散引导组引导员讨论警戒和交通管制的范围和区域问题属于分析决策|D.医疗救护组代表讲解并演示胸外按压和人工呼吸操作要领属于表达结果,B,本题主要考查的是应急处置演练中的桌面演练，属于高频考点。做题思路：掌握各个演练环节。 按照四个环节循环往复进行：（1）注入信息：执行人员通过多媒体文件、沙盘、消息单等多种形式向参演单位和人员展示应急演练场景，展现生产安全事故发生发展情况。（2）提出问题：在每个演练场景中，由执行人员在场景展现完毕后根据应急演练方案提出一个或多个问题，或者在场景展现过程中自动呈现应急处置任务，供应急演练、参与人员根据各自角色和职责分工展开讨论。（3）分析决策：根据执行人员提出的问题或所展现的应急决策处置任务及场景信息，参演单位和人员分组开展思考讨论，形成处置决策意见。（4）表达结果：在组内讨论结束后，各组代表按要求提交或口头阐述本组的分析决策结果，或者通过模拟操作与动作展示应急处置活动。各组决策结果表达结束后，导调人员可对演练情况进行简要讲解，接着注入新的信息。故选B。
单选题,[2023年][河南中安]某省某炼油厂拟在硫磺回收车间原料罐罐顶切割排气管线。根据《危险化学品企业特殊作业安全规范》（GB30871），关于该动火作业管理的说法，错误的是（    ）。,A.该动火安全作业票有效期不超过8小时|B.该动火作业应办理一级动火安全作业票|C.作业现场应使用防爆型摄录设备全程摄录|D.该动火作业期间应连续进行气体监测,B,本题主要考查的是动火作业管理，属于高频考点。做题思路：掌握动火作业票的办理及相应时间。 根据题干分析本次动火作业为特级动火作业。A正确，特级、一级动火安全作业票有效期不应超过8h；二级动火安全作业票有效期不应超过72h；B错误，错在办理一级动火安全作业票。本次动火作业为特级；C正确，特级动火作业应采集全过程作业影像，且作业现场使用的摄录设备应为防爆型；D正确，特级、一级动火作业中断时间超过30min，二级动火作业中断时间超过60min，应重新进行气体分析；每日动火前均应进行气体分析；特级动火作业期间应连续进行监测。故选B。
单选题,"[2023年][河南中安]一、单选题
1
标记
收藏

某大型康养连锁机构为减少老年人摔倒事件。运用海因里希法则对该机构历年来老年人摔倒事故数据进行了统计分析。统计分析报告中对海因里希法则的理解应用错误的是（    ）。",A.运营部通过关注小事故和未遂事件的根本原因，以防止发生更严重的事故|B.康养机构场所由于地砖光滑导致的摔伤，可以通过采取更换防滑砖来预防|C.通过减少老年人居室内未遂事件的数量降低重伤事故|D.每1次老人摔倒重伤事故，都对应29次老人摔倒轻伤事故和300次未遂事件|A.动态相关性原则和3E原则|B.整分合原则和能级原则|C.安全第一原则和动力原则|D.封闭原则和行为原则|A.能量意外释放理论|B.事故轨迹交叉理论|C.瑞士奶酪模型理论|D.事故频发倾向理论|A.蒸煮前班会属于专题安全教育培训|B.“三新“安全教育培训属于专题安全教育培训|C.加灸安全操作规程的专题考试属于日常安全教育培训|D.开展沿海气候条件影响炒药岗位风险培训属于专题安全教育培训|A.安全带伸展长度不应小于永久标识中明示的数值|B.连接器不应打开，零部件不应断裂|C.安全带使用的金属环类零件使用焊接件|D.系带不应出现明显不对称或滑移|A.车辆伤害|B.物体打击|C.机械伤害|D.高处坠落|A.井下爆破施工方案应包括炮孔布置图、警戒图、划定安全警戒范围等|B.用炮泥封堵炮孔应轻放轻撞药卷|C.PVC管严禁作为炮棍使用|D.放炮员应取得国家矿山安全监察局颁发的资格证书|A.对存在事故隐患的生产经营单位现场作出1万元行政处罚决定|B.执法人员在企业检查时出示执法证件|C.执法行为被企业起诉可由指定律师事务所的律师代理出庭应诉|D.执法人员参加统一培训考核合格后，即可从事执法|A.对王某等现场作业人员安全教育培训不到位，履职不到位|B.按照要求对起重机安装现场进行了安全管理，履职到位|C.明确告知起重机安装单位严重违章作业，责令停止作业，履职到位|D.违章制止未果后，通知监理人员，向单位领导汇报，履职到位|A.爆破工程技术人员不少于1人，爆破员不少于2人，安全员不少于2人，保管员不少于2人|B.具有安全评价合格的民用爆炸物品专用仓库|C.技术负责人具有工学学科范围中级及以上技术职称，有2年及以上爆破作业项目技术管理工作的经历|D.有爆破作业专用设备|A.新上岗的从业人员，岗前安全培训时间不得少于24学时|B.电力公司安全副总岗前培训时间不得少于24学时|C.岗位安全教育培训主要包括日常安全教育培训，定期安全考试和专题安全教育培训三个方面|D.采用新工艺，应当对有关从业人员重新进行有针对性的安全教育培训|A.安全设施和职业病防护设施不应随意拆除，挪用或弃置不用|B.检维修过程中应执行安全控制措施，检维修后应进行安全确认|C.同一作业区域内进行作业活动的两支队伍只需与业主方签订安全管理协议|D.企业应建立合格承包商、供应商等相关方的名录和档案|A.丁市人民政府|B.丙县人民政府|C.乙市人民政府|D.戊县人民政府|A.丙县人民政府|B.甲省人民政府|C.乙市人民政府|D.国务院|A.组织制定并实施本单位的安全生产教育和培训计划|B.组织开展危险源辨识和评估，组织本单位应急救援演练|C.组织制定并实施本单位安全生产规章制度和操作规程|D.保证本单位安全生产投入的有效实施|A.企业负责建立监测监控体系，政府负责监督|B.企业应向公安部门提交重大危险源安全评价报告|C.政府有关部门对构成重大危险源的企业实行分级管理|D.储存剧毒物质构成或重大危险源的场所，应设置监控系统|A.甲方应针对外来施工方实行门禁管理，并予以登记|B.进入施工现场人员应由乙方进行安全技术交底，并签字确认|C.乙方作业人员参加安全教育培训后方可办理准入手续|D.涉及定期检测的安全用具应经甲方检验合格后方可使用|A.184万元|B.368万元|C.575万元|D.736万元|A.皮肤癌|B.间皮癌|C.鼻癌|D.白血病|A.未做安全预评价，做了安全设施设计审查和安全设施竣工验收|B.试运行计划35天，实际试运行时间30天|C.安全设施设计审查同时提交乙丙两市安全生产监督管理部门|D.安全设施审核通过后，改变安全设施设计，不再提交审查|A.0.01853|B.0.02153|C.0.01812|D.0.02147|A.防火堤内2个6t的液氨储罐|B.存有10只乙炔气罐（每罐充装乙炔约6.5kg）的临时库房|C.最大可储存200t汽油的罐区，被防火堤分隔成2个存储能力相同的储罐|D.库区内2个库房分别存有500kg金属钾和5t金属钠|A.灭火行动组组长根据演练方案提出灭火设备能力是否充足属于提出问题|B.安全防护组防护员对演练情况进行简要汇总并进行点评属于注入信息|C.疏散引导组引导员讨论警戒和交通管制的范围和区域问题属于分析决策|D.医疗救护组代表讲解并演示胸外按压和人工呼吸操作要领属于表达结果|A.该动火安全作业票有效期不超过8小时|B.该动火作业应办理一级动火安全作业票|C.作业现场应使用防爆型摄录设备全程摄录|D.该动火作业期间应连续进行气体监测|A.酒精|B.硬木屑|C.盐酸|D.润滑脂|A.配备卫星电话属于通信与信息保障|B.购置冲锋舟属于物资装备保障|C.与当地派出所签订应急协议属于应急队伍保障|D.与当地医院签订协议属于其他保障,B,本题主要考查的是不同工作引起的症状。做题思路：了解症状及工作的对应关系。 硬木屑致癌部位是鼻。故选B。
单选题,[2023年][河南中安]某水电站地处偏远地区，根据有关法规要求编制了事故应急预案，明确了应急保障内容，关于应急保障内容的说法，错误的是（    ）。,A.配备卫星电话属于通信与信息保障|B.购置冲锋舟属于物资装备保障|C.与当地派出所签订应急协议属于应急队伍保障|D.与当地医院签订协议属于其他保障,C,本题主要考查的是应急保障内容。做题思路：多熟悉事故应急预案。 （1）通信与信息保障。明确与可为本单位提供应急保障的相关单位或人员通信联系方式和方法，并提供备用方案。同时，建立信息通信系统及维护方案，确保应急期间信息通畅。（2）应急队伍保障。明确应急响应的人力资源，包括应急专家、专业应急队伍、兼职应急队伍等。（3）物资装备保障。明确生产经营单位的应急物资和装备的类型、数量、性能、存放位置、运输及使用条件、管理责任人及其联系方式等内容。（4）其他保障。根据应急工作需求而确定的其他相关保障措施，如经费保障、交通运输保障、治安保障、技术保障、医疗保障、后勤保障等。故C错误，错在当地派出所不属于应急队伍保障。故选C。
单选题,[2023年][河南中安]某化工企业在维修过程中，需要在靠近合成车间的公共管廊上进行电焊作业，作业维修人员清理了作业现场，在动火作业前进行了气体分析，在履行动火许可手续时，负责动火作业审批的是（    ）。,A.合成车间安全员|B.维修部负责人|C.安全部门负责人|D.总工程师,C,本题主要考查的是动火作业审批，属于高频考点。做题思路：掌握动火作业票的办理。 本题为一级动火作业，一级动火作业由安全管理部门负责审批，安全部门负责人负有审批职权的。故选C。
单选题,[2023年][河南中安]小王负责整理单位的特种设备安全技术档案，档案包含了特种设备的设计文件产品质量合格证明，安装及使用维护保养说明，定期检查和定期自行检查记录；监督检验证明；日常使用状况记录；维护保养记录等，还应纳入特种设备安全技术档案存档的是（    ）。,A.特种设备的运行故障和事故记录|B.管理人员和作业人员资质证书|C.特种设备安全教育培训记录|D.特种设备事故专项应急预案,A,本题主要考查的是特种设备安全技术档案存档。做题思路：熟悉特种设备安全技术档案存档相关内容。 特种设备使用单位应当建立特种设备安全技术档案。特种设备安全技术档案应当包括以下内容：（1）使用登记证。（2）《特种设备使用登记表》。（3）特种设备的设计文件、产品质量合格证明、安装及使用维护保养说明、监督检验证明等相关技术资料和文件。（4）特种设备的定期检验和定期自行检查记录。（5）特种设备的日常使用状况记录。（6）特种设备及其附属仪器仪表的维护保养记录。（7）特种设备安全附件和安全保护装置校验检修、更换记录和有关报告。（8）特种设备的运行故障和事故记录。故选A。
单选题,[2023年][河南中安]某煤矿企业针对瓦斯爆炸事故组织开展实战演练，演练过程中，针对事故情景进行了勘察，分析，测定了事故影响范围和变化趋势，上述应急演练内容属于（    ）。,A.预警与报告|B.事故监测|C.警戒与管制|D.现场处置,B,本题主要考查的是应急演练内容，属于高频考点。做题思路：掌握各种演练的相关内容。 事故监测：根据事故情景，对事故现场进行观察、分析或测定，确定事故严重程度、影响范围和变化趋势等。（1）预警与报告。根据事故情景，向相关部门或人员发出预警信息，并向有关部门和人员报告事故情况。（2）指挥与协调。根据事故情景，成立应急指挥部，调集应急救援队伍和相关资源，开展应急救援行动。（3）应急通信。根据事故情景，在应急救援相关部门或人员之间进行音频、视频信号或数据信息互通。（4）事故监测。根据事故情景，对事故现场进行观察、分析或测定，确定事故严重程度、影响范围和变化趋势等。（5）警戒与管制。根据事故情景，建立应急处置现场警戒区域，实行交通管制，维护现场秩序。（6）疏散与安置。根据事故情景，对事故可能波及范围内的相关人员进行疏散、转移和安置。（7）医疗卫生。根据事故情景，调集医疗卫生专家和卫生应急队伍开展紧急医学救援，并开展卫生监测和防疫工作。（8）现场处置。根据事故情景，按照相关应急预案和现场指挥部要求对事故现场进行控制和处理。（9）社会沟通。根据事故情景，召开新闻发布会或事故情况通报会，通报事故有关情况。（10）后期处置。根据事故情景，应急处置结束后，开展事故损失评估、事故原因调查、事故现场清理和相关善后工作。故选B。
单选题,[2023年][河南中安]甲企业委托具有资质的乙企业进行污水厂排污改造，在改造过程中，甲企业生产正常运行，改造现场由甲企业负责供电，为确保施工进度及现场安全，甲企业采取了下列一系列调查，其中正确的是（    ）。,A.甲企业派品控部门员工对作业现场进行监督检查，及时协调作业事项|B.甲企业确认所有隐患整改完成后，乙企业方能恢复全线施工|C.甲企业对乙企业作业现场的临时用电实行备案制，当日施工结束后断电上锁|D.甲企业应与乙企业就作业相关的中毒和窒息、触电等危害进行确认，并明确作业许可的相关要求,D,本题主要考查的是施工进度及现场安全。做题思路：掌握施工过程中甲方的义务。 A错误，错在品控部门员工。生产经营单位应派具备监督管理职能的人员对承包商作业现场进行监督检查，建立监督检查记录，及时协调作业过程中的事项，通报相关安全信息，督促作业过程中隐患整改；B错误，施工现场由作业单位负责，甲负责监督管理，对于一般事故隐患，是不需要停工的。重大事故隐患排除前或者排除过程中无法保证安全的，应当责令从危险区域撤出作业人员，并责令暂时停产停业、停止建设、停止施工或者停止使用相关设施或设备，限期排除隐患；C错误，临时用电作业应办理临时用电作业许可证或临时用电安全作业票，由作业单位提出申请，报送配送电单位审批。故选D。
单选题,"[2023年][河南中安]一、单选题
1
标记
收藏

某大型康养连锁机构为减少老年人摔倒事件。运用海因里希法则对该机构历年来老年人摔倒事故数据进行了统计分析。统计分析报告中对海因里希法则的理解应用错误的是（    ）。",A.运营部通过关注小事故和未遂事件的根本原因，以防止发生更严重的事故|B.康养机构场所由于地砖光滑导致的摔伤，可以通过采取更换防滑砖来预防|C.通过减少老年人居室内未遂事件的数量降低重伤事故|D.每1次老人摔倒重伤事故，都对应29次老人摔倒轻伤事故和300次未遂事件|A.动态相关性原则和3E原则|B.整分合原则和能级原则|C.安全第一原则和动力原则|D.封闭原则和行为原则|A.能量意外释放理论|B.事故轨迹交叉理论|C.瑞士奶酪模型理论|D.事故频发倾向理论|A.蒸煮前班会属于专题安全教育培训|B.“三新“安全教育培训属于专题安全教育培训|C.加灸安全操作规程的专题考试属于日常安全教育培训|D.开展沿海气候条件影响炒药岗位风险培训属于专题安全教育培训|A.安全带伸展长度不应小于永久标识中明示的数值|B.连接器不应打开，零部件不应断裂|C.安全带使用的金属环类零件使用焊接件|D.系带不应出现明显不对称或滑移|A.车辆伤害|B.物体打击|C.机械伤害|D.高处坠落|A.井下爆破施工方案应包括炮孔布置图、警戒图、划定安全警戒范围等|B.用炮泥封堵炮孔应轻放轻撞药卷|C.PVC管严禁作为炮棍使用|D.放炮员应取得国家矿山安全监察局颁发的资格证书|A.对存在事故隐患的生产经营单位现场作出1万元行政处罚决定|B.执法人员在企业检查时出示执法证件|C.执法行为被企业起诉可由指定律师事务所的律师代理出庭应诉|D.执法人员参加统一培训考核合格后，即可从事执法|A.对王某等现场作业人员安全教育培训不到位，履职不到位|B.按照要求对起重机安装现场进行了安全管理，履职到位|C.明确告知起重机安装单位严重违章作业，责令停止作业，履职到位|D.违章制止未果后，通知监理人员，向单位领导汇报，履职到位|A.爆破工程技术人员不少于1人，爆破员不少于2人，安全员不少于2人，保管员不少于2人|B.具有安全评价合格的民用爆炸物品专用仓库|C.技术负责人具有工学学科范围中级及以上技术职称，有2年及以上爆破作业项目技术管理工作的经历|D.有爆破作业专用设备|A.新上岗的从业人员，岗前安全培训时间不得少于24学时|B.电力公司安全副总岗前培训时间不得少于24学时|C.岗位安全教育培训主要包括日常安全教育培训，定期安全考试和专题安全教育培训三个方面|D.采用新工艺，应当对有关从业人员重新进行有针对性的安全教育培训|A.安全设施和职业病防护设施不应随意拆除，挪用或弃置不用|B.检维修过程中应执行安全控制措施，检维修后应进行安全确认|C.同一作业区域内进行作业活动的两支队伍只需与业主方签订安全管理协议|D.企业应建立合格承包商、供应商等相关方的名录和档案|A.丁市人民政府|B.丙县人民政府|C.乙市人民政府|D.戊县人民政府|A.丙县人民政府|B.甲省人民政府|C.乙市人民政府|D.国务院|A.组织制定并实施本单位的安全生产教育和培训计划|B.组织开展危险源辨识和评估，组织本单位应急救援演练|C.组织制定并实施本单位安全生产规章制度和操作规程|D.保证本单位安全生产投入的有效实施|A.企业负责建立监测监控体系，政府负责监督|B.企业应向公安部门提交重大危险源安全评价报告|C.政府有关部门对构成重大危险源的企业实行分级管理|D.储存剧毒物质构成或重大危险源的场所，应设置监控系统|A.甲方应针对外来施工方实行门禁管理，并予以登记|B.进入施工现场人员应由乙方进行安全技术交底，并签字确认|C.乙方作业人员参加安全教育培训后方可办理准入手续|D.涉及定期检测的安全用具应经甲方检验合格后方可使用|A.184万元|B.368万元|C.575万元|D.736万元|A.皮肤癌|B.间皮癌|C.鼻癌|D.白血病|A.未做安全预评价，做了安全设施设计审查和安全设施竣工验收|B.试运行计划35天，实际试运行时间30天|C.安全设施设计审查同时提交乙丙两市安全生产监督管理部门|D.安全设施审核通过后，改变安全设施设计，不再提交审查|A.0.01853|B.0.02153|C.0.01812|D.0.02147|A.防火堤内2个6t的液氨储罐|B.存有10只乙炔气罐（每罐充装乙炔约6.5kg）的临时库房|C.最大可储存200t汽油的罐区，被防火堤分隔成2个存储能力相同的储罐|D.库区内2个库房分别存有500kg金属钾和5t金属钠|A.灭火行动组组长根据演练方案提出灭火设备能力是否充足属于提出问题|B.安全防护组防护员对演练情况进行简要汇总并进行点评属于注入信息|C.疏散引导组引导员讨论警戒和交通管制的范围和区域问题属于分析决策|D.医疗救护组代表讲解并演示胸外按压和人工呼吸操作要领属于表达结果|A.该动火安全作业票有效期不超过8小时|B.该动火作业应办理一级动火安全作业票|C.作业现场应使用防爆型摄录设备全程摄录|D.该动火作业期间应连续进行气体监测|A.酒精|B.硬木屑|C.盐酸|D.润滑脂|A.配备卫星电话属于通信与信息保障|B.购置冲锋舟属于物资装备保障|C.与当地派出所签订应急协议属于应急队伍保障|D.与当地医院签订协议属于其他保障,A,本题主要考查的是起重作业。做题思路：纯数据记忆题目，熟练掌握数据即可。 利用两台或多台起重机械吊运同一吊物时应保持同步，各台起重机械所承受的载荷不应超过各自额定起重能力的80%。50t×80%＝40t。故选A。
单选题,[2023年][河南中安]某化工厂按照规定为员工配备了劳动防护用品，包括安全帽，耐高温手套，防尘口罩，绝缘鞋，防静电工作服等，关于该企业劳动防护用品配备的说法，错误的是（    ）。,A.粉碎岗位应配备防尘口罩|B.仪表岗位应配备绝缘鞋|C.缩合岗位应配备防静电工作服|D.液相色谱分析岗位应配备耐高温手套,D,本题主要考查的是劳动防护用品配备。做题思路：掌握不同工作岗位需要的防护用品。 D错误，错在高温手套，液相色谱分析岗位应配备防腐蚀手套、防毒面罩和防护眼镜。故选D。
单选题,"[2023年][河南中安]一、单选题
33
标记
收藏

某公司一名员工驾驶叉车工作12年，未发生过事故，经原考核发证机构同意，该名员工特种作业证复审最长时间是（    ）。",A.1年1次|B.2年1次|C.6年1次|D.8年1次,C,本题主要考查的是特种作业证复审，属于高频考点。做题思路：纯数据记忆题目，熟练掌握数据即可。 特种作业操作证有效期为6年，在全国范围内有效。特种作业操作证由应急管理部统一式样、标准及编号。特种作业操作证每3年复审1次。特种作业人员在特种作业操作证有效期内，连续从事本工种10年以上，严格遵守有关安全生产法律法规的，经原考核发证机关或者从业所在地考核发证机关同意，特种作业操作证的复审时间可以延长至每6年1次。故选C。
单选题,[2023年][河南中安]王某是一家铜矿开采企业安全生产管理人员，李某是一家建筑施工企业安全生产管理人员，刘某是一家电力企业安全生产管理人员，陈某是一家机械制造企业的主要负责人，关于安全教育培训学时的说法，正确的是（    ）。,A.王某初次安全培训时间不得少于32学时|B.刘某每年再培训时间不得少于12学时|C.陈某初次安全培训时间不得少于24学时|D.李某每年再培训时间不得少于16学时,B,本题主要考查的是安全教育培训学时，属于高频考点。做题思路：纯数据记忆题目，熟练掌握数据即可。 培训时间：（1）煤矿、非煤矿山、危险化学品、烟花爆竹、金属冶炼等生产经营单位安全生产管理人员初次安全培训时间不得少于48学时，每年再培训时间不得少于16学时。（2）其他生产经营单位安全生产管理人员初次安全培训时间不得少于32学时，每年再培训时间不得少于12学时。故选B。
单选题,[2023年][河南中安]某冶金企业在有职业危害场所的醒目位置设置了职业病有害因素公告栏，内容有：①操作规程；②职业病危害事故应急救援措施；③职业病防治的规章制度；④可能产生的职业病危害及其后果；⑤作业场所职业病危害因素监测和评价结果；⑥职业病危害防护措施和待遇。根据有关规定，公告栏中必须公布的内容是（    ）。,A.①②③⑤|B.①②③⑥|C.①③④⑤|D.①③④⑥,A,本题主要考查的是职业病有害因素。做题思路：先掌握内容，再正确排序。 《中华人民共和国职业病防治法》第二十四条：产生职业病危害的用人单位，应当在醒目位置设置公告栏，公布有关职业病防治的规章制度、操作规程、职业病危害事故应急救援措施和工作场所职业病危害因素检测结果。故选A。
单选题,[2023年][河南中安]2015年，某钢铁公司实施球团生产线升级改造工程，脱硫脱硝项目为该工程的环保配套设施，于2016年该工程竣工投产，2021年以来，国内不同行业先后发生环保设施（装置）坍塌事故，为汲取事故教训，防止同类事故重复发生，该公司就脱硫脱硝项目采取了相应安全管理和安全技术措施，其中不属于防止事故发生的安全技术措施的是（    ）。,A.提高除尘器灰斗设计荷载|B.辨识脱硫脱硝装置异常情况下的安全风险|C.将灰斗“高料位“与脱硫灰外排系统自动联锁|D.对除尘器钢结构焊接部位进行无损检测并修复缺陷,B,本题主要考查的是脱硫脱硝的安全技术措施。做题思路：注意技术措施与管理措施的区别。ACD属于，B不属于，为管理措施。故选B。
单选题,[2023年][河南中安]某有色金属冶炼企业计划采用适用的安全评价方法对现有火法、湿法冶炼等工艺风险进行辨识评估，下列安全评估的做法中，不适用于预先危险分析方法的是（    ）。,A.对拟改建的火法冶炼自动浇注机进行安全预评价|B.对萃取分离等工序定量分析泄露后果和风险排查|C.对铝锭等成品自动转运机器人检修作业风险排查|D.对已建成的湿法冶金净化装置的风险梳理和排查,B,本题主要考查的是预先危险分析方法的使用性。做题思路：理解预先危险分析方法的特点及应用。 预先危险分析是进一步进行危险分析的先导，是一种宏观概略定性分析方法。预先危险分析适用于固有系统中采取新的方法，接触新的物料、设备和设施的危险性评价。该法一般在项目的发展初期使用。当只希望进行粗略的危险和潜在事故情况分析时，也可以用预先危险分析方法对已建成的装置进行分析。故选B。
单选题,[2023年][河南中安]为落实国务院安全生产工作“十五条硬措施”。某县应急管理局对辖区内企业开展安全生产检查，检查发现未落实“十五条硬措施”问题的是（    ）。,A.液化石油气罐装公司记录了安全生产教育培训情况|B.食醋加工企业建立了安全风险分级管理制度|C.使用燃气的餐饮企业安装了可燃气体报警装置|D.建设项目安全总监组织制定并实施了本单位安全生产管理制度,D,本题主要考查的是“十五条硬措施”。做题思路：牢牢掌握主要负责人的主要职责。 组织制定并实施本单位安全生产规章制度和操作规程是主要负责人的主要职责。故选D。
单选题,[2023年][河南中安]某化工企业拟定安全生产责任制、应急管理制度，安全生产费用提取和使用办法以及聚乙烯装置安全生产操作规程，通过企业的职能部门会签，经审核后签发，关于该企业安全生产规章制度及相关文件签发的说法，正确的是（    ）。,A.聚乙烯装置安全生产操作规程由总工程师签发|B.安全生产责任制由安全总监签发|C.应急管理制度由分管生产的负责人签发|D.安全生产费用提取和使用办法由分管财务的负责人签发,A,本题主要考查的是企业安全生产规章制度及相关文件签发，属于高频考点。做题思路：区分主要负责人和总工程师及分管领导的职责。 技术规程、安全操作规程等技术性较强的安全生产规章制度，一般由生产经营单位主管生产的领导或总工程师签发，涉及全局性的综合管理制度应由生产经营单位的主要负责人签发。故选A。
单选题,[2023年][河南中安]建立健全安全生产规章制度是生产经营单位的法定职责之一，关于安全生产规章制度编制程序的说法，错误的是（    ）。,A.涉及全局性的综合管理类安全规章制度应由生产经营单位主管安全生产的领导签发|B.根据生产经营单位安全生产责任制的编制规则，由负有安全生产管理职能的部门负责起草|C.责任部门起草的规章制度草案，应通过正式渠道征求有关部门或员工的意见和建议|D.新修订的安全规章制度应组织相关人员进行培训，对安全操作规程类制度，还应进行考试,A,本题主要考查的是安全生产规章制度编制程序，属于高频考点。做题思路：制定不同规章制度对应的部门要注意区分。 A错误，错在综合管理类应由主要负责人签发。技术规程、安全操作规程等技术性较强的安全生产规章制度，一般由生产经营单位主管生产的领导或总工程师签发，涉及全局性的综合管理制度应由生产经营单位的主要负责人签发；B正确，根据生产经营单位安全生产责任制，由负责安全生产管理部门或相关职能部门负责起草。起草前应对目的、适用范围、主管部门、解释部门及实施日期等给予明确，同时还应做好相关资料的准备和收集工作。规章制度的编制，应做到目的明确、条理清楚、结构严谨、用词准确、文字简明、标点符号正确；C正确，起草的规章制度，应通过正式渠道征得相关职能部门或员工的意见和建议，以利于规章制度颁布后的贯彻落实。当意见不能取得一致时，应由分管领导组织讨论，统一认识，达成一致；D正确，新颁布的安全生产规章制度、修订的安全生产规章制度，应组织进行培训，安全操作规程类规章制度还应组织相关人员进行考试。故选A。
单选题,[2023年][河南中安]某企业按照安全系统工程和人机工程原理编制了4类安全生产规章制度，属于综合安全管理制度的是（    ）。,A.安全教育培训制度|B.安全操作规程|C.安全设施和费用管理制度|D.安全标志管理制度,C,本题主要考查的是安全生产规章制度的对应关系，属于高频考点。做题思路：深刻理解4类安全生产规章制度及所属的规章制度。 C属于，A不属于，安全教育培训制度属于人员安全管理制度；B不属于，安全操作规程属于设备设施安全管理制度；C属于，安全设施和费用管理制度属于综合安全管理制度；D不属于，安全标志管理制度属于环境安全管理制度。故选C。
单选题,"[2023年][河南中安]一、单选题
42
标记
收藏

某厂氧化铝焙烧车间的一名电工调整至磨碎车间综合班的电工岗位，负责该电工调整后的安全教育培训工作的是（    ）。",A.磨碎车间|B.厂安全生产管理部门|C.综合班|D.特种作业培训机构,A,本题主要考查的是企业安全教育培训的三级培训，属于高频考点。做题思路：深刻理解三级培训的内容。 人员调整工作岗位后，由于岗位工作特点、要求不同，应重新进行新岗位安全教育培训，并经考试合格后方可上岗作业。由于工作需要或其他原因离开岗位后，重新上岗作业应重新进行安全教育培训，经考试合格后，方可上岗作业。由于工作性质不同，离开岗位时间可按照行业规定或生产经营单位自行规定，行业规定或生产经营单位自行规定的离开岗位时间应高于国家规定。原则上，作业岗位安全风险较大，技能要求较高的岗位，时间间隔应短一些。例如，电力行业规定为3个月。调整工作岗位和离岗后重新上岗的安全教育培训工作，原则上应由车间级组织。故选A。
单选题,[2023年][河南中安]根据年度检查计划，某建筑工地项目经理李某组织安全部、工程部、物资部等相关人员进行劳动防护用品专项检查，对检查中发现的问题限期整改，下面错误的是（    ）。,A.焊工佩戴墨镜焊接作业，应缩短作业时间|B.卫生清扫人员佩戴超过有效使用期的新安全帽，应立即更换|C.公用的便携式煤气报警仪应由班组统一保管|D.电工班组绝缘手套已到有效使用期、应强制报废,A,本题主要考查的是劳动防护用品专项检查及整改。做题思路：多结合实际情况，对选项中的某些字眼要敏感。 根据《用人单位劳动防护用品管理规范》，BD正确，安全帽、呼吸器、绝缘手套等安全性能要求高、易损耗的劳动防护用品，应当按照有效防护功能最低指标和有效使用期，到期强制报废；C正确，公用的劳动防护用品应当由车间或班组统一保管，定期维护；A错误，错在佩戴墨镜，应佩戴护目镜。故选A。
单选题,[2023年][河南中安]乙公司是甲集团公司下属的建筑安装股份公司，关于乙公司的安全生产费用提取使用的说法，错误的是（    ）。,A.乙公司编制了年度安全生产费用提取和使用计划，并纳入财务预算|B.甲集团公司可以对乙公司提取的企业安全生产费用按照一定比例集中管理统筹使用|C.乙公司终止经营，结余的安全生产费用应按股东的出资比例返还|D.乙公司从业人员发现报告事故隐患的奖励从企业安全生产费用中支出,C,本题主要考查的是安全生产费用提取使用，属于高频考点。做题思路：深刻理解安全生产费用的作用。 A正确，企业应当加强安全生产费用管理，编制年度企业安全生产费用提取和使用计划，纳入企业财务预算，确保资金投入；B正确，企业提取的安全生产费用属于企业自提自用资金，除集团总部按规定统筹使用外，任何单位和个人不得采取收取、代管等形式对其进行集中管理和使用。法律、行政法规另有规定的，从其规定；C错误，错在结余的安全生产费用的使用，企业调整业务、终止经营或者依法清算的，其结余的企业安全生产费用应当结转本期收益或者清算收益；D正确，从业人员发现报告事故隐患的奖励支出属于安全生产费用的使用范围。故选C。
单选题,[2023年][河南中安]某建设项目在设备装置安装工程阶段，共有32台设备需要吊装，设备重量分布情况：100t以上的设备5台，50t～100t的设备10台，40t～50t的设备7台，30t～40t的设备5台，30t以下的设备5台，关于该吊装作业许可要求的说法，正确的是（    ）。,A.有5台设备的吊装为三级吊装作业|B.遇有四级风力时，禁止室外吊装作业|C.32台设备的吊装均应制定吊装方案|D.吊装50t～100t的设备需要业主设备管理部门审批,D,本题主要考查的是吊装作业，属于高频考点。做题思路：吊装作业相关的数据要牢牢掌握。 A错误，错在三级吊装作业的数量。三级吊装作业：m＜40t；B错误，错在风力级别，大雪、暴雨、大雾及六级以上大风时，不应露天作业；C错误，错在制定吊装方案的数量，一、二级吊装作业，应编制吊装作业方案。吊装物体质量虽不足40t，但形状复杂、刚度小、长径比大、精密贵重，以及在作业条件特殊的情况下，三级吊装作业也应编制吊装作业方案；吊装作业方案应经审批；D正确，二级、三级吊装作业许可证，由作业单位申请办理，设备管理部门负责审批。故选D。
单选题,"[2023年][河南中安]一、单选题
46
标记
收藏

根据《企业安全生产标准化基本规范》（GB/T33000），二级要素预测预警属于一级要素的（    ）。",A.安全风险管控|B.目标职责|C.应急管理|D.现场管理,A,本题主要考查的是二级要素预测预警。做题思路：掌握两个一级要素即可。 二级要素预测预警属于一级要素的安全风险管控及隐患排查治理。故选A。
单选题,[2023年][河南中安]某化工企业在生产过程中涉及多种有毒有害原料，中间体及产品，下列职业危害防护和管理措施中，错误的是（    ）。,A.在醒目位置公布有关职业病防治的规章制度|B.专人负责职业病危害因素日常检测|C.接触氯气的员工一年进行一次职业健康体检|D.有毒作业区域须设置黄色区域警示线,D,本题主要考查的是职业危害防护和管理。做题思路：对作业区域的管理措施要尽量熟悉。 A正确，企业应按照有关规定，在醒目位置设置公告栏，公布有关职业病防治的规章制度、操作规程、职业病危害事故应急救援措施和工作场所职业病危害因素检测结果；B正确，作业环境职业病危害因素检测管理的主要管理工作内容包括：设专人负责职业病危害因素日常检测；按规定定期对作业场所职业病危害因素进行检测与评价；检测、评价的结果存入生产经营单位的职业卫生档案；C正确，接触氯气的员工健康检查周期为一年；D错误，错在说的太绝对。使用一般有毒物品作业场所，应设置黄色区域警示线、警示标识和中文警示说明，高毒物品场所设置红色区域警戒线。故选D。
单选题,[2023年][河南中安]某化工企业在生产过程中使用锅炉、压力容器、压力管道以及起重机械等设备，下列设备中，属于承压类特种设备的是（    ）。,A.最高工作压力为0.14MPa（表压），容积为20L的移动式容器|B.最高工作压力为0.1MPa（表压），公称直径为20㎜为氧气管道|C.出口水压为0.2MPa（表压），额定功率为0.2MW的承压热水锅炉|D.额定起重量为2t，提升高度为3m的起重机,C,本题主要考查的是承压类特种设备，属于高频考点。做题思路：纯数据记忆题目，熟练掌握数据即可。 A错误，错在容积不够，压力容器，是指盛装气体或者液体，承载一定压力的密闭设备，其范围规定为最高工作压力大于或者等于0.1MPa（表压）的气体、液化气体和最高工作温度高于或者等于标准沸点的液体、容积大于或者等于30L且内直径（非圆形截面指截面内边界最大几何尺寸）大于或者等于150㎜的固定式容器和移动式容器；B错误，错在直径不足。压力管道，是指利用一定的压力，用于输送气体或者液体的管状设备，其范围规定为最高工作压力大于或者等于0.1MPa（表压），介质为气体、液化气体、蒸汽或者可燃、易爆、有毒、有腐蚀性、最高工作温度高于或者等于标准沸点的液体，且公称直径大于或者等于50㎜的管道。公称直径小于150㎜，且其最高工作压力小于1.6MPa（表压）的输送无毒、不可燃、无腐蚀性气体的管道和设备本体所属管道除外；C正确，锅炉，是指利用各种燃料、电或者其他能源，将所盛装的液体加热到一定的参数，并通过对外输出介质的形式提供热能的设备，其范围规定为设计正常水位容积大于或者等于30L，且额定蒸汽压力大于或者等于0.1MPa（表压）的承压蒸汽锅炉；出口水压大于或者等于0.1MPa（表压），且额定功率大于或者等于0.1MW的承压热水锅炉；额定功率大于或者等于0.1MW的有机热载体锅炉；D错误，错在不属于承压类，起重机属于机电类特种设备。故选C。
单选题,[2023年][河南中安]某省某年共发生生产安全事故156起，死亡199人，按行业领域划分，事故占比较高的为交通运输行业58起，死亡60人，危险化学品行业20起，死亡35人；煤矿行业15起，死亡39人；建筑行业12起，死亡17人，关于该省事故统计的说法，错误的是（    ）。,A.煤炭开采量为3.5亿t，则煤炭百万吨死亡率为0.111|B.该省统计人口为4500万人，事故千人死亡率为0.004|C.宜采取排列图法表明事故发生的异常情况|D.宜采用饼图法反映不同行业事故起数占比,C,本题主要考查的是事故统计，属于高频考点。做题思路：计算公式要掌握，图形的作用要熟悉。 A正确，煤炭百万吨死亡率＝[39/（3.5×108）]×106＝0.111；B正确，事故千人死亡率＝[199/（4500×104）]×103＝0.004；C错误，排列图也称主次图，是直方图与折线图的结合。直方图用来表示属于某项目的各分类的频次，而折线点则表示各分类的累积相对频次，控制图可以及时察觉伤亡事故发生的异常情况；D正确，饼图可以形象地反映不同分类项目所占的百分比。故选C。
单选题,[2023年][河南中安]某制冷企业对使用的有关设备进行风险辨识和危险源归类，根据第一、第二类危险源的定义，属于第二类危险源的是（    ）。,A.高速旋转的压缩机|B.15t的液氨储罐|C.水压0.6MPa的高压管|D.腐蚀受损的安全阀,D,本题主要考查的是第一、第二类危险源，属于高频考点。做题思路：计算公式要掌握，图形的作用要熟悉。 第二类危险源：导致能量或危险物质约束或限制措施破坏或失效的各种因素。决定了事故发生的可能性；是控制重点。广义上包括物的故障、人的失误、环境不良以及管理缺陷等因素。故选D。
单选题,[2023年][河南中安]某集团公司年底在组织安全技术措施计划审核工作中，对下属单位上报的“反事故”措施计划进行审核，属于安全技术措施计划内容的是（    ）。,A.落实《安全生产法》要求，制定完善全员安全生产责任制|B.根据现场作业环境特点，确定职业病危害的强度标准|C.根据企业事故专项预案，制定突发事件应对现场处置卡|D.针对不同岗位，制定安全员危险辨识及风险控制卡,D,本题主要考查的是安全技术措施。做题思路：熟悉安全技术措施内容，会区分技术措施及其他措施。 安全技术措施计划是生产经营单位生产财务计划的一个组成部分，是改善生产经营单位生产条件，有效防止事故和职业病的重要保证制度。安全技术措施计划的项目范围包括改善劳动条件、防止事故、预防职业病、提高职工安全素质等技术措施。题干中“反事故”措施计划，属于防止事故，D选项，制定安全员危险辨识及风险控制卡，属于防止事故的技术措施，A选项倾向于提高职工安全素质，B选项是预防职业病，C选项是事后的处置，不属于防止事故。故选D。
单选题,[2023年][河南中安]某沿海燃煤发电企业，使用卸船将海运煤利用输煤皮带送至煤场，煤场有两台年轮机，燃煤破碎磨成煤粉后进入锅炉燃烧，产生的高温高压蒸汽经管道进入汽轮发电机，再次生产过程中同时还要使用到手动葫芦，电动葫芦，卷扬机，叉车、电梯等设备，其中属于特种设备的是（    ）。,A.锅炉、高温高压管道，叉车、电梯|B.卸煤机，斗轮机，卷扬机|C.锅炉、高温高压管道，电动葫芦，叉车|D.手动葫芦、卷扬机、叉车、电梯,A,本题主要考查的是特种设备的判定，属于高频考点。做题思路：特种设备的定义必须牢牢掌握。 本题中电动葫芦、手动葫芦、卷扬机不属于特种设备。故选A。
单选题,"[2023年][河南中安]一、单选题
1
标记
收藏

某大型康养连锁机构为减少老年人摔倒事件。运用海因里希法则对该机构历年来老年人摔倒事故数据进行了统计分析。统计分析报告中对海因里希法则的理解应用错误的是（    ）。",A.运营部通过关注小事故和未遂事件的根本原因，以防止发生更严重的事故|B.康养机构场所由于地砖光滑导致的摔伤，可以通过采取更换防滑砖来预防|C.通过减少老年人居室内未遂事件的数量降低重伤事故|D.每1次老人摔倒重伤事故，都对应29次老人摔倒轻伤事故和300次未遂事件|A.动态相关性原则和3E原则|B.整分合原则和能级原则|C.安全第一原则和动力原则|D.封闭原则和行为原则|A.能量意外释放理论|B.事故轨迹交叉理论|C.瑞士奶酪模型理论|D.事故频发倾向理论|A.蒸煮前班会属于专题安全教育培训|B.“三新“安全教育培训属于专题安全教育培训|C.加灸安全操作规程的专题考试属于日常安全教育培训|D.开展沿海气候条件影响炒药岗位风险培训属于专题安全教育培训|A.安全带伸展长度不应小于永久标识中明示的数值|B.连接器不应打开，零部件不应断裂|C.安全带使用的金属环类零件使用焊接件|D.系带不应出现明显不对称或滑移|A.车辆伤害|B.物体打击|C.机械伤害|D.高处坠落|A.井下爆破施工方案应包括炮孔布置图、警戒图、划定安全警戒范围等|B.用炮泥封堵炮孔应轻放轻撞药卷|C.PVC管严禁作为炮棍使用|D.放炮员应取得国家矿山安全监察局颁发的资格证书|A.对存在事故隐患的生产经营单位现场作出1万元行政处罚决定|B.执法人员在企业检查时出示执法证件|C.执法行为被企业起诉可由指定律师事务所的律师代理出庭应诉|D.执法人员参加统一培训考核合格后，即可从事执法|A.对王某等现场作业人员安全教育培训不到位，履职不到位|B.按照要求对起重机安装现场进行了安全管理，履职到位|C.明确告知起重机安装单位严重违章作业，责令停止作业，履职到位|D.违章制止未果后，通知监理人员，向单位领导汇报，履职到位|A.爆破工程技术人员不少于1人，爆破员不少于2人，安全员不少于2人，保管员不少于2人|B.具有安全评价合格的民用爆炸物品专用仓库|C.技术负责人具有工学学科范围中级及以上技术职称，有2年及以上爆破作业项目技术管理工作的经历|D.有爆破作业专用设备|A.新上岗的从业人员，岗前安全培训时间不得少于24学时|B.电力公司安全副总岗前培训时间不得少于24学时|C.岗位安全教育培训主要包括日常安全教育培训，定期安全考试和专题安全教育培训三个方面|D.采用新工艺，应当对有关从业人员重新进行有针对性的安全教育培训|A.安全设施和职业病防护设施不应随意拆除，挪用或弃置不用|B.检维修过程中应执行安全控制措施，检维修后应进行安全确认|C.同一作业区域内进行作业活动的两支队伍只需与业主方签订安全管理协议|D.企业应建立合格承包商、供应商等相关方的名录和档案|A.丁市人民政府|B.丙县人民政府|C.乙市人民政府|D.戊县人民政府|A.丙县人民政府|B.甲省人民政府|C.乙市人民政府|D.国务院|A.组织制定并实施本单位的安全生产教育和培训计划|B.组织开展危险源辨识和评估，组织本单位应急救援演练|C.组织制定并实施本单位安全生产规章制度和操作规程|D.保证本单位安全生产投入的有效实施|A.企业负责建立监测监控体系，政府负责监督|B.企业应向公安部门提交重大危险源安全评价报告|C.政府有关部门对构成重大危险源的企业实行分级管理|D.储存剧毒物质构成或重大危险源的场所，应设置监控系统|A.甲方应针对外来施工方实行门禁管理，并予以登记|B.进入施工现场人员应由乙方进行安全技术交底，并签字确认|C.乙方作业人员参加安全教育培训后方可办理准入手续|D.涉及定期检测的安全用具应经甲方检验合格后方可使用|A.184万元|B.368万元|C.575万元|D.736万元|A.皮肤癌|B.间皮癌|C.鼻癌|D.白血病|A.未做安全预评价，做了安全设施设计审查和安全设施竣工验收|B.试运行计划35天，实际试运行时间30天|C.安全设施设计审查同时提交乙丙两市安全生产监督管理部门|D.安全设施审核通过后，改变安全设施设计，不再提交审查|A.0.01853|B.0.02153|C.0.01812|D.0.02147|A.防火堤内2个6t的液氨储罐|B.存有10只乙炔气罐（每罐充装乙炔约6.5kg）的临时库房|C.最大可储存200t汽油的罐区，被防火堤分隔成2个存储能力相同的储罐|D.库区内2个库房分别存有500kg金属钾和5t金属钠|A.灭火行动组组长根据演练方案提出灭火设备能力是否充足属于提出问题|B.安全防护组防护员对演练情况进行简要汇总并进行点评属于注入信息|C.疏散引导组引导员讨论警戒和交通管制的范围和区域问题属于分析决策|D.医疗救护组代表讲解并演示胸外按压和人工呼吸操作要领属于表达结果|A.该动火安全作业票有效期不超过8小时|B.该动火作业应办理一级动火安全作业票|C.作业现场应使用防爆型摄录设备全程摄录|D.该动火作业期间应连续进行气体监测|A.酒精|B.硬木屑|C.盐酸|D.润滑脂|A.配备卫星电话属于通信与信息保障|B.购置冲锋舟属于物资装备保障|C.与当地派出所签订应急协议属于应急队伍保障|D.与当地医院签订协议属于其他保障,A,本题主要考查的是个人防护用品，属于高频考点。做题思路：特殊工作与防护用品的对应关系要熟悉。 A正确，听力防护用品指能够防止过量的声能侵入外耳道，使人耳避免噪声的过度刺激，减少听力损失，预防由噪声对人身引起的不良影响的个体防护装备，如耳塞、耳罩等。根据《职业病分类和目录》中列出的13类法定尘肺病，其中电焊工尘肺病属于其中一种，故甲需要佩戴防毒面具。从事电焊作业也需要佩戴护目镜及绝缘鞋。故选A。
单选题,[2023年][河南中安]某设备制造企业开展安全生产标准化建设，按照工作流程开展策划准备制定目标，教育培训，现状梳理，管理文件制度修订，实施运行及整改，企业自评，评审申请，现场评审等各阶段的工作，关于企业安全生产标准化建设及评审的做法错误的是（    ）。,A.策划准备阶段，成立领导小组，主要负责人担任组长|B.管理文件制度修订环节，各部门按照分工对相关文件进行修订并审核|C.现状梳理阶段，对发现的问题及时整改并验收|D.评审申请阶段，企业根据自评结果确定拟申请等级,B,本题主要考查的是企业安全生产标准化建设及评审。做题思路：企业安全生产标准化建设具体流程熟悉即可。 安全生产标准化对安全管理制度、操作规程等要求，核心在其内容的符合性和有效性，而不是对其名称和格式的要求。企业要对照评定标准，对主要安全管理文件进行梳理，结合现状摸底所发现的问题，准确判断管理文件亟待加强和改进的薄弱环节，提出有关文件的制修订计划；以各部门为主，自行对相关文件进行制修订，由标准化执行小组对管理文件进行把关。故选B。
单选题,[2023年][河南中安]某服装加工企业发生一起火灾事故，造成2人死亡，4人重伤，厂房，设备设施烧毁，善后共发生死者丧葬费用240万元，伤者医疗费用40万元，停产损失60万元，固定资产价值损失700万元，处理环境污染费用10万元，该企业事故直接经济损失是（    ）。,A.280万元|B.340万元|C.1050万元|D.980万元,D,本题主要考查的是事故直接经济损失，属于高频考点。做题思路：直接经济损失与间接经济损失一定要区分开。 直接经济损失的统计范围：（1）人身伤亡后所支出的费用，包括医疗费用（含护理费用）。丧葬及抚恤费用、补助及救济费用、歇工工资。（2）善后处理费用，包括处理事故的事务性费用、现场抢费用、清理现场费用事故罚款和赔偿费用。（3）财产损失价值，包括固定资产损失价值、流动资产损失价值。240＋40＋700＝980万。故选D。
单选题,[2023年][河南中安]某石油化工企业安全生产部门组织各部门开展“安全生产大讨论”活动，各部门员工提出了下列关于危险有害因素辨识和风险控制的观点，其中错误的是（    ）。,A.采购部门可以组织企业代表赴制造现场监督重要设备|B.炼油缓解各类操作规程应由现场操作人员参与编写和修订|C.残余风险即为政府和企业的可接受风险|D.企业特殊作业许可应当执行一事一批,C,本题主要考查的是危险有害因素辨识和风险控制。做题思路：深刻理解有害因素辨识和风险控制的具体流程。 C错误，错在概念不清楚。企业应选用合适的风险评估方法对所辨识出的危害实施风险评估，确定残余风险是否可以达到政府、企业的相关风险可接受标准要求。故选C。
单选题,[2023年][河南中安]某新成立的工程机械制造公司在取得相关手续后，当年开工建设，两年后投入使用。关于该企业安全设施“三同时”竣工验收的说法，正确的是（    ）。,A.该公司组织对安全设施进行竣工验收，并形成书面报告备查|B.该公司组织对安全设施进行竣工验收，应将验收报告提交县应急管理部门审查|C.该公司组织对安全设施进行竣工验收，应将验收报告提交市应急管理部门审查|D.所在地应急管理部门组织第三方进行竣工验收，并组织专家审查,A,本题主要考查的是安全设施“三同时“竣工验收，属于高频考点。做题思路：安全设施进行竣工验收的验收报告及审查要熟悉。 BCD错误，错在安全设施进行竣工验收合格后形成书面报告备查即可。建设项目竣工投入生产或者使用前，生产经营单位应当组织对安全设施进行竣工验收，并形成书面报告备查。安全设施竣工验收合格后，方可投入生产和使用。故选A。
单选题,[2023年][河南中安]生产性毒物可能对劳动者的健康产生危害，关于生产性毒物产生危害的说法，正确的是（    ）,A.电镀铬雾为液态凝聚性气溶胶|B.氯气属于蒸气形态的生产性毒物|C.生产性粉尘为固态凝聚性气溶胶|D.生产性毒物能够以气态、蒸气、气溶胶的形态存在,D,本题主要考查的是性毒物产生的危害。做题思路：见表格。 A错误，错在凝聚性；B错误，错在蒸气形态；C错误，错在凝聚性。D正确，生产性毒物能够以气态、蒸气、气溶胶的形态存在。故选D。
单选题,[2023年][河南中安]某化工企业办理动火作业许可后，对工艺管线外壁进行焊接作业，因天气被中断，两个小时后准备恢复作业。在动火作业时，应重新进行气体分析采样点与动火点之间的最大距离是（    ）。,A.5m|B.10m|C.15m|D.20m,B,本题主要考查的是气体分析采样点与动火点之间的最大距离。做题思路：纯数据记忆题目，熟练掌握数据即可。 在管道、储罐、塔器等设备外壁上动火，应在动火点10m范围内进行气体分析，同时还应检测设备内气体含量；在设备及管道外环境动火，应在动火点10m范围内进行气体分析。故选B。
单选题,[2023年][河南中安]某企业新购两台锅炉，组织相关人员制定了锅炉安全操作规程，不属于锅炉安全操作规程内容的是（    ）。,A.锅炉出现超温，超压下的处置内容|B.操作锅炉时应用的劳保用品种类及穿戴要求|C.锅炉的设计、制造相关资料及使用说明书|D.锅炉火焰监测仪器故障时的处置,C,本题主要考查的是锅炉安全操作规程。做题思路：深刻理解锅炉的运行及操作。 安全操作规程的内容：1）操作前的准备，包括操作前做哪些检查，机器设备和环境应当处于什么状态，应做哪些调整，准备哪些工具等。（机械本身+环境条件）2）劳动防护用品的穿戴要求。应该和禁止穿戴的防护用品种类，以及如何穿戴等。（人的防护要求）3）操作的先后顺序、方式。4）操作过程中机器设备的状态，如手柄、开关所处的位置等。5）操作过程需要进行哪些测试和调整，如何进行。6）操作人员所处的位置和操作时的规范姿势。7）操作过程中有哪些必须禁止的行为。8）一些特殊要求。9）异常情况如何处理。10）其他要求。ABD属于，C不属于，安全操作规程的10条不包含C选项。故选C。
单选题,[2023年][河南中安]2023年职业病防治法宣传周主题是（    ）。,A.改善工作环境条件，保护劳动者身心健康|B.加强健康监护。提高防治水平|C.远离职业危害，落实职防责任|D.熟知职业危害后果，提高个体防护能力,A,本题主要考查的是职业病防治法宣传周主题。做题思路：多了解安全周及宣传周等主题内容。2023年4月25日至5月1日是第21个《职业病防治法》宣传周。今年的活动主题是“改善工作环境和条件，保护劳动者身心健康”。故选A。
单选题,[2023年][河南中安]某企业使用数控车床加工钢质零件，制定了相应的安全操作流程，为适应市场需要，企业将该数控车床用于加工镁合金零件，关于数控车床安全的说法错误的是（    ）。,A.加工零件的材质发生改变需修订安全操作规程|B.安全操作规程可采取流程化图表化的形式|C.安全操作规程应经过审批发布后严格执行|D.安全操作规程格式应采用全式,D,本题主要考查的是数控车床安全操作规程。做题思路：安全操作规程几乎是通用的，我们熟悉整体流程即可。 安全操作规程的撰写，安全操作规程的格式一般可分为全式和简式。1）全式一般由总则或适用范围、引用标准、名词说明、操作安全要求构成，通常用于范围较广的规程，如行业性的规程。2）简式的内容一般由操作安全要求构成，针对性强，企业内部制定安全操作规程通常采用简式，规程的文字应简明。D错误，错在应采用全式。故选D。
单选题,[2023年][河南中安]某新建化工企业建设项目完工后，按照规定应该对安全设施进行验收，以便发现问题并及时整改，组织安全设施验收的单位是（    ）。,A.建设施工单位|B.新建化工企业|C.安全评估机构|D.监理单位,B,本题主要考查的是安全设施验收单位，属于高频考点。做题思路：组织验收的一般就是甲方（谁花钱谁组织验收）。 对于非煤矿山建设项目，生产、储存危险化学品(包括使用长输管道输送危险化学品)的建设项目，生产、储存烟花爆竹的建设项目，金属冶炼建设项目，使用危险化学品从事生产并且使用量达到规定数量的化工建设项目(属于危险化学品生产的除外)，以及法律、行政法规和国务院规定的其他建设项目，建设项目安全设施竣工或者试运行完成后，生产经营单位应当委托具有相应资质的安全评价机构对安全设施进行验收评价，并编制建设项目安全验收评价报告。建设项目竣工投入生产或者使用前，生产经营单位应当组织对安全设施进行竣工验收，并形成书面报告备查。安全设施竣工验收合格后，方可投人生产和使用。故选B。
单选题,[2023年][河南中安]某铝粉制造企业在安全生产隐患排查工作中，发现加工厂房设计建设为戊类，实际按乙类使用，导致泄爆面积不足，同时车间内除尘系统管道较长未按规定进行清查，内部的粉尘聚集严重，关于该企业的隐患排查的表述，正确的是（    ）。,A.该企业是事故隐患排查，治理和防控的责任主体，应当建立从安全管理人员到基层的每位员工的隐患排查的防控责任制|B.该企业在开展隐患排查时，其范围应包含除承包方，承租方等相关方以外的所有与生产经营相关的场所、人员、设备设施和活动|C.车间除尘管道长时间未清理属于一般事故隐患，只需要企业生产管理人员立即组织整改即可，无需纳入季度隐患排查治理统计中。|D.厂房设计不符合使用要求属于重大事故隐患，该企业主要负责人应立即组织制定并实施隐患治理方案，并及时向负有安全监管责任的部门报告,D,本题主要考查的是隐患排查。做题思路：分清楚一般事故隐患和重大事故隐患。 A错误，错在从安全管理人员。生产经营单位是事故隐患排查、治理和防控的责任主体。生产经营单位应当建立、健全事故隐患排查治理和建档监控等制度，逐级建立并落实从主要负责人到每个从业人员的隐患排查治理和监控责任制；B错误，错在隐患排查的范围。生产经营单位将生产经营项目、场所、设备发包、出租的，应当与承包、承租单位签订安全生产管理协议，并在协议中明确各方对事故隐患排查、治理和防控的管理职责；C错误，错在说的太绝对，生产经营单位应当每季、每年对本单位事故隐患排查治理情况进行统计分析，并分别于下一季度15日前和下一年1月31日前向安全监管监察部门和有关部门报送书面统计分析表；D正确，对于重大事故隐患，由生产经营单位主要负责人组织制定并实施事故隐患治理方案，还应当及时向安全监管监察部门和有关部门报告。故选D。
单选题,[2023年][河南中安]操作人员所处的位置和操作时的规范姿势是安全操作课程内容之一，关于操作放置和操作姿势的说法，正确的是（    ）。,A.10KV电气设备不停电时作业安全距离为0.5m|B.冲洗压力容器水位计时，应站在水位计的正面|C.拆除压力螺栓作业时，人员应该站在下风口方向|D.人员应该在转动机械的轴向方向,D,本题主要考查的是安全操作。做题思路：考的是做法，只要优于规范要求的底线即可。 A错误，错在应不小于0.7m；B错误，错在冲洗压力容器水位计时，应站在水位计的侧面，打开阀门时应缓慢小心；C错误，错在拆除压力螺栓作业时，人员应该站在上风口方向；D正确，《电业安全工作规程》中明确规定，在转动机械试运行启动时，操作人员应手扶事故按钮，站在转机的轴向位置。故选D。
单选题,[2023年][河南中安]某地下云母矿当月开采了矿石为5000t，根据《企业安全生产费用提取和使用办法》（财资〔2022〕136号），该企业在当月月末提取的安全生产费为（    ）。,A.25000元|B.40000元|C.20000元|D.10000元,B,本题主要考查的是安全生产费的提取，属于高频考点。做题思路：不同企业的安全生产费用标准要熟悉，计算要准确。 云母是非金属矿，非金属矿山企业安全生产费用标准为露天矿山每吨3元，地下矿山每吨8元；5000t×8＝40000元。故选B。
单选题,[2023年][河南中安]某液氯生产企业拟在某省甲市乙县投资新建一小型液氯生产厂，根据《危险化学品建设项目安全监督管理办法》（国家安全监管总局第45号），关于该企业新建液氯生产厂安全条件审查和安全设施设计审查的说法正确的是（    ）。,A.安全设施设计由甲市安全生产监督管理部门负责安全审查|B.在建设项目初步设计开始时，应申请项目安全设施设计审查|C.安全设施设计单位应具有石油化工医药行业相应资质|D.安全设施设计申请应包括建设单位的运营资质证明,C,本题主要考查的是安全条件审查和安全设施设计审查。做题思路：本题超纲，简单了解即可。 《危险化学品建设项目安全监督管理办法》第七条：建设项目的设计、施工、监理单位和安全评价机构应当具备相应的资质，并对其工作成果负责。涉及重点监管危险化工工艺、重点监管危险化学品或者危险化学品重大危险源的建设项目，应当由具有石油化工医药行业相应资质的设计单位设计。安全设施设计单位应具有石油化工医药行业相应资质。故选C。
单选题,[2023年][河南中安]位于甲县的某生产制造企业在吊装作业过程中发生一起吊物打击伤亡事故。造成1人死亡、2人重伤。事故发生后，甲县人民政府委托县应急管理部进行事故调查，事故调查组聘请专家乙参加调查。关于事故调查的说法，正确的是（    ）,A.事故调查组组长由甲县应急管理局指定|B.调查取证时，行政执法人员的人数不得少于2人|C.事故类型属于物体打击事故|D.乙可以负责调查取证工作,B,本题主要考查的是事故调查，属于高频考点。做题思路：掌握整个事故调查的流程。 A错误，错在由甲县应急管理局指定，事故调查组组长由负责事故调查的人民政府指定。由政府授权有关部门组织事故调查组进行事故调查的，其事故调查组组长可以由有关人民政府指定，也可以由授权组织事故调查组的有关部门指定；C错误，错在属于起重伤害；D错误，错在有执法权才可以进行调查取证。故选B。
单选题,[2023年][河南中安]某高处动火作业引发火灾，经调查，导致事故发生的直接原因是无证人员违规施焊。未采取可靠的接火措施，该动火作业可靠的接火措施是（    ）。,A.铺设篷布|B.铺设绝缘垫木|C.铺设灭火毯|D.铺设聚氨酯保温板,C,本题主要考查的是动火作业可靠的接火措施。做题思路：了解相应材料的燃烧性能即可。 C正确，ABD错误，错在均可燃烧。故选C。
单选题,[2023年][河南中安]某电解铝厂变电所由整流所、13.8kv配电室等组成，该变电所配备有绝缘手套、绝缘靴、绝缘杆等电气安全防护用品，关于绝缘手套的维护、更换及检验的说法，错误的是（    ）,A.手套应存放在专用箱内，存放环境温度宜为10℃～21℃之间|B.将检验不合格的3级绝缘手套更换为2级绝缘手套|C.禁止手套与油、酸、碱或其他有害物接触|D.应定期进行检验，周期为6个月,B,本题主要考查的是绝缘手套的维护、更换及检验。做题思路：本题主要是对于数据的考察。 B错误，1级适用于3kV及以下电压，2级适用于10kV及以下电压，3级适用于20kV及以下电压，4级适用于35kV及以下电压。故选B。
多选题,[2023年][河南中安]甲化工厂三车间制气釜事故检修过程中，发现下列情况：①未对制气釜内气态物料进行退料、隔离和置换；②进入制气釜作业前未进行气体分析；③作业前未办理受限空间作业票；④作业过程中，监护人员临时离开；⑤固定动火点作业现场未设置警戒线。根据《化工和危险化学品生产经营单位重大生产安全事故隐患判定标准（试行）》。属于重大事故隐患的有（    ）。,A.①|B.②|C.⑤|D.③ E ④,BD,本题主要考查的是重大事故隐患判定。做题思路：本题难度较大，需要一定记忆和理解。 化工和危险化学品生产经营单位重大生产安全事故隐患判定标准（试行）依据有关法律法规、部门规章和国家标准，以下情形应当判定为重大事故隐患：十八、未按照国家标准制定动火、进入受限空间等特殊作业管理制度，或者制度未有效执行。故②③④属于重大事故隐患。故选BDE。
多选题,[2023年][河南中安]某石油化工企业在进行法律法规识别时，发现劳动防护相关制度不满足《个体防护装备配备规范》（GB39800）要求，随后开展了制度修订工作。在修订工作中，关于劳动防护用品管理的规定，正确的有（    ）。,A.应明确高处作业个体防护装备的配备种类及管理规定|B.应细化不同岗位员工个体防护装备配备标准|C.应对使用超过30个月的塑料安全帽进行报废|D.公用的防护装备可委托个人保管，待其他人使用时向其提出借用 E 劳务派遣工个体防护装备应由劳务派遣公司配备,AB,本题主要考查的是劳动防护用品管理。做题思路：结合实际情况作答即可，本题难度较低。 C错误，错在“使用超过30个月”。安全帽的使用期是从产品制造完成之日开始计算：植物枝条编织帽不超过两年。塑料帽、纸胶帽不超过两年半。玻璃钢（维纶钢）橡胶帽不超过三年半；D错误，错在可委托个人保管，公用的防护装备由车间和班组保管；E错误，错在应由劳务派遣公司配备，劳务派遣工个体防护装备应由用人单位提供。故选AB。
多选题,[2023年][河南中安]《企业安全生产费用提取和使用管理办法》（财资〔2022〕136号）进一步扩大或调整了适用行业范围，属于新增行业的有（    ）。,A.烟花爆竹生产|B.电力生产与供应|C.武器装备研制生产与试验|D.民用爆炸物品生产 E 交通运输,BD,本题主要考查的是企业安全生产费用提取和使用管理办法。做题思路：本题难度很大，了解即可。 新增了民用爆炸物品生产、电力生产与供应企业。故选BD。
多选题,[2023年][河南中安]某集团公司2023年6月对下属道路旅客运输单位进行安全生产专项检查，对该下属单位安全生产费用使用存疑。根据《企业安全生产费用提取和使用管理办法》（财资〔2022〕136号），可列入安全生产费用使用范围的有（    ）。,A.企业聘请第三方机构开展安全生产标准化咨询的费用|B.企业为客车购买的承运人责任保险支出费用|C.企业为全体员工支出的工伤保险费|D.2023年企业扩建项目的安全评估和安全验收评价费用 E 道路运输车辆视频监控装置的购置、安装和使用等支出,AB,本题主要考查的是安全生产费用使用范围。做题思路：简单了解安全生产费用的十二条即可，尽量慎重选择。 交通运输企业安全生产费用应当用于以下支出：（一）完善、改造和维护安全防护设施设备支出（不含“三同时“要求初期投入的安全设施），包括道路、水路、铁路、城市轨道交通、管道运输设施设备和装卸工具安全状况检测及维护系统、运输设施设备和装卸工具附属安全设备等支出；（二）购置、安装和使用具有行驶记录功能的车辆卫星定位装置、视频监控装置、船舶通信导航定位和自动识别系统、电子海图等支出；（三）铁路和城市轨道交通防灾监测预警设备及铁路周界入侵报警系统、铁路危险品运输安全监测设备支出；（四）配备、维护、保养应急救援器材、设备支出和应急救援队伍建设、应急预案制修订与应急演练支出；（五）开展重大危险源检测、评估、监控支出，安全风险分级管控和事故隐患排查整改支出，安全生产信息化、智能化建设、运维和网络安全支出；（六）安全生产检查、评估评价（不含新建、改建、扩建项目安全评价）、咨询和标准化建设支出；（七）配备和更新现场作业人员安全防护用品支出；（八）安全生产宣传、教育、培训和从业人员发现并报告事故隐患的奖励支出；（九）安全生产适用的新技术、新标准、新工艺、新装备的推广应用支出；（十）安全设施及特种设备检测检验、检定校准、铁路和城市轨道交通基础设备安全检测支出；（十一）安全生产责任保险及承运人责任保险支出；（十二）与安全生产直接相关的其他支出。故选ABE。
多选题,[2023年][河南中安]根据《特种设备作业人员考核规则》，下列特种设备作业人员监督、管理、考核相关要求，正确的有（    ）。,A.特种设备的作业人员及相关管理人员统称为特种设备作业人员|B.特种设备的作业人员年龄应在18周岁（含18周岁）以上，60周岁（含60周岁）以下|C.特种设备作业人员的考试均为理论考试和实际操作技能考试两个科目|D.用人单位应当聘用持证作业人员，并建立特种设备作业人员管理档案 E 《特种设备作业人员证》每3年复审一次，持证人员应在复审期满3个月前申请,ABD,本题主要考查的是特种设备作业人员监督、管理、考核。做题思路：相关数据要记忆清晰。 C错误，错在说的太绝对，特种设备作业人员的考试包括理论知识考试和实际操作技能考试，特种设备安全管理人员只进行理论知识考试；E错误，错在数据，《特种设备作业人员证》每4年复审一次。故选ABD。
单选题,[2023年][河南中安]某集团拟新建一大型医养一体项目，关于该新建项目安全生产费用使用范围和标准的说法，正确的有（    ）。,A.提取的安全生产费用可用于该项目运营期的安全生产标准化项目支出|B.提取的安全生产费用的计提比例应当为工程造价的2%|C.在新建项目合同中单独约定并于工程开工日一个月内向承包单位支付至少50%企业安全生产费用|D.提取的安全生产费用可用于该项目的安全生产预评价支出 E 提取的安全生产费用可用于现场发现报告事故隐患奖励基金支出,C,本题主要考查的是安全生产费用使用范围和标准，属于高频考点。做题思路：理解要深刻，相关数据要记忆清晰。 B错误，错在数据，铁路工程、房屋建筑工程、城市轨道交通工程3%；D错误，错在安全预评价不能用安全生产费；C正确，建设单位应当在合同中单独约定并于工程开工日一个月内向承包单位支付至少50%企业安全生产费用。总包单位应当在合同中单独约定并于分包工程开工日一个月内将至少50%企业安全生产费用直接支付分包单位并监督使用，分包单位不再重复提取；A错误，建设项目的安全生产费用只能用于项目建设期间，不能用于项目运营期间；E正确，企业安全生产费用可由企业用于以下范围的支出：①购置购建、更新改造、检测检验、检定校准、运行维护安全防护和紧急避险设施、设备支出[不含按照“建设项目安全设施必须与主体工程同时设计、同时施工、同时投入生产和使用”（以下简称“三同时”）规定投入的安全设施、设备]；②购置、开发、推广应用、更新升级、运行维护安全生产信息系统、软件、网络安全、技术支出；③配备、更新、维护、保养安全防护用品和应急救援器材、设备支出；④企业应急救援队伍建设（含建设应急救援队伍所需应急救援物资储备、人员培训等方面）、安全生产宣传教育培训、从业人员发现报告事故隐患的奖励支出；⑤安全生产责任保险、承运人责任险等与安全生产直接相关的法定保险支出；⑥安全生产检查检测、评估评价（不含新建、改建、扩建项目安全评价）、评审、咨询、标准化建设、应急预案制修订、应急演练支出；⑦与安全生产直接相关的其他支出。故选CE。
单选题,[2023年][河南中安]某市医药集团组织对人员行为和影响安全绩效的心理状态进行了统计调查，对统计调查出的安全心理状态进行分类汇总，能够用于企业提升安全绩效的心理状态有（    ）。,A.省能心理|B.好奇心理|C.侥幸心理|D.冒险心理 E 群体心理,B,本题主要考查的是人员行为和影响安全绩效的心理状态，属于高频考点。做题思路：理解各种心里状态即可。 群体心理。如果群体规范和“领袖”是符合目标期望的，就产生积极的效果，反之则产生消极效果。若使安全作业规程真正成为群体规范，且有“领袖“的积极履行，就会使规程得到贯彻。许多情况下，违反规程的行为无人反对，或有人带头违反规程，这个群体的安全状况就不会好。应该利用群体心理，形成良好的规范，使少数人产生从众行为，养成安全生产的习惯。好奇心理。从安全生产的角度而言，应对青年工人和新工人进行形式多样的安全教育，增强他们的自我保护意识；因势利导，引导他们学习钻研专业技术，帮助他们学会经常注意自己的行为和周围环境，善于发现事故隐患，从而防止事故的发生。故选BE。
多选题,[2023年][河南中安]某石化管理公司拟建一家有充电合建站，设有30m³两汽两柴4个埋地油罐，根据《危险化学品建设项目安全监督管理办法》（原45号）规定，所在地应急管理局对该公司进行安全条件审查、安全设施设计审查中，发现以下情况，其中属于不合格项的有（    ）。,A.汽油罐距架空通信线路为6m|B.设计中配电间与汽油加油机距离5m|C.设计中配电间及发电间之间选用防盗门|D.柴油加油机距城市主干路为5m E 加油站罐区设有两台35kg推车式灭火器,BC,本题主要考查的是《汽车加油加气加氢站技术标准GB50156-2021》，超纲题目。 题干中加油站等级为三级。B属于不合格项，不得小于10.5m；C属于不合格项，配电所内的门应为防火门。故选BC。
多选题,[2023年][河南中安]某企业发现精馏塔出口管道膨胀节的法兰泄漏，安排王某和李某负责维修。14点左右，王某办理了高处作业票，作业高度17m，作业人为王某、李某，监护人为张某。15点左右，王某和李某佩戴好区域限制用安全带及安全帽，搭设维修踏板后开始进行膨胀节法兰螺栓紧固作业。中途张某因事离开16点左右，王某在紧固螺栓时，重心不稳身体后倾，从踏板上坠落，安全带突然断裂，头部朝下坠落至落差5m的平台上，安全帽破裂造成重伤。关于本次高处作业分级和存在隐患的判定，正确的有（    ）。,A.Ⅲ级高处作业，不合格安全带|B.Ⅲ级高处作业，未设专人监护|C.Ⅳ级高处作业，未设专人监护|D.Ⅳ级高处作业，不合格安全带 E Ⅳ级高处作业，不合格安全帽,AB,本题主要考查的是高处作业分级和存在隐患。做题思路：准确判定区间，再结合实际情况判定安全带及监护人。 2m≤h≤5m；5m＜h≤15m；15m＜h≤30m；h＞30m。本次高处作业17m属于Ⅲ级。事故原因是不合格的安全带和未设专人监护。故选AB。
多选题,[2023年][河南中安]某安全评价机构对液氮低碳燃烧系统项目进行安全评价，安全评价报告中涉及多种安全评价方法：①安全检查表法；②故障类型及影响分析；③危险可操作性研究；④事故树分析⑤易燃易爆、有毒重大危险源评价法，属于概率风险评价法的有（    ）。,A.②|B.①|C.④|D.③ E ⑤,AC,本题主要考查的是概率风险评价法。做题思路：分析方法要尽量了解，会区分即可。 概率风险评价法。概率风险评价法是根据事故的基本致因因素的事故发生概率，应用数理统计中的概率分析方法，求取事故基本致因因素的关联度（或重要度）或整个评价系统的事故发生概率的安全评价方法。故障类型及影响分析、事故树分析、逻辑树分析、概率理论分析、马尔可夫模型分析、模糊矩阵法、统计图表分析法等都可以由基本致因因素的事故发生概率计算整个评价系统的事故发生概率。AC属于，BDE不属于，不在上述概率风险评价法中。故选AC。
多选题,[2023年][河南中安]某化工企业采用HAZOP方法对某装置一级分离器的危险。有害因素进行分析，该一级分离器的工艺参数主要有流量、压力和温度，根据偏差定义，属于一级分离器偏差的有（    ）。,A.流量充足|B.压力高|C.温度高|D.压力适中 E 温度低,BC,本题主要考查的是HAZOP方法的一级分离器偏差。做题思路：深刻理解HAZOP分析方法，记忆其中的关键词。 对于有害因素进行分析，一级分离器的工艺参数主要有流量、压力和温度，根据偏差定义，属于一级分离器偏差的有：1.流量偏差：流量偏差是指实际流量与设计流量之间的差异。如果流量不足，可能会影响分离效果；如果流量过大，可能会导致过度分离，浪费资源。2.压力偏差：压力偏差是指实际压力与设计压力之间的差异。如果压力不足，可能会导致流体无法通过分离器进行有效的分离；如果压力过大，可能会导致分离器损坏或过度分离。3.温度偏差：温度偏差是指实际温度与设计温度之间的差异。如果温度过高，可能会导致分离器内部的化学反应加速，损坏设备或产生危险；如果温度过低，可能会导致流体在分离器内结冰或形成固体沉淀，影响分离效果。BCE属于，AD不属于。故选BCE。
多选题,[2023年][河南中安]某企业新购置了一台20t汽车吊，在汽车吊投入使用前向所在地市场监督管理部门办理了使用登记证，应纳入该汽车吊安全技术档案的有（    ）。,A.生产厂家的资质|B.管理人员资格证|C.使用登记证|D.产品质量合格证明 E 效能试验证明,CD,本题主要考查的是汽车吊安全技术档案内容。做题思路：尽量熟悉特种设备安全技术档案。 （1）使用登记证。（2）《特种设备使用登记表》。（3）特种设备的设计文件、产品质量合格证明、安装及使用维护保养说明、监督检验证明等相关技术资料和文件。（4）特种设备的定期检验和定期自行检查记录。（5）特种设备的日常使用状况记录。（6）特种设备及其附属仪器仪表维护保养记录（7）特种设备安全附件和保护装置校验检修、更换记录和有关报告。（8）特种设备的运行故障和事故记录。故选CD。
单选题,[2023年][河南中安]某危险化学品储存企业，存储有不同的危险化学品，其存储的危险化学品临界量如下表：根据《危险化学品重大危险源辨识》《GB18218》不构成重大危险源的有（    ）。,A.相隔200m的2个200m³汽油储罐|B.储存能力60t的苯库房，实存40t苯|C.设计储量为100t的液氨储罐，实存8t|D.存储60t的天然气站 E 存储能力为80瓶（7.5kg/瓶）乙炔的气瓶存储区,A,本题主要考查的是重大危险源辨识，属于高频考点。做题思路：重大危险源的定性判断和定量计算都要熟练。 注：在计算危险化学品储罐以及其他容器、设备或仓储区时，危险化学品的实际存在量按设计最大量确定。A不构成，注意汽油的汽油密度为0.70到0.78g/cm³，经计算＜200t；B构成，60/50＞1；C构成，100/10＞1；D构成，60/50＞1；E不构成，7.5×80＝600kg＜1t。故选AE。
多选题,[2023年][河南中安]某市政工程施工单位承压电焊工甲，长期从事压力管道焊接工职业病危害因素来源分类，属于劳动过程中的危害因素有（    ）。,A.甲从事焊接工作，长期接触电焊烟尘|B.甲在作业过程中，企业未采取有效通风措施，长期换气不足|C.甲因施工单位人力组织不合理，长期加班|D.因为管道焊接的工作需要，甲长期需要佝偻身体在管道内进行焊接 E 甲从事焊接作业的区域，管道坡口打磨的工作同步进行，长期在打磨噪声中作业,CD,本题主要考查的是危害因素，属于高频考点。做题思路：注意区分劳动过程中的危害因素和生产过程中产生的危害因素。 劳动过程中的危害因素：（1）劳动组织和制度不合理，劳动作息制度不合理等。（2）精神性职业紧张。（3）劳动强度过大或生产定额不当。（4）个别器官或系统过度紧张，如视力紧张等。（5）长时间不良体位或使用不合理的工具等。CD属于，ABE不属于，不在上述范围之内。故选CD。
多选题,[2023年][河南中安]某化工企业有5个重大危险源，重大危险源R值分别为51、37.2、29.4、8.6、19.2，其中构成三级重大危险源的有（    ）。,A.37.2|B.51|C.29.4|D.19.2 E 8.6,ACD,本题主要考查的是重大危险源辨识，属于高频考点。做题思路：重大危险源的定量计算要熟练，相应等级表格要记忆。 危险化学品重大危险源级别和R值的对应关系：一级R≥100，二级100＞R≥50，三级50＞R≥10，四级R＜10。故选ACD。
单选题,[2024年][河南中安]某钢材生产制造企业叉车作业时与1名步行人员相撞，导致其死亡。根据《特种设备事故报告和调查处理规定》（国家市场监督管理总局令第50号），负责组织该起事故调查的是该企业所在地（ ）。,A.设区的市级人民政府|B.设区的市级市场监督管理部门|C.县级市场监督管理部门|D.县级人民政府,B,本题主要考查的是特种设备事故调查的组织，属于高频考点。做题思路：先判定事故等级，后判断事故调查部门，注意与安全生产事故调查的区别。根据《特种设备事故报告和调查处理规定》第十五条特种设备事故调查依据特种设备安全法律、行政法规的相关规定，实行分级负责。《特种设备安全监察条例》第六十七条特别重大事故由国务院或者国务院授权有关部门组织事故调查组进行调查。重大事故由国务院特种设备安全监督管理部门会同有关部门组织事故调查组进行调查。较大事故由省、自治区、直辖市特种设备安全监督管理部门会同有关部门组织事故调查组进行调查。事故造成1人死亡，属于一般事故，一般事故由设区的市的特种设备安全监督管理部门会同有关部门组织事故调查组进行调查。故选B。
单选题,[2024年][河南中安]某污水处理厂在危险源辨识过程中，辨识出机械设备老化、有毒气体报警仪失灵以及存在可导致人员中毒的物质。根据系统安全理论观点，下列危险源描述错误的是（ ）。,A.老化的机械设备是危险源|B.可导致人员中毒的气体是危险源|C.失灵的有毒气体报警仪是危险源|D.不可能根除污水处理厂所有的危险源,C,本题主要考查的是系统安全理论，属于高频考点。 D正确，系统安全理论：没有任何一种事物是绝对安全的，任何事物中都潜伏着危险因素。通常所说的安全或危险只不过是一种主观的判断。能够造成事故的潜在危险因素称作危险源，来自某种危险源的造成人员伤害或物质损失的可能性叫作危险。危险源是一些可能出问题的事物或环境因素，而危险表征潜在的危险源造成伤害或损失的机会，可以用概率来衡量。（强调安全的相对性）。不可能根除一切危险源和危险，可以减少来自现有危险源的危险性，应减少总的危险性而不是只消除几种选定的危险。AB正确，C错误，失灵的有毒气体报警仪不属于危险源，危险源是指可能造成人员伤害、疾病、财产损失、作业环境破坏或其他损失的根源或状态。第二类危险源指导致能量或危险物质约束或限制措施破坏或失效的各种因素。比如储罐的呼吸阀、安全阀等。有毒气体报警仪无法约束或限制有毒气体的泄漏，只能探测或预警，并不属于第二类危险源。故选C。
单选题,[2024年][河南中安]“路怒症”形容在交通阻塞情况下开车压力与挫折所导致的愤怒情绪。据统计有60.72%的驾驶员发生过“路怒”的情况。下列气质情绪类型中，接近“路怒”群体气质情绪的是（ ）。,A.多血质|B.黏液质|C.胆汁质|D.抑郁质,C,本题主要考查的是气质的类型，以记忆为主。做题思路：区分不同气质类型的特征。（1）胆汁质的特征：对任何事物发生兴趣，具有很高的兴奋性，但其抑制能力差，行为上表现出不均衡性，工作表现忽冷忽热，带有明显的周期性。（2）多血质的特征：思维、言语动作都具有很高的灵活性，情感容易产生也容易发生变化，易适应当今世界变化多端的社会环境。（3）黏液质的特征：突出的表现是安静、沉着、情绪稳定、平和，思维、言语、动作比较迟缓。（4）抑郁质的特征：安静、不善于社交、喜怒无常、行为表现优柔寡断，一旦面临危险的情境，束手无策，感到十分恐惧。C正确，胆汁质的人被认为是“马路第一杀手”。多血质的人排第二。多血质的人情绪比较容易受到压力的影响，不利于安全驾驶。故选C。
单选题,[2024年][河南中安]国务院安委会出台《安全生产治本攻坚三年行动方案（2024-2026年）》要求企业提升本质安全水平。某公司根据该文件精神对车间设备存在的问题进行整改，制定了以下整改措施：①设备加装紧急自动停车系统；②生产设备周边增加隔离装置；③加装带有联锁装置的防护罩；④安装限速器、保险丝等保险装置。这些措施中，不属于本质安全技术措施的是（ ）。,A.①|B.②|C.③|D.④,B,本题主要考查的是本质安全的技术措施，属于高频考点。本质安全是指通过设计等手段使生产设备或生产系统本身具有安全性，即使在误操作或发生故障的情况下也不会造成事故。本质安全包含两个方面内容：①失误-安全功能：指操作者即使操作失误，也不会发生事故或伤害，或者说设备、设施和技术工艺本身具有自动防止人的不安全行为的功能。例如，带有自动保护、自动调节、紧急停车装置的设备（电动门、电水壶、煤气灶）。②故障-安全功能：指设备、设施或生产工艺发生故障或损坏时，还能暂时维持正常工作或自动转变为安全状态。上述两种安全功能应该是设备、设施和技术工艺本身固有的，即在它们的规划设计阶段就被纳入其中，而不是事后补偿的。故选B。
单选题,"[2024年][河南中安]一、单选题
5
标记
收藏
企业应根据实际使用情况和检测结果，确定安全性能要求高的个体防护装备及用品是否报废。下列个体防护装备及用品中，不属于到期强制报废的是（ ）。",A.安全带|B.安全帽|C.呼吸器|D.绝缘手套,A,本题主要考查的是个体防护装备的强制报废，以记忆为主。安全帽、呼吸器、绝缘手套等安全性能要求高、易损耗的个体防护装备，应当按照有效防护功能最低指标和有效使用期，到期强制报废。故选A。
单选题,[2024年][河南中安]某企业制定了《特种设备维护保养制度》，并按要求对电梯进行日常性维护保养和定期检查。根据《特种设备安全监察条例》，电梯清洁、润滑、调整和检查周期最长不超过（ ）天。,A.10|B.20|C.15|D.30,C,本题主要考查的是电梯的维护保养周期，属于数字类考点，以记忆为主。电梯的日常维护保养必须由依照本条例取得许可的安装、改造、维修单位或者电梯制造单位进行。电梯应当至少每15日进行一次清洁、润滑、调整和检查。故选C。
单选题,[2024年][河南中安]海洋汽油开采平台由于空间有限，油气分离工艺区往往与生活区紧邻布置，很难做到像陆地上油田一样通过加大间距分隔危险区与生活区。为了保护海上油气开采平台生活区的人员安全，需要设置防爆墙作为重要的防护措施。该防爆墙属于（ ）措施。,A.防止事故发生的隔离|B.防止事故发生的限制能量|C.减少事故损失的设置薄弱环节|D.减少事故损失的隔离,D,本题主要考查的是减少与消除事故影响设施，属于高频考点。防爆墙只有在事故发生后才能起作用，属于减少事故损失的隔离。故选D。
单选题,[2024年][河南中安]某制药企业在水提取车间进行停产维修改造作业，改造过程中拆除提取母液输送管道需要进行动火作业。根据《危险化学品企业特殊作业安全规范》（GB30871），该车间动火安全作业票的有效期不应超过（ ）h。,A.8|B.16|C.24|D.72,A,本题主要考查的是动火安全作业票的有效期，属于数字类考点，以记忆为主。提取车间属于火灾爆炸危险环境，该动火至少属于一级动火作业，有效期8h。故选A。
单选题,[2024年][河南中安]某炼铁厂的高炉铁水泄漏，造成炉缸烧穿，大量流铁及炉料喷至靠近高炉一侧主控楼的楼梯间，2名夜班工人逃生到此处时被烧伤。事故调查发现，因现场应急处置方案未提及此类事故会影响到楼梯间，当班组长指挥工人从楼梯间进行疏散。根据《生产经营单位生产安全事故应急预案编制导则》（GB/T29639），上述事故暴露出的现场应急处置方案问题是（ ）。,A.现场工人自救互救能力缺失|B.先期处置措施错误|C.事故风险描述缺失|D.应急工作职责不到位,C,本题主要考查的是事故风险描述的内容，以记忆为主。事故风险描述：（1）风险类型。（2）可能发生的事故类型。（3）事故发生的区域、地点或装置的名称。（4）事故发生的可能时间段或概率。（5）事故的危害严重程度及其影响范围。（6）事故前可能出现的征兆。（7）事故可能引发的次生、衍生事故等。现场应急处置方案未提及此类事故会影响到楼梯间，属于事故风险描述缺失。故选C。
单选题,[2024年][河南中安]李某是一家建筑单位的高空作业人员，单位为其配备了安全帽和安全带等个体防护用品。关于李某对个体防护用品维护、更换及报废的说法，正确的是（ ）。,A.个人佩戴的安全帽经检验被判定为不合格后，单位应立即对安全帽给予报废，并更换新品|B.安全帽属于安全性能高、易损耗的个体防护用品，应按照有效防护性能最高指标和有效使用期，到期强制报废|C.安全带缝制部分出现了残损，作为安全带的使用人，应对安全带进行维修|D.被报废的安全帽外观并无损坏，可以继续使用,A,本题主要考查的是个体防护用品的管理，属于高频考点。A正确，用人单位应当按照个体防护装备发放周期定期发放，对工作过程中损坏的，用人单位应及时更换；B错误，错在“最高指标”，安全帽、呼吸器、绝缘手套等安全性能要求高、易损耗的个体防护装备，应当按照有效防护功能最低指标和有效使用期，到期强制报废；CD错误，用人单位应当对应急个体防护装备进行经常性的维护、检修，定期检测个体防护装备的性能和效果，保证其完好有效。被判废或被更换后的个体防护装备不得再次适用。故选A。
单选题,[2024年][河南中安]某集团在审计其下属石油化工生产企业2023年安全生产费用使用时发现，该企业的年度安全生产费用大部分用于完善、改造和维护现场安全防护设备支出，小部分用于安全奖励支出等。下列支出的生产费用中，不应在该企业安全生产费用中列支的是（ ）。,A.更换常减压装置区的可燃气体报警器|B.更换常减压装置区的安全阀|C.委托外部单位对工艺管道除锈刷漆|D.用于奖励安全先进个人的专项奖金,D,本题主要考查的是安全生产费用的使用范围，属于高频考点。第二十二条，危险品生产与储存企业安全生产费用应当用于以下支出：（一）完善、改造和维护安全防护设施设备支出（不含“三同时”要求初期投入的安全设施），包括车间、库房、罐区等作业场所的监控、监测、通风、防晒、调温、防火、灭火、防爆、泄压、防毒、消毒、中和、防潮、防雷、防静电、防腐、防渗漏、防护围堤和隔离操作等设施设备支出；（二）配备、维护、保养应急救援器材、设备支出和应急救援队伍建设、应急预案制修订与应急演练支出；（三）开展重大危险源检测、评估、监控支出，安全风险分级管控和事故隐患排查整改支出，安全生产风险监测预警系统等安全生产信息系统建设、运维和网络安全支出；（四）安全生产检查、评估评价（不含新建、改建、扩建项目安全评价）、咨询和标准化建设支出；（五）配备和更新现场作业人员安全防护用品支出；（六）安全生产宣传、教育、培训和从业人员发现并报告事故隐患的奖励支出；（七）安全生产适用的新技术、新标准、新工艺、新装备的推广应用支出；（八）安全设施及特种设备检测检验、检定校准支出；（九）安全生产责任保险支出；（十）与安全生产直接相关的其他支出。安全生产费用适用于从业人员发现并报告事故隐患的奖励支出，不适用其他的奖励支出。故选D。
单选题,[2024年][河南中安]甲企业新建一办公楼，因手续不合规被所在地政府监管部门叫停。之后，城管部门要求甲企业对未完工的办公楼进行外立面遮挡，甲企业将设置外立面巡挡工程发包给乙企业，并明确告知乙企业“室内楼层临边和洞口防护缺失，作业人员禁止进入楼内”。乙企业作业人员王某中午多次到楼内午休，某日不慎从三楼失足坠落死亡。关于该工程相关方作业过程控制的说法，正确的是（ ）。,A.甲企业安全交底到位，对事故不承担责任|B.乙企业安全管理不到位，承担主要责任|C.王某应承担事故的间接责任|D.城管部门未履行监督管理责任,B,本题主要考查的是承包商作业过程控制，以记忆为主。作业过程中，生产经营单位应派具备监督管理职能的人员对承包商作业现场进行监督检查，建立监督检查记录，及时协调作业过程中的事项，通报相关安全信息，督促作业过程中隐患的整改。ACD错误，发生事故的原因主要是乙企业安全管理不到位，所以乙企业承担主要责任，甲企业有监督检查的职责。故选B。
单选题,[2024年][河南中安]某海洋石油企业准备申请安全生产标准化二级。该企业注册地为甲省丙市，生产场所在乙省丁市，按照安全生产标准化分级负责原则，负责该企业标准化定级的部门是（ ）。,A.甲省应急管理部门|B.应急管理部|C.乙省应急管理部门|D.丁市应急管理部门,B,本题主要考查的是安全生产标准定级的部门，以记忆为主。《企业安全生产标准化建设定级办法》第五条企业标准化定级实行分级负责。B正确，应急管理部为一级企业以及海洋石油全部等级企业的定级部门。省级和设区的市级应急管理部门分别为本行政区域内二级、三级企业的定级部门。故选B。
单选题,[2024年][河南中安]某精细化工企业的原料和产物均为易燃液体，反应过程为放热，主反应釜设有搅拌系统、氮气保护系统和夹套冷却水系统。按照国家相关规定，企业对生产工艺过程进行HAZOP分析。下列HAZOP分析的偏差中，不适用于本反应釜工艺节点的偏差是（ ）。,A.釜内温度高|B.氮气无|C.车间湿度高|D.搅拌速度过快,C,"本题主要考查的是HAZOP分析的偏差构成，以记忆为主。做题思路：紧扣题干答题危险和可操作性研究方法的基本过程是以关键词为引导，找出过程中工艺状态的变化（即偏差）,然后分析找出偏差的原因、后果及可采取的对策。其侧重点是工艺部分或操作步骤各种具体值。C错误，车间湿度高与反应釜工艺节点无关。故选C。"
单选题,"[2024年][河南中安]一、单选题
15
标记
收藏
铍及其盐类均具有较大的毒性，从事铍生产的作业人员作业时应配备防护用品，并定期进行职业病体检。铍的职业病危害应重点关注的是（ ）。",A.肝功能|B.鼻和喉|C.肺功能|D.甲状腺,C,本题主要考查的是职业性致癌物的分类，属于高频考点。铍及其化合物，其致癌部位为肺部。故选C。
单选题,[2024年][河南中安]某石油化工企业可燃液体储罐区呼吸阀排出的气体在进入焚烧装置前需进行气液分离。如气液分离罐无保温措施，冬季可能导致液体冻结。按照预先危险性分析方法，关于气液分离罐危险性等级的说法，正确的是（ ）。,A.液体冻结后，液位处于正常范围时，暂时不会造成系统损坏，此时危险性为I级|B.巡检人员发现液体冻结膨胀导致气液分离罐体破裂，此时危险性为Ⅲ级|C.巡检人员发现液体冻结后，采取了正确的应急措施，此时危险性为Ⅱ级|D.液体部分冻结后，液位上升直至系统触发高液位报警，此时危险性为Ⅳ级,C,本题主要考查的是预先危险性分析，以记忆为主。预先危险性分析法将危险性划分为4个等级：I安全的，不会造成人员伤亡及系统损坏。Ⅱ临界的，处于事故的边缘状态，暂时还不至于造成人员伤亡、系统破坏或降低系统性能，但应予以排除或采取控制措施。Ⅲ危险的，会造成人员伤亡和系统损坏，要立即采取防范措施。Ⅳ灾难性的，造成人员重大伤亡及系统严重破坏的灾难性事故，必须予以果断排除并进行重点防范。A属于Ⅱ临界的，B属于Ⅳ，D属于Ⅲ危险的。故选C。
单选题,[2024年][河南中安]某酚醛树脂生产企业计划采用人工方式同时清理四个反应釜内壁的结垢物质，作业前组织相关人员进行危险有害因素辨识和特殊作业安全技术交底。关于该企业特殊作业安全管理的说法，正确的是（ ）。,A.同一车间的四个反应釜可以设置一名监护人员|B.反应釜结垢物成分复杂，应连续检测CO浓度，并2h记录一次|C.工人午休时反应釜人孔盖一直打开，可以保证釜内气体成分合格|D.清理中釜内作业人员应佩戴过滤式防毒面具,B,本题主要考查的是特殊作业的综合知识点，属于高频考点。A错误，每个反应釜均应设置监护人员；B正确，作业时，作业现场应配置移动式气体检测报警仪，连续检测受限空间内可燃气体、有毒气体及氧，气浓度，并2h记录1次；气体浓度超限报警时，应立即停止作业、撤离人员、对现场进行处理，重新检测合格后方可恢复作业；C错误，不能保证釜内气体成分合格；D错误，应佩戴隔离式防毒面具。故选B。
单选题,[2024年][河南中安]南方沿海城市某企业自7月15日进行六层办公楼维修，更换外瓷砖。因发生5级风，企业决定中断作业，待风停后重新恢复施工。重新作业前需确认的安全生产条件是（ ）。,A.作业人员使用的材料|B.施工单位资质|C.吊装作业许可|D.环境条件,D,本题主要考查的是重新作业的条件。当作业中断，再次作业前，应重新对环境条件和安全措施进行确认。故选D。
单选题,"[2024年][河南中安]一、单选题
1
标记
收藏
某钢材生产制造企业叉车作业时与1名步行人员相撞，导致其死亡。根据《特种设备事故报告和调查处理规定》（国家市场监督管理总局令第50号），负责组织该起事故调查的是该企业所在地（ ）。",A.设区的市级人民政府|B.设区的市级市场监督管理部门|C.县级市场监督管理部门|D.县级人民政府|A.老化的机械设备是危险源|B.可导致人员中毒的气体是危险源|C.失灵的有毒气体报警仪是危险源|D.不可能根除污水处理厂所有的危险源|A.多血质|B.黏液质|C.胆汁质|D.抑郁质|A.①|B.②|C.③|D.④|A.安全带|B.安全帽|C.呼吸器|D.绝缘手套|A.10|B.20|C.15|D.30|A.防止事故发生的隔离|B.防止事故发生的限制能量|C.减少事故损失的设置薄弱环节|D.减少事故损失的隔离|A.8|B.16|C.24|D.72|A.现场工人自救互救能力缺失|B.先期处置措施错误|C.事故风险描述缺失|D.应急工作职责不到位|A.个人佩戴的安全帽经检验被判定为不合格后，单位应立即对安全帽给予报废，并更换新品|B.安全帽属于安全性能高、易损耗的个体防护用品，应按照有效防护性能最高指标和有效使用期，到期强制报废|C.安全带缝制部分出现了残损，作为安全带的使用人，应对安全带进行维修|D.被报废的安全帽外观并无损坏，可以继续使用|A.更换常减压装置区的可燃气体报警器|B.更换常减压装置区的安全阀|C.委托外部单位对工艺管道除锈刷漆|D.用于奖励安全先进个人的专项奖金|A.甲企业安全交底到位，对事故不承担责任|B.乙企业安全管理不到位，承担主要责任|C.王某应承担事故的间接责任|D.城管部门未履行监督管理责任|A.甲省应急管理部门|B.应急管理部|C.乙省应急管理部门|D.丁市应急管理部门|A.釜内温度高|B.氮气无|C.车间湿度高|D.搅拌速度过快|A.肝功能|B.鼻和喉|C.肺功能|D.甲状腺|A.液体冻结后，液位处于正常范围时，暂时不会造成系统损坏，此时危险性为I级|B.巡检人员发现液体冻结膨胀导致气液分离罐体破裂，此时危险性为Ⅲ级|C.巡检人员发现液体冻结后，采取了正确的应急措施，此时危险性为Ⅱ级|D.液体部分冻结后，液位上升直至系统触发高液位报警，此时危险性为Ⅳ级|A.同一车间的四个反应釜可以设置一名监护人员|B.反应釜结垢物成分复杂，应连续检测CO浓度，并2h记录一次|C.工人午休时反应釜人孔盖一直打开，可以保证釜内气体成分合格|D.清理中釜内作业人员应佩戴过滤式防毒面具|A.作业人员使用的材料|B.施工单位资质|C.吊装作业许可|D.环境条件|A.红|B.白|C.黄|D.蓝|A.张某应在特种作业操作证到期前60日内向A市安全生产监督管理部门提出复审申请|B.陈某重新上岗前需进行安全技术理论考试|C.陈某特种作业操作证复审应参加不少于6学时的安全培训|D.张某应重新向A市安全生产监督管理部门申请低压电工特种作业操作证考试|A.张某|B.王某|C.李某|D.刘某|A.作业前，应由作业单位绘制盲板位置图并统一编号|B.本次许可证应仅涉及6号盲板的抽堵作业|C.石脑油和轻石脑油管线的盲板抽堵作业不应同时进行|D.本次盲板抽堵作业时，作业人员应穿防静电工作服|A.补充应急资源调查，增加调研周边钢厂和重型机械厂可请求援助的应急资源状况|B.评审氧枪烧穿事故应急预案时，县应急部门人员作为专家组长主持|C.增加桌面推演程序，模拟锅炉炉瓦烧穿事故，检验应急预案的可行性|D.修订后的应急预案增加图表使用，使预案更加简明化、图表化|A.夜间照明不良|B.吊装时警示标志缺陷|C.勤杂工误入作业车辆右侧行走|D.吊装作业未设置监护人员|A.该企业主要负责人应在接到事故报告后立即报告C县应急管理部门|B.C县应急管理部门应在接到事故报告后2小时内报告至B市应急管理部门|C.B市应急管理部门应在接到事故报告后2小时内报告至A省应急管理部门|D.该企业应在第8天1名员工死亡后及时进行补报,B,本题主要考查的是禁止标志的背景颜色，考察的比较细节，以记忆为主。禁止标志的几何图形是带斜杠的圆环，其中圆环与斜杠相连，用红色；图形符号用黑色，背景用白色。故选B。
单选题,[2024年][河南中安]A市某机械加工企业陈某连续从事焊接作业工作4年，8个月前被调至管理部门，现重新回到原岗位从事焊接工作。张某是刚从B市调来的低压电工，持有有效的特种作业操作证。关于两人特种作业操作证取证及复审的说法，正确的是（ ）。,A.张某应在特种作业操作证到期前60日内向A市安全生产监督管理部门提出复审申请|B.陈某重新上岗前需进行安全技术理论考试|C.陈某特种作业操作证复审应参加不少于6学时的安全培训|D.张某应重新向A市安全生产监督管理部门申请低压电工特种作业操作证考试,A,本题主要考查的是特种作业操作证取证及复审，属于高频考点。B错误，陈某不需要进行理论考试，离开特种作业岗位6个月以上的特种作业人员，应当重新进行实际操作考试，经确认合格后方可上岗作业；C错误，复审前应参加不少于8学时的安全培训；D错误，张某其证书尚在有效期内，并且也不用重新申请证书。故选A。
单选题,[2024年][河南中安]某安全评价机构组织新入职安全评价人员就焦化厂的安全评价报告编制开展研讨。张某说“安全评价应先分析出焦化厂内危险有害因素可能造成的后果，才能开展前期准备工作”；王某说“应先对焦化厂进行评价单元划分后，才能进行危险有害因素辨识工作”；李某说“根据焦化厂事故发生的可能性及严重程度，开展定性、定量风险评价工作”；刘某说“评价报告提出的对策措施建议，要求越高越能减弱焦化厂生产过程中危险程度”。四人关于安全评价报告编制的说法，正确的是（ ）。,A.张某|B.王某|C.李某|D.刘某,C,本题主要考查的是安全评价的程序，属于高频考点。做题思路：程序类的题，分清先后顺序是关键。安全评价的程序：前期准备；辨识与分析危险、有害因素；划分评价单元；定性、定量评价；提出安全对策措施建议；作出安全评价结论；编制安全评价报告。A错误，先前期准备，再进行辨识与分析危险；B错误，先辨识与分析危险、有害因素，再划分评价单元；D错误，安全对策措施建议应具体翔实、具有可操作性；按照针对性和重要性的不同，措施建议可分为应采纳和宜采纳两种类型。安全对策措施应与危险、有害因素的分析和评价相一致，并不是要求越高越好。故选C。
单选题,[2024年][河南中安]甲石化公司开展乙烯装置年度停车检修工作，检修完毕后，完成了开车准备。甲公司烯烃部乙烯操作主任李某安排乙烯操作主管张某发起7号裂解炉盲板抽取作业许可证（1~6号盲板）审批。张某在石脑油进料管线6号盲板上、下游阀门均处于开启状态的情况下，未到现场对该处阀门状态进行确认，直接在作业许可证中“关闭盲板抽堵作业点上下游阀门”等安全措施栏上签字确认，李某在“确认人签名”一栏签字后交给外委作业单位班长赵某。次日早上6时许，赵某带领作业人员对裂解炉区域的盲板进行抽取作业。8时20分许，当轻石脑油引至7号裂解炉前6号盲板处时呈喷泉状泄漏。关于甲公司本次盲板抽堵作业的说法，正确的是（ ）。,A.作业前，应由作业单位绘制盲板位置图并统一编号|B.本次许可证应仅涉及6号盲板的抽堵作业|C.石脑油和轻石脑油管线的盲板抽堵作业不应同时进行|D.本次盲板抽堵作业时，作业人员应穿防静电工作服,D,本题主要考查的是盲板抽堵作业的要求，属于高频考点。A错误，作业前，危险化学品企业应预先绘制盲板位置图，对盲板进行统一编号，并设专人统一指挥作业；B错误，本次许可证应仅涉及6号盲板的“抽”“堵”的一项作业；C错误，不应在同一管道上同时进行两处及两处以上的盲板抽堵作业。石脑油和轻石脑油管线属于不同的管道，可以同时进行作业；D正确，乙烯为火灾危险性甲类。在火灾爆炸危险场所进行盲板抽堵作业时，作业人员应穿防静电工作服、工作鞋。故选D。
单选题,[2024年][河南中安]某县应急局在进行安全检查时，发现属地一家冶金企业在应急预案修订工作中存在问题，责令其及时改进。根据《生产经营单位生产安全事故应急预案编制导则》（GB/T29639），关于该企业应急预案修订的做法，错误的是（ ）。,A.补充应急资源调查，增加调研周边钢厂和重型机械厂可请求援助的应急资源状况|B.评审氧枪烧穿事故应急预案时，县应急部门人员作为专家组长主持|C.增加桌面推演程序，模拟锅炉炉瓦烧穿事故，检验应急预案的可行性|D.修订后的应急预案增加图表使用，使预案更加简明化、图表化,B,本题主要考查的是应急预案修订的要求，以记忆为主。评审程序应急预案评审程序包括下列步骤：B错误，错在“县应急部门人员作为专家组长主持”，（2）组织评审。评审采取会议审查形式，企业主要负责人参加会议，会议由参加评审的专家共同推选出的组长主持，按照议程组织评审；表决时，应有不少于出席会议专家人数的三分之二同意方为通过。故选B。
单选题,[2024年][河南中安]某企业修建排水工程，为赶工期进行夜间施工。一名勤杂工从汽车吊右侧穿过时，被突然滑落的模板砸中，腰部受伤。根据《生产过程危险和有害因素分类与代码》（GB/T13861），下列造成本起事故的原因中，属于作业现场环境因素的是（ ）。,A.夜间照明不良|B.吊装时警示标志缺陷|C.勤杂工误入作业车辆右侧行走|D.吊装作业未设置监护人员,A,本题主要考查的是生产过程中的危险和有害因素，属于高频考点。B属于物的因素--标志标识缺陷；C属于人的因素--操作错误；D属于管理因素。故选A。
单选题,[2024年][河南中安]A省B市C县的一纺织企业因电气线路老化引起火灾，造成2名员工死亡，5名员工重伤。事故发生后，该企业及时向C县应急管理部门进行报告。事故发生后第8天，又有1名员工因伤势严重经抢救无效死亡。根据相关规定，关于该起事故报告的说法，正确的是（ ）。,A.该企业主要负责人应在接到事故报告后立即报告C县应急管理部门|B.C县应急管理部门应在接到事故报告后2小时内报告至B市应急管理部门|C.B市应急管理部门应在接到事故报告后2小时内报告至A省应急管理部门|D.该企业应在第8天1名员工死亡后及时进行补报,B,本题主要考查的是事故报告的要求，属于高频考点。A错误，应在1h内上报；C错误，该起事故为一般事故，应逐级上报至市级应急管理部门；D错误，道路交通事故、火灾事故自发生之日起7日内，事故造成的伤亡人数发生变化的，应当及时补报。故选B。
单选题,[2024年][河南中安]某危险化学品企业的仓库构成重大危险源。根据《危险化学品企业重大危险源安全包保责任制办法（试行）》，下列安全职责中，属于重大危险源操作负责人的安全职责是（ ）。,A.及时采取措施消除重大危险源事故隐患|B.定期组织对安全设施和监测监控系统进行检测、检验|C.每季度至少组织对重大危险源进行一次针对性安全风险隐患排查|D.组织制定并实施重大危险源生产安全事故应急救援预案,A,本题主要考查的是重大危险源操作负责人的安全职责，以记忆为主。重大危险源的操作负责人，对所包保的重大危险源负有下列安全职责：（一）负责督促检查各岗位严格执行重大危险源安全生产规章制度和操作规程；（二）对涉及重大危险源的特殊作业、检维修作业等进行监督检查，督促落实作业安全管控措施；（三）每周至少组织一次重大危险源安全风险隐患排查；（四）及时采取措施消除重大危险源事故隐患。BC属于重大危险源的技术负责人，对所包保的重大危险源负有的安全职责；D属于重大危险源的主要负责人，对所包保的重大危险源负有的安全职责。故选A。
单选题,[2024年][河南中安]某危险化学品运输企业组织编制运输泄漏事故应急预案。关于危险化学品运输泄漏事故应急预案编制工作的说法，错误的是（ ）。,A.应成立以企业负责人为组长，调度、安全、行政、人事、财务等部门人员参加的应急预案编制工作组|B.预案的风险评估包含危险有害因素辨识、事故风险分析、事故风险等级划分等内容|C.生产安全事故应急资源调查报告编制大纲包括单位内部应急资源、单位外部应急资源和应急资源差距分析等内容|D.应按照成立应急预案编制工作组→资料收集→风险评估→应急资源调查→应急预案编制→应急预案评审→批准实施的预案编制程序步骤推进,D,本题主要考查的是应急预案编制步骤，属于高频考点。D错误，缺少桌面推演，按照成立应急预案编制工作组→资料收集→风险评估→应急资源调查→应急预案编制→桌面推演→应急预案评审→批准实施。故选D。
单选题,[2024年][河南中安]某危化品生产企业针对生产过程中的化学反应、物料分离和成品干燥等工序，设置了一系列的安全管理技术措施。下列该企业安全管理技术措施中，属于防止事故发生的安全技术措施是（ ）。,A.离心机设置氮气故障联锁停机措施|B.反应釜所在车间设置轻质泄压屋顶|C.旋转的双锥干燥器周边设置警示标志|D.设备操作平台设置两个通往地面的梯子,A,本题主要考查的是防止事故发生的安全技术措施，属于高频考点。防止事故发生的安全技术措施是指为了防止事故的发生，采取的约束、限制能量或危险物质，防止其意外释放的技术措施。A属于，故障一安全设计。在系统、设备设施的一部分发生故障或破坏的情况下，在一定时间内也能保证安全的技术措施称为故障一安全设计。通过设计，使得系统、设备设施发生故障或事故时处于低能状态，防止能量的意外释放。BCD属于减少事故损失的安全技术措施，C警示标志属于预防事故设施，不属于安全技术措施。故选A。
单选题,[2024年][河南中安]某安全评价机构受委托对井下金矿开展安全现状评价，评价人员检查了矿山设施的检测检验报告、主要负责人履职情况和井下透水事故应急预案等内容的合规性。下列金矿安全现状评价报告给出的检查结论中，符合相关规定的是（ ）。,A.主井提升使用的钢丝绳每2年检验一次|B.参与制定水泵操作规程是主要负责人法定职责|C.矿井通风机电机每年检验一次|D.井下透水事故应急预案评审应通过推演的方式进行,C,本题主要考查的是安全现状评价报告，以记忆为主。A错误，错在“每2年”，《金属非金属矿山提升钢丝绳检验规范》，4.1在用提升用钢丝绳定期检验周期。4.1.1升降人员或升降人员和物料用的钢丝绳，自悬挂时起，每隔六个月检验一次；有腐蚀气体的矿山，每隔三个月检验一次；4.1.2升降物料用的钢丝绳，自悬挂时起，第一次检验的间隔时间为一年，以后每隔六个月检验一次；4.1.3悬挂吊盘用的钢丝绳，自悬挂时起，每隔一年检验一次；B错误，错在“参与制订”，主要负责人组织制定并实施本单位安全生产规章制度和操作规程；D错误，应急预案论证可通过推演的方式开展，不是应。故选C。
单选题,[2024年][河南中安]甲维保公司与乙化工公司签订了日常维护服务外包协议。2023年10月23日，乙公司发现生产区道路下方地下供热管道有漏水迹象，遂联系甲公司进行维修。甲公司指挥工人进行挖掘作业时，发生地坑坍塌事故，关于甲公司本次动土作业安全管理要求的说法，正确的是（ ）。,A.开挖深度大于2.5m时应设置人员上下梯子以保证人员快速进出|B.拆除固壁支撑时，应从上而下进行|C.在距管道边1m范围内开挖应采用人工开挖|D.有人员指挥交通的情况下，作业区设交通警示设施，可不设标志牌,C,本题主要考查的动土作业，以记忆为主。动土作业人员在沟（槽、坑）下作业应按规定坡度顺序进行，使用机械挖掘时不应进入机械旋转半径内；A错误，深度大于2m时应设置人员上下的梯子等，保证人员快速进出设施；二人以上作业人员同时挖土时应相距2m以上，防止工具伤人；B错误，在拆除固壁支撑时，应从下而上进行；更换支撑时，应先装新的，后拆旧的；C正确，机械开挖时，应避开构筑物、管线，在距管道边1m范围内应采用人工开挖；在距直埋管线2m范围内宜采用人工开挖，避免对管线或电缆造成影响；D错误，表述不完整，缺少前提；在道路上进行定点作业，白天不超过2h、夜间不超过1h即可完工的，在有现场交通指挥人员指挥交通的情况下，只要作业区域设置了相应的交通警示设施，可不设标志牌（交通警示标志）。故选C。
单选题,[2024年][河南中安]某市四家工贸企业二级安全生产标准化定级有效期即将到期，均拟再次申请原安全生产标准化等级。下列甲、乙、丙、丁企业中，不具备经定级部门确认后直接予以公示和公告的是（ ）。,A.前2年发生了3起重伤事故，总计重伤3人的乙企业|B.前1年发生了一起直接经济损失300万元设备事故的丙企业|C.前1年新建了5000m2厂房的甲企业|D.本年内进行了一条生产线自动化技术提升的丁企业,C,本题主要考查的是标准化定级，直接予以公示和公告的条件，以记忆为主。对再次申请原等级的企业，在标准化等级有效期内符合以下条件的，经定级部门确认后，直接予以公示和公告：（一）未发生生产安全死亡事故；（二）一级企业未发生总计重伤3人及以上或者直接经济损失总计100万元及以上的生产安全事故，二级、三级企业未发生总计重伤5人及以上或者直接经济损失总计500万元及以上的生产安全事故；（三）未发生造成重大社会不良影响的事件；（四）有关法律、法规、规章、标准及所属行业定级相关标准未作重大修订；（五）生产工艺、设备、产品、原辅材料等无重大变化，无新建、改建、扩建工程项目；（六）按照规定开展自评并提交自评报告。C有新建项目，不符合。故选C。
单选题,[2024年][河南中安]某氧气充装企业生产流程为：储罐中的液氧经泵输送至汽化器，在汽化器汽化后送至充装系统。该流程可能发生爆炸事故。为系统掌握流程发生爆炸事故的模式，该企业拟采用事件树分析法进行分析。下列事件中，不适合作为事件树分析的初始事件是（ ）。,A.汽化器出口温度低于标准值|B.液氧储罐珠光砂层破坏|C.安全阀失效|D.雷电击中储罐,D,本题主要考查的是事件树分析的初始事件，以记忆为主。初始事件应当是系统故障、设备故障、人为失误或者工艺异常，这主要取决于安全系统或操作人员对初始事件的反应。故选D。
单选题,[2024年][河南中安]某石化公司安全部对其下属某加油站进行安全检查时发现，该加油站委托的施工单位正在进行屋顶防水维修工作，其临时用电安全作业管理不到位。下列该加油站临时用电的做法中，不符合安全要求的是（ ）。,A.临时用电设置接地保护|B.视频监控记录显示现场接线作业由一人完成|C.加油站进行可燃气体检测|D.临时用电线路采用耐压等级500V的绝缘电线,B,本题主要考查的是临时用电的要求，以记忆为主。B不符合，在开关上接引、拆除临时用电线路时，其上级开关应断电、加锁并加挂安全警示标牌，接、拆线路作业时，应有监护人在场。故选B。
单选题,[2024年][河南中安]某医疗器械生产企业根据风险管控要求，开展全厂危险有害因素的辨识工作，辨识过程中发现下列危险有害因素：①企业的网络环境保护过低，可能导致数据丢失、系统被破坏；②X光机生产过程中有很强的电离辐射；③某些仪器的生产过程中，工人处于一种不舒服的强迫性姿势；④生产车间存在直射光。根据《生产过程危险和有害因素分类与代码》（GB/T13861），属于环境因素的危险有害因素是（ ）。,A.①|B.③|C.②|D.④,B,本题主要考查的是生产过程中的危险和有害因素，属于高频考点。A错误，信息系统缺陷属于物的因素；C错误，电离辐射属于物的因素；B正确，强迫体位属于环境因素；D错误，有害光照属于物的因素。故选B。
单选题,[2024年][河南中安]某市应急管理部门在对该市工贸企业进行执法检查时，发现某有色金属冶炼企业存在以下问题：①辅料镁屑与纸箱混放；②位于半地下的水煤气管道排污阀处未安装气体报警仪；③钼铁破碎机检修时配电箱敞开；④浇铸炉未设置应急储存设施。针对上述问题，企业制定的下列整改措施中，错误的是（ ）。,A.安装具有信号远传的可燃气体报警仪|B.将镁屑放在密闭容器中，专门存放|C.检修期间对配电箱进行断电上锁|D.浇铸炉前设置应急储存坑,B,本题主要考查的是隐患的整改措施。 本题存在一定争议。A选项，水煤气的主要成分包括氢气（含量约占50%），CO（含量约占40%），因此在此区域内需要设置可燃气体和有毒气体探测器，A选项只提了设置可燃气体探测装置，表述不严谨。B选项，镁铝等易燃金属粉尘应存放在干燥、阴凉、通风良好的地方，避免阳光直射和高温环境，应当采取防水防潮、通风、氢气检测等必要的防火防爆措施，根据《工贸企业粉尘防爆安全规定》第十八条第二款，铝镁等金属粉尘和镁合金废屑的收集、贮存等处置环节，应当避免粉尘废屑大量堆积或者装袋后多层堆垛码放；需要临时存放的，应当设置相对独立的暂存场所，远离作业现场等人员密集场所，并采取防水防潮、通风、氢气监测等必要的防火防爆措施。含水镁合金废屑应当优先采用机械压块处理方式，镁合金粉尘应当优先采用大量水浸泡方式暂存。并未有明文要求说明镁粉尘应当存放在密闭容器内，B选项错误。C选项，检修期间应对配电箱断电挂牌上锁，缺少“挂牌”，说法同样不完善。D选项正确，浇铸炉前应设置应急储存坑。综上所述，本题答案推荐选择B选项。
单选题,[2024年][河南中安]某石化企业在开展安全生产标准化建设过程中，根据《安全色》（GB2893）和《安全标志及其使用导则》（GB2894），在装置区内重新设置标准的安全警示标志。“禁止触摸”标志应选用（ ）。,A.B|C.D,B,本题主要考查的是安全标志，属于高频考点。A为禁止伸入，B为禁止触摸，C为禁止抛物，D为禁止戴手套。故选B。
单选题,"[2024年][河南中安]某机械制造企业于2023年5月6日取得安全生产标准化二级企业证书。为持续改进安全绩效，提高自我安全管理水平，根据《企业安全生产标准化基本规范》（GB/T33000）,该企业下次自评时间应不晚于（ ）。",A.2024年4月6日|B.2026年4月6日|C.2026年5月6日|D.2024年5月6日,D,本题主要考查的是企业安全生产标准化管理体系的自评要求，属于数字类考点，以记忆为主。企业每年至少应对安全生产标准化管理体系的运行情况进行一次自评，验证各项安全生产制度措施的适宜性、充分性和有效性，检查安全生产和职业卫生管理目标、指标的完成情况。企业主要负责人应全面负责组织自评工作，并将自评结果向本企业所有部门、单位和从业人员通报。故选D。
单选题,[2024年][河南中安]某日天气晴朗，甲制药企业更换12t空发酵罐。该企业安全管理人员在现场检查时，发现有危及人身安全的情形，责令停止吊装作业。下列检查发现的情形中，属于停止作业的情形是（ ）。,A.未编制空发酵罐吊装作业方案|B.现场指挥人员佩戴了明显的相关标志|C.用叉车协助将空发酵罐固定在吊钩处|D.吊装过程阳光刺眼，不利于指挥,C,本题主要考查的是吊装作业，以记忆为主。A不属于，一、二级吊装作业，应编制吊装作业方案。吊装物体质量虽不足40t，但形状复杂、刚度小、长径比大、精密贵重，以及在作业条件，特殊的情况下，三级吊装作业也应编制吊装作业方案；吊装作业方案应经审批。12t空发酵罐属于三级吊装作业，无需编制吊装作业方案；B是规范行为不属于；C属于，在吊装作业中，叉车主要用于短距离的货物搬运和装卸等操作。正确的做法应该是使用专门的吊装工具和符合吊装安全要求的方式来固定重物到吊钩上；D不属于。故选C。
单选题,"[2024年][河南中安]某公司管理人员26人，生产车间员工500人，动力辅助车间员工12人；每日工作8h,全年工作日数300d。2023年该公司发生3起生产安全事故，造成2名员工死亡。该公司2023年百万工时死亡率是（ ）。",A.1.55|B.1.53|C.1.58|D.2.17,A,本题考察的是百万工时死亡率。做题思路：结合题干信息，代入公式计算。2÷（538×300×8）×106≈1.55。故选A。
单选题,[2024年][河南中安]甲公司作为总承包单位承揽了某大型商业综合体建设工程，并将工程项目部分分包。根据《危险性较大的分部分项工程安全管理规定》（住建部令第37号令）。下列分项工程需要组织专家论证施工方案的是（ ）。,A.开挖深度4m的基坑|B.搭设高度50m的落地式钢管脚手架工程|C.高处作业吊篮|D.起重量200kN的起重机械安装和拆卸工程,B,本题考察的是施工方案需要组织专家论证的情形，以记忆为主。B正确，搭设高度50m及以上落地式钢管脚手架工程需要组织专家论证；A错误，开挖深度超过5m（含5m）的基坑（槽）的土方开挖、支护、降水工程需要组织专家论证；C错误，高处作业吊篮需要编制专项施工方案但不需要专家论证；D错误，起重吊装及安装拆卸工程采用非常规起重设备、方法，且单件起吊重量在100kN及以上的起重吊装工程；起重量300kN及以上，或搭设总高度200m及以上，或搭设基础标高在200m及以上的起重机械安装和拆卸工程。故选B。
单选题,[2024年][河南中安]王某承包某企业钢结构办公楼的安装工程，使用起重机吊装楼板，楼板单体36t。吊装作业中，汽车吊各部件与周边330kV输电线路的最小距离为5m。关于该吊装作业安全管理要求的说法，正确的是（ ）。,A.该吊装作业属于三级吊装作业|B.作业时若有五级风以上天气应停止作业|C.吊装作业与带电线路最小距离可以保证安全|D.汽车吊司机休息时在保证安全的情况下可将楼板悬吊空中,A,本题主要考查的是吊装作业，以记忆为主。A正确，吊装作业按吊装重物的质量m不同分为三级：一级吊装作业：m＞100t；二级吊装作业：40t≤m≤100t；三级吊装作业：m＜40t；B错误，大雪、暴雨、大雾、六级及以上风时，不应露天作业；C错误，不应靠近高架电力线路进行吊装作业；D错误，停工和休息时，不应将吊物、吊笼、吊具和吊索悬在空中。故选A。
单选题,[2024年][河南中安]2023年某省某纺织企业发生火灾事故造成7人死亡。事故发生后，该省人民政府责成该企业所在市级人民政府立即成立事故调查组进行调查，事故调查组形成的事故调查报告需报送至该市人民政府批复。根据相关规定，该市人民政府批复该起事故调查报告的时限是（ ）。,A.10|B.30|C.60|D.15,D,本题主要考查的是事故调查报告的批复时限，属于数字类考点，以记忆为主。事故造成7人死亡，属于较大事故。重大事故、较大事故、一般事故，负责事故调查的人民政府应当自收到事故调查报告之日起15日内做出批复；特别重大事故，30日内做出批复，特殊情况下，批复时间可以适当延长，但延长的时间最长不超过30日。故选D。
单选题,"[2024年][河南中安]某集团安全部在对下属的大型商业综合体进行安全检查时，发现一处消防疏散通道不畅。按照《生产过程危险和有害因素分类与代码》（GB/T13861）,该危险因素属于（ ）。",A.人的因素|B.物的因素|C.管理因素|D.环境因素,D,本题主要考查的是生产过程中的危险和有害因素，属于高频考点。防疏散通道不畅属于环境因素中的作业场地安全通道缺陷。故选D。
单选题,[2024年][河南中安]某钢铁公司组织专业人员对各生产岗位的危险有害因素辨识评估后，制定了相应岗位劳动防护用品配备标准。下列劳动防护用品中，适宜矿石振动筛操作岗位配备的是（ ）。,A.自给开路式压缩空气呼吸器|B.自给闭路式压缩氧气呼吸器|C.自吸过滤式防毒面具|D.自吸过滤式防颗粒物呼吸器,D,本题主要考查的是劳动防护用品的配备，属于高频考点。自吸过滤式防颗粒物呼吸器能够有效过滤空气中的粉尘颗粒，防止操作人员吸入粉尘，适合矿石振动筛操作岗位。故选D。
单选题,[2024年][河南中安]某成品油储存企业计划对3000m²储罐顶部安全附件进行更换，更换前需要对高处作业进行危险因素辨识。根据《危险化学品企业特殊作业安全规范》（GB30871），下列危险有害因素中，不属于直接引起高处坠落客观危险因素的是（ ）。,A.作业期间阵风风力六级|B.作业位置光线不足|C.某员工血压160/100mmHg|D.作业期间平均气温4℃,C,本题主要考查的是高处作业，属于高频考点。8.1.2直接引起坠落的客观危险因素分为9种：（此时采用B分法）a）阵风风力五级（风速8.0m/s）以上；b）平均气温≤5℃的作业环境；c）接触冷水温度≤12℃的作业；d）作业场地有冰、雪、霜、油、水等易滑物；e）作业场所光线不足或能见度差；f）作业活动范围与危险电压带电体距离小于表1的规定；g）摆动，立足处不是平面或只有很小的平面，即任一边小于500mm的矩形平面、直径小于500mm的圆形平面或具有类似尺寸的其他形状的平面，致使作业者无法维持正常姿势；h）存在有毒气体或空气中含氧量低于19.5%（体积分数）的作业环境；i）可能会引起各种灾害事故的作业环境和抢救突然发生的各种灾害事故。C员工血压高是个人身体原因，不属于客观危险因素。故选C。
单选题,[2024年][河南中安]某企业为降低生产安全事故风险，采取了相应的安全技术措施。下列安全技术措施中，属于减少事故损失的措施是（ ）。,A.在产生静电的部位，安装静电接地装置|B.严格执行设备检维修制度，及时更换老化部件|C.为职工配备安全标准更高的安全帽、护目镜|D.增加紧急停车系统，一旦出现故障设备自动停机,C,本题考查的是安全技术措施的分类，属于高频考点。做题思路：熟悉安全技术措施分为防止事故发生的措施和减少事故损失的措施两大类。 A属于防止事故发生的安全技术措施中限制能力或危险物质；B属于防止事故发生的安全技术措施中减少故障和失误；C属于减少事故损失的安全技术措施中的个体防护；D属于防止事故发生的安全技术措施中故障－安全设计。故选C。
单选题,[2024年][河南中安]某建筑企业发生坍塌事故，造成多人受伤入院治疗。根据《企业职工伤亡事故分类标准》（GB6441），下列伤害情形中，属于轻伤的是（ ）。,A.拇指的远端指骨截肢|B.内脏出血需要手术救治|C.严重脑震荡需住院一个月|D.脚部中趾中间趾骨截肢,D,本题考查的是《企业职工伤亡事故分类标准》中对轻伤和重伤的界定，属于高频考点。做题思路：要清楚轻伤和重伤的判断依据。损失工作日低于105日的失能伤害为轻伤；损失工作日等于和超过105日的失能伤害为重伤。A为损失工作日300日；D为损失工作日75日，BC为功能性损伤均为重伤。故选D。
单选题,[2024年][河南中安]某芯片生产企业特气库内设有三个隔间，分别存有A1、A2及A3危险化学品，设计储量分别为2t、2t和1t。厂区边界向外扩展500m范围内常住人口数量为102人，相应的校正系数α为2。A1、A2和A3的临界量Q与校正系数β分别为5t、5；1t、20；5t、4。根据《危险化学品重大危险源辨识》（GB18218），如A1、A2、A3所在设施划分为一个评价单元，该企业危险化学品重大危险源等级是（ ）。,A.一级重大危险源|B.二级重大危险源|C.三级重大危险源|D.四级重大危险源,B,本题考查的是危险化学品重大危险源的辨识与等级划分，属于高频考点。做题思路：危险化学品的实际存在量与临界量的比值。R＝2×（5×2/5+20×2/1+4×1/5）＝85.6，属于二级重大危险源。故选B。
单选题,[2024年][河南中安]甲企业因环保排放不达标，将燃煤锅炉改造为燃气锅炉。锅炉改造项目完成后，按照规定需要变更使用登记，方可继续使用。根据《特种设备使用管理规则》（TSG08），关于该企业特种设备变更登记的说法，正确的是（ ）。,A.锅炉进行变更时，其设备代码应同时随之改变|B.甲企业应当在燃气锅炉投入使用前30日内向登记机关提交原使用登记证|C.甲企业应当在燃气锅炉投入使用后30日内向登记机关提交改造质量证明资料|D.登记机关应在原使用登记证上作注销标记,D,"本题考查的是特种设备变更登记的相关规定。做题思路：了解特种设备变更登记的相关流程和要求。A错误，错在“随之改变”。根据《特种设备使用管理规则》（TSG08）3.8，办理特种设备变更登记时，如果特种设备产品数据表中的有关数据发生变化，使用单位应当重新填写产品数据表。变更登记后的特种设备，其设备代码保持不变；B错误，错在“应当、使用前30日”；C错误，错在“应当”。3.8.1改造变更，特种设备改造完成后，使用单位应当在投入使用前或者投入使用后30日内向登记机关提交原使用登记证、重新填写的使用登记表(一式两份)、改造质量证明资料以及改造监督检验证书(需要监督检验的),申请变更登记，领取新的使用登记证。登记机关应当在原使用登记证和原使用登记表上作注销标记；D正确，登记机关收到使用单位提交的资料后，应当在原使用登记证上作注销标记。故选D。"
单选题,[2024年][河南中安]某化工园区制氢企业采用管道输送方式为其他企业供应氢气。该企业组织相关部门和人员明确变更管理的范围。下列该企业现场作业的做法中，无需履行变更手续工作的是（ ）。,A.更换同类型管线安全阀|B.同口径的不锈钢管线替代碳钢管线|C.管线上的放空点作为氧气的采样点|D.管线上的球阀更换为截止阀,A,本题考查的是变更管理的范围。做题思路：明确变更管理的范围。A正确，设备设施变更。主要包括设备设施的更新改造、非同类型替换（包括型号、材质、安全设施的变更）、布局改变，备件。材料的改变，监控、测量仪表的变更，计算机及软件的变更，电气设备的变更，增加临时的电气设备等。故选A。
单选题,[2024年][河南中安]某公司为加快发展新质生产力，扎实推进高质量发展，投入800万元进行节能环保改造，李某为安全部门负责人，根据有关规定，下列安全职责中，属于李某法定安全责任的是（ ）。,A.组织制定并实施本单位安全生产教育和培训计划|B.组织拟订本单位安全生产责任制、操作规程|C.组织制定并实施本单位的生产安全事故应急救援预案|D.组织开展危险源辨识和评估，督促落实本单位重大危险源的安全管理措施,D,本题考查的是生产经营单位安全生产管理人员的法定安全职责，属于高频考点。做题思路：熟悉《安全生产法》中对于生产经营单位安全生产管理机构以及安全生产管理人员的职责规定。《安全生产法》第二十五条生产经营单位的安全生产管理机构以及安全生产管理人员履行下列职责：（一）组织或者参与拟订本单位安全生产规章制度、操作规程和生产安全事故应急救援预案；（二）组织或者参与本单位安全生产教育和培训，如实记录安全生产教育和培训情况；（三）组织开展危险源辨识和评估，督促落实本单位重大危险源的安全管理措施；（四）组织或者参与本单位应急救援演练；（五）检查本单位的安全生产状况，及时排查生产安全事故隐患，提出改进安全生产管理的建议；（六）制止和纠正违章指挥、强令冒险作业、违反操作规程的行为；（七）督促落实本单位安全生产整改措施。生产经营单位可以设置专职安全生产分管负责人，协助本单位主要负责人履行安全生产管理职责。李某是安全官人，AC属于主要负责人的职责，B不属于，安全生产责任制属于主要负责人的职责。故选D。
单选题,[2024年][河南中安]某省应急管理部门对近70年该省发生的火灾事故从事故级别、时间、地域、经济发展程度等方面进行了统计分析，得出了重特大火灾事故发生的规律。该省应急管理部门运用的统计分析方法是（ ）。,A.综合分析法|B.分组分析法|C.算数平均法|D.相对指标比较法,A,本题考查的是事故统计分析方法中的综合分析法。做题思路：了解各种事故统计分析方法的特点。A正确，综合分析法是将大量的事故资料进行总结分类，将汇总整理的资料及有关数值，形成书面分析材料或填入统计表或绘制统计图，使大量的零星资料系统化、条理化、科学化，从各种变化的影响中找出事故发生的规律性。故选A。
单选题,[2024年][河南中安]某化肥生产企业开展大检修露天作业，需要对造粒塔部分管线进行拆除更换，其中最大吊物重量为35t。下列吊装作业安全管理要求中，错误的是（ ）。,A.吊装管线长径比大，编制的作业方案经过审批方可作业|B.如遇六级以上大风时应停止作业|C.指挥人员应佩戴明显的标志，并按规定的联络信号进行指挥|D.利用两台额定能力40t的起重机械作业时，每台起重机械最大允许载荷为34t,D,本题考查的是吊装作业的安全管理要求，属于高频考点。做题思路：了解吊装作业安全管理的相关规定和要求。D错误，利用两台或多台起重机械吊运同一重物时应保持同步，各台起重机械所承受的载荷不应超过各自额定起重能力的80%；即不超过32t。故选D。
单选题,[2024年][河南中安]某企业于某日上午10：00对食堂油污池进行清掏，作业现场监护人员作业前对有限空间作业票进行了确认、对外委作业人员进行了安全交底，对通风、检测和必要的隔断和防护用品等逐项进行了检查，确认没有问题后允许进行清掏工作。12：00停止作业就餐。13：10作业人员开始作业。根据《工贸企业有限空间作业安全规定》（应急管理部令第13号），该有限空间作业中断后符合重新作业条件的是（ ）。,A.通风和气体检测合格|B.13：00进行安全交底|C.对有限空间作业票再次确认|D.13：10增设一名监护人员,A,本题考查的是工贸企业有限空间作业安全规定中作业中断后的重新作业条件，属于高频考点。做题思路：熟悉《工贸企业有限空间作业安全规定》中关于有限空间作业中断后的相关要求。A正确，受限空间作业中断时间超过60min时，应重新进行气体检测分析。故选A。
单选题,[2024年][河南中安]某企业酿再生车间改造后，原有职业病危害防治设施不符合国家相关规定，应进行整改。下列该企业职业病危害问题整改措施中，错误的是（ ）。,A.在可能接触酸雾区域的醒目位置，设置警示标识和中文警示说明|B.安排专人负责酸雾、酸酐等危害因素的日常检测|C.安排人力专员兼职负责职业健康监护工作|D.落实作业人员全期职业健康检查,C,本题考查的是企业职业病危害问题的整改措施。做题思路：了解职业病危害防治的相关规定和要求，包括设置警示标识、危害因素日常检测、职业健康监护工作以及职业健康检查等方面。C错误，错在“需要由专业人员负责，不能由人力专员兼职负责”。根据《职业健康监护技术规范》4.2.1用人单位的责任和义务（2）用人单位要建立职业健康监护档案，由专人负责管理，并按照规定的期限妥善保存，要确保医学资料的机密和维护劳动者的职业健康隐私权、保密权。故选C。
单选题,[2024年][河南中安]某企业发生一起生产安全事故，事故调查组根据工作要求查明事故造成的直接经济损失，包括人员伤亡后所支出的费用、事故善后处理费用和财产损失费用等。下列经济损失费用中，属于事故善后处理费用的是（ ）。,A.丧葬及抚恤费用|B.事故罚款|C.补助及救济费用|D.歇工工资,B,本题考查的是生产安全事故直接经济损失中事故善后处理费用的内容，属于高频考点。做题思路：生产安全事故直接经济损失的分类。直接经济损失指因事故造成人身伤亡及善后处理支出的费用和毁坏财产的价值。（1）人身伤亡后所支出的费用，包括医疗费用（含护理费用）、丧葬及抚恤费用、补助及救济费用、歇工工资；B正确，（2）善后处理费用，包括处理事故的事务性费用、现场抢救费用、清理现场费用、事故罚款和赔偿费用。（3）财产损失价值，包括固定资产损失价值、流动资产损失价值。ACD属于人身伤亡后所支出的费用。故选B。
单选题,[2024年][河南中安]某医药化工企业计划“五一”假期对燃油锅炉房外原供油管线及配套的消防管道进行拆除，并安装新管线。根据《危险化学品企业特殊作业安全规范》（GB30871），下列该企业更换管道作业的做法中，正确的是（ ）。,A.对原管道外壁上的动火点直径10m范围内进行气体分析|B.拆除原管道办理的动火安全作业票有效期为24h|C.对消防管道气割实行二级动火管理|D.未办理动火安全作业票在固定动火区对新供油管线进行打磨除锈,D,本题考查的是危险化学品企业特殊作业安全规范中关于更换管道作业的相关要求，属于高频考点。做题思路：熟悉动火作业的具体规定。A错误，错在“直径”。在管道、储罐、塔器等设备外壁上动火，应在动火点10m范围内进行气体分析，同时还应检测设备内气体含量。动火点10m范围内，指的是半径10m，而不是直径；C错误，错在“没有考虑假期升级管理”。消防管道进行拆除动火作业属于二级，但在五一期间，要升级为一级动火作业；B错误，错在“说有效期为24h不准确”。一级动火作业，作业票有效期为8h。故选D。
单选题,[2024年][河南中安]某厂生产过程中产生可燃性粉尘，现有干式除尘器不符合国家规范，计划在该除尘系统上安装压差报警、锁气卸灰阀门等安全装置。关于该安全技术措施计划编制原则和内容的说法，正确的是（ ）。,A.验收合格后，应对该厂调度员、操作工、保洁员等有关人员进行粉尘专项培训|B.生产车间编制的除尘系统安全措施计划，应经安全和技术等部门联合会审后，交车间执行|C.压差报警部件到货后，仓库保管员应清点数量，记入账，生产车间按计划领取|D.锁气卸灰阀门安装完成后，应由质检部门组织验收，验收合格后办理结算手续,A,本题考查的是安全技术措施计划的编制原则和内容。做题思路：熟悉安全技术措施计划的编制原则和内容。B错误，错在“审批人”。安全技术措施计划一般由生产经营单位主管生产的领导或总工程师审批；C错误，采购后要进行严格的质量检验，而不是简单的仓库保管员清点数量入账、生产车间按计划领取；D错误，锁气卸灰阀门安装完成后，应由安全管理部门组织相关部门（如设备管理部门、使用部门等）进行验收，验收合格后办理结算手续，而不是质检部门组织验收。故选A。
单选题,[2024年][河南中安]某煤制甲醇生产企业在生产过程中涉及一氧化碳、氢气、甲苯、丙烯、硫化氢和二氧化硫等物质。关于该企业职业危害因素来源、物质毒性及危害程度的说法，正确的是（ ）。,A.甲醇和硫化氢属于高毒物质|B.一氧化碳和丙烯毒性危害程度相同|C.二氧化硫和硫化氢属于生产性毒物|D.受化学结构影响甲苯比甲醇的毒性小,C,本题考查的是职业危害因素来源、物质毒性及危害程度的判断。做题思路：熟悉常见职业危害因素的毒性分类和危害程度。A错误，硫化氢属于高毒物质，但甲醇不属于；B错误，根据相关毒性分级标准，一氧化碳和丙烯的毒性危害程度是不同的；D错误，甲苯没有急性毒性，甲醇属于急性毒性类别3。故选C。
单选题,[2024年][河南中安]某危化品企业组织编制危险化学品事故专项应急预案，确定相关内容的部分条目如下：①应急组织机构与职责；明确各部门职责；②处置措施：针对可能发生的事故风险、危害程度和影响范围，明确应急处置指导原则，制定相应的应急处置措施；③应急预案评审：评审应急预案的全面性、合理性、科学性、可行性和衔接性；④事故风险分析：应采取多种形式进行危化品事故风险辨识。根据《生产经营单位生产安全事故应急预案编制导则》（GB/T29639），上述条目中，不属于该专项预案内容的是（ ）。,A.①|B.②|C.④|D.③,D,本题考查的是《生产经营单位生产安全事故应急预案编制导则》中专项应急预案的内容，属于高频考点。做题思路：熟悉专项应急预案应包含的内容。 专项应急预案是生产经营单位为应对某一类型或某几种类型事故，或者针对重要生产设施、重大危险源、重大活动等内容而定制的应急预案。专项应急预案主要包括事故风险分析、应急指挥机构及职责、处置程序和措施等内容。①应急组织机构与职责，②处置措施，④事故风险分析属于。③应急预案评审不属于 ，编制专项应急预案后才涉及评审。故选D。
单选题,[2024年][河南中安]某食品加工企业组织液氨泄漏应急预案实战演练。关于该企业应急预案演练组织与实施的做法，错误的是（ ）。,A.发生液氨泄漏事故后现场工作人员第一时间通过对讲机、电话进行报告|B.在模拟液氨泄漏的现场周边设置警戒隔离区，实行交通管制，维护现场秩序|C.应急演练实施过程中突然下雨，短时间停不了，演练总指挥宣布结束应急演练|D.演练当天，参演的职工小李生病请假，企业临时安排同岗位小王代替小李参与演练,D,本题考查的是企业应急预案演练组织与实施，属于高频考点。做题思路：应急预案演练组织与实施的相关要求和规范。D错误，错在“临时替换人员”。参演人员在演练前，应急演练工作方案就已经确定了参与人员和范围，并且要经过培训。故选D。
单选题,[2024年][河南中安]市政投资公司甲将新建道路工程发包给乙建筑公司，将工程的监理业务发包给丙监理公司，乙公司将工程施工及维保的劳务分包给丁公司。工程进行到一定阶段后，因工程施工征地手续问题未落实，暂时停工。在停工阶段，该新建道路已建工程的维保管理协调由（ ）负责。,A.甲公司|B.乙公司|C.丙公司|D.丁公司,B,本题考查建筑工程各方主体在工程维保管理中的责任，属于高频考点。做题思路：熟悉各个主体在工程中的角色和职责。B正确，乙公司作为建筑施工总承包单位，承担了工程的施工任务。即使将劳务分包给丁公司，施工质量、工程维保等主要责任仍在乙公司。施工单位对工程的质量、施工情况等最为了解，在工程施工期间和停工阶段，都应对已建工程的维保管理协调负责。故选B。
单选题,[2024年][河南中安]东北某地甲化工公司与乙工程公司签订破碎间设备拆装及钢结构拆除施工合同，工程范围包括破碎设备的拆除、安装和原破碎车间钢结构拆除工程。2024年1月9日上午，工人丙在甲化工公司破碎车间的坡屋面拆除彩钢板时，因脚手板不稳定，从离地面18m的檐口处摔下，导致盆骨粉碎性骨折。关于甲公司和乙公司本次高处作业许可管理的说法，错误的是（ ）。,A.工人丙的防坠个体防护装备应使用围杆作业用安全带|B.甲公司应当在签订合同前审查乙公司是否具备钢结构拆除资质|C.乙公司本次拆除作业属于高处作业分级的Ⅳ级|D.本次高处作业票有效期为1月5日16时-1月12日15时,A,本题考查高处作业许可管理相关知识，属于中等频率考点。做题思路：结合题目背景信息进行判断。A错误，错在“安全带选用”。对于临边高处作业这种有坠落风险的情况不合适，应该使用坠落悬挂安全带；C正确，背景中的高处作业本身属于Ⅲ级，但东北地区1月份天气寒冷，符合直接引起坠落的客观危险因素中的：b）平均气温≤5℃的作业环境；因此升高一级为Ⅳ级。故选A。
单选题,[2024年][河南中安]某大型国营集团总部财务部门与安全管理部门联合对下属独立法人企业本年度安全生产费用预算进行审核。根据《企业安全生产费用提取和使用管理办法》（财资〔2022〕136号），下表中，安全生产费用提取符合要求的企业是（ ）。,A.乙|B.丙|C.丁|D.甲,D,本题考查不同类型企业安全生产费用的提取依据和计算方法。做题思路：各企业类型及对应的提取依据和计算方法。D正确，危险品生产与储存企业以上一年度营业收入为依据，采取超额累退方式确定本年度应计提金额，并逐月平均提取。具体如下：（一）上一年度营业收入不超过1000万元的，按照4.5%提取；（二）上一年度营业收入超过1000万元至1亿元的部分，按照2.25%提取。甲企业：1000×4.5%+200×2.25%＝49.5万；A错误，烟花爆竹生产企业以上一年度营业收入为依据，采取超额累退方式确定本年度应计提金额，并逐月平均提取。具体如下：（一）上一年度营业收入不超过1000万元的，按照4%提取；（二）上一年度营业收入超过1000万元至2000万元的部分，按照3%提取；（三）上一年度营业收入超过2000万元的部分，按照2.5%提取。乙企业：950万×4%＝38万；B错误，非煤矿山开采企业依据当月开采的原矿产量，于月末提取企业安全生产费用。提取标准如下：（一）金属矿山，其中露天矿山每吨5元，地下矿山每吨15元；（二）核工业矿山，每吨25元；（三）非金属矿山，其中露天矿山每吨3元，地下矿山每吨8元。丙企业：3万×8＝24万；C错误，建设工程施工企业以建筑安装工程造价为依据，于月末按工程进度计算提取企业安全生产费用。提取标准如下：（一）矿山工程3.5%；（二）铁路工程、房屋建筑工程、城市轨道交通工程3%；（三）水利水电工程、电力工程2.5%。丁企业：65万×2.5%＝1.625万。故选D。
单选题,[2024年][河南中安]A化工公司发生一起爆炸事故，造成3人死亡、6人重伤。经事故调查组认定，该事故是一起长期违法贮存硝化废料导致自燃进而引发爆炸的生产安全责任事故。调查发现在事故发生前，安全评价机构B公司为A公司出具的安全现状评价报告与实际情况严重不符，属虚假报告。关于该事故处理的说法，错误的是（ ）。,A.处以A化工公司180万元罚款|B.责令A化工公司停业整顿|C.吊销B公司安全评价业务资质证书|D.处以B公司直接负责的主管人员8万元罚款,B,本题考查生产安全事故处理及安全评价机构出具虚假报告的处罚规定。做题思路：结合法律法规进行判断。A正确，发生较大事故的，处一百万元以上二百万元以下的罚款；C正确，对有上述违法行为的机构及其直接责任人员，吊销其相应资质和资格，五年内不得从事安全评价、认证、检测、检验等工作，情节严重的，实行终身行业和职业禁入；D正确，承担安全评价、认证、检测、检验职责的机构租借资质、挂靠、出具虚假报告的，对其直接负责的主管人员和其他直接责任人员处5万元以上10万元以下的罚款。故选B。
单选题,[2024年][河南中安]A市油品经营企业（带储存）为分公司，其上级总公司主要负责人长期在B市办公，常务副总经理驻A市分公司办公。为落实《危险化学品企业重大危险源安全包保责任制办法（试行）》，总公司制定了有关负责人的包保责任制。关于该油品经营企业的重大危险源包保责任制的说法，正确的是（ ）。,A.重大危险源的主要负责人，由常务副总经理担任，保证安全生产所必需的安全投入|B.重大危险源的技术负责人，由常务副总经理担任，对涉及重大危险源的特殊作业督促落实作业安全管控措施|C.重大危险源的技术负责人，由常务副总经理担任，组织重大危险源专项应急预案和现场处置方案演练|D.重大危险源的操作负责人，由常务副总经理担任，督促检查各岗位严格执行重大危险源安全生产规章制度和操作规程,C,本题考查危险化学品企业重大危险源安全包保责任制。做题思路：理解重大危险源安全包保责任制的具体内容。A错误，重大危险源的主要负责人，应当由危险化学品企业的主要负责人担任。上级总公司主要负责人长期在B市办公，异地办公不等于不负责日常工作，重大危险源的主要负责人应由主要负责人担任。重大危险源的技术负责人，应当由危险化学品企业层面技术、生产、设备等分管负责人或者二级单位（分厂）层面有关负责人担任，常务副总经理为A市分公司分管负责人，担任重大危险源的技术负责人；B错误，对涉及重大危险源的特殊作业督促落实作业安全管控措施属于操作负责人的职责；D错误，重大危险源的操作负责人，应当由重大危险源生产单元、储存单元所在车间、单位的现场直接管理人员担任，例如车间主任。故选C。
单选题,[2024年][河南中安]某化工生产企业有1套天然气制氢装置和1处重大危险源危险化学品库房。生产过程中，该企业还使用吊车、叉车等进行作业。关于该企业应急预案编制类型的说法，错误的是（ ）。,A.应编制重大危险源专项应急预案|B.应编制危险化学品库房泄漏现场处置方案|C.应编制特种设备综合应急预案|D.应编制制氢装置爆炸现场处置方案,C,本题考查企业应急预案编制类型，属于高频考点。做题思路：熟悉应急预案的分类及适用范围。综合应急预案是生产经营单位为应对各种生产安全事故而制定的综合性工作方案，是本单位应对生产安全事故的总体工作程序、措施和应急预案体系的总纲。专项应急预案是生产经营单位为应对某一种或者多种类型生产安全事故，或者针对重要生产设施重大危险源、重大活动防止生产安全事故而制定的专项工作方案。现场处置方案是生产经营单位根据不同生产安全事故类型，针对具体场所、装置或者设施所制定的应急处置措施。现场处置方案重点规范事故风险描述、应急工作职责、应急处置措施和注意事项，应体现自救互救、信息报告和先期处置的特点。应编制特种设备专项应急预案。故选C。
单选题,[2024年][河南中安]某特种作业人员培训机构对某市生产企业特种作业人员培训取证报名情况进行了归类审核。根据《特种作业人员安全技术培训考核管理规定》（国家安全监管总局令第30号），下列各组作业类别中，均应取得特种作业操作证的是（ ）。,A.高处作业、起重机作业、石油天然气作业、冶金作业|B.电工、焊接与切割、高处作业、制冷与空调、煤矿安全作业|C.电工、特种设备焊接作业、危化品作业、烟花爆竹作业、制冷与空调|D.石油天然气作业、冶金作业、危化品作业、烟花爆竹作业、压力容器作业,B,本题考查特种作业的类别及需取得特种作业操作证的作业范围，属于高频考点。做题思路：熟悉《特种作业人员安全技术培训考核管理规定》中明确的特种作业类别。特种作业包括：电工作业、焊接与热切割作业、高处作业、制冷与空调作业、煤矿安全作业、金属非金属矿山安全作业、石油天然气安全作业、冶金（有色）生产安全作业、危险化学品安全作业、烟花爆竹安全作业、应急管理部认定的其他作业。故选B。
单选题,[2024年][河南中安]某企业利用动物内脏及肉类为原料，生产饲料用动物油脂。其生产流程是将原材料堆放在生产车间一侧，工人用铁锹将原材料运到螺旋输送机，再由输送机运输到密闭容器内，经高温加热后产出油脂，油脂冷却后装桶。生产过程中车间充斥恶臭，严重影响作业人员身心健康。下列安全管理技术措施中，能有效改善该生产车间空气质量的是（ ）。,A.为工人配备密闭性好的口罩|B.向车间喷洒空气清新剂|C.原材料实现密闭存放|D.采用机械化设备投料,C,本题考查改善生产车间空气质量的安全管理技术措施。做题思路：本题的关键在于改善生产车间因动物内脏及肉类原材料散发恶臭而导致的空气质量差的问题。C正确，原材料密闭存放可以避免泄漏，能够有效改善车间空气质量。故选C。
单选题,[2024年][河南中安]某LNG加注站在停业检修时发生一起爆炸事故，导致4人死亡，30名周边群众轻伤。本起事故产生人员伤亡医疗费30万元。处理环境污染费10万元，死者家属食宿及交通费15万元。4名死者赔偿金共800万元，加注站设备修复费130万元，政府部门罚款150万元，加注站重新投入使用前安全评价费10万元。该事故的直接经济损失是（ ）万元。,A.1125|B.1110|C.1135|D.1145,A,本题考查生产安全事故的直接经济损失计算，属于高频考点。做题思路：掌握直接经济损失的统计范围。30+15+800+130+150＝1125w直接经济损失的统计范围：（1）人身伤亡后所支出的费用，包括医疗费用（含护理费用）、丧葬及抚恤费用、补助及救济费用、歇工工资。（2）善后处理费用，包括处理事故的事务性费用、现场抢救费用、清理现场费用、事故罚款和赔偿费用。（3）财产损失价值，包括固定资产损失价值、流动资产损失价值。故选A。
多选题,[2024年][河南中安]某年7月11日，某化工生产企业工程师甲组织清洗该公司甲苯储罐时，在未进行通风和检测的情况下，指挥工人乙、丙进罐操作。10min后甲听到异响，从罐口探头查看发现工人乙在罐内昏迷，立即协助工人丙勉强出罐。关于本次受限空间安全管理要求的说法，错误的有（ ）。,A.甲在罐体外全程监护，可将手伸入罐内协助丙出罐|B.本次作业应配置移动式气体检测报警仪，每2h应开机检测记录1次|C.甲经专项培训考试合格，持培训合格证可作为本次作业监护人|D.本次受限空间安全作业票有效期可为7月11日8时～7月12日8时 E 甲应及时告知作业人员储罐内的溶液成分含有毒物质,ABC,本题考查受限空间安全管理要求，属于高频考点。做题思路：熟悉受限空间安全管理的相关规定和要求。A错误，监护人应在受限空间外进行全程监护，不应在无任何防护措施的情况下探入或进入受限空间；B错误，作业时，作业现场应配置移动式气体检测报警仪，连续检测受限空间内可燃气体、有毒气体及氧气浓度，并2h记录1次；C错误，除持培训合格证外，还应具备生产（作业）实践经验。作业期间应设监护人，监护人应由具有生产（作业）实践经验的人员担任，并经专项培训考试合格，佩戴明显标识，持培训合格证上岗；D正确，有效期为24h。故选ABC。
多选题,[2024年][河南中安]某市发生一起居民自建房倒塌事故，造成20人死亡。经调查认定，该事故是一起因房主违法违规建设、加层扩建和用于出租经营，有关部门组织开展违法建筑整治、风险隐患排查治理不认真不负责，造成重大安全隐患长期未得到整治而导致的生产安全责任事故。针对事故中暴露的问题，下列系列措施建议中，属于事故调查组所提出建议的有（ ）。,A.开展教育培训，增强行政机关人员隐患排查能力|B.加大监督检查力度，突出防控经营性自建房安全风险|C.严格落实安全管理职责，进一步明确自建房监督责任主体部门|D.事故调查报告应在15日内批复 E 严肃事故问责，对事故责任者提出从严从重的处理建议,AB,本题考查事故调查组针对事故提出的措施建议。做题思路：理解事故调查组的职责。对事故责任者提出处理建议：通过事故调查分析，在认定事故的性质和事故责任的基础上，对事故责任者提出行政处分、纪律处分、行政处罚、追究刑事责任、追究民事责任的建议。AB属于；C不属于，监管主体已经明确了，目前遇到的问题是执法不严，不认真；D不属于措施建议的内容，E建议慎选。故选AB。
多选题,[2024年][河南中安]甲公司是一家家电制造企业，2024年5月13日发生火灾，生产车间厂房局部损毁，多台注塑机、成型机报废，原材料、半成品、成品都有不同程度损坏。根据《企业职工伤亡事故经济损失统计标准》（GB/T6721），下列经济损失费用中，应列入直接经济损失的有（ ）。,A.停产期间甲公司盈利减少300万元|B.注塑机、成型机报废损失固定资产680万元|C.生产车间厂房修复费用120万元|D.清理现场费用10万元 E 处理环境污染费用38万元,BCD,本题考查企业职工伤亡事故经济损失中直接经济损失的判定。做题思路：掌握直接经济损失和间接经济损失的分类标准。间接经济损失：（1）停产、减产损失价值。（2）工作损失价值。（3）资源损失价值。（4）处理环境污染的费用。（5）补充新职工的培训费用。（6）其他损失费用。AE属于间接经济损失。故选BCD。
多选题,[2024年][河南中安]元旦期间，某风景区观景平台出现大量观看新年倒计时的市民和游客，随着人群大量聚集，人行通道阶梯处的单向通行警戒带被冲破。现场值勤民警竭力维持秩序，但仍有大量市民游客逆行涌上观景平台。上下人流不断对冲后在阶梯中间形成僵持，几分钟后由于僵持人流向下的压力陡增，造成阶梯底部有人失衡跌倒，继而引发多人摔倒、叠压，导致拥挤踩踏事故发生，事故造成多人伤亡，该事故的发生是一连串事件联锁发生的结果。按海因希因果连锁理论，其中人群逆行涌上观景平台的原因可归结于（ ）。,A.社会环境因素|B.人的缺点|C.事故|D.伤害 E 人的不安全行为和物的不安全状态,AB,本题考查海因里希因果连锁理论的应用。做题思路：熟悉海因里希因果连锁理论的五个因素。海因里希将事故因果连锁过程概括为以下五个因素：①遗传及社会环境（M）。②人的缺点（P）。③人的不安全行为或物的不安全状态（H）。④事故（D）。⑤伤害（A）。题目问的是人群逆行涌上观景平台的原因，CD不属于原因；E是事故的原因。故选AB。
多选题,[2024年][河南中安]甲石化公司发现1台汽油内浮顶储罐呼吸阀出口VOC浓度超标，初判为内浮盘密封泄漏，委托乙公司进行维修。乙公司在维修过程中发现大部分浮箱损坏已无修复价值。甲公司决定对浮盘进行整体更换。浮盘更换作业过程中，乙公司承担的主体责任有（ ）。,A.进入内浮顶储罐内作业时，作业人员应使用防爆工具|B.气体检测分析合格后才能安排人员进入内浮顶储罐内作业|C.受限空间安全作业票审批时间不应早于气体检测分析时间|D.在作业内容发生重大变化且施工方案未作变更的情况下，应及时停止作业 E 按管理部门的要求，将检修计划向所在地政府相关部门报备,ABD,本题考查承包商在作业过程中的主体责任。做题思路：明确题目所涉及的场景和各方主体责任。CE属于生产经营单位的主体责任。故选ABD。
多选题,[2024年][河南中安]甲、乙、丙三人分别是锰铸造企业、物流运输企业、液氧生产企业的安全生产管理人员。关于三人安全教育培训要求的说法，正确的有（ ）。,A.甲首次安全培训内容应包括职业性中毒应急处置要点|B.乙初次安全培训时间不得少于32学时|C.三人进行安全再培训时应学习国外先进的安全标准|D.丙每年再培训时间不得少于12学时 E 甲每年再培训时间不得少于16学时,AB,本题考查不同类型企业安全生产管理人员的安全教育培训要求，属于高频考点。做题思路：明确各选项中涉及的不同企业类型。A正确，安全生产管理人员初次培训的主要内容：（1）国家安全生产方针、政策和有关安全生产的法律法规、规章及标准。（2）安全生产管理、安全生产技术、职业卫生等知识。（3）伤亡事故统计、报告及职业危害的调查处理方法。（4）应急管理、应急预案编制以及应急处置的内容和要求。（5）国内外先进的安全生产管理经验。（6）典型事故和应急救援案例分析。（7）其他需要培训的内容；C错误，错在“培训的内容”。再培训的主要内容：对已经取得上岗资格证书的安全生产管理人员，应定期进行再培训，再培训的主要内容是新知识、新技术和新颁布的政策、法规，有关安全生产的法律法规、规章、规程、标准和政策，安全生产的新技术新知识，安全生产管理经验，典型事故案例。培训时间：（1）煤矿、非煤矿山、危险化学品、烟花爆竹、金属冶炼等生产经营单位安全生产管理人员初次安全资格培训时间不得少于48学时，每年再培训时间不得少于16学时。（2）其他生产经营单位安全生产管理人员初次安全生产管理培训时间不得少于32学时，每年再培训时间不得少于12学时；B正确，物流运输企业属于其他生产经营单位，乙初次培训不少于32学时；D错误，E正确，液氧生产企业和锰铸造企业属于高危行业，每年再培训不少于16学时。故选ABE。
多选题,[2024年][河南中安]某公司邀请第三方机构进行安全教育培训，培训的重点内容之一是《如何应用系统安全理论指导安全生产》。关于系统安全理论的说法，正确的有（ ）。,A.在工程项目构思阶段就必须考虑其安全性的问题|B.将风险分析和隐患辨识贯穿于整个系统生命周期中|C.系统安全的基本原则是在生产试运行期间考虑其安全性|D.根除现有危险源的危险性 E 系统安全的目标是通过预防措施减少事故发生的可能性,AB,本题考查系统安全理论的相关内容，属于高频考点。做题思路：对选项中关于系统安全理论的描述进行分析。AB正确，C错误，系统安全是指在系统寿命周期内应用系统安全管理及系统安全工程原理，识别危险源并使其危险性减至最小，从而使系统在规定的性能、时间和成本范围内达到最佳的安全程度。系统安全的基本原则是在一个新系统的构思阶段就必须考虑其安全性的问题，制定并开始执行安全工作规划--系统安全活动，并且把系统安全活动贯穿于系统寿命周期，直到系统报废为止；D错误，不可能根除一切危险源和危险，可以减少来自现有危险源的危险性，应减少总的危险性而不是只消除几种选定的危险；E不建议选择，安全工作的目标就是控制危险源，努力把事故发生概率降到最低，万一发生事故，把伤害和损失控制在最低程度上。系统安全不是只强调事故发生之前的预防，而是应该整体把控安全的要求，即事故发生之前和事故发生之后的安全目标。故选AB。
单选题,[2024年][河南中安]某污水处理公司按照集团公司《应急预案管理制度》，于2023年12月26日组织专家对污水二级处理的生物池现场处置方案内容进行了针对性和实用性评估。根据《生产经营单位生产安全事故应急预案编制导则》（GB/T29639），关于该公司生物池淹溺现场处置方案的说法，正确的有（ ）。,A.生物池存在淹溺风险，应急处置措施中应设置视频监控|B.生物池演练淹溺救援过程，应采取桌面推演形式进行|C.增加现场应急处置措施篇幅后，无需单独列出应急处置程序|D.生物池的淹溺风险可用列表的形式在附件中体现 E 生物池淹溺的LEC风险评估属于事故风险描述内容,D,本题考查生产经营单位生产安全事故应急预案中现场处置方案的相关内容，属于高频考点。做题思路：《生产经营单位生产安全事故应急预案编制导则》中对现场处置方案的要求。A错误，设置视频监控不属于应急处置措施。现场应急处置措施，针对可能发生的事故从人员救护、工艺操作、事故控制、消防、现场恢复等方面制定明确的应急处置措施；B错误，演练淹溺救援过程可以采用桌面推演和实战演练等多种形式。桌面推演主要是通过讨论、模拟等方式进行，实战演练则更能真实地检验救援措施的有效性，仅采取桌面推演形式进行不够全面；C错误，现场处置方案应包括应急处置程序，即使增加了现场应急处置措施篇幅，也不能省略应急处置程序；D正确，风险评估的结果属于现场处置方案中附件的一部分。生物池的淹溺风险可以用列表的形式在附件中体现，这样可以更清晰地展示风险相关信息；E正确，事故风险描述，简述事故风险评估的结果(可用列表的形式列在附件中)。故选DE。
单选题,[2024年][河南中安]按照事故统计指标的通常分类，下列事故相关指标中，属于“十四五”国家安全生产规划绝对指标的有（ ）。,A.单位国内生产总值生产安全事故死亡率下降33%|B.营运车辆事故死亡人数下降13%|C.生产安全事故死亡人数下降15%|D.煤矿百万吨死亡率下降10% E 重特大生产安全事故起数下降20%,C,本题考查“十四五”国家安全生产规划中的事故统计指标分类。做题思路：明确题目中要求判断的是 “十四五”国家安全生产规划中的绝对指标。指标通常分为绝对指标和相对指标。绝对指标是指反映伤亡事故全面情况的绝对数值，如事故起数、死亡人数、重伤人数、轻伤人数、直接经济损失、损失工作日等。相对指标是伤亡事故的两个相联系的绝对指标之比，表示事故的比例关系，如千人死亡率、千人重伤率、百万吨死亡率等。AD为相对指标，BCE为绝对指标。根据“十四五”国家安全生产规划，（三）规划目标-专栏1可知，涉及的绝对指标的有CE。故选CE。
单选题,[2024年][河南中安]某化工企业污水池底部排污管腐蚀损坏需更换。5月23日9：00开始办理受限空间安全作业票，污水池通风置换后，10：00对池底气体进行检测分析后完成审批，有效期为8h。12：20开始拆除废弃管道，12：40进行氧气含量检测，结果为19.3%，（体积分数），作业人员立即撤出。该受限空间作业过程环节中，符合安全要求的有（ ）。,A.受限空间安全作业票有效期|B.气体检测部位|C.有毒有害气体检测方式|D.氧气含量检测方式 E 氧气浓度超限，立即撤离人员,A,本题考查受限空间作业的安全要求，属于高频考点。做题思路：熟悉受限空间作业的安全要求。A正确，受限空间安全作业票有效期不应超过24h；B错误，应对受限空间内的上、中、下（左、中、右）进行气体检测分析，仅对池底气体进行检测不符合要求；C错误，题干未提及有毒有害气体检测方式相关内容，无法判断其是否符合安全要求；D错误，氧气含量检测未连续进行；E正确，作业时，作业现场应配置移动式气体检测报警仪，连续检测受限空间内可燃气体、有毒气体及氧气浓度，并2h记录1次；气体浓度超限报警时，应立即停止作业、撤离人员、对现场进行处理，重新检测合格后方可恢复作业。受限空间内气体检测内容及要求如下：①氧气含量为19.5%～21%，在富氧环境下不应大于23.5%（体积分数）。故选AE。
多选题,[2024年][河南中安]甲单位新建会议中心，现场有乙、丙两家单位同时施工，其中乙单位负责空调等设备安装，丙单位负责土建及装修工程，两家单位存在局部交叉作业，关于乙、丙两家交叉作业安全管理的说法，正确的有（ ）。,A.甲单位负责及时协调两家单位作业安全生产工作，通报相关安全信息|B.丙单位技术能力强、企业规模大，现场作业时应对乙公司进行监督检查|C.甲单位应分别与两家单位确认相关作业风险并明确作业许可的相关要求|D.乙单位、丙单位现场作业时应遵循“四不放过”原则 E 甲单位应对两单位施工用电、个体防护用品的使用等进行过程监督,AC,本题考查多个单位交叉作业的安全管理，属于高频考点。做题思路：熟悉多个单位交叉作业安全管理的相关要求。B错误，错在“由其中一家承包商（丙单位）对另一家承包商（乙单位）进行监督检查”。同一工程项目或同一施工场所有多个承包商施工时，生产经营单位应与承包商签订专门的安全管理协议或者在承包合同中约定各自的安全生产管理职责，生产经营单位对各承包商的安全生产工作统一协调、管理。作业过程中，生产经营单位应派具备监督管理职能的人员对承包商作业现场进行监督检查，建立监督检查记录，及时协调作业过程中的事项，通报相关安全信息，督促作业过程中隐患的整改。作业过程监督内容主要包括施工用电管理、个体防护用品的使用管理、文明施工管理、应急和消防管理、警示和标识管理、危险化学品管理、变更管理，以及职业健康管理等。D无相关要求。故选ACE。
多选题,"[2024年][河南中安]一、单选题
1
标记
收藏
某钢材生产制造企业叉车作业时与1名步行人员相撞，导致其死亡。根据《特种设备事故报告和调查处理规定》（国家市场监督管理总局令第50号），负责组织该起事故调查的是该企业所在地（ ）。",A.设区的市级人民政府|B.设区的市级市场监督管理部门|C.县级市场监督管理部门|D.县级人民政府|A.老化的机械设备是危险源|B.可导致人员中毒的气体是危险源|C.失灵的有毒气体报警仪是危险源|D.不可能根除污水处理厂所有的危险源|A.多血质|B.黏液质|C.胆汁质|D.抑郁质|A.①|B.②|C.③|D.④|A.安全带|B.安全帽|C.呼吸器|D.绝缘手套|A.10|B.20|C.15|D.30|A.防止事故发生的隔离|B.防止事故发生的限制能量|C.减少事故损失的设置薄弱环节|D.减少事故损失的隔离|A.8|B.16|C.24|D.72|A.现场工人自救互救能力缺失|B.先期处置措施错误|C.事故风险描述缺失|D.应急工作职责不到位|A.个人佩戴的安全帽经检验被判定为不合格后，单位应立即对安全帽给予报废，并更换新品|B.安全帽属于安全性能高、易损耗的个体防护用品，应按照有效防护性能最高指标和有效使用期，到期强制报废|C.安全带缝制部分出现了残损，作为安全带的使用人，应对安全带进行维修|D.被报废的安全帽外观并无损坏，可以继续使用|A.更换常减压装置区的可燃气体报警器|B.更换常减压装置区的安全阀|C.委托外部单位对工艺管道除锈刷漆|D.用于奖励安全先进个人的专项奖金|A.甲企业安全交底到位，对事故不承担责任|B.乙企业安全管理不到位，承担主要责任|C.王某应承担事故的间接责任|D.城管部门未履行监督管理责任|A.甲省应急管理部门|B.应急管理部|C.乙省应急管理部门|D.丁市应急管理部门|A.釜内温度高|B.氮气无|C.车间湿度高|D.搅拌速度过快|A.肝功能|B.鼻和喉|C.肺功能|D.甲状腺|A.液体冻结后，液位处于正常范围时，暂时不会造成系统损坏，此时危险性为I级|B.巡检人员发现液体冻结膨胀导致气液分离罐体破裂，此时危险性为Ⅲ级|C.巡检人员发现液体冻结后，采取了正确的应急措施，此时危险性为Ⅱ级|D.液体部分冻结后，液位上升直至系统触发高液位报警，此时危险性为Ⅳ级|A.同一车间的四个反应釜可以设置一名监护人员|B.反应釜结垢物成分复杂，应连续检测CO浓度，并2h记录一次|C.工人午休时反应釜人孔盖一直打开，可以保证釜内气体成分合格|D.清理中釜内作业人员应佩戴过滤式防毒面具|A.作业人员使用的材料|B.施工单位资质|C.吊装作业许可|D.环境条件|A.红|B.白|C.黄|D.蓝|A.张某应在特种作业操作证到期前60日内向A市安全生产监督管理部门提出复审申请|B.陈某重新上岗前需进行安全技术理论考试|C.陈某特种作业操作证复审应参加不少于6学时的安全培训|D.张某应重新向A市安全生产监督管理部门申请低压电工特种作业操作证考试|A.张某|B.王某|C.李某|D.刘某|A.作业前，应由作业单位绘制盲板位置图并统一编号|B.本次许可证应仅涉及6号盲板的抽堵作业|C.石脑油和轻石脑油管线的盲板抽堵作业不应同时进行|D.本次盲板抽堵作业时，作业人员应穿防静电工作服|A.补充应急资源调查，增加调研周边钢厂和重型机械厂可请求援助的应急资源状况|B.评审氧枪烧穿事故应急预案时，县应急部门人员作为专家组长主持|C.增加桌面推演程序，模拟锅炉炉瓦烧穿事故，检验应急预案的可行性|D.修订后的应急预案增加图表使用，使预案更加简明化、图表化|A.夜间照明不良|B.吊装时警示标志缺陷|C.勤杂工误入作业车辆右侧行走|D.吊装作业未设置监护人员|A.该企业主要负责人应在接到事故报告后立即报告C县应急管理部门|B.C县应急管理部门应在接到事故报告后2小时内报告至B市应急管理部门|C.B市应急管理部门应在接到事故报告后2小时内报告至A省应急管理部门|D.该企业应在第8天1名员工死亡后及时进行补报,AB,本题考查建设工程施工企业安全生产费用的使用范围。做题思路：熟悉安全生产费用的使用范围规定，逐一分析每个选项中的支出项目是否符合规定。企业安全生产费用可由企业用于以下范围的支出（通用要求）：（一）购置购建、更新改造、检测检验、检定校准、运行维护安全防护和紧急避险设施、设备支出【不含按照“建设项目安全设施必须与主体工程同时设计、同时施工、同时投入生产和使用”（以下简称“三同时”）规定投入的安全设施、设备】；（二）购置、开发、推广应用、更新升级、运行维护安全生产信息系统、软件、网络安全、技术支出；（三）配备、更新、维护、保养安全防护用品和应急救援器材、设备支出；（四）企业应急救援队伍建设（含建设应急救援队伍所需应急救援物资储备、人员培训等方面）、安全生产宣传教育培训、从业人员发现报告事故隐患的奖励支出；（五）安全生产责任保险、承运人责任险等与安全生产直接相关的法定保险支出；（不包含社保）（六）安全生产检查检测、评估评价（不含新建、改建、扩建项目安全评价）、评审、咨询、标准化建设、应急预案制修订、应急演练支出；（七）与安全生产直接相关的其他支出。故选AB。
多选题,[2024年][河南中安]某居民住宅小区建设项目进入精装修施工阶段，水电施工单位与装修单位同时在同一现场进行施工作业。关于水电施工单位与装修单位施工交叉作业时的安全管理要求的说法，正确的有（ ）。,A.水电施工单位与装修单位双方应当签订安全生产管理协议，明确各自的安全生产管理职责和应当采取的安全措施，并指定专职或兼职安全生产管理人员进行安全检查与协调|B.该小区建设单位应与水电施工单位、装修单位在承包合同中约定各自的安全生产管理职责，对两个承包商的安全生产工作统一协调、管理|C.水电施工单位与装修单位交叉作业施工前，应互相告知对方单位施工作业的内容、安全注意事项|D.水电施工单位和装修单位同时施工用电时，可安装共用用电线路，避免现场用电线路过多引发触电 E 水电施工单位与装修单位进行平面交叉作业时，原则上前进场方主动采取交叉作业防护措施，防患于未然,BC,本题考查不同施工单位交叉作业时的安全管理要求，属于高频考点。做题思路：熟悉不同施工单位交叉作业安全管理的相关要求。A错误，应为专职，非兼职；D错误，不能安装共用用电线路，因为双方的用电设备、功率等情况可能不同，共用线路容易引发电气事故，如过载、短路等；E错误，交叉作业应由危险化学品企业指定专人统一协调管理，作业前要组织开展交叉作业风险辨识，采取可靠的保护措施，并保持作业之间信息畅通，确保作业安全。故选BC。
多选题,[2024年][河南中安]某机械加工车间普通机床旁物品摆放混乱，车间主任决定推行“5S”管理，要求全车间做到物放有序、干净整洁。下列推行“5S”管理遇到的情形中，属于“整顿”要素的有（ ）。,A.工人图方便将游标卡尺放在车床上|B.下班前，工人未及时整理接油盘内的铁屑|C.机床旁的辅助台上放置各种型号的铣刀|D.下道工序人手不足导致在制品无序堆放 E 工装夹具经常出现小问题未及时修理,AC,本题考查“5S”管理中的“整顿”要素。做题思路：熟悉“5S”管理中整理、整顿、清扫、清洁、素养各自的定义和特点。整理，就是将工作场所收拾成井然有序的状态；整顿，就是明确整理后需要物品的摆放区域和形式，即定置定位；清扫，就是大扫除，清扫一切污垢、垃圾，创造一个明亮、整齐的工作环境；清洁，就是要维持整理、整顿、清扫后的成果，认真维护和保持在最佳状态，并且制度化，管理公开化、透明化；素养，就是提高人的素质，养成严格执行各种规章制度、工作程序和各项作业标准的良好习惯和作风，这是“5S”活动的核心。AC为整顿，B为清扫；D为整理，E属于维护保养。故选AC。
多选题,[2024年][河南中安]某公司于2024年4月11日在酒精清洗作业过程中发生火灾事故，导致8名员工受伤。经事故调查，火灾原因是现场清洗过程中酒精挥发遇火源引发燃烧，同时现场酒精存放量过大导致火势不能得到及时控制，进而造成多名员工受伤。下列该公司提出的安全管理技术措施中，防止酒精火灾事故的安全技术措施有（ ）。,A.严格清洗现场酒精使用量，现场不得存放多余的酒精|B.改进清洗工艺，积极探索采取等离子水清洗代替酒精清洗|C.将清洗间独立设置，室内设置防爆电气设备设施|D.对清洗作业开展安全风险分析，并根据分析结果，完善安全操作规程 E 清洗作业工位加装局部排风设施，及时排出挥发的酒精气体,ABC,本题考查防止酒精火灾事故的安全技术措施。做题思路：安全技术措施的分类，包括防止事故发生的安全技术措施（消除危险源、限制能量或危险物质、隔离等）和减少事故损失的安全技术措施（设置薄弱环节、个体防护、避难与救援等）。D为管理措施。故选ABCE。
单选题,[2025年][河南中安]某市常住人口12万人，截至2019年底，全年发生安全伤亡事故五起，其中火灾事故一起，死亡两人；特种设备事故一起，死亡一人；烟花爆竹事故一起，重伤三人；道路交通事故一起，轻伤七人；农机事故一起，轻伤一人，造成直接经济损失760万元。下列事故统计指标中，计算正确的是（ ）。,A.千人重伤率0.025|B.千人死亡率0.016|C.百万人火灾死亡率15.66|D.重大事故率0.6,A,本题主要考查的是事故统计指标的计算，属于高频考点。做题思路：熟练掌握各种事故统计指标的计算方法，根据已知条件代入公式。A正确，千人重伤率＝重伤人数/从业人员数×103＝3/120000×103＝0.025；B错误，千人死亡率＝死亡人数/从业人员数×103＝3/120000×103＝0.025；C错误，百万人火灾死亡率＝火灾造成的死亡总人数/地区总人口×106＝2/120000×106＝16.667；D错误，重大事故率＝重大事故起数/事故总起数×100%＝0/5×100%＝0。故选A。
单选题,[2025年][河南中安]某煤矿经鉴定由低瓦斯矿井变更为高瓦斯矿井，该矿设备科拟购置一批防爆电气设备，在征求部门意见时，安全部门提出设备选型要考虑本质安全型防爆结构型式及相应的设备保护等级。关于防爆结构型式及设备保护等级的选择，正确的是（ ）。,A.型式选i，设备保护等级选Ma|B.型式选d，设备保护等级选Mb|C.型式选e，设备保护等级选Mb|D.型式选o，设备保护等级选Ma,A,本题主要考查的是防爆电气设备。做题思路：本题为技术科目的知识点，本题的出现，说明在近两年的考试中真题越来越综合，很可能出现跨科目的知识点，这需要我们在学习和考试中多想多记。题目的题干中指出“安全部门提出设备选型要考虑本质安全型防爆结构型式及相应的设备保护等级”，在技术科目中我们知道本质安全型的防爆电气设备标志为“i”，对于高瓦斯矿井应当选用Ma级的保护级别。因此型式选i，设备保护等级选Ma。故选A。
单选题,[2025年][河南中安]根据《中共中央国务院关于推进安全生产领域改革发展的意见》，全国要构建重大危险源信息管理体系，对重点行业、重点区域、重点企业实行风险预警控制，重大危险源信息管理体系分为（ ）。,A.国家、省二级|B.国家、省、市三级|C.国家、省、市、县四级|D.国家、省、市、县、乡五级,C,本题主要考查的是《中共中央国务院关于推进安全生产领域改革发展的意见》，并非管理教材上的内容。做题思路：这一意见在安全生产领域十分重要，在近几年的考试中也经常出现，因此要求我们对该意见中的一些重点内容有所掌握。在《中共中央国务院关于推进安全生产领域改革发展的意见》第五部分——建立安全预防控制体系中指出“构建国家、省、市、县四级重大危险源信息管理体系”。故选C。
单选题,[2025年][河南中安]2020年4月1日国务院安委会下发通知，决定在全国开展安全生产专项整治三年行动，结合安全生产月主题，积极推进安全宣传“五进”活动。安全宣传“五进”是指（ ）。,A.进企业、进社区、进农村、进学校、进家庭|B.进机场、进车站、进码头、进商场、进餐厅|C.进机关、进工厂、进社区、进学校、进家庭|D.进电视、进广播、进报纸、进互联网、进户外传媒,A,本题主要考查是《国务院安委会办公室 应急管理部〈关于开展2020年全国“安全生产月”和“安全生产万里行”活动的通知〉》，其根源来自《推进安全宣传“五进”工作方案》。做题思路：在历年考试中常出现“安全生产月”主题，在2020的考试中未考查，取而代之的是该文件中的其他内容。因此我们在以后的学习中，要通读一遍当年的“安全生产月”和“安全生产万里行”活动的通知，了解其有关的内容。在《推进安全宣传“五进”工作方案》中，五进活动是指“进企业、进农村、进社区、进学校、进家庭”。故选A。
单选题,[2025年][河南中安]某企业安全管理人员在组织员工学习应知应会培训课后，针对“安全生产监管监察”的内容进行了讨论。关于安全生产监管体制的说法，错误的是（ ）。,A.应急管理部依法对全国安全生产实施综合监督管理|B.生态环境部等有关部门对其行业安全生产实行行业监管或专业管理|C.特种设备监察实行国家垂直管理|D.煤矿安全监管实行国家监察与地方监管相结合,C,本题主要考查的是我国的安全生产监管体制。做题思路：掌握我国的安全生产领域（包括煤矿、特种设备）等的监管监察体制特点。A正确，应急管理部是国务院主管安全生产综合监督管理的组成部门，依法对全国安全生产实施综合监督管理；B正确，交通运输、水利、住房和城乡建设、工业和信息化、文化和旅游、市场监管、生态环境等国务院有关部门分别对交通、铁路、民航、水利、电力、建筑、国防工业、邮政、电信、旅游、特种设备、核安全等行业和领域的安全生产工作负责监督管理，即行业监管或专业管理；C错误，特种设备的监察实行省以下垂直管理的体制，而不是国家垂直管理；D正确，煤矿安全的监管实行的是国家监察与地方监管相结合的方式。故选C。
单选题,[2025年][河南中安]安全生产监督管理有监督检查、行政许可和行政处罚等多种形式。行政执法人员在执法时，须出示有效的行政执法证件。关于行政执法时出示证件的说法，正确的是（ ）。,A.对煤化工企业行政执法时，应出示企业所在地县级人民政府制作的证件|B.对煤矿行政执法时，应出示企业所在地省煤矿安全生产监察局制作的证件|C.对机械企业行政执法时，应出示企业所在地市级负责安全生产监督管理的部门制作的证件|D.对建筑施工企业行政执法时，应出示企业所在地省级住建部门制作的证件,A,本题主要考查的是安全生产监督管理中执法证件的出示。做题思路：掌握行政执法人员出示的执法证件的发放部门，同时要注意执法证件和工作证是不同的。A正确，安全生产行政执法人员在执行公务时，必须出示国务院有关部门或者县级以上地方人民政府统一制作的有效行政执法证件；B错误，对煤矿进行安全监察，必须出示国家煤矿安全监察局统一制作的煤矿安全监察员证；C错误，执法时，出示国务院有关部门或者县级以上地方人民政府统一制作的有效行政执法证件，而不是地市级负责安全生产监督管理的部门制作的证件；D错误，安全生产监督管理人员执法时，出示的应当是国务院有关部门制作的执法证件，而不是省级。故选A。 【注意】该考点内容有变换，建议按照《安全生产法》释义的相关说法记忆：安全生产监督检查人员在执行监督检查任务时，应当出示省级人民政府或者国务院有关部门统一制发的执法证件。
单选题,[2025年][河南中安]不锈钢压力容器制造过程包括：钢板切割下料、成形、焊接、无损检测、吊装组对、热处理和酸洗钝化等工序，生产过程中存在烫伤、物体打击、高温、腐蚀性气体等危险有害因素。根据《职业病危害因素分类目录》，下列有害因素中，属于物理因素的是（ ）。,A.金属烟|B.电焊烟尘|C.紫外线|D.X射线,C,本题主要考查的是《职业病危害因素分类目录》，属于高频考点。学习思路：了解《职业病危害因素分类目录》的分类，根据各自的特性区分类别。在《职业病危害因素分类目录》共分为六大类，包括：粉尘、化学因素、物理因素、放射性因素、生物因素和其他因素。C属于，ABD不属于，A选项属于其他因素；B选项属于粉尘；C选项属于物理因素；D选项属于放射性因素。故选C。
单选题,[2025年][河南中安]【根据新规改编】某化工企业主营甲醇生产与销售。为保证原料供应，该企业收购了一家小型露天煤矿。2019年该企业生产甲醇3万吨、煤炭20万吨，甲醇营业收入2000万元，煤矿业务收入100万元。根据《企业安全生产费用提取和使用管理办法》，该企业2019年应提取安全生产费用为（ ）。,A.167.5万元|B.100万元|C.140万元|D.180万元,A,本题主要考查的是安全生产费用提取的计算，属于高频考点。做题思路：考查方式多以计算某行业的全年安全生产费用的提取额度为主，需要掌握各类型企业的安全生产费用计算方法。本题中该企业属于混业经营，其能够按照业务类别分别核算，因此其安全生产费用应以各业务营收分别计提。其煤矿业务为露天煤矿，计提标准为吨煤5元，即煤矿业务安全生产费用为20万×5＝100万元。其甲醇生产为危险品生产业务，计提标准为：①营业收入不超过1000万元的，按照4.5%提取；②营业收入超过1000万元至1亿元的部分，按照2.25%提取；③营业收入超过1亿元至10亿元的部分，按照0.55%提取；④营业收入超过10亿元的部分，按照0.2%提取。即甲醇生产业务安全生产费用为1000万×4.5%＋（2000－1000）万×2.25%＝67.5万。综上，该企业2019全年应提取安全生产费用为100万＋67.5万＝167.5万元。故选A。
单选题,[2025年][河南中安]某大型冷冻企业的液氨储罐量为50t，属于一级危险化学品重大危险源，按照要求建立了危险化学品重大危险源监控系统。根据《危险化学品重大危险源监督管理暂行规定》（国家安全监管总局令第40号公布，第79号修正），关于液氨储罐重大危险源监督管理要求的说法，错误的是（ ）。,A.监控系统的电子数据保存时间不应少于30天|B.液氨储罐应配备独立安全仪表系统|C.液氨储罐应设置紧急切断装置|D.液氨压缩机房应配备两套气密性化学防护服,D,本题主要考查的是危险化学品重大危险源监督管理，属于高频考点。做题思路：掌握危险化学品重大危险源监督管理的有关要求，根据危险化学品种类、数量、生产、使用工艺等实际情况区分控制措施。A正确，重大危险源配备温度、压力、液位、流量、组份等信息的不间断采集和监测系统以及可燃气体和有毒有害气体泄漏检测报警装置，并具备信息远传、连续记录、事故预警、信息存储等功能；一级或者二级重大危险源，具备紧急停车功能。记录的电子数据的保存时间不少于30天；B正确，涉及毒性气体、液化气体、剧毒液体的一级或者二级重大危险源，配备独立的安全仪表系统（SIS）；氨气属于毒性气体，因此应当配备独立的安全仪表系统；C正确，对重大危险源中的毒性气体、剧毒液体和易燃气体等重点设施，设置紧急切断装置。氨气属于毒性气体，因此液氨储罐应设置紧急切断装置；D错误，涉及剧毒气体的重大危险源，还应当配备两套以上（含本数）气密型化学防护服。氨气并不属于剧毒气体，氨气压缩机房也不属于重大危险源。故选D。
单选题,[2025年][河南中安]某公司承接地铁车站项目。车站采用暗挖法施工，埋深近30m，地下水丰富，车站结构需要采用人工挖孔桩作业。结合作业方式和作业条件，公司为作业人员配备了相应的劳动防护用品。下列属于作业人员必须配备的劳动防护用品是（ ）。,A.有色防护眼镜|B.绝缘鞋|C.雨靴|D.矿灯,C,本题主要考查的是劳动防护用品的配备，属于高频考点。做题思路：根据劳动者工作场所中存在的危险、有害因素种类及危害程度、劳动环境条件等制定劳动防护用品配备标准。A不属于，有色防护眼镜主要防护各类有害光线，在地下挖孔桩并不存在有害光线，因此不是必备的防护用品；B不属于，绝缘鞋用于在电气设备上工作时作为辅助安全用具，防触电伤害，因此不是必备的防护用品；C属于，雨鞋即防水胶鞋主要功能为防水、防滑和耐磨，在地下水丰富的地下作业时，必须配备；D不属于，矿灯严格意义上不属于劳动防护用品。故选C。
单选题,[2025年][河南中安]某大型机械制造企业新安装的一台货梯于2015年8月1日取得检验合格证，该企业的设备科负责货梯管理工作。关于该货梯维护保养和定期检验的说法，正确的是（ ）。,A.货梯在2016年8月1日前应进行定期检验|B.货梯的维护保养必须由货梯制造单位负责|C.货梯应由维保单位每15日进行一次检查|D.货梯使用标志应明确标注检验时间,C,本题主要考查的是电梯维护保养的有关规定，属于高频考点。做题思路：考题中多考查电梯的检验周期，维保单位、使用单位、制造单位及相关职责等内容，要注意区分。A错误，该选项出自《电梯使用管理与维护保养规则》（TSGT5001-2009），其中第十二条规定“在用电梯每年进行一次定期检验。使用单位应当按照安全技术规范的要求，在《安全检验合格》标志规定的检验有效期届满前1个月，向特种设备检验检测机构提出定期检验申请。未经定期检验或者检验不合格的电梯，不得继续使用”，该单位在2015年8月1日取得检验合格证但并不代表标志规定的检验有效期是哪天，因此我们不能判断其下次定期检验的周期是哪天。另外，该规则已经在2017年被修订，移除了该条款，在市场监管总局新出台的文件对电梯的定期检验周期也做了修改；B错误，电梯维保单位应当在依法取得相应的许可后，方可从事电梯的维保工作，而并不是由货梯的制造单位负责；C正确，《特种设备安全监察条例》第三十一条规定“电梯的日常维护保养必须由依照本条例取得许可的安装、改造、维修单位或者电梯制造单位进行。电梯应当至少每15日进行一次清洁、润滑、调整和检查”；D错误，货梯使用标志应明确标注下一次检验时间，而不是检验时间（参见电梯使用标志）。故选C。
单选题,[2025年][河南中安]某施工项目部采购了一批劳动防护用品，下发给作业人员使用，下列关于该项目部劳动防护用品管理的做法，错误的是（ ）。,A.检查劳动防护用品的生产日期|B.检查劳动防护用品的合格证|C.检查劳动防护用品的检验标志|D.将采购物品清单作为发放台账,D,本题主要考查的是劳动防护用品的管理。做题思路：掌握劳动防护用品的管理，熟悉劳动防护用品的选用、采购、发放等内容。A正确，用人单位应当确保已采购劳动防护用品的存储条件，并保证其在有效期内。因此应当检查劳动防护用品的生产日期；B正确，用人单位应当根据劳动防护用品配备标准制定采购计划，购买符合标准的合格产品。因此应当检查劳动防护用品的合格证；C正确，用人单位应当查验并保存劳动防护用品检验报告等质量证明文件的原件或复印件。因此应当检查劳动防护用品的检验标志；D错误，用人单位应当按照本单位制定的配备标准发放劳动防护用品，并做好登记，因此不可以以采购清单作为发放台账。故选D。
单选题,[2025年][河南中安]某电力集团建筑项目由于洪水影响停工半个月，复工后集团安全部为保证复工后施工安全，委托第三方进行专项隐患排查，关于隐患安全管理的说法，错误的是（ ）。,A.正在使用的脚手架下面，应禁止挖洞|B.脚手架外侧密目式安全网应使用阻燃材料|C.停用2个月的脚手架应重新确认其安全性|D.临边作业的防护栏杆高度为1m,D,本题主要考查的标准为《建筑施工脚手架安全技术统一标准》（GB 51210-2016）及《建筑施工高处作业安全技术规范》（JGJ80-2016），属于偶然性考点，再次考查的概率不大。A正确，根据《建筑施工脚手架安全技术统一标准》（GB 51210-2016），11.2.8在脚手架使用期间，立杆基础下及附近不宜进行挖掘作业。当因施工需要需进行挖掘作业时，应对架体采取加固措施；B正确，11.2.4作业脚手架外侧和支撑脚手架作业层栏杆应采用密目式安全网或其他措施全封闭防护。密目式安全网应为阻燃产品；C正确，11.1.6当脚手架遇有下列情况之一时，应进行检查，确认安全后方可继续使用：3.停用超过1个月。因此停用2个月的脚手架应重新确认其安全性；D错误，根据《建筑施工高处作业安全技术规范》（JGJ80-2016），4.3.1临边作业的防护栏杆应由横杆、立杆及挡脚板组成，防护栏杆应符合下列规定：防护栏杆应为两道横杆，上杆距地面高度应为1.2m，下杆应在上杆和挡脚板中间设置。故选D。
单选题,[2025年][河南中安]某大型国有集团公司下辖有化工、能源、建筑施工以及冶金企业。为保证安全生产所必需的资金投入，集团要求高危生产企业按照《企业安全生产费用提取使用管理办法》，提取、使用和管理安全生产费用，其他企业按照行业特点自行制定安全生产费用管理办法。关于企业安全生产费用管理的做法，正确的是（ ）。,A.危险化学品生产企业将当年结余的安全生产费用清零，下一年度重新提取|B.建筑施工企业与分包单位的安全生产费用由建筑施工企业统一管理使用|C.冶金企业将年度安全生产费用计划及上一年度提取使用情况留存备查|D.能源企业自行制定管理制度，提取下属企业安全生产费用的2%集中管理，统筹使用,D,本题主要考查的是安全生产费用的使用管理，属于高频考点。做题思路：明确企业安全生产费用的提取规则，牢记费用的使用范围应专款专用，按照题目所给信息，判断其在提取、使用、管理等环节是否符合规定。A错误，年度结余资金结转下年度使用，当年计提安全费用不足的，超出部分按正常成本费用渠道列支。而不是清零后重新提取；B错误，企业提取的安全生产费用属于企业自提自用资金，除集团总部按规定统筹使用外，任何单位和个人不得采取收取、代管等形式对其进行集中管理和使用。C错误，企业年度安全费用使用计划和上一年安全费用的提取、使用情况按照管理权限报同级财政部门、安全生产监督管理部门、煤矿安全监察机构和行业主管部门备案，而不是留存备查；D正确，主要承担安全管理责任的集团公司经过履行内部决策程序，可以对所属企业提取的安全生产费用按照一定比例集中管理，统筹使用。能源企业制定制度提取下属企业的安全生产费用是符合要求的。故选D。
单选题,[2025年][河南中安]某交通运输股份有限公司的组织机构包括董事会、监事会、工会、总工办、调度室、安全处、财务处等。公司设总经理、安全总监等管理岗位。根据有关规定，该公司安全生产投入资金予以决策的是（ ）。,A.董事会|B.董事长|C.总经理|D.安全总监,A,本题主要考查安全生产投入资金的保证，属于高频考点。做题思路：掌握安全生产投入具体由谁来保证。一般说来，股份制企业、合资企业等安全生产投入资金由董事会予以保证；一般国有企业由厂长或者经理予以保证；个体工商户等个体经济组织由投资人予以保证。该公司为股份制企业因此安全投入资金应当由董事会予以保证。故选A。
单选题,[2025年][河南中安]某安全评价机构承接了一煤矿井下评价项目。为提高评价报告质量，安排本项目组以外评价人员再次对评价项目进行实地考查进一步辨识现场存在的危险有害因素，同时补充相应的对策措施。下列通风、防尘评价单元补充的对策措施中，错误的是（ ）。,A.主要通风机应在10min内实施反风|B.半煤岩巷掘进应采取湿式凿岩措施|C.井下空气中的氧气含量不能低于19.5%|D.井下矿工每人供风量至少保障4m3/min,C,本题主要考查的知识点来源为《煤矿安全规程》。做题思路：相关数值有印象就好，再次考查的概率不大。A正确，《煤矿安全规程》第一百五十九条：生产矿井主要通风机必须装有反风设施，并能在10min内改变巷道中的风流方向；B正确，《煤矿安全规程》第六百五十一条：井工煤矿在煤、岩层中钻孔作业时，应当采取湿式降尘等措施；C错误，《煤矿安全规程》第一百三十五条：采掘工作面的进风流中，氧气浓度不低于20%，二氧化碳浓度不超过0.5%；D正确，《煤矿安全规程》第一百三十八条：矿井需要的风量应当按下列要求分别计算，并选取其中的最大值：（一）按井下同时工作的最多人数计算，每人每分钟供给风量不得少于4m3。故选C。
单选题,[2025年][河南中安]某化工厂的油料输送系统主要设备为泵,A.阀门B和阀门C。为了提高该系统的可靠性，委托某安全评价单位对泵物料输送系统进行事件树分析。安全评价单位对泵|A.阀门B和阀门C发生的故障事件进行统计分析，得出泵|A.阀门B和阀门C的故障概率分别为0.1、0.05、0.05。根据事件树定量分析方法，该系统发生故障的概率是（ ）。|A.0.1500|B.0.1878|C.0.1600|D.0.8122,B,本题主要考查的是事件树的计算。做题思路：近几年的考题中经常出现各类评价方法的计算和使用问题，如事故树、LEC、HAZOP等，需要我们在学习的时候加以注意。在计算本题时我们可以采用简单的计算方法，由于泵A、阀门B和阀门C为串联，因此如果该系统正常运行就需要三个部分同时正常运行其概率为（1－0.1）×（1－0.05）×（1－0.05）＝0.81225。即该系统的可靠度为0.81225，则该系统出现故障的概率为1－0.81225＝0.18775，保留四位小数即0.1878。故选B。
单选题,[2025年][河南中安]某公司财务部按照要求编制了安全生产费用的提取和使用管理办法，经公司分管的副总经理书面批准，以公司红头文件的形式发布。但文件执行过程中，公司计划部和安全生产部提出反对意见，认为该管理办法与公司现行预算管理制度相矛盾。该管理办法在编制过程中，可能缺失的环节是（ ）。,A.起草环节|B.审核环节|C.培训环节|D.会签环节,D,本题主要考查的是安全生产规章制度的编制流程，属于高频考点。做题思路：考查方式多以考查某流程的下一流程是什么，或者某流程应该干些什么为主，在学习中需要掌握相关流程及流程中的主要工作内容。该题题干中指出“文件执行过程中，公司计划部和安全生产部提出反对意见，认为该管理办法与公司现行预算管理制度相矛盾”，也就是说该制度在制定过程中没有向两个部门征求意见，因此其缺失的环节应当是会签环节。故选D。
单选题,[2025年][河南中安]某企业是一家食品机械设备加工企业，有焊接、机加工、装配、调试车间以及锅炉房、配电房等辅助设施。该企业必须进行强制性检查的项目是（ ）。,A.焊接车间的噪声|B.机加工车间的温度|C.装配车间的固定式5t电动葫芦|D.锅炉房的常压热水锅炉,C,本题主要考查的是安全生产检查的内容，属于高频考点。做题思路：掌握安全检查的强制检查项目和检查内容的分类为主。对非矿山企业，目前国家有关规定要求强制性检查的项目有锅炉、压力容器、压力管道、高压医用氧舱、起重机、电梯、自动扶梯、施工升降机、简易升降机、防爆电器、厂内机动车辆、客运索道、游艺机及游乐设施等，作业场所的粉尘、噪声、振动、辐射、温度和有毒物质的浓度等。安全生产检查具体内容应本着突出重点的原则进行确定。对于危险性大、易发事故、事故危害大的生产系统、部位、装置、设备等应加强检查。ABD错误，题干中是一家食品机械设备加工企业，AB选项的噪声和温度不是检查的重点；D选项非特种设备；C正确，固定式5t电动葫芦属于起重机。故选C。
单选题,[2025年][河南中安]M非煤矿山企业是N中央企业在L省的分公司。M企业中，甲是主要负责人，乙是安全管理人员，丙是电工，丁是选矿车间班长。根据《生产经营单位安全培训规定》，关于安全生产教育培训的说法，错误的是（ ）。,A.甲的安全生产教育培训由N企业组织实施，培训内容包括法律法规、安全生产专业知识等|B.乙的安全生产教育培训由M企业组织实施，培训内容包括法律法规、应急预案编制等|C.丁的安全生产教育培训由M企业组织实施|D.丙的专业知识培训由L省负责安全生产监督管理的部门组织实施，考核合格,D,本题主要考查的是企业安全生产教育培训，属于高频考点。做题思路：安全生产教育的培训组织、培训学时、培训内容等都需要熟练掌握。根据《生产经营单位安全培训规定》，生产经营单位应当进行安全培训的从业人员包括主要负责人、安全生产管理人员、特种作业人员和其他从业人员。生产经营单位从业人员的安全培训工作，由生产经营单位组织实施。A正确，M企业是N企业的分公司，因此其主要负责人的安全生产教育培训可由N企业组织实施，主要负责人的培训内容包括法律法规、安全生产专业知识等内容；B正确，乙作为安全生产管理人员，其安全教育可以由N企业组织实施，也可以由M企业组织实施，其培训内容包括法律法规、应急预案编制等内容；C正确，选矿车间班长的生产教育培训由M企业组织实施；D错误，丙是电工属于特种作业人员，但其生产教育培训仍由M企业组织实施。另外根据《特种作业人员安全技术培训考核管理规定》第十条对特种作业人员的安全技术培训，具备安全培训条件的生产经营单位应当以自主培训为主，也可以委托具备安全培训条件的机构进行培训。不具备安全培训条件的生产经营单位，应当委托具备安全培训条件的机构进行培训。生产经营单位委托其他机构进行特种作业人员安全技术培训的，保证安全技术培训的责任仍由本单位负责。故选D。
单选题,[2025年][河南中安]某大厦玻璃幕墙清洗过程中发生一起吊篮坠落事故，造成两名工作人员死亡。事故调查组发现吊篮坠落的原因是钢丝绳断裂。为查清钢丝绳断裂的原因，调查组将钢丝绳送省起重研究所进行鉴定。该起事故的调查技术方法是（ ）。,A.综合原因分析法|B.系统安全分析法|C.对照案例分析法|D.个别案例技术分析法,D,本题主要考查的是事故调查的技术方法。做题思路：事故调查是考试的高频考点，但本知识点在考试中考查的并不多，这部分经常考查的知识点包括事故调查组的组成、职责，事故调查报告的内容等。本题中，为查清钢丝绳断裂的原因调查组将钢丝绳送省起重研究所进行鉴定，属于针对具体案例的专门的技术分析。故选D。
单选题,[2025年][河南中安]某企业电焊机安全操作规程的部分内容为：电焊机应放在通风、干燥处，放置平稳检查焊接面罩应无漏光、无破损；导线有受潮、断股现象时应立即更换；施焊中，如发现自动停电装置失效，应及时停机，断电后检修处理；必须在潮湿处施焊时，焊工应站在绝缘木板上，不准用手触摸焊机导线，不准用臂夹持带电焊钳，以免触电。以上描述中，未涉及的安全操作规程重要内容是（ ）。,A.劳动防护用品的穿戴要求|B.操作前的准备|C.操作的先后顺序、方式|D.操作人员所处的位置,A,本题主要考查安全操作规程的内容，属于高频考点。做题思路：掌握安全操作规程的内容，注重知识点的灵活运用。操作规程的内容中包括劳动防护用品的穿戴要求、操作前的准备、操作的先后顺序、方式、操作人员所处的位置等十项内容。B正确，在本题中，“电焊机应放在通风、干燥处，放置平稳检查焊接面罩应无漏光、无破损”属于操作前的准备；C正确，“如发现自动停电装置失效，应及时停机，断电后检修处理”属于操作的先后顺序、方式；D正确，“必须在潮湿处施焊时，焊工应站在绝缘木板上”属于操作人员所处的位置。在本题给出的操作规程中并没有提及劳动防护用品的穿戴要求。故选A。
单选题,[2025年][河南中安]某市一建筑工程公司承包了开发区第一标段热力管网工程项目。2019年11月10日10时，在热力管网试运行过程中班长甲当面催促工作班成员乙进入阀门井调整阀门，随后甲发现乙晕倒在井下，急忙下井施救，也晕倒在井下。工作班成员丙急忙呼叫119、120前来急救。由于甲、乙缺氧时间过长，抢救无效死亡。关于此次现场管理的说法，错误的是（ ）。,A.甲应遵守“先通风、再检测、后作业”的原则进行作业安排|B.应当每两年至少组织一次有限空间作业专题安全培训|C.作业前阀井内气体检测指标应包括氧浓度、有毒有害气体浓度|D.该建筑公司应对甲、乙、丙进行专项安全培训,B,本题主要考查的是有限空间作业管理，属于高频考点。A正确，有限空间作业应当严格遵守“先通风、再检测、后作业”的原则；B错误，应当每年至少组织一次有限空间作业专题安全培训；C正确，检测指标包括氧浓度、易燃易爆物质（可燃性气体、爆炸性粉尘）浓度、有毒有害气体浓度；D正确，生产经营单位负责本单位从业人员安全培训工作，故该建筑公司应对甲、乙、丙进行专项安全培训。故选B。
单选题,[2025年][河南中安]某机械加工企业聘请技术服务机构进行职业病危害现状评价。该企业锻造车间内有150㎏、400㎏空气锤，1t、2t、3t蒸汽锤，加热炉、退火炉等生产设备，该技术服务机构现场测定出噪声最大声强达到95dB。关于职业病危害现状评价报告中涉及噪声危害的内容，错误的是（ ）。,A.锻造车间噪声危害为极重危害|B.白天厂界噪声应控制在65dB以内|C.个体防护应采取耳罩降噪措施|D.锻造车间应采用吸声降噪技术,A,本题主要考查的是职业病危害评价。做题思路：掌握噪声分级内容，结合经验分析选项，再利用排除法进行选择。A错误，依据《工作场所职业病危害作业分级 第4部分：噪声》（GBZ/T 229.4）第4.3.1表1：该危害应当属于重度危害；B正确，依据《声环境质量标准》（GB 3096-2008）第4部分，3类声环境功能区：指以工业生产、仓储物流为主要功能，需要防止工业噪声对周围环境产生严重影响的区域。判断该厂区为3类声环境功能区。依据《工业企业厂界环境噪声排放标准》（GB 12348-2008）第4.1.1判断该厂区昼间厂界噪声应控制在65dB以内；C正确，对于锻造车间由于其噪声危害严重，故其个体防护应当采取耳罩降噪措施；D正确，重度危害的作业条件下，会对劳动者的健康产生不良影响。应尽可能采取工程技术措施，进行相应的整改，因此应当采取吸声降噪措施[《工作场所职业病危害作业分级 第4部分：噪声》（GBZ/T 229.4）]。故选A。
单选题,[2025年][河南中安]2019年某面粉厂发生爆炸事故，造成3人死亡，机器、厂房损毁。事故善后发生费用40万元，支付丧葬费30万元，抚恤金360万元，机器、厂房原值280万元。保险公司赔付人身意外伤害保险360万元，赔付机器、厂房原值280万元。事故调查结束后，地方政府有关部门对企业总经理处罚2万元对企业处罚50万元。该事故直接经济损失是（ ）。,A.70万元|B.760万元|C.140万元|D.708万元,B,本题主要考查的是生产安全事故经济损失的计算，属于高频考点。做题思路：先区分直接经济损失和间接经济损失，后根据要求计算。该起事故中造成的直接经济损失包括：事故善后发生费用、支付丧葬费、抚恤金、企业事故罚款及机器、厂房等固定资产的损失（根据保险公司的赔付判断固定资产损失为280万元）。综上，该起事故造成的直接经济损失为：40＋30＋360＋50＋280＝760万元。故选B。
单选题,[2025年][河南中安]甲市乙区一地铁施工项目采用矿山法进行车站施工时发生火药爆炸，造成1人死亡。事故调查结束后，事故调查组提交了事故调查报告，提出了相应的防范和整改措施。负责对该事故落实防范和整改措施进行监督检查的部门是（ ）。,A.甲市负责安全生产监督管理的部门|B.甲市住建部门|C.乙区负责安全生产监督管理的部门|D.乙区住建部门,C,本题主要考查的是事故防范和整改措施的落实。做题思路：遵循属地管理原则明确划分责任，使管理更具便利性和效率性。安全生产监督管理部门和负有安全生产监督管理职责的有关部门，应当对事故发生单位负责落实防范和整改措施的情况进行监督检查。在本题中事故造成1人死亡，据此判断事故为一般事故，因此，应由乙区负责安全生产监督管理的部门监督检查。故选C。
单选题,[2025年][河南中安]某金矿新建二期工程于2019年5月竣工，为有效提升应急处置能力，该矿计划开展如下应急管理工作：①每年组织一次专项应急预案演练，每半年组织一次现场处置方案演练；②企业应急预案每三年进行一次预案评估；③洗选车间人员中毒专项应急预案修订完成后应在公布30日之内向有关部门备案；④明确尾矿库漫坝时现场人员有权采取撤离危险区域的措施。上述计划开展的应急管理工作中不符合要求的是（ ）。,A.①|B.②|C.③|D.④,C,本题主要考查的是应急预案的管理，属于高频考点。做题思路：掌握应急预案的管理，记忆各个时间节点的要求。应急预案的备案、演练，演练内容等相关知识点均为常考点。序号①，生产经营单位应当制定本单位的应急预案演练计划，根据本单位的事故风险特点，每年至少组织一次综合应急预案演练或者专项应急预案演练，每半年至少组织一次现场处置方案演练。故①符合。序号②，矿山、金属冶炼、建筑施工企业和易燃易爆物品、危险化学品等危险物品的生产、经营、储存、运输企业、使用危险化学品达到国家规定数量的化工企业、烟花爆竹生产、批发经营企业和中型规模以上的其他生产经营单位，应当每三年进行一次应急预案评估。故②符合。序号③，易燃易爆物品、危险化学品等危险物品的生产、经营、储存、运输单位，矿山、金属冶炼、城市轨道交通运营、建筑施工单位，以及宾馆、商场、娱乐场所、旅游景区等人员密集场所经营单位，应当在应急预案公布之日起20个工作日内，按照分级属地原则，向县级以上人民政府应急管理部门和其他负有安全生产监督管理职责的部门进行备案，并依法向社会公布。故③不符合。序号④，从业人员发现直接危及人身安全的紧急情况时，有权停止作业或者在采取可能的应急措施后撤离作业场所。因此明确尾矿库漫坝时现场人员有权采取撤离危险区域的措施符合要求，故④符合。故选C。
单选题,[2025年][河南中安]某企业在推动安全文化建设过程中，首先从人员的行为规范入手，在厂区内实行人车分流管理模式，指定人车行走轨迹路线，倡导员工“两人成行，三人成列”。按照指定的人行路线出入厂区，形成了浓厚的安全文化氛围。2019年9月，企业从学校和社会分别招聘了5名员工。一周后，这10名员工也按照指定行走路线，自觉做到出入厂区时“两人成行，三人成列”。新员工的这种行为，体现了安全文化功能中的（ ）。,A.导向功能|B.激励功能|C.辐射和同化功能|D.凝聚功能,C,本题主要考查的是企业安全文化的功能，属于高频考点。做题思路：掌握企业安全文化的功能，清晰理解每种功能的特点。辐射和同化功能是指企业安全文化一旦在一定的群体中形成，便会对周围群体产生强大的影响作用，迅速向周边辐射。而且，企业安全文化还会保持一个企业稳定的、独特的风格和活力，同化一批又一批新来者，使他们接受这种文化并继续保持与传播，使企业安全文化的生命力得以持久。在本题中首先老员工形成了浓厚的安全文化氛围，按照“两人成行，三人成列”的路线出入厂区，带动了新员工也自觉做到出入厂区时“两人成行，三人成列”，这就体现了企业的安全文化同化了一批又一批新来者，使他们接受这种文化并继续保持与传播，即体现了安全文化的辐射和同化功能。故选C。
单选题,[2025年][河南中安]某企业生产系统包括物料装卸、场内传送，电气、热力等生产系统，且相互关联，根据相关规定，企业要求有关作业人员必须取得政府部门颁发的作业资格证书。下列作业人员中，应取得作业资格证书的是（ ）。,A.物料装卸工|B.热力操作员|C.架子工|D.皮带运行工,C,本题主要考查的是特种作业人员的相关知识，属于高频考点。做题思路：本题出题范围广，考查的特种人员类型多，需要我们有一定的知识广度。电焊工、架子工、起重工、电工、射线探伤人员等具备作业要求的相应能力，取得政府部门颁发的作业资格证书。故选C。
单选题,[2025年][河南中安]某矿山过去10年平均年降水量为1765㎜，尾矿库上游水平投影面积约7km。为做好防洪工作，矿山计划编制《尾矿库汛期防洪专项应急预案》，本预案除洪水可能造成的事故风险分析、应急组织机构和职责内容外，还应包含的内容是（ ）。,A.处置措施，应急恢复|B.处置程序，应急恢复|C.处置措施，应急保障|D.处置程序，应急措施,C,本题主要考查的是专项预案的内容，属于高频考点。做题思路：考试中还经常考查现场处置方案及综合应急预案的内容，需要我们掌握。本题题干中已经指出，该矿山编制的为《尾矿库汛期防洪专项应急预案》，专项应急预案的内容主要包括适用范围、应急指挥机构及职责、响应启动、处置措施、应急保障。故选C。
单选题,[2025年][河南中安]甲公司将1号设备系统检修工作发包给乙公司，将配套的环保设施改造工程发包给丙公司。甲公司与乙公司、丙公司分别签订了项目合同和安全生产管理协议。施工期间，乙公司使用的平臂吊与丙公司使用的150t汽车吊吊臂发生碰撞，汽车吊吊臂断裂，将项目一名工作人员砸伤。甲公司在该起事故中承担（ ）。,A.受伤人员的医疗费用|B.起重作业指挥不到位的责任|C.设备的经济损失|D.乙、丙协调不到位的责任,D,本题主要考查的是生产经营单位承包管理，属于高频考点。做题思路：掌握承发包和交叉作业的安全管理，明确承包商安全管理职责。依据《安全生产法》，第四十九条：生产经营单位不得将生产经营项目、场所、设备发包或者出租给不具备安全生产条件或者相应资质的单位或者个人。生产经营项目、场所发包或者出租给其他单位的，生产经营单位应当与承包单位、承租单位签订专门的安全生产管理协议，或者在承包合同、租赁合同中约定各自的安全生产管理职责；生产经营单位对承包单位、承租单位的安全生产工作统一协调、管理，定期进行安全检查，发现安全问题的，应当及时督促整改。据此，生产经营单位承担的是对承包单位安全生产工作统一协调、管理的职责，在本起事故中甲公司作为发包方，对本起事故的职责应为对乙、丙协调不到位。故选D。
单选题,[2025年][河南中安]公司对餐厨垃圾处理和利用建设项目进行安全预评价，该项目包括餐厨垃圾接收容纳系统、传送系统、油水分离系统、脱水干燥系统和固态物发酵系统等。关于脱水干燥系统危险有害因素辨识的说法，正确的是（ ）。,A.根据生产过程危险和有害因素分类标准，脱水干燥系统安全标志不清晰属于环境缺陷|B.对照国家法律法规和标准对脱水干燥系统危险有害因素辨识属于类比法|C.考虑脱水干燥系统起因物造成的伤害方式，辨识该系统存在烫伤危险因素|D.根据相似工程系统的统计资料，对脱水干燥系统危险有害因素进行辨识的方法属于对照、经验法,C,本题主要考查的是系统危险有害因素辨识，属于高频考点。A错误，根据《生产过程危险和有害因素分类》（GB/T 13861）安全标志不清晰属于物的因素；B错误，对照国家法律法规和标准对脱水干燥系统危险有害因素辨识，属于对照、经验法；C正确，脱水干燥系统存在热源可能导致烫伤；D错误，根据相似工程系统的统计资料，对脱水干燥系统危险有害因素进行辨识的方法属于类比方法。故选C。
单选题,[2025年][河南中安]某大型食品生产加工企业为缓解一线辅助生产人员不足的问题，分别与劳务派遣公司和职业学校签订合同，由劳务派遣公司派遣6名劳务人员到企业锅炉车间工作，职业学校派20名实习学生到包装车间工作。关于安全生产培训教育的做法，错误的是（ ）。,A.企业应负责实习学生安全操作规程的培训|B.职业学校应协助企业对实习学生进行安全生产教育和培训|C.企业应建立劳务派遣人员和实习学生的安全生产教育和培训档案|D.劳务派遣公司应负责劳务派遣人员安全操作规程的教育和培训,D,本题主要考查的是对劳务派遣人员、实习人员的教育培训，属于高频考点。做题思路：生产经营单位应对进入企业的从业人员进行安全生产教育培训，防止产生不安全行为、减少人为失误。A正确，生产经营单位接收中等职业学校、高等学校学生实习的，应当对实习学生进行相应的安全生产教育和培训，提供必要的劳动防护用品；B正确，学校应当协助生产经营单位对实习学生进行安全生产教育和培训；C正确，生产经营单位应当建立健全从业人员安全生产教育和培训档案，由生产经营单位的安全生产管理机构以及安全生产管理人员详细、准确记录培训的时间、内容、参加人员以及考核结果等情况；D错误，生产经营单位使用被派遣劳动者的，应当将被派遣劳动者纳入本单位从业人员统一管理，对被派遣劳动者进行岗位安全操作规程和安全操作技能的教育和培训。劳务派遣单位应当对被派遣劳动者进行必要的安全生产教育和培训。故应当由企业负责劳务派遣人员安全操作规程的教育和培训，而不是劳务派遣公司。故选D。
单选题,[2025年][河南中安]甲公司拟投资建设一大型商业综合体项目，由乙公司总承包，乙公司将土石工程发包给丙公司，结构和给排水机电施工工程，发包给丁公司。施工过程中，负责该建设项目的安全生产工作统一协调、管理的单位是（ ）。,A.乙|B.甲|C.丙|D.丁,B,本题主要考查的是生产经营单位的安全生产管理责任，属于高频考点。做题思路：掌握生产经营单位的安全生产主体责任。生产经营单位对安全生产工作统一协调、管理。故选B。
单选题,[2025年][河南中安]某金属矿由于局地强降雨，尾矿库坝基渗水，洗选厂厂房漏水，露天矿积水2m矿内山体土质松动。根据《安全生产事故隐患排查治理暂行规定》（国家安全生产监督管理总局令第16号），关于该矿向有关部门报告重大事故隐患时限的说法，正确的是（ ）。,A.洗选厂隐患应于下月15日前报负责安全生产监督管理的部门|B.露天矿隐患应于发现后30日内报国土资源部门|C.尾矿库坝基隐患应于下季度15日前报送负责安全生产监督管理的部门|D.山体松动隐患应于发现后10日内报住建部门,C,本题主要考查的是事故隐患排查治理情况报送的要求，属于高频考点。做题思路：掌握隐患排查治理，清晰上报主体责任、时间节点及报送部门。生产经营单位应当每季、每年对本单位事故隐患排查治理情况进行统计分析，并分别于下一季度15日前和下一年度31日前向安全监管监察部门和有关部门报送书面统计分析表。对于重大事故隐患，生产经营单位除依照上述要求报送外，还应当及时向安全监管监察部门和有关部门报告。因此无论是重大隐患还是一般隐患，其都应当在下一季度15日前报送负责安全生产监督管理的部门，只是重大隐患还需要及时上报。故选C。
单选题,[2025年][河南中安]某大型速冻食品加工企业使用液氨储量为13t的制冷系统，根据《企业安全生产标准化基本规范》（GB/T 33000），开展了安全生产标准化“制度化管理”工作，将现有的安全生产台账按体系要求进行归类管理。下列整理“现场管理”体系要素台账的做法中，正确的是（ ）。,A.将工具的定置管理等台账从“现场管理”要素台账中移出|B.将隐患排查治理台账归到“现场管理”要素台账|C.将13t液氨储罐台账从“现场管理”要素台账中移出|D.将安全生产现状评价资料归到“现场管理”要素台账,C,本题主要考查的是安全生产标准化的要素，属于高频考点。做题思路：掌握安全生产标准化，在理解的基础上对应一级要素和二级要素的具体内容进行区分记忆。A错误，工具的定置管理属于作业安全，现场管理二级要素包括设备设施管理、作业安全、职业健康及警示标志，因此将工具的定置管理不应当从现场管理中移出；B错误，“隐患排查治理”属于“安全风险管控及隐患排查治理”中的二级要素，不应当归入现场管理；C正确，13t液氨储罐属于重大危险源，“重大危险源辨识与管理”属于“安全风险管控及隐患排查治理”中的二级要素，不应当放入现场管理；D错误，安全生产现状评价资料属于文档管理，“文档管理”属于“制度化管理”中的二级要素。故选C。
单选题,[2025年][河南中安]安全生产标准化以“PDCA”循环实现动态管理，具有点面结合、条块结合、循环滚动、持续改进的特点。8个一级要素涵盖了安全生产管理的各项工作，在安全生产标准化建设过程中应体现“三全”要求和“四重”特点。关于“四重”内容的说法，正确的是（ ）。,A.重在宣传、重在培训、重在落实、重在改进|B.重循环、重整体、重依据、重落实|C.重在基础、重在基层、重在落实、重在治本|D.重目标、重分解、重落实、重循环,C,本题考查的是企业开展安全生产标准化建设流程及注意事项。做题思路：适当关注企业在建设过程中应注意的问题，把“三全”“四重”当作常识来了解。“三全”、“四重”的说法目前可考证的起源于2012年12月4日中国安全生产协会发布的，作者为国家安全监管总局《调查研究》的文章——《安全生产标准化工作的历史、现状和前景》，在该文中指出开展安全生产标准化活动“重在基础、重在基层、重在落实、重在治本”即四重特点，另外“三全”要求指的是“全员、全过程、全方位”。故选C。
单选题,[2025年][河南中安]甲公司是一家生产消毒剂的民营企业。针对疫情防控市场需求，甲公司决定扩大生产规模，新建一条生产线，成立了项目部。项目部将新建项目发包给乙公司，同时聘请丙公司进行监理。关于项目及相关方安全管理的做法，正确的是（ ）。,A.甲公司明确项目部为发包工程归口管理部门|B.项目部以部门名义将该工程项目发包给乙公司|C.项目建设期间乙公司造成的生产安全事故由乙公司负责|D.甲公司要求丙公司承担施工现场的安全管理责任,A,本题主要考查的是承包商管理，属于高频考点。做题思路：掌握承发包安全管理，明确承包商安全管理职责。A正确，生产经营单位应明确发包工程归口管理部门，统一对发包工程进行管理。甲公司明确了项目部为发包工程归口管理部门；B错误，生产经营单位发包工程项目，应以生产经营单位名义进行，严禁以某一部门的名义进行发包。因此，不能以项目部一个部门的名义将该工程项目发包给乙公司；C错误，项目建设期间发生的生产安全事故，要根据事故的具体情况来判断各单位应当负的责任，不能一概而论；D错误，丙公司为监理单位，不能承担施工现场的安全管理责任。故选A。
单选题,[2025年][河南中安]某市一建筑施工企业为了能够按工期要求完工，向施工项目部增派劳动力。其中，刘某和李某为临时招用人员，未经培训立即上岗。现场塔吊吊装大型模板时，刘某指挥塔吊作业，李某在高处搭设脚手架且未系安全带，现场无安全管理人员巡查。由于塔吊运行起升高度不够且运行速度较快运行过程中吊物撞击脚手架，导致李某坠落死亡。关于此次事故原因的说法，错误的是（ ）。,A.刘某和李某未经培训直接上岗为间接原因|B.李某未系安全带为间接原因|C.刘某违章指挥为直接原因|D.项目部安全管理人员未进行现场检查为间接原因,B,本题主要考查的是事故的原因分析，属于高频考点。做题思路：掌握事故的原因分析，后区分直接原因和间接原因。A正确，未经培训为间接原因；B错误，属于人的不安全行为为直接原因；C正确，属于人的不安全行为为直接原因；D正确，属于对现场工作缺乏检查或指导错误。故选B。
单选题,[2025年][河南中安]某建筑公司为了加强工程建设项目安全管理，起草了《工程建设项目安全管理制度》该制度涉及建设项目组织机构建立和职责划分、危险性较大的分部分项工程（简称“危大工程”）专项方案论证、危险作业安全技术交底、安全协议签订要求、安全零事故奖励、对承包商的安全奖惩等内容。关于“危大工程”安全管理规定的说法，错误的是（ ）。,A.项目技术负责人应当向施工现场管理人员进行方案交底|B.第三方监测单位应当取得相应的安全资质|C.施工单位拒不按照专项方案施工，监理单位应当及时报所在地住建部门|D.建设单位在应急抢险结束后，应对抢险工作进行评估,B,本题主要考查的是危险性较大的分部分项工程安全管理。A正确，专项施工方案实施前，编制人员或者项目技术负责人应当向施工现场管理人员进行方案交底；B错误，错在“安全资质”，安全资质不同于勘察资质。对于按照规定需要进行第三方监测的危大工程，建设单位应当委托具有相应勘察资质的单位进行监测；C正确，监理单位发现施工单位未按照专项施工方案施工的，应当要求其进行整改；情节严重的，应当要求其暂停施工，并及时报告建设单位。施工单位拒不整改或者不停止施工的，监理单位应当及时报告建设单位和工程所在地住房城乡建设主管部门。拒不按照专项方案施工实际上就是拒不整改；D正确，危大工程应急抢险结束后，建设单位应当组织勘察、设计、施工、监理等单位制定工程恢复方案，并对应急抢险工作进行后评估。故选B。
单选题,[2025年][河南中安]甲公司进行脱硝系统氨区改造，委托乙公司拆除原有液氨储罐及相关管路。为保证作业人员安全，乙公司除配置安全帽、空气呼吸器、防护手套、安全带等劳动防护用品外，还需配置的劳动防护用品是（ ）。,A.防寒服|B.绝缘靴|C.耳塞|D.护目镜,D,本题主要考查的是劳动防护用品的选用，属于高频考点。做题思路：根据劳动者工作场所中存在的危险、有害因素种类及危害程度、劳动环境条件等制定劳动防护用品配备标准。在本题中拆除原有液氨储罐及相关管路，其残留的氨气可能对眼睛造成伤害，在拆卸过程中也可能引起飞溅物对眼睛造成伤害，因此应当配护目镜。防寒服、绝缘鞋和耳塞都不是必需的。故选D。
单选题,[2025年][河南中安]根据建设项目安全设施“三同时”的有关要求。建设项目竣工后在投入生产或使用前进行试运行。一些建设项目试运行前，应将试运行方案报负责安全生产监督管理的部门备案。下列建设项目中，应履行备案手续的是（ ）。,A.烟花爆竹建设项目|B.大型游乐场建设项目|C.碳化钙建设项目|D.道路交通建设项目,C,本题主要考查的是建设项目“三同时”施工和竣工验收，属于高频考点。做题思路：生产、储存危险化学品的建设项目和化工建设项目危险性较高，该知识点着重记忆。生产、储存危险化学品的建设项目和化工建设项目，应当在建设项目试运行前将试运行方案报安全生产监督管理部门备案。在本题的四个选项中，只有碳化钙建设项目属于危险化学品建设项目。故选C。
单选题,[2025年][河南中安]某地方国有独资企业主要从事危险化学品的生产及储存业务。由于长期亏损，该企业安全生产投入资金严重不足，化工生产装置失修，引发安全生产责任事故。根据安全生产管理有关规定该企业应承担安全生产资金投入不足责任的人员是（ ）。,A.生产经理|B.财务总监|C.安全总监|D.总经理,D,本题主要考查的是安全生产投入保证的要求，属于高频考点。做题思路：本题考察承担安全生产资金投入不足责任的人员，其核心还是主要负责人的职责。依据《安全生产法》第二十三条：生产经营单位应当具备的安全生产条件所必需的资金投入，由生产经营单位的决策机构、主要负责人或者个人经营的投资人予以保证，并对由于安全生产所必需的资金投入不足导致的后果承担责任。在本题中主要负责人为总经理，故应承担安全生产资金投入不足责任的人员为总经理。故选D。
单选题,[2025年][河南中安]某金属矿山企业在进行风险管控和隐患排查工作中，对井下采场存在的危险和有害因素进行了辨识，同时给出了有关危险有害因素所属的类别。根据《生产过程危险和有害因素分类与代码》（GB/T 13861），下列有关危险有害因素所属类别的说法中，错误的是（ ）。,A.采场风钻噪声超标是物的因素|B.放矿口信号显示错误是物的因素|C.顶板冒落浮石是物的因素|D.采场存在的α粒子是环境因素,D,本题主要考查的是《生产过程危险和有害因素分类与代码》（GB/T 13861），属于高频考点。做题思路：掌握并区分人的因素、物的因素、环境因素和管理因素。ABC正确，D错误，D选项，采场存在的α粒子是物的因素，其他三个选项的分类均是正确的。故选D。
单选题,[2025年][河南中安]根据特殊作业许可管理要求，动火作业必须制定可靠的安全措施。下列动火作业安全措施中，错误的是（ ）。,A.甲类区域生产设备的伴热蒸汽管道上动火不用进行动火分析|B.距动火点10m内有可燃液体排放的动火可以采用硬隔离方法|C.盛装过危险化学品罐体上的动火必须进行置换和动火分析|D.二级动火作业的动火作业许可证由动火点所在车间审批,A,本题主要考查的是动火作业安全管理，属于高频考点。做题思路：掌握动火作业安全管理的安全措施。A错误，《建筑设计防火规范》（GB 50016）、《石油化工企业设计防火标准》（GB 50160）、《石油库设计规范》（GB 50074）中火灾危险性分类为甲、乙类区域的场所称之为易燃易爆场所，在易燃易爆场所进行的除特殊动火作业以外的动火作业均属于一级动火作业，一级动火作业需要进行动火分析；B正确，对于动火点周围15m范围内有可能泄漏易燃、可燃物料的设备设施，应采取隔离措施，隔离措施是一个类别，硬隔离是隔离措施中的一种方法；C正确，凡在盛有或盛装过危险化学品的设备、管道等生产、储存设施及处于《建筑设计防火规范》（GB 50016）、《石油化工企业设计防火标准》（GB 50160）、《石油库设计规范》（GB 50074）规定的甲、乙类区域的生产设备上动火作业，应将其与生产系统彻底隔离，并进行清洗、置换分析合格后方可作业；D正确，依据新的规范，二级动火作业由动火作业基层单位审批。但依据旧规范，D选项正确。故选A。
单选题,[2025年][河南中安]某化工企业污水处理厂的管井内存在有毒、易燃易爆气体、缺氧、潮湿等危险有害因素容易发生中毒窒息和火灾爆炸等事故，因此管井内清污应按照特殊作业进行管理。关于管井清污作业现场管理要求的说法，错误的是（ ）。,A.作业许可由污水处理厂负责办理|B.受限空间作业前需要进行通风和气体检测|C.管井清污作业要持续进行气体监测|D.进入潮湿管井作业时照明电压应小于36V,D,本题主要考查的是受限空间作业管理，属于高频考点。做题思路：掌握受限空间的作业许可管理和作业安全措施，细节处多多要留心。由于本题中企业为化工企业，故其实质考查的是《危险化学品企业特殊作业安全规范》（GB 30871）。A正确，受限空间作业在作业前，作业单位应办理作业审批手续，可由污水处理厂办理；B正确，应保持受限空间空气通风良好（可采取自然通风，必要时应采用机械通风），并对受限空间内的气体浓度进行严格监测；C正确，管井清污属于可能释放有害物质的受限空间，应当连续监测；D错误，受限空间照明电压应小于或等于36V，在潮湿容器，狭小容器内作业电压应小于或等于12V。故选D。
单选题,[2025年][河南中安]某省为召开安全生产工作会议，编制了年度工作报告，报告中涉及了对上一年度事故的统计、分析，分管领导在审阅报告后，强调报告要通过形象、直观的统计图表揭示本省事故多发频发的区域，该报告适用的统计图表是（ ）。,A.统计地图|B.条形图|C.散点图|D.对数线图,A,本题主要考查的是统计图的类型及其应用，属于高频考点。做题思路：掌握常用的事故统计方法，根据特点进行区分。统计图中的统计地图适用于描述某种现象的地域分布，在本题中“领导在审阅报告后，强调报告要通过形象、直观的统计图表揭示本省事故多发频发的区域”因此，该报告使用的统计图表应为统计地图。故选A。
单选题,[2025年][河南中安]【根据新规改编】某磷矿企业2019年从地下矿开采磷矿石1万吨，从露天矿开采磷矿石2万吨。根据《企业安全生产费用提取和使用管理办法》，关于2019年该企业安全生产费用提取和使用的说法，正确的是（ ）。,A.费用提取14万元，由企业自己提取，自己使用|B.费用提取8万元，由财政部门提取，下拨使用|C.费用提取8万元，由负责安全生产监督管理的部门提取，下拨使用|D.费用提取14万元，由财政部门提取，下拨使用,A,本题主要考查的是安全生产费用的提取，属于高频考点。做题思路：先区分不同行业，记住各行业对应的提取依据和提取比例或额度，再来确定安全生产费用的提取标准。安全生产费用是指企业按照规定标准提取在成本中列支，专门用于完善和改进企业或者项目安全生产条件的资金。安全费用按照“企业提取、政府监管、确保需要、规范使用”的原则进行管理。对于非金属矿山，其安全生产费用的提取标准为：露天矿山每吨3元，地下矿山每吨8元；故该企业安全生产费用1×8＋2×3＝14万元，由企业自己提取，自己使用。故选A。
单选题,[2025年][河南中安]某化工企业进行现场吊装作业，汽车吊试吊后，将一台40t储罐从停止送电的6kV输电线路上方吊至厂房3层平台上安装。在现场安全员的指挥下吊车司机将储罐吊起，越过高压线路时，吊车突然倾翻，储罐坠落砸断输电线。根据《危险化学品企业特殊作业安全规范》（G,B.30871），本次吊装作业违反安全管理要求的是（ ）。|A.本次吊装作业按照二级进行管理|B.现场安全员指挥吊装|C.吊装作业时6kV输电线路停止送电|D.起吊前对储罐进行试吊,B,本题主要考查的是吊装作业安全管理，属于高频考点。做题思路：判断吊装作业等级，掌握吊装作业安全管理要求。A正确，二级吊装作业：40t≤m≤100t；本次作业吊物重40t，因此应为二级吊装作业；B错误，指挥人员应佩戴明显的标志，并按规定的联络信号进行指挥，不能由安全员进行指挥；C正确，不应靠近输电线路进行吊装作业。确需在输电线路附近作业时，起重机械的安全距离应大于起重机械的倒塌半径并符合要求；不能满足时，应停电后再进行作业；D正确，起吊前应进行试吊，试吊中检查全部机具、地锚受力情况，发现问题应将吊物放回地面，排除故障后重新试吊，确认正常后方可正式吊装。故选B。
单选题,[2025年][河南中安]根据国家相关要求，应对叉车有关项目进行强制性检查。除检查叉车日常运行记录、叉车人员取证等项目外，还应强制性检查的项目（ ）。,A.叉车年度检测报告|B.叉车维修租赁使用记录日|C.叉车人员培训学时数|D.叉车司机工伤保险缴纳记录,A,本题主要考查的是叉车使用的有关规定。依据《场（厂）内专用机动车辆安全技术监察规程》使用单位应当遵守《特种设备使用管理规则》的规定，同时还应当符合以下要求：（6）检验有效期届满的1个月以前，向特种设备检验机构提出定期检验申请，接受检验，并且做好定期检验相关的配合工作：（9）场车驾驶人员取得相应的《特种设备作业人员证》，持证上岗；（10）按照本规程要求，进行场车的日常维护保养、自行检查和全面检查。即叉车日常运行记录、叉车人员取证、叉车年度检测报告。故选A。
单选题,[2025年][河南中安]某集团公司为加强安全生产管理，在基层全面推进双重预防机制建设工作，公司下属工厂从总平面布置、道路运输、生产车间、安全管理组织等方面进行了危险源辨识。根据《生产过程危险和有害因素分类与代码》（GB/T 13861），关于工厂危险有害因素分类的说法，正确的是（ ）。,A.车间劳动组织不合理属于管理因素|B.车间疏散通道、安全出口设计缺陷属于室内作业场所环境不良|C.夏季温度高，员工室外作业容易中暑，属于综合性作业场所环境不良|D.运输车辆集中时段进出工厂，导致交通不畅属于室外作业场所环境不良,B,本题主要考查的是《生产过程危险和有害因素分类与代码》（GB/T 13861）中危险和有害因素的辨识，属于高频考点。做题思路：掌握并区分人的因素、物的因素、环境因素和管理因素。A错误，车间劳动组织不合理不属于管理因素，在《生产过程危险和有害因素分类与代码》（GB/T 13861）并不能准确的找到劳动组织属于那种分类，劳动组织不合理属于劳动过程中的危险有害因素；C错误，夏季温度高，员工室外作业容易中暑，属于室外作业场地环境不良中的作业场地温度、湿度、气压不适；D错误，运输车辆集中时段进出工厂，导致交通不畅属于人的因素中的指挥失误。故选B。
单选题,[2025年][河南中安]某煤矿针对规范“应急管理”体系要素内容相关工作展开了讨论，根据《企业安全生产标准化基本规范》（GB/T 33000），关于“应急管理”体系要素内容归属的说法，正确的是（ ）。,A.与邻近的专业应急救援队伍签订应急救援服务协议属于“应急准备”要素的内容|B.每年开展一次应急准备的评估属于“应急准备”要素的内容|C.工业广场防汛应急演练时协同周边企业开展救援属于“应急处置”要素的内容|D.井下触电事故救援结束后开展应急处置评估属于“应急处置”要素的内容,A,本题主要考查的是安全生产标准化的要素管理，属于高频考点。做题思路：掌握安全生产标准化，在理解的基础上对应一级要素和二级要素的具体内容进行区分记忆。B错误，每年开展一次应急准备的评估属于“应急评估”要素的内容；C错误，工业广场防汛应急演练时协同周边企业开展救援属于应急演练，即属于“应急准备”要素的内容；D错误，井下触电事故救援结束后开展应急处置评估属于“应急评估”要素的内容。故选A。
单选题,[2025年][河南中安]某安全评价机构员工甲、乙、丙、丁对该市化工园区内的生产线、罐区及存储库进行安全评价，四人对单元划分的原则，提出了不同看法，根据《危险化学品重大危险源辨识》（G,B.18218），四人关于单元划分原则的看法中，错误的是（ ）。|A.乙认为生产装置及设施之间应以切断阀为分割界限划分单元|B.甲认为丙酮生产厂区应独立划分为一个单元|C.丙认为丙酮储存单元应以罐区防火堤为界划分单元|D.丁认为丙酮存储库相对独立，应划分为一个单元,B,本题主要考查的是重大危险源的评价单元划分，属于高频考点。做题思路：掌握重大危险源的评价单元划分规则，后根据关键词判断正误。依据《危险化学品重大危险源辨识》（GB 18218）生产单元是指危险化学品的生产、加工及使用等的装置及设施，当装置及设施之间有切断阀时，以切断阀作为分隔界限划分为独立的单元。储存单元是指用于储存危险化学品的储罐或仓库组成的相对独立的区域，储罐区以罐区防火堤为界限划分为独立的单元，仓库以独立库房（独立建筑物）为界限划分为独立的单元。B错误，综上生产区应当以切断阀作为分隔界限划分为独立的单元。故选B。
单选题,[2025年][河南中安]甲公司实施一项大型技改项目拟将与该项目配套的办公楼、工艺楼建设项目等发包给乙公司。按照相关要求，甲公司安全管理部门对乙公司进行了安全资质审查。下列乙公司提供的安全资质审查资料中，符合要求的是（ ）。,A.法定代表人证明书、安全生产许可证、主要负责人安全生产考核合格证书、近两年的安全业绩|B.法定代表人证明书、安全生产许可证、安全管理体系程序文件及有效评审报告、近两年的安全业绩|C.特种作业证书、安全生产许可证、主要负责人安全生产考核合格证书、近两年的安全业绩|D.安全生产许可证、主要负责人安全资格证书、安全管理体系有效评审报告、近两年的安全业绩,D,本题主要考查的是承包商的安全资质审查，属于高频考点。做题思路：掌握承包商资质审查应提供的资料，理解的基础上区分业务资质审查和安全资质审查。安全资质审查应提供的资料包括：（1）承包商安全资质审查表；（2）安全资质证书，如安全生产许可证、职业安全健康管理体系认证证书等；（3）主要负责人、项目负责人、安全生产管理人员经政府有关部门安全生产考核合格名单及证书；（4）企业近两年的安全业绩，包括施工经历、重大安全事故情况档案、事故发生率及原始记录、安全隐患治理情况档案等；（5）安全管理体系程序文件及有效评审报告。ABC不符合，D符合。AB选项中不包括法定代表人证明书，C选项中不包括特种作业证书。故选D。
单选题,[2025年][河南中安]某机械企业在开展安全生产专项隐患排查活动后，总经理安排生产技术部牵头对发现的重大事故隐患制定治理方案。在方案评审过程中，总经理听取了“治理的目标和任务”“采取的方法和措施”，“经费和物资的落实”，“负责治理的机构和人员”，“治理的时限和要求”五部分内容的汇报后，对方案的五部分完整性提出了质疑。上述方案缺少的重要内容是（ ）。,A.安全措施和应急预案|B.检测检验和验收要求|C.备案的程序和时限规定|D.第三方评审及报告,A,本题主要考查的是重大事故隐患的治理方案内容，属于高频考点。做题思路：首先明确事故最终要达到的状态和方向，其次针对隐患原因确定方法，再次计算所需资金和物资和谁来治理，最后规定治理的起止时间和要求。重大事故隐患治理方案应当包括以下内容：治理的目标和任务，采取的方法和措施，经费和物资的落实，负责治理的机构和人员，治理的时限和要求，安全措施和应急预案。根据题干，该企业制定的方案中缺少“安全措施和应急预案”。故选A。
单选题,[2025年][河南中安]某火力发电企业安全管理人员每天进行一次现场巡回检查，其行走路线依次为控制室省煤器灰斗一脱硝灰斗一电除尘器一输灰管道—氨水罐区。关于该安全管理人员在巡回检查过程中配备劳动防护用品的说法，错误的是（ ）。,A.应为安全管理人员配备安全帽、耳塞等防护用品|B.应为其进入氨水罐区巡检配备随身携带的正压式呼吸器|C.选用的防护用品应考虑作业地点的有害因素|D.应根据安全管理人员个人特点和需求选择适合型号、式样,B,本题主要考查的是劳动防护用品的配备，属于考试的高频考点。做题思路：掌握不同环境下需要配备的劳动防护用品。在本题中其行走的路线中出现的危险和有害因素包括物体打击、噪声、粉尘、有毒有害气体等。A正确，为管理人员配备安全帽、耳塞等防护用品是合理的；B错误，正常情况下，氨水罐区氨气浓度低（符合职业接触限值），只需配备便携式氨气检测报警仪（实时监测浓度）和过滤式防毒面具（带氨滤毒盒）（应对少量泄漏），无需随身携带正压式呼吸器（过度防护且无必要） ，且正压式呼吸器器材体积大，携带不便应当放置于现场；C正确，用人单位应当根据劳动者工作场所中存在的危险、有害因素种类及危害程度、劳动环境条件等制定劳动防护用品配备标准，因此选用的防护用品应考虑作业地点的有害因素；D正确，劳动防护用品的选择还应当考虑其佩戴的合适性和基本舒适型，根据个人特点和需求选择适合型号、式样。因此应根据安全管理人员个人特点和需求选择适合型号、式样。故选B。
单选题,[2025年][河南中安]某安全评价机构对某石化企业开展危险化学品重大危险源评价工作，评价人员在进行重大危险源评价单元划分时产生了分歧，根据《危险化学品重大危险源辨识》（G,B.18218），以下设备、设施、场所不能划分为同一危险化学品重大危险源评价单元的是（ ）。|A.危险化学品独立库房|B.一个防火堤内的汽油储罐|C.生产区的常减压装置|D.生产区的所有地面管道,D,本题主要考查的是重大危险源单元的划分，属于高频考点。做题思路：掌握重大危险源的评价单元划分规则，后根据关键词判断正误。依据《危险化学品重大危险源辨识》（GB 18218），生产单元：危险化学品的生产、加工及使用等的装置及设施，当装置及设施之间有切断阀时，以切断阀作为分隔界限划分为独立的单元。储存单元：用于储存危险化学品的储罐或仓库组成的相对独立的区域，储罐区以罐区防火堤为界限划分为独立的单元，仓库以独立库房（独立建筑物）为界限划分为独立的单元。A正确，仓库以独立库房（独立建筑物）为界限划分为独立的单元，因此可以作为一个单元；B正确，储罐区以罐区防火堤为界限划分为独立的单元，故一个防火堤内的汽油储罐可以划分为一个单元；C正确，生产区的常减压装置为一个设施，没有切断阀，故可以划分为一个单元；D错误，散设地上的管道不作为独立的单元处理，但配管桥区例外。生产区的所有地面管道既有存储单元的，也有生产单元的，中间切断阀的数量也未明确，因此不能作为一个单元。故选D。
单选题,[2025年][河南中安]某企业计划建设年产1万吨乙醇的项目。在该项目安全设施设计审查阶段，企业应当按相关规定向负责安全生产监督管理的部门备案并提交有关文件。下列文件资料中，应向负责安全生产监督管理的部门提交的是（ ）。,A.重大危险源监控系统设计资料|B.安全预评价报告及相关文件资料|C.施工单位的施工资质证明文件|D.从业人员安全教育培训记录及资格证书,B,本题主要考查的是建设项目安全设施设计审查，属于高频考点。做题思路：本题属于记忆内容，该知识点通常还会考查需要进行审查的企业类型、审查的流程等内容。对于非煤矿山建设项目，生产储存危险化学品（包括使用长输管道输送危险化学品）建设项目，以及生产、储存烟花爆竹的建设项目，金属冶炼建设项目，建设项目安全设施设计完成后，生产经营单位应当向安全生产监督管理部门提出审查申请，并提交下列文件资料：①建设项目审批、核准或者备案的文件。②建设项目安全设施设计审查申请。③设计单位的设计资质证明文件。④建设项目安全设施设计。⑤建设项目安全预评价报告及相关文件资料。⑥法律、行政法规、规章规定的其他文件资料。故本题中，应当向负责安全生产监督管理的部门提交的是安全预评价报告及相关文件资料。故选B。
单选题,[2025年][河南中安]某酿酒厂成立了以厂长为组长，生产副厂长、安全科、生产科和销售科等相关人员组成的安全生产事故应急预案编制小组。半年后，应急预案编制完成，厂长召集内部相关部门对预案进行了评审，之后该厂又聘请行业专家进行了外部评审。一个月后组织全厂员工进行应急演练，并聘请外部专家进行评估。演练结束后，外部专家对演练进行了点评，并在2天后递交了书面评估报告。关于应急预案演练改进的说法，正确的是（ ）。,A.由原应急预案编制小组根据演练评估报告意见修订和完善应急预案，并进行内外部评审|B.由本次评估的外部专家为修订小组组长，根据评估报告提出的意见修订和完善应急预案|C.重新成立编制小组，根据评估报告意见，重新编制应急预案，重新组织应急演练|D.由原应急预案编制小组根据演练评估报告意见修订和完善应急预案，重新组织应急演练,A,本题主要考查的是应急演练的持续改进，属于高频考点。做题思路：应急演练的持续改进包含应急预案修订完善和应急管理工作改进，理解的基础上做题。演练结束后，根据演练评估报告中对应急预案的改进建议，由应急预案编制部门按程序对预案进行修订完善。在本题中应急预案的编制部门为以厂长为组长，生产副厂长、安全科、生产科和销售科等相关人员组成的安全生产事故应急预案编制小组，故应当由该小组根据演练评估报告意见修订和完善应急预案。故选A。
单选题,[2025年][河南中安]甲公司是一家五星级酒店，为解决蒸汽不足的问题，从乙公司购进一台蒸发量为4t/h的燃气锅炉。根据《特种设备安全监察条例》，关于该锅炉安全管理要求的说法，正确的是（ ）。,A.锅炉需进行水质处理，并接受特种设备检验机构的定期检验|B.锅炉投入使用前60日内，向省级特种设备安全监督管理部门登记|C.锅炉有效期届满后30日内，向检验机构提出定期检验要求|D.锅炉出现故障时，乙公司全面检查及处理后，方可重新投入使用,A,本题主要考查的是《特种设备安全监察条例》，属于高频考点。做题思路：特种设备相关的时间要求在记忆的时候注意关键词和细节。A正确，锅炉使用单位应当按照安全技术规范的要求进行锅炉水（介）质处理，并接受特种设备检验检测机构实施的水（介）质处理定期检验；B错误，特种设备在投入使用前或者投入使用后30日内，特种设备使用单位应当向直辖市或者设区的市的特种设备安全监督管理部门登记。其登记的部门应当是直辖市或者设区的市的特种设备安全监督管理部门而不是省级特种设备安全监督管理部门；C错误，特种设备使用单位应当按照安全技术规范的定期检验要求，在安全检验合格有效期届满前1个月向特种设备检验检测机构提出定期检验要求。而不是有效期届满后30日内；D错误，特种设备出现故障或者发生异常情况，使用单位应当对其进行全面检查，消除事故隐患后，方可重新投入使用。选项中缺少消除事故隐患后。故选A。
单选题,[2025年][河南中安]2019年12月10日，某热力公司供热锅炉发生故障。故障抢修过程中，发现锅炉房桥式起重机主钩抱闸故障，存在溜钩现象。由于起重设备厂家人员不能及时到场，工作负责人急于恢复供热，安排检修工甲站在桥式起重机主钩抱闸处，采用扳手配合制动。起吊过程中，抱闸闸箱突然破裂，一碎片击中甲的头部，经送医院抢救无效死亡。根据《企业职工伤亡事故分类》（G,B.6441），该事故的类别为（ ）。|A.物体打击事故|B.起重伤害事故|C.其他伤害事故|D.机械伤害事故,B,本题主要考查的是《企业职工伤亡事故分类》（GB 6441），属于高频考点。做题思路：掌握企业职工伤亡事故分类，在理解的基础上对各种伤害事故的具体内容进行区分记忆。起重伤害是指各种起重作业（包括起重机安装、检修、试验）中发生的挤压、坠落（吊具、吊重）、物体打击等。在本题中是起吊过程中，抱闸闸箱突然破裂，一碎片击中甲的头部，经送医院抢救无效死亡，也就是说是在起吊过程中发生的物体打击，故应当是本起事故的分类应当是起重伤害。故选B。
单选题,[2025年][河南中安]某企业为规范作业现场安全管理，推行了“5S”管理。实施半年后，员工的安全意识普遍提高，现场状况明显改善。关于“5S”作业现场管理的说法，正确的是（ ）。,A.“5S”整顿就是归类为“要”或“不要”|B.定置定位就是固定作业现场的工具及设备不得移动|C.“5S”素养就是提高安全管理水平|D.“5S”管理就是整理、整顿、清扫、清洁、素养,D,本题主要考查的是“5S”安全管理法，属于高频考点。做题思路：掌握“5S”安全管理法，后根据关键词判断正误。通常还可能考查“PDCA”、“目视化管理”等内容。A错误，5S的整顿是明确整理后需要物品的摆放区域和形式，即定置定位，而不是归类；B错误，定置定位是明确整理后需要物品的摆放区域形式，而不是工具设备不得移动；C错误，5S的素养是提高人的素质，养成严格执行各种规章制度、工作程序和各项作业标准的良好习惯和作风，而不单单是提高管理水平；D正确，“5S”管理就是整理、整顿、清扫、清洁、素养。故选D。
单选题,[2025年][河南中安]某公司是一家白酒生产企业，已取得了安全生产许可证。县应急管理局执法人员在危险化学品专项治理检查过程中，发现该公司白酒储存、勾兑场所未规范设置乙醇浓度检测报警装置，遂下达了暂停生产整改指令书，并报请县人民政府对该重大事故隐患实行挂牌督办。该公司经过整改，向县应急管理局提交了恢复生产的申请报告。关于对该公司重大事故隐患处理的做法，正确的是（ ）。,A.未安装乙醇浓度检测报警装置前，执法人员可暂扣公司的安全生产许可证|B.县应急管理局收到恢复生产申请报告后，应于10日内进行现场审查|C.县应急管理局对乙醇浓度检测报警装置现场审查合格后，报请县人民政府批准|D.经第三方安全评价机构评审合格后，即可恢复生产,B,本题主要考查的是挂牌督办的重大隐患处理的程序，属于高频考点。做题思路：掌握挂牌督办的过程，明确整改责任单位、整改要求、整改时限、整改环节以及验收阶段的相关要求。A错误，已经取得安全生产许可证的生产经营单位，在其被挂牌督办的重大事故隐患治理结束前，安全监管监察部门应当加强监督检查。必要时，可以提请原许可证颁发机关依法暂扣其安全生产许可证。注意是提请原发证机关暂扣而不是执法人员暂扣；B正确，对挂牌督办并采取全部或者局部停产停业治理的重大事故隐患，安全监管监察部门收到生产经营单位恢复生产的申请报告后，应当在10日内进行现场审查。因此县应急管理局收到恢复生产申请报告后，应于10日内进行现场审查；C错误，挂牌督办的重大事故隐患审查合格的，对事故隐患进行核销，同意恢复生产经营。无需报县人民政府批准；D错误，挂牌督办的重大隐患治理工作结束后，应当进行评估，符合安全生产条件的向安全生产监管监察部门和有关部门提出恢复生产的书面申请，经审查同意后方可恢复生产。而不是经第三方安全评价机构评审合格后，即可恢复生产。故选B。
单选题,[2025年][河南中安]某石化公司组织了催化裂化装置管线泄漏的现场演练，演练完成后，进行了评估与总结。下列工作内容中，不属于评估与总结阶段的是（ ）。,A.在演练现场，评估人员或评估组负责人对演练效果及发现的问题进行口头点评|B.应急演练结束后，组织应急演练的部门根据问题和建议进行改进|C.演练组织单位根据演练情况对演练进行全面总结|D.应急演练结束后，将应急演练文字资料等归档,B,本题主要考查的是应急演练的评估与总结，属于高频考点。做题思路：理解的基础上区分应急演练的各个步骤。ACD属于，B不属于，ACD分别属于现场点评、演练总结和资料归档三个方面；B选项属于应急演练的持续改进阶段，不属于评估与总结阶段。故选B。
单选题,[2025年][河南中安]某机械加工企业根据生产过程中危险有害因素特点，为员工购买了防尘面具、焊接护目镜、防静电手套和防静电鞋等劳动防护用品。关于劳动防护用品按防护部位分类的说法，正确的是（ ）。,A.防尘面具属于眼面部防护用品|B.耳罩属于听觉器官防护用品|C.焊接防护面罩属于头部防护用品|D.防静电手套属于躯干防护用品,B,本题主要考查的是劳动防护用品的分类、劳动防护用品的相关知识点，属于高频考点。做题思路：根据防护用品所防护的人体部位（如头部、眼部、手部、足部等）来对给出的劳动防护用品进行分类。A错误，防尘面具属于呼吸器官防护用品；B正确，耳罩属于听觉器官防护用品；C错误，焊接防护面罩属于眼面部防护用品；D错误，防静电手套属于手部防护用品。故选B。
单选题,[2025年][河南中安]某肉制品加工企业为了有效提升本企业安全管理水平，遏制涉氨制冷企业重特大事故的发生，特邀请第三方进行现场隐患排查。现场发现：①使用铍铜合金助力扳手；②压缩机房采用防爆排风机；③氨浓度检测仪安装在液氨储罐上方；④事故风机启停按钮安装在压缩机房内等情况。其中，属于事故隐患的是（ ）。,A.①|B.②|C.④|D.③,C,本题主要考查的是隐患排查治理。做题思路：事故隐患辨识需从人、机、料、法、环等各个方面排查可能导致事故的潜在问题，需要紧扣标准规范、全面细致分析相关要素。①氨属于易燃易爆气体，在易燃易爆场所不得使用铁制工具，铍铜合金不易产生火花，因此在该场所可以使用铍铜合金助力扳手。故①不属于事故隐患。②依据《冷库设计规范》（GB 50072-2010），9.0.2制冷机房的通风设计应符合下列要求：3.氨制冷机房应设置事故排风装置，氨制冷机房的事故排风机必须选用防爆型，排风口应位于侧墙高处或屋顶。故②不属于事故隐患。③依据《冷库设计规范》（GB 50072-2010），7.2.1氨制冷机房应设置氨气体浓度报警装置，氨气浓度传感器应安装在氨制冷机组及贮氨容器上方的机房顶板上。故氨浓度检测仪安装在液氨储罐上方不属于事故隐患。④依据《冷库设计规范》（GB 50072-2010），7.2.2氨制冷机房应设事故排风机，在控制室排风机控制柜上和制冷机房门外墙上应安装人工启停控制按钮。不能安装在压缩机房内，故事故风机启停钮安装在压缩机房内属于事故隐患。综上在本题中属于事故隐患的是第④项（注意选项与序号的顺序）。故选C。
单选题,"[2025年][河南中安]一、单选题
68
标记
收藏
某氨肥生产企业编制了安全技术措施计划，其中为现场接触尘毒作业人员设置淋浴室和更衣室属于安全技术措施计划中的（ ）。",A.辅助措施|B.安全技术措施|C.卫生技术措施|D.安全宣传教育措施,A,本题主要考查的是安全技术措施计划的项目范围，属于高频考点。做题思路：掌握安全技术措施的类型，后在理解的基础上根据关键词进行判断。A属于，安全技术措施计划中的辅助措施指保证工业卫生方面所必需的房屋及一切卫生性保障措施，如尘毒作业人员的淋浴室、更衣室或存衣箱、消毒室、妇女卫生室、急救室等。因此本题中为现场接触尘毒作业人员设置淋浴室和更衣室属于辅助措施。故选A。
单选题,[2025年][河南中安]某家具生产厂下料车间有大量锯末、刨花等易燃物，打磨车间有木屑粉尘，油漆车间有硝基漆。该工厂编制了针对火灾、爆炸和中毒等事故的应急预案。某日，该厂组织人员在下料车间进行演练，演练场景为：针对刨花清理不及时、辅助电动工具短路打火引起的火灾进行现场处置。根据上述场景，下列应急处置措施中，正确的是（ ）。,A.断开低压断路器、切断电源|B.用泡沫灭火器及时扑灭刨花火苗|C.用水枪灭火，安全距离不应小于2m|D.用灭火毯直接扑灭刨花火苗,A,本题考查的是电气火灾事故的应急措施。做题思路：有电气火灾风险（辅助电动工具短路打火）的火灾场景下，正确的应急处置措施。B错误，泡沫灭火剂不宜用于电气灭火；C错误，用水灭火时，水枪喷嘴至带电体的距离电压10kV及以下者不应小于3m；D错误，二氧化碳灭火器、干粉灭火器可用于带电灭火，灭火毯不适用。故选A。
单选题,[2025年][河南中安]2019年5月17日，某企业输煤栈桥发生火灾事故。事故调查发现电焊工在未办理动火许可手续的情况下，违章施焊运行中的传送带，造成托架开裂，引发火灾。根据相关规定，该作业除办理动火作业许可外，还需办理的作业许可是（ ）。,A.临时用电作业许可|B.高处作业许可|C.特种作业许可|D.吊装作业许可,A,本题主要考查的是危险作业许可，属于高频考点。做题思路：在我们的学习中涉及作业许可的有两个规范，一个是《危险化学品企业特殊作业安全规范》（GB 30871），另外一个是《企业安全生产标准化基本规范》（GB/T 33000-2016），我们除在化工企业应用GB 30871外，其他行业一般用GB/T 33000-2016。依据《企业安全生产标准化基本规范》（GB/T 33000-2016），企业应对临近高压输电线路作业、危险场所动火作业、有（受）限空间作业、临时用电作业、爆破作业、封道作业等危险性较大的作业活动，实施作业许可管理。在本题中由于需要用焊机进行焊接，在栈桥处一般都是非固定的焊机需要采用临时性线路，故本题还需办理的是临时用电作业许可。故选A。在本题中有些争议，有些人认为还可能涉及到高处作业，之所以不选择高处作业的原因有两个。其一在GB/T 33000中并没有指明高处作业；其二，一般在输煤栈桥的两侧都配有固定的防护栏，因此本次作业并不属于严格意义上的高处作业。综上，本题选择临时用电作业许可是合理的。
多选题,[2025年][河南中安]某企业因产能扩大，在原危险化学品库房（独立建筑物）中间设置一道防火墙将原库房分成1#、2#危险化学品库房，并对消防设施、电气线路及照明、安全设施、安全出口进行了改造，满足合规性要求。1#库房存放乙醇250t（β1＝1，临界量500t）、乙炔5t（β2＝1.5，临界量1t），2#库房存放过乙酸25t（β3＝1.5，临界量10t）、发烟硝酸10t（β4＝1，临界量20t）。暴露人员校正系数α＝2。依据《危险化学品重大危险源辨识》（G,B.18218），对1#、2#危险化学品库房进行重大危险源辨识和评价，正确的有（ ）。|A.划分为2个评价单元|B.构成1个重大危险源，重大危险源级别是4级|C.划分为1个评价单元|D.构成1个重大危险源，重大危险源级别是3级 E 构成2个重大危险源，重大危险源级别是4级,CD,本题主要考查的是危险化学品重大危险源的辨识，属于高频考点。做题思路：掌握重大危险源的评价单元划分规则，后确定危险化学品的品种和数量，然后对照危险化学品重大危险源辨识标准，看其是否超过临界量，超过则可判定为重大危险源。 C正确，AE错误，因为只有一个评价单元，不可能构成2个重大危险源。在本题中我们首先要划分重大危险源的评价单元，本题中只涉及危险化学品仓库，根据《危险化学品重大危险源辨识》（GB 18218），仓库以独立库房（独立建筑物）为界限划分为独立的单元，因此无论其中间是否设置了防火墙都只能作为一个评价单元；D正确，B错误，计算该重大危险源的R值如下＝2×（250/500＋1.5×5/1＋1.5×25/10＋10/20）＝24.5，10≤R＜50，故该重大危险源构成3级重大危险源。故选CD。
多选题,[2025年][河南中安]某食品加工企业采取四条皮带并列布置的方式输送粮食，其中100m长的输送带处于20m高的栈桥内，为避免发生人员伤害事故，栈桥内张贴了相关安全标志。根据《安全标志及其使用导则》（G,B.2894），下列安全标志中，应张贴的安全标志有（ ）。|A.禁止烟火|B.当心机械伤人|C.当心落物|D.当心腐蚀 E 当心触电,AB,本题主要考查的是安全标志的使用，属于高频考点。做题思路：根据场所存在的危险类型，结合安全标志的含义，将正确的标志张贴在能起到有效提示、警示、指令作用的相应位置。A正确，该企业用皮带运送粮食容易发生火灾，故应当张贴禁止烟火；B正确，该企业采用皮带运输，存有机械伤人的危险，故应张贴当心机械伤人；C错误，该企业输送带位于20m高的栈桥内，应当在栈桥下贴当心落物的标志；D错误，该企业栈桥内不涉及具有腐蚀的物质和危险；E正确，皮带运输机开关柜及有关部位存有电击的危险，因此应当张贴当心触电。故选ABE。
多选题,[2025年][河南中安]甲公司是一家食用油脂生产加工企业为扩大生产规模，在厂区扩建一条小包装生产线并将该项目的土建工程、设备安装、装饰工程分别承包给乙公司、丙公司、丁公司，聘请戊公司负责项目工程监理。在项目实施过程中，乙公司的土建收尾、丙公司的设备安装和丁公司的防水保温需进行交叉作业。关于交叉作业安全管理的做法，正确的有（ ）。,A.甲公司指定乙公司对丙公司、丁公司的交叉作业现场的安全生产工作统一协调、管理|B.甲公司与乙公司、丙公司、丁公司和戊公司签订专门的安全管理协议，约定各自的安全生产管理职责|C.甲公司、乙公司、丙公司及丁公司对交叉作业现场各自的作业活动进行独立安全管理，互不干涉|D.甲公司指定戊公司协助对乙公司、丙公司和丁公司的交叉作业现场的安全生产工作统一协调、管理 E 甲公司对乙公司、丙公司和丁公司的交叉作业现场的安全生产工作进行统一协调、管理,BD,本题主要考查的是承包商管理中的交叉作业管理，属于高频考点。做题思路：掌握承发包安全管理，明确承包商、发包商、监理单位各自的职责。在本题中，甲为发包方，乙、丙、丁为承包方，戊为监理方。A错误，生产经营单位对承包单位、承租单位的安全生产工作统一协调、管理，定期进行安全检查，发现安全问题的，应当及时督促整改，因此应当由甲负责统一协调管理；B正确，生产经营项目、场所发包或者出租给其他单位的，生产经营单位应当与承包单位、承租单位签订专门的安全生产管理协议，或者在承包合同、租赁合同中约定各自的安全生产管理职责。在本题中，甲分别与各方签订了专门的安全管理协议，约定各自的安全生产管理职责；C错误，两个以上生产经营单位在同一作业区域内进行生产经营活动，可能危及对方生产安全的，应当签订安全生产管理协议，明确各自的安全生产管理职责和应当采取的安全措施，不能独立进行作业活动；D正确，甲公司可以指定戊公司协助对乙公司、丙公司和丁公司的交叉作业现场的安全生产管理；E正确，生产经营单位对承包单位、承租单位的安全生产工作统一协调、管理，定期进行安全检查，发现安全问题的，应当及时督促整改，因此应当由甲负责统一协调管理，甲单位对承包商进行统一协调管理符合规定。故选BDE。
单选题,[2025年][河南中安]美国铁路列车安装自动连接器之前，每年都有数百名铁路工人因工作时精力不集中死于车辆连接作业，而装上自动连接器后，虽然偶尔有伤人事件发生，但死亡人数大幅下降。根据轨迹交叉事故致因理论，自动连接器的应用消除了（ ）。,A.设计上的缺陷|B.人的行为缺陷|C.作业环境的缺陷|D.管理上的缺陷 E 使用上的缺陷,A,本题主要考查的是事故致因理论中的轨迹交叉理论，属于高频考点。做题思路：本题是一道有特点的题目，在考查安全原理和事故致因理论中的内容时出题人经常会从教材中截取相关的案例，本题就是代表，该题干中的背景来自于教材中的轨迹交叉理论，意在强调自动连接器斩断物的运动轨迹，消除生产作业中的不安全状态。在本题中自动连接器的作用主要是用于消除物的不安全状态，依据轨迹交叉理论物的不安全状态包括，设计上的缺陷、制造工艺流程上的缺陷、维护保养上的缺陷、使用上的缺陷和作业场所环境上的缺陷。自动连接器消除了设计上的缺陷和使用上的缺陷。故选AE。
多选题,[2025年][河南中安]某机械加工厂临时承接一直径3m、长9m的容器直管段内的部件安装工作。焊工甲用电焊在直管段内进行焊接，乙在外监护。因通风不良焊接烟尘不易扩散，甲要求乙去找风机。乙去办理借用手续，半小时后仍未回来。甲着急完成当日工作量、便打开了附近的氧气瓶接上了氧气带，引至工作位。焊接过程中，焊渣引燃了橡胶工作垫和工作服，甲受重伤。本次作业应办理的作业许可包括（ ）。,A.压力容器作业许可|B.动火作业许可|C.受限空间作业许可|D.临时用电许可 E 安装作业许可,BCD,本题主要考查的是安全生产标准化中的作业安全管理，属于高频考点。做题思路：考虑到本题为机械加工企业，不适用于《危险化学品企业特殊作业安全规范》（GB 30871），因此本题依据的是《企业安全生产标准化基本规范》（GB/T 33000-2016）。依据《企业安全生产标准化基本规范》（GB/T 33000-2016），企业应对临近高压输电线路作业、危险场所动火作业、有（受）限空间作业、临时用电作业、爆破作业、封道作业等危险性较大的作业活动，实施作业许可管理。故本题中应当办理的作业许可包括：动火作业许可、受限空间作业许可、临时用电许可。故选BCD。
单选题,[2025年][河南中安]某年产15万吨烧碱生产企业扩建了两条生产线，按照《企业安全生产费用提取使用管理办法》要求提取了安全生产费用，专用于安全生产支出。以下支出可以使用安全生产费用的有（ ）。,A.购买再生产原料用盐|B.扩建两条生产线的安全评价费用|C.检测检验生产车间的行吊|D.举办产品展销会 E 更换生产车间内可燃气体检测探头,C,本题主要考查的是安全生产费用的使用范围，属于高频考点。做题思路：通常考查的方式类似于本题，多用安全预评价、生产用材料、设备等加以混淆。烧碱生产企业属于危险化学品生产企业，对于危化企业，危险化学品企业安全生产费用的使用范围为：（一）完善、改造和维护安全防护设施设备支出（不含“三同时”要求初期投入的安全设施），包括车间、库房、罐区等作业场所的监控、监测、通风、防晒、调温、防火、灭火、防爆、泄压、防毒、消毒、中和、防潮、防雷、防静电、防腐、防渗漏、防护围堤或者隔离操作等设施设备支出；（二）配备、维护、保养应急救援器材、设备支出和应急演练支出；（三）开展重大危险源和事故隐患评估、监控和整改支出；（四）安全生产检查、评价（不包括改建、新建、扩建项目安全评价）、咨询和标准化建设支出；（五）配备和更新现场作业人员安全防护用品支出；（六）安全生产宣传、教育、培训支出；（七）安全生产适用的新工艺、新标准、新技术、新装备的推广应用支出；（八）安全设施及特种设备检测检验支出；（九）其他与安全生产直接相关的支出。A错误，购买再生产原料用盐，为生产用原料和安全生产无关；B错误，扩建两条生产线的安全评价费用，属于扩建项目安全评价，不在安全生产费的提取范围内；C正确，检测检验生产车间的行吊，属于安全设施及特种设备检测检验支出；D错误，举办产品展销会，与安全生产无关；E正确，更换生产车间内可燃气体检测探头属于作业场所的监控、监测设施设备支出。故选CE。
单选题,[2025年][河南中安]甲公司是一家一级建筑施工企业，委托乙公司进行塔吊等特种设备的安装与运行操作。并与其签订了安全协议，明确了各自的安全管理责任，关于特种设备使用管理的说法，正确的是（ ）。,A.甲公司应逐台建立塔吊等特种设备的安全技术档案|B.乙公司应负责塔吊等特种设备检测检验|C.乙公司应对塔吊运行过程中发生的事故负责|D.甲公司应在塔吊使用前30日内向所在地市特种设备安全监督部门登记 E 甲公司应将塔吊使用登记证明文件置于设备的显著位置,A,本题主要考查的是特种设备的使用管理，属于高频考点。做题思路：明确特种设备类型，考虑其使用单位应按规定登记、建立制度、做好人员培训和应急救援，同时要确保设备维护保养、检验合格并在有效期内安全运行等。A正确，依据《特种设备使用管理规则》，2.5使用单位应当逐台建立特种设备安全与节能技术档案。甲为使用单位，应逐台建立塔吊等特种设备的安全技术档案；B错误，乙单位没有相关的资质，不能进行特种设备的检测检验。特种设备的监督检验、定期检验、型式试验和无损检测应当由经核准的特种设备检验检测机构进行；C错误，特种设备使用单位应当按照《特种设备使用管理规则》规定，负责特种设备安全与节能管理，承担特种设备使用安全与节能主体责任，甲公司为使用单位，故甲公司应对塔吊运行过程中发生的事故负责；D错误，错在“应当、使用前30日”。特种设备在投入使用前或者投入使用后30日内，使用单位应当向特种设备所在地的直辖市或者设区的市的特种设备安全监管部门申请办理使用登记；E正确，特种设备使用单位应当将使用登记证明文件置于设备的显著位置，包括设备本体、附近或者操作间，如可置于锅炉房内墙上或者操作间内，可置于电梯轿厢内，也可将登记编号置于显著位置，如压力容器本体铭牌上留有标贴使用登记证编号的位置，气瓶可以在瓶体上加登记标签，移动式压力容器采用在罐体上喷涂使用登记证编号等方式。故选AE。
多选题,[2025年][河南中安]某化工企业对5.6m高的汽油储罐进行内部焊接检修作业，检修单位未制定检修方案，仅要求检修作业人员甲到安全部门办理了进入受限空间作业证。随后，甲和监护人乙通过爬梯登上储罐，打开上部人孔，甲趴在人孔向罐内查看时，不幸坠落罐底。关于此次设备维修作业许可管理要求的说法，错误的有（ ）。,A.因设备已停运，可不制定检修方案|B.应该办理受限空间作业证|C.应按照Ⅰ级高处作业要求作业|D.作业前应进行汽油储罐置换及动火分析 E 甲应当佩戴防护器具,AC,本题主要考查的是特殊作业安全管理，属于高频考点。做题思路：本题是一道综合型的题目，其考查的知识点包括设备检维修、高处作业、动火作业等内容。是这两年考试的一个趋势。A错误，设备检修时要落实“五定”原则，即定检维修方案、定检维修人员、定安全措施、定检维修质量、定检维修进度。也就是说无论设备是否停运，都必须制定检修方案；B正确，进入受限空间作业必须办理受限空间作业证；C错误，该作业高度为5.6m，依据《危险化学品企业特殊作业安全规范》（GB 30871），5m＜h≤15m，应当为Ⅱ级高处作业；D正确，依据《危险化学品企业特殊作业安全规范》（GB 30871），凡在盛有或盛装过危险化学品的设备、管道等生产、储存设施及处于GB 50016、GB 50160、GB 50074规定的甲、乙类区域的生产设备上动火作业，应将其与生产系统彻底隔离，并进行清洗、置换分析合格后方可作业。汽油属于危险化学品，故在汽油储罐进行内部焊接检修作业时应进行置换及动火分析；E正确，进入作业现场的作业人员应按规定着装及正确佩戴相应的个体防护用品，故甲应当佩戴相应的防护器具。故选AC。
多选题,[2025年][河南中安]应急处置卡可以让员工快速有效地掌握现场应急处置知识和技能，但与现场应急处置方案相比，在内容上相对简单。以下为某加油站的现场应急处置卡，将其转化为应急处置方案，需要增加的章节有（ ）。,A.各岗位人员的应急工作分工和职责|B.现场应急处置措施|C.报警的方式、顺序和对象|D.事故风险分析 E 佩戴个人防护器具方面的注意事项等,AD,本题主要考查的是应急处置卡和现场处置方案的内容，属于高频考点。做题思路：本题需要掌握两种预案的内容，并进行对比，类似的考点还有专项应急预案和综合应急预案的内容。依据《生产安全事故应急预案管理办法》第十九条：应急处置卡应当规定重点岗位、人员的应急处置程序和措施，以及相关联络人员和联系方式，便于从业人员携带。现场处置方案的主要内容包括：事故风险分析、应急工作职责、应急处置、注意事项。两者对比我们发现需要增加：事故风险分析、应急工作职责和注意事项三个内容。故选ADE。
多选题,[2025年][河南中安]某大型能源集团公司规划在三年内逐步投资建设一批油田、矿山、炼油、管道等建设项目。根据《国家安全监管总局办公厅关于切实做好国家取消和下放投资审批有关建设项目安全监管工作的通知》和《危险化学品建设项目安全监督管理办法》（国家安全生产监督管理总局令第45号），下列建设项目中，需要国家负责安全生产监督管理的部门进行设施安全审查的有（ ）。,A.设计80万吨/年海洋石油新油田开发建设项目|B.跨省陆地长输天然气管道建设项目|C.设计50万吨/年陆地新油田开发建设项目|D.设计100万吨/年地下石膏矿建设项目 E 设计总坝高100m的尾矿库建设项目,AB,本题主要考查的是需要国家负责安全生产监督管理的部门进行设施安全审查的建设项目。做题思路：记忆并区分每个建设项目及其对应的数值。 根据《国家安全监管总局办公厅关于切实做好国家取消和下放投资审批有关建设项目安全监管工作的通知》，下列非煤矿山类建设项目的安全设施设计由原国家安全生产监督管理总局负责实施审查和竣工验收：（1）海洋石油天然气建设项目、企业投资年产100×104t及以上的陆上新油田开发项目、企业投资年产20×108m3及以上的陆上新气田开发项目。根据《危险化学品建设项目安全监督管理办法》下列危险化学品建设项目由国家负责安全生产监督管理的部门进行设施安全审查：（1）国务院审批（核准、备案）的；（2）跨省、自治区、直辖市的。综上，AB正确，A选项，设计80万吨/年海洋石油新油田开发建设项目，属于海洋石油天然气建设项目应当由原国家安全生产监督管理总局负责实施审查和竣工验收；B选项，跨省陆地长输天然气管道建设项目需要由原国家安全生产监督管理总局负责实施审查和竣工验收。CDE不正确。故选AB。
多选题,[2025年][河南中安]G建设单位负责的地铁工程工期紧张，作业现场有土建施工总包单位H、公共区装修施工单位J、机电设备安装单位K以及轨道安装单位M，这些单位同时交叉作业，其中H、K和M均为G委托的承包商，J为H的专业分包商。为做好安全管理工作，G应该履行的安全管理责任包括（ ）。,A.与H在承包合同中约定安全生产管理职责|B.与J签订安全管理协议|C.与K签订安全管理协议|D.对各承包商的安全生产工作统一协调管理 E 监督K与M签订安全管理协议,ACD,本题主要考查的为承包商安全管理，属于高频考点。做题思路：掌握承发包安全管理，明确承包商安全管理职责。在本题中G为生产经营单位（即发包方），H、K、M为G的承包商，J为分包方（可简单理解是H的承包商）。依据《安全生产法》，生产经营项目、场所发包或者出租给其他单位的，生产经营单位应当与承包单位、承租单位签订专门的安全生产管理协议，或者在承包合同、租赁合同中约定各自的安全生产管理职责；生产经营单位对承包单位、承租单位的安全生产工作统一协调、管理，定期进行安全检查，发现安全问题的，应当及时督促整改。AC正确，我们可以看出G单位应当与H、K、M签订专门的安全生产管理协议，或者在承包合同、租赁合同中约定各自的安全生产管理职责；D正确，E错误（E选项中两个以上生产经营单位在同一作业区域内进行生产经营活动，可能危及对方生产安全的，应当签订安全生产管理协议，因此K和M应当签订协议，G有对生产工作统一协调和管理的职责，而不是监督）。G单位应当对承包单位、承租单位的安全生产工作统一协调、管理；B错误，由于J为分包方，并不是G单位的承包商。故选ACD。
多选题,[2025年][河南中安]某食品企业新建一危险化学品库房用于存放汽油，根据《安全标志及其使用导则》（G,B.2894），下列安全标志中，适用于该危险化学品库房的有（ ）。|A.禁止伸入|B.禁止用水灭火|C.禁止穿化纤服装|D.当心火灾 E 当心爆炸,BCD,本题主要考查的是安全标志的使用，属于高频考点。做题思路：根据场所存在的危险类型，结合安全标志的含义，将正确的标志张贴在能起到有效提示、警示、指令作用的相应位置。A错误，禁止伸入用于易于夹住身体部位的装置或场所，如有开口的传动机、破碎机等，在该库房中不存在此类装置；B正确，禁止用水灭火用于生产、储运、使用中有不准用水灭火的物质的场所，如：变压器室、乙炔站、化工药品库、各种油库等。汽油燃烧时不能用水灭火；C正确，禁止穿化纤服装用于有静电火花会导致灾害或有炽热物质的作业场所，如：冶炼、焊接及有易燃易爆物质的场所等，汽油库中有易燃易爆物质；DE正确，当心火灾和当心爆炸分别用于易发生火灾的危险场所，易发生爆炸危险的场所，汽油库属于易于发生火灾和爆炸的场所。故选BCDE。
多选题,[2025年][河南中安]建设项目的业主单位是甲单位，该项目第三标段包含储罐安装、物料输送廊道建设、管架安装等工作。为优化工期，甲单位将0～10m层储罐安装工作发包给乙单位，将15～20m层管架安装工作发包给丙单位，将25～35m层物料输送廊道建设工作发包给丁单位。现场使用两台150t汽车吊进行起重作业。为确保各相关方施工作业的安全，业主组织各单位共同制定了现场安全措施，并提出了管理要求。关于现场作业安全管理要求的说法，错误的有（ ）。,A.甲单位应对现场作业安全实施统一协调管理|B.乙、丙、丁三家施工单位交叉作业时应设置专人进行检查和协调|C.乙单位储罐内附件安装作业时应保证氧含量在17%～21%|D.丙单位所进行的管架安装工作应按照Ⅱ级高处作业制定安全措施 E 丁单位所进行的起重作业应按照三级吊装作业制定安全措施,CD,本题主要考查的知识点包括承包商的管理和特殊作业安全管理，这几个考点都是高频考点。做题思路：掌握承发包安全管理，明确承包商安全管理职责。掌握特殊作业安全管理，明确各类型特殊作业分级及相关法规要求。A正确，生产经营单位对承包单位、承租单位的安全生产工作统一协调、管理，定期进行安全检查，发现安全问题的，应当及时督促整改。甲单位属于发包方故应当对现场作业安全实施统一协调管理；B正确，两个以上生产经营单位在同一作业区域内进行生产经营活动，可能危及对方生产安全的，应当签订安全生产管理协议，明确各自的安全生产管理和应当采取的安全措施，并指定专职安全生产管理人员进行安全检查与协调。因此乙、丙、丁三家施工单位存在交叉作业时应设置专人进行检查和协调；C错误，储罐内附件安装作业属于受限空间作业，受限空间作业时氧含量应为19.5%～21%，在富氧环境下不大于23.5%；D错误，丙单位进行的作业高度为15～20m，其作业高度15m＜h≤30m，应当属于Ⅲ级高处作业；E错误，吊装作业使用两台150t汽车吊进行起重作业，其吊重m＞100t，属于一级吊装作业，应当按照一级吊装作业制定安全措施。故选CDE。
多选题,[2025年][河南中安]某建筑企业在2017～2019年期间先后发生了4起生产安全事故，分别是：①汽车吊吊运时模板坠落砸伤2人；②员工不慎从光滑的洞口滑落，撞击到脚手架，造成胫骨骨折；③塔吊在起重过程中由于钢丝绳断裂发生倾覆，将员工砸伤；④从脚手架上坠落的角磨机击中一员工肩部，导致其肩部受伤。根据《企业职工伤亡事故分类》（G,B.6441），以上生产安全事故情形中包含的事故类型有（ ）。|A.坍塌|B.物体打击|C.起重伤害|D.高处坠落 E 机械伤害,BCD,本题主要考查的是《企业职工伤亡事故分类》（GB 6441），属于高频考点。做题思路：我们需要对20类事故分类熟记，同时对其特定情况的规定有一定了解。①中汽车吊吊运时模板坠落砸伤2人，是在起重作业中发生的吊重坠落事故，因此属于起重伤害。②员工不慎从光滑的洞口滑落，撞击到脚手架，造成胫骨骨折，是在高处作业过程中造成的伤亡，因此属于高处坠落。③塔吊在起重过程中由于钢丝绳断裂发生倾覆，将员工砸伤，是在起重作业中发生的吊具坠落事故，因此属于起重伤害。④从脚手架上坠落的角磨机击中一员工肩部，导致其肩部受伤，是角磨机在重力的作用下产生运动打击人体，因此属于物体打击。综上，该题中涉及的事故类型包括起重伤害、高处坠落、物体打击。故选BCD。
多选题,[2025年][河南中安]某炼油企业根据安全生产标准化一级达标的要求，在原油储罐作业现场采取以下安全措施：①设置储罐防火堤；②为工人配备空气呼吸器；③设置紧急疏散通道；④设置“严禁明火”警示标识；⑤设置人脸识别系统。以上安全措施中，属于减少事故损失的安全技术措施有（ ）。,A.④|B.①|C.⑤|D.② E ③,BD,本题主要考查的是安全技术措施的分类，属于高频考点。做题思路：掌握安全技术措施的类型，防止事故发生的安全措施侧重于在事故发生前，减少事故损失的安全措施主要聚焦于事故发生后。①设置储罐防火堤，设置防火堤的作用是油罐发生爆炸或破罐事故时，使储罐灾害限制在局部范围内，不致蔓延扩散，因此其属于减少事故损失的安全技术措施中的隔离。②为工人配备空气呼吸器，属于减少事故损失的安全技术措施中的个体防护。③设置紧急疏散通道，属于减少事故损失的安全技术措施中的避难与救援。④设置“严禁明火”警示标识，用于防止人的不安全行为，增加系统的可靠性，属于防止事故发生的措施。⑤设置人脸识别系统，属于安全监控系统，安全监控系统既能防止事故发生也能减少事故损失，但单就设置人脸识别系统来讲，其最根源的作用还是用于，防止无关人员入内，减少故障和失误。故其应当属于防止事故发生的措施。综上本题中属于少事故损失的安全技术措施的是①②③，故选BDE（在真题考试中经常会打乱序号，我们在做题时应当加以注意）。
