题型,题目,选项,答案,解析
单选题,[2019年][河南中安]凡土石方施工工程、路面建设与养护、流动式起重装卸作业和各种建筑工程所需的综合性机械化施工工程所必需的机械装备通称为工程机械。下列机械装备中，属于工程机械的是（    ）。,A.卷扬机|B.拖拉机|C.压缩机|D.挖掘机,D,【答案】D 【解析】本题考查机械分类，属于高频考点。做题思路：工程机械常见于工地。 凡土石方施工工程、路面建设与养护、流动式起重装卸作业和各种建筑工程所需的综合性机械化施工工程所必需的机械装备通称为工程机械。包括挖掘机、铲运机、工程起重机、压实机、打桩机、钢筋切割机、混凝土搅拌机、路面机、凿岩机、线路工程机械以及其他专用工程机械等。A错误，卷扬机属于起重运输机械；B错误，拖拉机属于农业机械；C错误，压缩机属于通用机械。故选D。
单选题,[2019年][河南中安]机械安全防护措施包括防护装置、保护装置及其他补充保护措施。机械保护装置通过自身的结构功能限制或防止机器的某种危险，实现消除或减小风险的目的。下列用于机械安全防护措施的机械装置中，不属于保护装置的是（    ）。,A.联锁装置|B.能动装置|C.限制装置|D.固定装置,D,【答案】D 【解析】本题考查安全防护措施，属于高频考点。做题思路：防护装置有固定式、活动式、联锁式，其他的是保护装置。 ABC属于，保护装置：防护装置以外的安全防护装置，通过自身的结构功能限制或防止机器的某种危险，消除或减小风险的装置。保护装置的种类包括：①联锁装置；②能动装置；③保持—运行控制装置；④双手操纵装置；⑤敏感保护设备；⑥有源光电保护装置；⑦机械抑制装置；⑧限制装置；⑨有限运动控制装置。D不属于，固定装置属于防护装置。故选D。
单选题,[2019年][河南中安]运动部件是金属切削机床安全防护的重点，当通过设计不能避免或不能充分限制危险时，应采取必要的安全防护装置，对于有行程距离要求的运动部件应设置（    ）。,A.限位装置|B.缓冲装置|C.超负荷保护装置|D.防挤压保护装置,A,【答案】A 【解析】本题考查防护装置，属于高频考点。做题思路：限位装置与行程距离相对应。 A正确，运动部件在有限滑轨运行或有行程距离要求的，应设置可靠的限位装置；B错误，对于有惯性冲击的机动往复运动部件：应设置缓冲装置；C错误，对于可能超负荷（压力、起升量、温度等）发生部件损坏而造成伤害的，应设置超负荷保护装置，并在机床上或说明书中标明极限使用条件；D错误，运动部件与运动部件之间、运动部件与静止部件（包括墙体等构筑物）之间，不应存在挤压危险和剪切危险，否则应限定避免人体各部位受到伤害的最小安全距离。故选A。
单选题,[2019年][河南中安]冲压机是危险性较大的设备，从劳动安全卫生角度看，冲压加工过程的危险有害因素来自机电、噪声、振动等方面。下列冲压机的危险有害因素中，危险性最大的是（    ）。,A.噪声伤害|B.振动伤害|C.机械伤害|D.电击伤害,C,【答案】C 【解析】本题考查冲压机的危险有害因素，属于高频考点。做题思路：最常见的、危险性最大的伤害一般均为机械伤害。 压力机（包括剪切机）是危险性较大的机械，从劳动安全卫生角度看，压力加工的危险因素有机械危险、电气危险、热危险、噪声振动危险（对作业环境的影响很大）、材料和物质危险以及违反安全人机学原则导致危险等，其中以机械伤害的危险性最大。故选C。
单选题,[2019年][河南中安]压力机危险性较大，其作业区应安装安全防护装置、以保护暴露于危险区的人员安全。下列安全防护装置中，属于压力机安全保护控制装置的是（    ）。,A.推手式安全装置|B.拉手式安全装置|C.光电式安全装置|D.栅栏式安全装置,C,【答案】C 【解析】本题考查压力机安全防护装置，属于高频考点。做题思路：保护控制装置的核心是“控制”。 安全保护装置包括活动、固定栅栏式、推手式、拉手式等。安全保护控制装置包括双手操作式、光电感应保护装置等。故选C。
单选题,[2019年][河南中安]易熔合金塞装置由钢制塞体及其中心孔中浇铸的易熔合金构成，其工作原理是通过温度控制气瓶内部的温升压力，当气瓶周围发生火灾或遇到其他意外高温达到预定的动作温度时，易熔合金即熔化，易熔合金塞装置动作，瓶内气体由此塞孔排出，气瓶泄压。车用压缩天然气的易熔合金塞装置的动作温度为（    ）。,A.80℃|B.95℃|C.110℃|D.125℃,C,【答案】C 【解析】本题考查气瓶安全泄压装置，属于高频考点。 我国目前使用的易熔塞合金装置的公称动作温度有102.5℃、100℃、70℃；（1）用于溶解乙炔的易熔塞合金装置：公称动作温度为100℃；（2）车用压缩天然气气瓶的易熔塞合金装置：动作温度为110℃；（3）公称动作温度70℃的易熔塞合金装置用于除溶解乙炔气瓶外的公称工作压力小于或等于3.45MPa的气瓶；（4）公称动作温度为102.5℃的易熔塞合金装置用于公称工作压力大于3.45MPa且不大于30MPa的气瓶。故选C。
单选题,[2019年][河南中安]电气隔离是指工作回路与其他回路实现电气上的隔离。其安全原理是在隔离变压器的二次侧构成了一个不接地的电网，防止在二次侧工作的人员被电击。关于电气隔离技术的说法，正确的是（    ）。,A.隔离变压器一次侧应保持独立，隔离回路应与大地有连接|B.隔离变压器二次侧线路电压高低不影响电气隔离的可靠性|C.为防止隔离回路中各设备相线漏电，各设备金属外壳采用等电位接地|D.隔离变压器的输入绕组与输出绕组没有电气连接，并具有双重绝缘的结构,D,【答案】D 【解析】本题考查电气隔离，属于高频考点。做题思路：电气隔离的核心是“隔离”，即不再进行其他各类连接，保证自己独立隔离的状态，从而确保安全。 A错误，为保证安全，被隔离回路不得与其他回路及大地有任何连接；B错误，二次边线路电压过高或二次边线路过长，都会降低电气隔离的可靠性；C错误，为了防止隔离回路中两台设备的不同相线漏电时的故障电压带来的危险，各台设备的金属外壳之间应采取等电位联结措施。故选D。
单选题,[2019年][河南中安]锻造加工过程中，当红热的坯料、机械设备、工具等出现不正常情况时，易造成人身伤害。因此，在作业过程中必须对设备采取安全措施加以控制。关于锻造作业安全措施的说法，错误的是（    ）。,A.外露传动装置必须有防护罩|B.机械的突出部分不得有毛刺|C.锻造过程必须采用湿法作业|D.各类型蓄力器必须配安全阀,C,【答案】C 【解析】本题考查锻造作业安全措施，属于高频考点。做题思路：铸造作业中，在工艺可能的条件下，宜采用湿法作业，湿法也不是“必须”，只是“宜”。 A正确，外露的传动装置（齿轮传动、摩擦传动、曲柄传动或皮带传动等）必须有防护罩；B正确，锻压机械的机架和突出部分不得有棱角或毛刺；C错误，铸造作业中，在工艺可能的条件下，宜采用湿法作业【是铸造作业而不是锻造作业】；D正确，任何类型的蓄力器都应有安全阀。故选C。
单选题,[2019年][河南中安]电气设备运行过程中如果散热不良或发生故障，可能导致发热量增加、温度升高、达到危险温度，关于电动机产生危险温度的说法，正确的是（    ）。,A.电动机卡死导致电动机不转，造成无转矩输出，不会产生危险温度|B.电动机长时间运转导致铁芯涡流损耗和磁滞损耗增加，产生危险温度|C.电动机长时间运转由于风扇损坏、风道堵塞会导致电动机产生危险温度|D.电动机运转时联轴节脱离，会造成负载转矩过大，电动机产生危险温度,C,【答案】C 【解析】本题考查危险温度，属于高频考点。 A错误，电动机被卡死属于机械故障的一种，属于可能产生危险温度的情况；B错误，电动机长时间运转不会导致铁芯涡流损耗和磁滞损耗增加，对于电动机、变压器、接触器等带有铁芯的电气设备，如铁芯短路，或线圈电压过高，或通电后铁芯不能吸合，由于涡流损耗和磁滞损耗增加都将造成铁芯过热并产生危险温度；D错误，电动机运转时联轴节脱离没有负载，处于空载状态。故选C。
单选题,[2019年][河南中安]预防火灾爆炸事故的基本原则是：防止和限制燃烧爆炸的危险因素，当燃烧爆炸物不可避免时，要尽可能消除或隔离各类点火源，阻止和限制火灾爆炸的蔓延扩展，尽量降低火灾爆炸事故造成的损失。下列预防火灾爆炸事故的措施中，属于阻止和限制火灾爆炸蔓延扩展原则的是（    ）。,A.严格控制环境温度|B.安装避雷装置|C.使用防爆电气|D.安装火灾报警系统,D,【答案】D 【解析】本题考查火灾爆炸预防基本原则，属于高频考点。做题思路：判断措施或装置发挥作用是在火灾爆炸事故发生前还是发生后。 工业生产过程中，存在多种引起火灾和爆炸的点火源，例如，化工企业中常见的点火源有明火、化学反应热、化工原料的分解自燃、热辐射、高温表面、摩擦和撞击、绝热压缩、电气设备及线路的过热和火花、静电放电、雷击和日光照射等。ABC属于消除或隔离各类点火源，D属于火灾爆炸发生后，阻止和限制火灾爆炸蔓延扩展的措施。故选D。
单选题,"[2019年][河南中安]钢质无缝气瓶的钢印标志包括制造钢印标志和检验钢印标志，是识别气瓶的重要依据，根据下图，气瓶公称工作压力、气瓶容积、充装介质的编号分别是（    ）。




图 气瓶钢印示图",A.4，9，7|B.4，8，7|C.3，5，8|D.5，8，7,A,【答案】A 【解析】本题考查气瓶钢印。做题思路：识图。 如图3-9所示，V代表容积是数字9，He是气瓶内的充装介质是数字7，公称工作压力是数字4。故选A。
单选题,[2019年][河南中安]安全阀按其结构和作用原理可分为杠杆式、弹簧式和脉冲式等，按气体排放方式可分为全封闭式、半封闭式和敞开式三种。关于不同类型安全阀适用系统的说法，正确的是（    ）。,A.弹簧式安全阀适用移动式压力容器|B.杠杆式安全阀适用持续运行的系统|C.杠杆式安全阀适用高压系统|D.弹簧式安全阀适用高温系统,A,【答案】A 【解析】本题考查安全阀的类型及适用系统，属于高频考点。做题思路：关注不同类型安全阀的区别。 A正确，弹簧式安全阀对振动的敏感性小，可用于移动式的压力容器；B、C错误，杠杆式安全阀结构简单笨重，限于中、低压系统，适于温度较高的系统，不适于持续运行的系统；D错误，弹簧式安全阀的长期高温会影响弹簧力，不适用于高温系统。故选A。
单选题,[2019年][河南中安]《危险货物运输包装通用技术条件》（GB12463）规定了危险货物包装分类、包装的基本要求、性能试验和检验方法。《危险货物运输包装类别划分方法》（GB/T15098）规定了划分各类危险化学品运输包装类别的基本原则。根据上述两个标准，关于危险货物包装的说法，错误的是（    ）。,A.危险货物具有两种以上的危险性时，其包装类别需按级别高的确定|B.毒性物质根据口服、皮肤接触以及吸入粉尘和烟雾的方式来确定其包装类别|C.易燃液体根据其闭杯闪点和初沸点的大小来确定其包装类别|D.包装类别中Ⅰ类包装适用危险性较小的货物，Ⅲ类包装适用危险性较大的货物,D,【答案】D 【解析】本题考查危险货物包装，属于高频考点。做题思路：Ⅰ类——较大；Ⅱ类——中等；Ⅲ类——较小（Ⅰ、Ⅱ、Ⅲ，大中小）。 D错误，（1）Ⅰ类包装：适用内装危险性较大的货物；（2）Ⅱ类包装：适用内装危险性中等的货物；（3）Ⅲ类包装：适用内装危险性较小的货物。故选D。
单选题,[2019年][河南中安]化学品安全技术说明书是向用户传递化学品基本危害信息（包括运输、操作处置、储存和应急行动信息）的一种载体。下列化学品信息中，不属于化学品安全技术说明书内容的是（    ）。,A.安全信息|B.健康信息|C.常规化学反应信息|D.环境保护信息,C,【答案】C 【解析】本题考查化学品安全技术说明书，属于高频考点。做题思路：标识危险和成分，消防急救泄漏清，操作防护理化性，稳定毒理生态行，废弃运输谁能去，法规其他信息明。 C错误，化学品安全技术说明书包括16大项的安全信息内容，其中“稳定性和反应活性——主要描述化学品的稳定性和在特定条件下可能发生的危险反应。包括应避免的条件（如静电、撞击和震动）；不相容的物质；危险的分解产物（一氧化碳、二氧化碳和水除外）。”不包括常规化学反应信息。AB正确，化学品安全技术说明书包括16大项的安全信息内容中的危险性概述，标明化学品主要的物理和化学危险性信息，对人体健康和环境影响的信息，及该化学品存在的某些特殊危险性信息；D正确，化学品安全技术说明书包括16大项的安全信息内容中的生态学信息，主要提供化学品的环境影响、环境行为和归宿方面的信息。故选C。
单选题,[2019年][河南中安]在人机系统中，人始终处于核心并起主导作用，机器起着安全可靠的保障作用。分析研究人和机器的特性有助于建构和优化人机系统，关于机器特性的说法，正确的是（    ）。,A.处理柔软物体比人强|B.单调重复作业能力强|C.修正计算错误能力强|D.图形识别能力比人强,B,【答案】B 【解析】本题考查的是人与机器特性的比较，属于高频考点。做题思路：常识判断。 A错误，机器对处理液体、气体和粉状体等比人优越，但处理柔性物体不如人；C错误，机器能够正确地进行计算，但难以修正错误；D错误，机器图形识别能力相较人弱。故选B。
单选题,[2019年][河南中安]锅炉水位高于水位表最高安全水位刻度线的现象，称为锅炉满水。严重满水时，锅水可进入蒸汽管道和过热器，造成水击及过热器结垢，降低蒸汽品质，损害以致破坏过热器。下列针对锅炉满水的处理措施中，正确的是（    ）。,A.加强燃烧，开启排污阀及过热器、蒸汽管道上的疏水阀|B.启动“叫水”程序，判断满水的严重程度|C.立即停炉，打开主汽阀加强疏水|D.立即关闭给水阀停止向锅炉上水，启用省煤气再循环管路,D,【答案】D 【解析】本题考查锅炉满水事故，属于高频考点。做题思路：满水事故立即要完成的动作是停止上水。 A错误，一旦确认满水，应立即关闭给水阀停止向锅炉上水，启动省煤器再循环管路，减弱燃烧，开启排污阀及过热器、蒸汽管道上的疏水阀；B错误，“叫水”操作是对锅炉缺水的处理；C错误，锅炉发生满水事故的时候，不必立即停炉，应按照A描述进行处理。故选D。
单选题,[2019年][河南中安]良好的绝缘是保证电气设备和线路正常运行的必要条件，也是防止触及带电体的安全保障。关于绝缘材料性能的说法，正确的是（    ）。,A.绝缘材料的耐热性能用最高工作温度表征|B.绝缘材料的介电常数越大极化过程越慢|C.有机绝缘材料的耐弧性能优于无机材料|D.绝缘材料的绝缘电阻相当于交流电阻,B,【答案】B 【解析】本题考查绝缘材料性能，属于高频考点。做题思路：这几项名称较为陌生，需多熟悉。 A错误，错在“最高工作温度”，绝缘材料的耐热性能用允许工作温度来衡量；B正确，介电常数是表明绝缘极化特征的性能参数，介电常数越大，极化过程越慢；C错误，绝缘材料的耐弧性能指接触电弧时表面抗炭化的能力，无机绝缘材料的耐弧性能优于有机绝缘材料的耐弧性能；D错误，绝缘电阻相当于漏导电流遇到的电阻，是直流电阻，是判断绝缘质量最基本、最简易的指标。故选B。
单选题,[2019年][河南中安]起重作业司索工主要从事地面工作，其工作质量与起重作业安全关系极大。下列对起重工操作安全的要求中，正确的是（    ）。,A.起重工主要承接准备吊具、捆绑挂钩、摘钩卸载等作业，不能承担指挥任务|B.捆绑时，形状或尺寸不同的物品不经特殊捆绑不得混吊|C.目测估算被吊物的质量和重心，按估算质量增大5%选择|D.摘钩卸载时，应采用抖绳摘索，摘钩时应等所有吊索完全松弛再进行,B,【答案】B 【解析】本题考查的是司索工安全操作技术，属于高频考点。做题思路：注意是“不经特殊捆绑”才不得混吊。 A错误，司索工主要从事地面工作，如准备吊具、捆绑挂钩、摘钩卸载等，多数情况还担任指挥任务；B正确，清除吊物表面或空腔内的杂物，将可移动的零件锁紧或捆牢，形状或尺寸不同的物品不经特殊捆绑不得混吊，防止坠落伤人；C错误，对吊物的质量和重心估计要准确，如果是目测估算，应增大20%来选择吊具；D错误，摘钩时应等所有吊索完全松弛再进行，确认所有绳索从钩上卸下再起钩，不允许抖绳摘索，更不许利用起重机抽索。故选B。
单选题,[2019年][河南中安]运营单位应对大型游乐设施进行自行检查，包括每日检查，每月检查和年度检查，下列对大型游乐设施进行检查的项目中，属于每日检查时必查的项目是（    ）。,A.限速装置|B.动力装置|C.绳索、链条|D.控制电路和电器元件,A,【答案】A 【解析】本题考查大型游乐设施每日检查项目，属于高频考点。做题思路：要与月检、年检内容区分。 日检要求检查下列项目：控制装置、限速装置、制动装置和其他安全装置是否有效及可靠；运行是否正常，有无异常的振动或者噪声；易磨损件状况；门联锁开关及安全带等是否完好；润滑点的检查和加添润滑油；重要部件（轨道、车轮等）是否正常。BCD属于月检项目。故选A。
单选题,[2019年][河南中安]木工平刨床的刀轴由刀轴主轴、侧刀片、侧刀体和压刀组成，装入刀片后的总成称为刨刀轴或刀轴，下列关于刀轴安全要求的说法，正确的是（    ）。,A.组装后的侧刀片径向伸出量大于1.1㎜|B.刀轴可以是装配式圆柱形或方形结构|C.组装后的刀轴须进行强度试验和离心试验|D.刀体上的装刀槽应为矩形或方形结构,C,【答案】C 【解析】本题考查木工平刨床刨刀轴安全技术要求，属于高频考点。 A错误，组装后的刨刀片径向伸出量不得大于1.1㎜；B错误，刀轴必须是装配式圆柱形结构，严禁使用方形刀轴；C正确，组装后的刀轴须经强度试验和离心试验，试验后的刀片不得有卷刃、崩刃或显著磨钝现象；D错误，刀体上的装刀梯形槽应上底在外，下底靠近圆心，组装后的刀槽应为封闭型或半封闭型。故选C。
单选题,[2019年][河南中安]起重机械作业过程，由于起升机构取物缠绕系统出现问题而经常发生重物坠落事故，如脱绳、脱钩、断绳和断钩等。关于起重机械起升机构安全要求的说法，错误的是（    ）。,A.为防止钢丝绳脱槽，卷筒装置上应用压板固定|B.钢丝绳在卷筒上的极限安全圈应保证在1圈以上|C.钢丝绳在卷筒上应有下降限位保护|D.每根起升钢丝绳两端都应固定,B,【答案】B 【解析】本题考查起重机械事故及预防，属于高频考点。做题思路：主要注意数字记忆。 B错误，起重机械重物坠落事故主要是发生在起升机构取物缠绕系统中，如脱绳、脱钩、断绳和断钩。每根起升钢丝绳两端的固定也十分重要，如钢丝绳在卷筒上的极限安全圈是否能保证在2圈以上，是否有下降限位保护，钢丝绳在卷筒装置上的压板固定及楔块固定是否安全可靠。另外，钢丝绳脱槽（脱离卷筒绳槽）或脱轮（脱离滑轮），也会造成失落事故。故选B。
单选题,[2019年][河南中安]防止火灾、爆炸事故发生的基本原则主要有：防止燃烧、爆炸系统的形成，消除点火源，限制火灾、爆炸蔓延扩散。下列预防火灾爆炸事故的措施中，属于防止燃烧、爆炸系统形成的措施是（    ）。,A.控制明火和高温表面|B.防爆泄压装置|C.安装阻火装置|D.惰性气体保护,D,【答案】D 【解析】本题考查防止火灾、爆炸事故发生的基本原则，属于高频考点。做题思路：区分三点基本原则对应的内容。 防止火灾、爆炸事故发生的基本原则主要有三点。（1）防止燃烧、爆炸系统的形成：①替代。②密闭。③惰性气体保护。④通风置换。⑤安全监测及联锁。（2）消除点火源：能引发事故的点火源：明火、高温表面、冲击、摩擦、自燃、电气火花、静电火花、化学反应热、光线照射等。具体做法为：控制明火和高温表面；防止摩擦和撞击产生火花；火灾爆炸危险场所采用防爆电气设备避免电气火花。（3）限制火灾、爆炸蔓延扩散的措施：阻火装置、防爆泄压装置及防火防爆分隔等。A属于消除点火源；BC属于限制火灾、爆炸蔓延扩散。故选D。
单选题,[2019年][河南中安]气瓶充装作业安全是气瓶使用安全的重要环节之一。下列气瓶充装安全要求中，错误的是（    ）。,A.气瓶充装单位应当按照规定，取得气瓶充装许可|B.充装高（低）压液化气体，应当对充装量逐瓶复检|C.除特殊情况下，应当充装本单位自有且已办理使用登记的气瓶|D.气瓶充装单位不得对气瓶充装混合气体,D,【答案】D 【解析】本题考查气瓶充装安全要求，属于高频考点。 D错误，气瓶充装混合气体时，（1）充装混合气体的气瓶应当采用加温、抽真空等适当方式进行预处理；（2）气瓶充装前，应当根据混合气体的每一气体组分性质，确定各种气体组分的充装顺序；（3）在充入每一气体组分之前，应用待充气体对充装配置系统管道进行置换。故选D。
单选题,[2019年][河南中安]根据《烟花爆竹安全与质量》（GB10631），烟花爆竹、原材料和半成品的主要安全性能检测项目有摩擦感度、撞击感度、静电感度、爆发点、相容性、吸湿性、水分、pH值等。关于烟花爆竹、原材料和半成品的安全性能的说法，错误的是（    ）。,A.静电感度包括药剂摩擦时产生静电的难易程度和对静电放电火花的敏感度|B.摩擦感度是指在摩擦作用下，药剂发生燃烧或爆炸的难易程度|C.撞击感度是指药剂在冲击和摩擦作用下发生燃烧或爆炸的难易程度|D.烟花爆竹药剂的外相容性是指药剂中组分与组分之间的相容性,D,【答案】D 【解析】烟花爆竹、原材料和半成品的主要安全性能检测，属于高频考点。 A正确，静电感度包括两个方面，一是炸药摩擦时产生静电的难易程度；二是炸药对静电放电火花的感度；B正确，摩擦感度是指在摩擦作用下，火药发生燃烧或爆炸的难易程度；C正确，撞击感度：烟花爆竹药剂在冲击和摩擦 作用下发生爆炸的原因，是由于炸药内部产生了所谓“热点”，也叫灼热核。D错误，内相容性：药剂中组分与组分之间的相容性；外相容性：把药剂作为一个体系，它与相关的接触物质之间的相容性。故选D。
单选题,[2019年][河南中安]预防控制危险化学品事故的主要措施是替代、变更工艺、隔离、通风、个体防护和保持卫生等。关于危险化学品中毒、污染事故预防控制措施的说法，错误的是（    ）。,A.生产中可以通过变更工艺消除或者降低危险化学品的危害|B.隔离是通过封闭、设置屏障等措施，避免作业人员直接暴露于有害环境中|C.个体防护应作为预防中毒、控制污染等危害的主要手段|D.通风是控制作业场所中有害气体、蒸气或者粉尘最有效的措施之一,C,【答案】C 【解析】本题考查危险化学品中毒、污染事故预防控制措施，属于高频考点。做题思路：注意预防控制的对象和目的是对中毒、污染的减轻。 C错误，个体防护用品不能降低作业场所中有害化学品的浓度，它仅仅是一道阻止有害物进入人体的屏障。防护用品本身的失效就意味着保护屏障的消失，因此个体防护不能被视为控制危害的主要手段，而只能作为一种辅助性措施，故选C。
单选题,[2019年][河南中安]爆炸是物质系统的一种极为迅速的物理或化学能量的释放或转化过程，在此过程中，系统的能量将转化为机械功、光和热的辐射等。按照能量来源，爆炸可分为物理爆炸、化学爆炸和核爆炸。下列爆炸现象中，属于物理爆炸的是（    ）。,A.导线因电流过载而引起的爆炸|B.活泼金属与水接触引起的爆炸|C.空气中的可燃粉尘云引起的爆炸|D.液氧和煤粉混合而引起的爆炸,A,【答案】A 【解析】本题考查爆炸分类，属于高频考点。做题思路：物理爆炸没有新物质的产生。 A正确，在有过载电流流动时，使导线过热，金属迅速气化而引起爆炸，其属于物理爆炸；B错误，活泼金属（比如钠）与水接触引起的爆炸会生成新的物质，属于化学爆炸；C错误，空气中的可燃粉尘云引起的爆炸会生成新的物质，属于化学爆炸；D错误，液氧和煤粉混合而引起的爆炸会生成新的物质，属于化学爆炸。故选A。
单选题,[2019年][河南中安]可燃物质在规定条件下，不用任何辅助引燃达到自行燃烧的最低温度称为自燃点。关于可燃物质自燃点的说法，正确的是（    ）。,A.液体可燃物质受热分解越快，自身散热越快，其自燃点越高|B.固体可燃物粉碎得越细，其自燃点越高|C.固体可燃物受热分解的可燃气体挥发物越多，其自燃点越低|D.一般情况下，密度越小，闪点越高，其自燃点越低,C,【答案】C 【解析】本题考查自燃和自燃点，属于高频考点。做题思路：关注AC选项，说的情况正好相反，一般情况下有一个是错的。 A错误，液体和固体可燃物受热分解并析出来的可燃气体挥发物越多，其自燃点越低；B错误，固体可燃物粉碎得越细，其自燃点越低；D错误，一般情况下，密度越大，闪点越高而自燃点越低。故选C。
单选题,[2019年][河南中安]抱索器是客运索道的重要安全部件，一旦出现问题，必定会造成人身伤害。因此，应在规定的周期内对抱索器进行无损检测。依据《客运索道监督检验和定期检验规则》（TSG7001），抱索器的无损检测应当采用（    ）。,A.磁粉检测法|B.超声检测法|C.射线检测法|D.渗透检测法,A,【答案】A 【解析】本题考查抱索器的无损检测。 根据《客运索道监督检验和定期检验规则》（TSG S7001-2013），13.5抱索器、夹索器无损检测，全部抱索器或者夹索器应当在使用3000h或者2年后进行首次无损检测，无损检测的零件清单应当满足使用维护说明书的要求。此后每3年全部无损检测一次。当使用期达到10年时，固定抱索器应当每年、脱挂抱索器和夹索器应当每2年全部无损检测一次。使用达到15年时应当予以更换。无损检测应当采用磁粉检测法，并符合JB/T 4730中的Ⅱ级要求。无损检测人员应当具有特种设备无损检测的相关资格。故选A。
单选题,[2019年][河南中安]危险化学品的燃烧爆炸事故通常伴随发热、发光、高压、真空和电离等现象，具有很强的破坏效应，该效应与危险化学品的数量和性质、燃烧爆炸时的条件以及位置等因素均有关系。关于危险化学品破坏效应的说法，正确的是（    ）。,A.爆炸的破坏作用主要包括高温的破坏作用和爆炸冲击波的破坏作用|B.在爆炸中心附近，空气冲击波波阵面上的超压可达到几个甚至十几个大气压|C.当冲击波大面积作用于建筑物时，所有建筑物将全部被破坏|D.机械设备、装置、容器等爆炸后产生许多碎片，碎片破坏范围一般在0.5～1.0km,B,【答案】B 【解析】本题考查爆炸的破坏作用，属于高频考点。做题思路：注意不是所有的爆炸都伴随着高温。 A错误，爆炸的破坏作用主要包括爆炸碎片的破坏作用和爆炸冲击波的破坏作用；C错误，当冲击波大面积作用于建筑物时，波阵面超压在20～30kPa内，就足以使大部分砖木结构建筑物受到严重破坏，超压在100kPa以上时，除坚固的钢筋混凝土建筑外，其余部分将全部破坏【并非所有的建筑物都被损坏】；D错误，机械设备、装置、容器等爆炸后产生许多碎片，飞出后会在相当大的范围内造成危害，一般碎片飞散范围在100～500m。故选B。
单选题,[2019年][河南中安]锅炉定期检验是指在锅炉设计使用期限内，每间隔一定时间对锅炉承压的安全装置进行检验，可分为内部检验，外部检验和水（耐）压试验，下列关于进行现场水压试验的过程和结果中，不符合《锅炉定期检验规则》（TSGG7002）的是（    ）。,A.升压至工作压力，升压速率为0.1MP/min|B.环境温度10℃，未采取防冻措施|C.受压部件为奥氏体材料，水中氯离子浓度为25mg/L|D.试验压力下，保压时间10min，压降为0,D,【答案】D 【解析】本题考查锅炉水压试验，属于高频考点。 根据《锅炉定期检验规则》（TSGG7002—2015）4.5实验步骤；试验的过程至少包括以下步骤：A符合，（1）缓慢升压至工作压力，升压速率不超过每分钟0.5MPa；（2）暂停升压，检查是否有泄漏或者异常现象；（3）继续升压至试验压力，升压速率不超过每分钟0.2MPa，并且注意防止超压；D不符合，（4）在试验压力下保持20分钟；（5）缓慢降压至工作压力，降压速率不超过每分钟0.5MPa；（6）在工作压力下，检查所有参加水（耐）压试验的受压部件表面、焊缝、胀口等处是否有渗漏、变形；检查管道、阀门、仪表等连接部位是否有渗漏；（7）缓慢泄压；（8）检查所有参加试验的受压部件是否有明显残余变形；B符合，对试验环境进行确认，周围的环境温度不应当低于5℃，否则应当采取有效的防冻措施；C符合，试验介质应当以适宜、方便为原则，所用介质能够防止对锅炉材料有腐蚀；对奥氏体材料的受压部位，水中的氯离子浓度不得超过25mg/L，如不能满足要求时，试验后应当立即将水渍去除干净；有机热载体锅炉试验介质一般采用有机热载体；故选D。
单选题,[2019年][河南中安]毒性危险化学品通过一定途径进入人体，在体内积蓄到一定剂量后就会表现出中毒症状，毒性危险化学品通常进入人体的途径为（    ）。,A.呼吸道、皮肤、消化道|B.呼吸道、口腔、消化道|C.皮肤、口腔、消化道|D.口腔、鼻腔、呼吸道,A,【答案】A 【解析】本题考查毒性危险化学品侵入人体的途径，属于高频考点。做题思路：熟记进入人体的三种通道。 毒性危险化学品可经呼吸道、消化道和皮肤进入人体。在工业生产中，毒性危险化学品主要经呼吸道和皮肤进入体内，有时也可经消化道进入。故选A。
单选题,[2019年][河南中安]起重机械吊运的准备工作和安全检查是保证起重机械安全作业的关键，下列起重机械吊运作业安全要求中，错误的是（    ）。,A.流动式起重机械应将支撑地面夯实垫平，支撑应牢固可靠|B.开机作业前，应确认所有控制器都置于零位|C.大型构件吊运前需编制作业方案，必要时报请有关部门审查批准|D.不允许用两台起重机吊运同一重物,D,【答案】D 【解析】本题考查起重机使用安全技术，属于高频考点。做题思路：可以两台或多台起重机吊运同一重物。 AB正确，开机作业前，应确认处于安全状态方可开机，所有控制器是否置于零位，起重机上和作业区内是否有无关人员，作业人员是否撤离到安全区，起重机运行范围内是否有未清除的障碍物，起重机与其他设备或固定建筑物的最小距离是否在0.5m以上，电源断路装置是否加锁或有警示标牌，流动式起重机是否按要求平整好场地，支脚是否牢固可靠；C正确，对于大型、重要的物件的吊运或多台起重机共同作业的吊装，事先要在有关人员参与下，由指挥、起重机司机和司索工共同讨论，编制作业方案，必要时报请有关部门审查批准；D错误，用两台或多台起重机吊运同一重物时，每台起重机都不得超载，吊运过程应保持钢丝绳垂直，保持运行同步。吊运时，有关负责人员和安全技术人员应在场指导。露天作业的轨道起重机，当风力大于6级时，应停止作业；当工作结束时，应锚定住起重机。故选D。
单选题,[2019年][河南中安]危险化学品会通过皮肤、眼睛、肺部、食道等，引起表皮细胞组织发生破坏而造成灼伤，内部器官被灼伤时，严重的会引起炎症甚至造成死亡，下列危险化学品特性中，会造成食道灼伤的是（    ）。,A.燃烧性|B.爆炸性|C.腐蚀性|D.刺激性,C,【答案】C 【解析】本题考查腐蚀性危险化学品特性。做题思路：依据常识进行判断。 腐蚀性：强酸、强碱等物质能对人体组织、金属等物品造成损坏，接触人的皮肤、眼睛或肺部、食道等时，会引起表皮组织坏死而造成灼伤。内部器官被灼伤后可引起炎症，甚至会造成死亡。故选C。
单选题,[2019年][河南中安]工业炸药在生产、储存、运输和使用过程中存在的火灾爆炸危险包括撞击摩擦、静电火花、雷电等。关于因静电积累放电而导致工业炸药发生爆炸事故的说法，正确的是（    ）。,A.静电放电的火花温度达到工业炸药的着火点|B.静电放电的火花温度达到工业炸药的自燃点|C.静电放电的火花温度达到工业炸药的闪点|D.静电放电的火花能量达到工业炸药的引燃能,D,【答案】D 【解析】本题考查静电放电，属于高频考点。做题思路：炸药的爆炸为化学爆炸，需达到引燃能。 起爆药最容易受外界能量激发而发生爆炸，并能极迅速地形成爆轰。工业炸药属猛炸药，这类炸药在一定的外界激发冲量作用下能引起爆轰。静电放电的火花能量达到工业炸药的引燃能即可引爆炸药。故选D。
单选题,"[2019年][河南中安]一、单选题
1
标记
收藏

凡土石方施工工程、路面建设与养护、流动式起重装卸作业和各种建筑工程所需的综合性机械化施工工程所必需的机械装备通称为工程机械。下列机械装备中，属于工程机械的是（    ）。",A.卷扬机|B.拖拉机|C.压缩机|D.挖掘机|A.联锁装置|B.能动装置|C.限制装置|D.固定装置|A.限位装置|B.缓冲装置|C.超负荷保护装置|D.防挤压保护装置|A.噪声伤害|B.振动伤害|C.机械伤害|D.电击伤害|A.推手式安全装置|B.拉手式安全装置|C.光电式安全装置|D.栅栏式安全装置|A.80℃|B.95℃|C.110℃|D.125℃|A.隔离变压器一次侧应保持独立，隔离回路应与大地有连接|B.隔离变压器二次侧线路电压高低不影响电气隔离的可靠性|C.为防止隔离回路中各设备相线漏电，各设备金属外壳采用等电位接地|D.隔离变压器的输入绕组与输出绕组没有电气连接，并具有双重绝缘的结构|A.外露传动装置必须有防护罩|B.机械的突出部分不得有毛刺|C.锻造过程必须采用湿法作业|D.各类型蓄力器必须配安全阀|A.电动机卡死导致电动机不转，造成无转矩输出，不会产生危险温度|B.电动机长时间运转导致铁芯涡流损耗和磁滞损耗增加，产生危险温度|C.电动机长时间运转由于风扇损坏、风道堵塞会导致电动机产生危险温度|D.电动机运转时联轴节脱离，会造成负载转矩过大，电动机产生危险温度|A.严格控制环境温度|B.安装避雷装置|C.使用防爆电气|D.安装火灾报警系统|A.4，9，7|B.4，8，7|C.3，5，8|D.5，8，7|A.弹簧式安全阀适用移动式压力容器|B.杠杆式安全阀适用持续运行的系统|C.杠杆式安全阀适用高压系统|D.弹簧式安全阀适用高温系统|A.危险货物具有两种以上的危险性时，其包装类别需按级别高的确定|B.毒性物质根据口服、皮肤接触以及吸入粉尘和烟雾的方式来确定其包装类别|C.易燃液体根据其闭杯闪点和初沸点的大小来确定其包装类别|D.包装类别中Ⅰ类包装适用危险性较小的货物，Ⅲ类包装适用危险性较大的货物|A.安全信息|B.健康信息|C.常规化学反应信息|D.环境保护信息|A.处理柔软物体比人强|B.单调重复作业能力强|C.修正计算错误能力强|D.图形识别能力比人强|A.加强燃烧，开启排污阀及过热器、蒸汽管道上的疏水阀|B.启动“叫水”程序，判断满水的严重程度|C.立即停炉，打开主汽阀加强疏水|D.立即关闭给水阀停止向锅炉上水，启用省煤气再循环管路|A.绝缘材料的耐热性能用最高工作温度表征|B.绝缘材料的介电常数越大极化过程越慢|C.有机绝缘材料的耐弧性能优于无机材料|D.绝缘材料的绝缘电阻相当于交流电阻|A.起重工主要承接准备吊具、捆绑挂钩、摘钩卸载等作业，不能承担指挥任务|B.捆绑时，形状或尺寸不同的物品不经特殊捆绑不得混吊|C.目测估算被吊物的质量和重心，按估算质量增大5%选择|D.摘钩卸载时，应采用抖绳摘索，摘钩时应等所有吊索完全松弛再进行|A.限速装置|B.动力装置|C.绳索、链条|D.控制电路和电器元件|A.组装后的侧刀片径向伸出量大于1.1㎜|B.刀轴可以是装配式圆柱形或方形结构|C.组装后的刀轴须进行强度试验和离心试验|D.刀体上的装刀槽应为矩形或方形结构|A.为防止钢丝绳脱槽，卷筒装置上应用压板固定|B.钢丝绳在卷筒上的极限安全圈应保证在1圈以上|C.钢丝绳在卷筒上应有下降限位保护|D.每根起升钢丝绳两端都应固定|A.控制明火和高温表面|B.防爆泄压装置|C.安装阻火装置|D.惰性气体保护|A.气瓶充装单位应当按照规定，取得气瓶充装许可|B.充装高（低）压液化气体，应当对充装量逐瓶复检|C.除特殊情况下，应当充装本单位自有且已办理使用登记的气瓶|D.气瓶充装单位不得对气瓶充装混合气体|A.静电感度包括药剂摩擦时产生静电的难易程度和对静电放电火花的敏感度|B.摩擦感度是指在摩擦作用下，药剂发生燃烧或爆炸的难易程度|C.撞击感度是指药剂在冲击和摩擦作用下发生燃烧或爆炸的难易程度|D.烟花爆竹药剂的外相容性是指药剂中组分与组分之间的相容性|A.生产中可以通过变更工艺消除或者降低危险化学品的危害|B.隔离是通过封闭、设置屏障等措施，避免作业人员直接暴露于有害环境中|C.个体防护应作为预防中毒、控制污染等危害的主要手段|D.通风是控制作业场所中有害气体、蒸气或者粉尘最有效的措施之一|A.导线因电流过载而引起的爆炸|B.活泼金属与水接触引起的爆炸|C.空气中的可燃粉尘云引起的爆炸|D.液氧和煤粉混合而引起的爆炸|A.液体可燃物质受热分解越快，自身散热越快，其自燃点越高|B.固体可燃物粉碎得越细，其自燃点越高|C.固体可燃物受热分解的可燃气体挥发物越多，其自燃点越低|D.一般情况下，密度越小，闪点越高，其自燃点越低,A,【答案】A 【解析】本题考查色彩的生理作用，属于高频考点。做题思路：蓝紫、红橙、黄绿。 对引起眼睛疲劳而言，蓝、紫色最甚，红、橙色次之，黄绿、绿、绿蓝等色调不易引起视觉疲劳且认读速度快、准确度高。色彩对人体其他系统的机能和生理过程也有一定的影响。例如，红色色调会使人的各种器官机能兴奋和不稳定，有促使血压升高及脉搏加快的作用；而蓝色、绿色等色调则会抑制各种器官的兴奋并使机能稳定，可起到一定的降低血压及减缓脉搏的作用。故选A。
单选题,[2019年][河南中安]关于电流对人体伤害的说法，正确的是（    ）。,A.小电流给人以不同程度的刺激，但人体组织不会发生变异|B.电流除对机体直接起作用外，还可能对中枢神经系统起作用|C.数百毫安的电流通过人体时，使人致命的原因是引起呼吸麻痹|D.发生心室纤维性颤动时，心脏每分钟颤动上万次,B,【答案】B 【解析】本题考查电流对人体的伤害，属于高频考点。做题思路：注意小电流通过人体短时间使人致命的最危险的原因是引起心室纤维性颤动。 A错误，小电流对人体的作用主要表现为生物学效应，给人以不同程度的刺激，使人体组织发生变异；B正确，电流对机体除直接起作用外，还可能通过中枢神经系统起作用；C错误，数十至数百毫安的小电流通过人体短时间使人致命的最危险的原因是引起心室纤维性颤动；D错误，发生心室纤维性颤动时，心脏每分钟颤动1000次以上，但幅值很小，而且没有规则，血液实际上中止循环，如抢救不及时，数秒钟至数分钟将由诊断性死亡转为生物性死亡。故选B。
单选题,[2019年][河南中安]防雷装置包括外部防雷装置和内部防雷装置，外部防雷装置由接闪器和接地装置组成，内部防雷装置由避雷器、引下线和接地装置组成，下列安全技术要求中，正确的是（    ）。,A.金属屋面不能作为外部防雷装置的接闪器|B.独立避雷针的冲击接地电阻应小于100Ω|C.独立避雷针可与其他接地装置共用|D.避雷器应装设在被保护设施的引入端,D,【答案】D 【解析】本题考查防雷装置，属于高频考点。做题思路：绝缘电阻越大越好，接地电阻越小越好。 A错误，避雷针（接闪杆）、避雷线、避雷网和避雷带都可作为接闪器，建筑物的金属屋面可作为第一类工业建筑物以外其他各类建筑物的接闪器；B错误，独立避雷针的冲击接地电阻一般不应大于10Ω；C错误，除独立避雷针外，在接地电阻满足要求的前提下，防雷接地装置可以和其他接地装置共用。故选D。
单选题,[2019年][河南中安]工艺过程中产生的静电可能引起爆炸和火灾，也可能给人以电击，下列燃爆事故中，属于静电因素引起的是（    ）。,A.司机小张跑长途用塑料桶盛装汽油备用，当他开到半路给汽车加油发生燃爆|B.实验员小王忘记关氢气阀门，当他取出金属钠放在水中时产生燃爆|C.实验员小李忘记关氢气阀门，当他在操作台给特钢做耐磨试验时产生燃爆|D.维修工小赵未按规定穿防静电服维修天然气阀门，当他用钢制器具时产生火花，发生燃爆,A,【答案】A 【解析】本题考查燃爆事故的起因。做题思路：题目较为灵活，需分析原因。 A属于静电火花引起燃爆；B属于化学反应引起燃爆；C属于摩擦引起燃爆；D属于撞击火花引起燃爆。故选A。
单选题,"[2019年][河南中安]一、单选题
1
标记
收藏

凡土石方施工工程、路面建设与养护、流动式起重装卸作业和各种建筑工程所需的综合性机械化施工工程所必需的机械装备通称为工程机械。下列机械装备中，属于工程机械的是（    ）。",A.卷扬机|B.拖拉机|C.压缩机|D.挖掘机|A.联锁装置|B.能动装置|C.限制装置|D.固定装置|A.限位装置|B.缓冲装置|C.超负荷保护装置|D.防挤压保护装置|A.噪声伤害|B.振动伤害|C.机械伤害|D.电击伤害|A.推手式安全装置|B.拉手式安全装置|C.光电式安全装置|D.栅栏式安全装置|A.80℃|B.95℃|C.110℃|D.125℃|A.隔离变压器一次侧应保持独立，隔离回路应与大地有连接|B.隔离变压器二次侧线路电压高低不影响电气隔离的可靠性|C.为防止隔离回路中各设备相线漏电，各设备金属外壳采用等电位接地|D.隔离变压器的输入绕组与输出绕组没有电气连接，并具有双重绝缘的结构|A.外露传动装置必须有防护罩|B.机械的突出部分不得有毛刺|C.锻造过程必须采用湿法作业|D.各类型蓄力器必须配安全阀|A.电动机卡死导致电动机不转，造成无转矩输出，不会产生危险温度|B.电动机长时间运转导致铁芯涡流损耗和磁滞损耗增加，产生危险温度|C.电动机长时间运转由于风扇损坏、风道堵塞会导致电动机产生危险温度|D.电动机运转时联轴节脱离，会造成负载转矩过大，电动机产生危险温度|A.严格控制环境温度|B.安装避雷装置|C.使用防爆电气|D.安装火灾报警系统|A.4，9，7|B.4，8，7|C.3，5，8|D.5，8，7|A.弹簧式安全阀适用移动式压力容器|B.杠杆式安全阀适用持续运行的系统|C.杠杆式安全阀适用高压系统|D.弹簧式安全阀适用高温系统|A.危险货物具有两种以上的危险性时，其包装类别需按级别高的确定|B.毒性物质根据口服、皮肤接触以及吸入粉尘和烟雾的方式来确定其包装类别|C.易燃液体根据其闭杯闪点和初沸点的大小来确定其包装类别|D.包装类别中Ⅰ类包装适用危险性较小的货物，Ⅲ类包装适用危险性较大的货物|A.安全信息|B.健康信息|C.常规化学反应信息|D.环境保护信息|A.处理柔软物体比人强|B.单调重复作业能力强|C.修正计算错误能力强|D.图形识别能力比人强|A.加强燃烧，开启排污阀及过热器、蒸汽管道上的疏水阀|B.启动“叫水”程序，判断满水的严重程度|C.立即停炉，打开主汽阀加强疏水|D.立即关闭给水阀停止向锅炉上水，启用省煤气再循环管路|A.绝缘材料的耐热性能用最高工作温度表征|B.绝缘材料的介电常数越大极化过程越慢|C.有机绝缘材料的耐弧性能优于无机材料|D.绝缘材料的绝缘电阻相当于交流电阻|A.起重工主要承接准备吊具、捆绑挂钩、摘钩卸载等作业，不能承担指挥任务|B.捆绑时，形状或尺寸不同的物品不经特殊捆绑不得混吊|C.目测估算被吊物的质量和重心，按估算质量增大5%选择|D.摘钩卸载时，应采用抖绳摘索，摘钩时应等所有吊索完全松弛再进行|A.限速装置|B.动力装置|C.绳索、链条|D.控制电路和电器元件|A.组装后的侧刀片径向伸出量大于1.1㎜|B.刀轴可以是装配式圆柱形或方形结构|C.组装后的刀轴须进行强度试验和离心试验|D.刀体上的装刀槽应为矩形或方形结构|A.为防止钢丝绳脱槽，卷筒装置上应用压板固定|B.钢丝绳在卷筒上的极限安全圈应保证在1圈以上|C.钢丝绳在卷筒上应有下降限位保护|D.每根起升钢丝绳两端都应固定|A.控制明火和高温表面|B.防爆泄压装置|C.安装阻火装置|D.惰性气体保护|A.气瓶充装单位应当按照规定，取得气瓶充装许可|B.充装高（低）压液化气体，应当对充装量逐瓶复检|C.除特殊情况下，应当充装本单位自有且已办理使用登记的气瓶|D.气瓶充装单位不得对气瓶充装混合气体|A.静电感度包括药剂摩擦时产生静电的难易程度和对静电放电火花的敏感度|B.摩擦感度是指在摩擦作用下，药剂发生燃烧或爆炸的难易程度|C.撞击感度是指药剂在冲击和摩擦作用下发生燃烧或爆炸的难易程度|D.烟花爆竹药剂的外相容性是指药剂中组分与组分之间的相容性|A.生产中可以通过变更工艺消除或者降低危险化学品的危害|B.隔离是通过封闭、设置屏障等措施，避免作业人员直接暴露于有害环境中|C.个体防护应作为预防中毒、控制污染等危害的主要手段|D.通风是控制作业场所中有害气体、蒸气或者粉尘最有效的措施之一|A.导线因电流过载而引起的爆炸|B.活泼金属与水接触引起的爆炸|C.空气中的可燃粉尘云引起的爆炸|D.液氧和煤粉混合而引起的爆炸|A.液体可燃物质受热分解越快，自身散热越快，其自燃点越高|B.固体可燃物粉碎得越细，其自燃点越高|C.固体可燃物受热分解的可燃气体挥发物越多，其自燃点越低|D.一般情况下，密度越小，闪点越高，其自燃点越低,C,【答案】C 【解析】本题考查人的心理特性，属于高频考点。做题思路：常识判断。 C不属于，人的心理特性包括：能力、性格、需要与动机、情绪与情感和意志。心率属于生理特性。故选C。
单选题,[2019年][河南中安]下列关于自动化系统的安全性主要取决于（    ）。,A.人机功能的分配的合理性，机器的本质安全性及人为失误|B.机器的本质安全性、机器的冗余系统是否失灵及人处于低负荷时应急反应变差|C.机器的本质安全性、机器的冗余系统是否失灵及人为失误|D.人机功能分配的合理性、机器的本质安全性及人处于低负荷时应急反应变差,B,【答案】B 【解析】本题考查人机系统安全性主要取决因素，属于高频考点。做题思路：机器本质＋冗余，人才有应急反应。 自动化系统的安全性主要取决于机器的本质安全性、机器的冗余系统是否失灵以及人处于低负荷时的应急反应变差等情形，故选B。
单选题,[2019年][河南中安]触电防护技术包括屏护、间距、绝缘、接地等，屏护是采用护罩、护盖、栅栏、箱体、遮栏等将带电体与外界隔绝。下列针对用于触电防护的户外栅栏的高度要求中，正确的是（    ）。,A.户外栅栏的高度不应小于1.2m|B.户外栅栏的高度不应小于1.5m|C.户外栅栏的高度不得小于2.0m|D.户外栅栏的高度不应小于1.8m,B,【答案】B 【解析】本题考查的是屏护装置安全条件，属于高频考点。做题思路：数字记忆。 （1）遮栏高度不应小于1.7m，下部边缘离地面高度不应大于0.1m。户内栅栏高度不应小于1.2m；户外栅栏高度不应小于1.5m；（2）对于低压设备，遮栏与裸导体的距离不应小于0.8m，栏条间距离不应大于0.2m；网眼遮栏与裸导体之间的距离不宜小于0.15m。故选B。
单选题,[2019年][河南中安]间接接触电击是触及正常状态下不带电，而在故障状态下意外带电发生的电击，下列触电事故中，属于间接接触电击的是（    ）。,A.小王使用手持电动工具时，由于使用时间过长绝缘破坏造成触电|B.小张在带电更换空气开关时，由于使用改锥不规范造成触电事故|C.小李清扫配电柜的电闸时，使用绝缘柄毛刷清扫精力不集中造成触电|D.小赵在带电作业时，无意中触碰带电导线的裸露部分发生触电,A,【答案】A 【解析】本题考查间接接触电击，属于高频考点。做题思路：在基本概念区分理解的基础上进行分析。 直接接触电击是指：触及正常状态下带电的带电体时（如误触接线端子）发生的电击，也称为正常状态下的电击。绝缘、屏护、间距等属于防止直接接触电击的安全措施。间接接触电击是指：触及正常状态下不带电，而在故障状态下意外带电的带电体时（如触及漏电设备的外壳）发生的电击，也称为故障状态下的电击。接地、接零、等电位联结等属于防止间接接触电击的安全措施。B错误，描述中“带电更换”，属于原本状态下就带电，此时发生电击属于直接接触电击；C错误，描述中“清扫配电柜”，属于原本状态下就带电，此时发生电击属于直接接触电击；D错误，描述中“导线的裸露部分”，导线裸露部分属于原本状态下就带电，此时发生电击属于直接接触电击。故选A。
单选题,"[2019年][河南中安]一、单选题
1
标记
收藏

凡土石方施工工程、路面建设与养护、流动式起重装卸作业和各种建筑工程所需的综合性机械化施工工程所必需的机械装备通称为工程机械。下列机械装备中，属于工程机械的是（    ）。",A.卷扬机|B.拖拉机|C.压缩机|D.挖掘机|A.联锁装置|B.能动装置|C.限制装置|D.固定装置|A.限位装置|B.缓冲装置|C.超负荷保护装置|D.防挤压保护装置|A.噪声伤害|B.振动伤害|C.机械伤害|D.电击伤害|A.推手式安全装置|B.拉手式安全装置|C.光电式安全装置|D.栅栏式安全装置|A.80℃|B.95℃|C.110℃|D.125℃|A.隔离变压器一次侧应保持独立，隔离回路应与大地有连接|B.隔离变压器二次侧线路电压高低不影响电气隔离的可靠性|C.为防止隔离回路中各设备相线漏电，各设备金属外壳采用等电位接地|D.隔离变压器的输入绕组与输出绕组没有电气连接，并具有双重绝缘的结构|A.外露传动装置必须有防护罩|B.机械的突出部分不得有毛刺|C.锻造过程必须采用湿法作业|D.各类型蓄力器必须配安全阀|A.电动机卡死导致电动机不转，造成无转矩输出，不会产生危险温度|B.电动机长时间运转导致铁芯涡流损耗和磁滞损耗增加，产生危险温度|C.电动机长时间运转由于风扇损坏、风道堵塞会导致电动机产生危险温度|D.电动机运转时联轴节脱离，会造成负载转矩过大，电动机产生危险温度|A.严格控制环境温度|B.安装避雷装置|C.使用防爆电气|D.安装火灾报警系统|A.4，9，7|B.4，8，7|C.3，5，8|D.5，8，7|A.弹簧式安全阀适用移动式压力容器|B.杠杆式安全阀适用持续运行的系统|C.杠杆式安全阀适用高压系统|D.弹簧式安全阀适用高温系统|A.危险货物具有两种以上的危险性时，其包装类别需按级别高的确定|B.毒性物质根据口服、皮肤接触以及吸入粉尘和烟雾的方式来确定其包装类别|C.易燃液体根据其闭杯闪点和初沸点的大小来确定其包装类别|D.包装类别中Ⅰ类包装适用危险性较小的货物，Ⅲ类包装适用危险性较大的货物|A.安全信息|B.健康信息|C.常规化学反应信息|D.环境保护信息|A.处理柔软物体比人强|B.单调重复作业能力强|C.修正计算错误能力强|D.图形识别能力比人强|A.加强燃烧，开启排污阀及过热器、蒸汽管道上的疏水阀|B.启动“叫水”程序，判断满水的严重程度|C.立即停炉，打开主汽阀加强疏水|D.立即关闭给水阀停止向锅炉上水，启用省煤气再循环管路|A.绝缘材料的耐热性能用最高工作温度表征|B.绝缘材料的介电常数越大极化过程越慢|C.有机绝缘材料的耐弧性能优于无机材料|D.绝缘材料的绝缘电阻相当于交流电阻|A.起重工主要承接准备吊具、捆绑挂钩、摘钩卸载等作业，不能承担指挥任务|B.捆绑时，形状或尺寸不同的物品不经特殊捆绑不得混吊|C.目测估算被吊物的质量和重心，按估算质量增大5%选择|D.摘钩卸载时，应采用抖绳摘索，摘钩时应等所有吊索完全松弛再进行|A.限速装置|B.动力装置|C.绳索、链条|D.控制电路和电器元件|A.组装后的侧刀片径向伸出量大于1.1㎜|B.刀轴可以是装配式圆柱形或方形结构|C.组装后的刀轴须进行强度试验和离心试验|D.刀体上的装刀槽应为矩形或方形结构|A.为防止钢丝绳脱槽，卷筒装置上应用压板固定|B.钢丝绳在卷筒上的极限安全圈应保证在1圈以上|C.钢丝绳在卷筒上应有下降限位保护|D.每根起升钢丝绳两端都应固定|A.控制明火和高温表面|B.防爆泄压装置|C.安装阻火装置|D.惰性气体保护|A.气瓶充装单位应当按照规定，取得气瓶充装许可|B.充装高（低）压液化气体，应当对充装量逐瓶复检|C.除特殊情况下，应当充装本单位自有且已办理使用登记的气瓶|D.气瓶充装单位不得对气瓶充装混合气体|A.静电感度包括药剂摩擦时产生静电的难易程度和对静电放电火花的敏感度|B.摩擦感度是指在摩擦作用下，药剂发生燃烧或爆炸的难易程度|C.撞击感度是指药剂在冲击和摩擦作用下发生燃烧或爆炸的难易程度|D.烟花爆竹药剂的外相容性是指药剂中组分与组分之间的相容性|A.生产中可以通过变更工艺消除或者降低危险化学品的危害|B.隔离是通过封闭、设置屏障等措施，避免作业人员直接暴露于有害环境中|C.个体防护应作为预防中毒、控制污染等危害的主要手段|D.通风是控制作业场所中有害气体、蒸气或者粉尘最有效的措施之一|A.导线因电流过载而引起的爆炸|B.活泼金属与水接触引起的爆炸|C.空气中的可燃粉尘云引起的爆炸|D.液氧和煤粉混合而引起的爆炸|A.液体可燃物质受热分解越快，自身散热越快，其自燃点越高|B.固体可燃物粉碎得越细，其自燃点越高|C.固体可燃物受热分解的可燃气体挥发物越多，其自燃点越低|D.一般情况下，密度越小，闪点越高，其自燃点越低,A,【答案】A 【解析】本题考查机器的特性，属于高频考点。做题思路：人——灵活的，机器——死板的。 A不属于，机器的特性有7个方面，其中“难做精细的调整”属于特性中的“信息的交流与输出”。“可靠性和适应性”：可连续、稳定、长期地运转，但是也需要适当地进行维修和保养；机器可进行单调的重复性作业而不会疲劳和厌烦；可靠性与成本有关，设计合理的机器对设定的作业有很高的可靠性，但对意外事件则无能为力；机器的特性固定不变，不易出错，但是一旦出错则不易修正。故选A。
单选题,[2019年][河南中安]压力容器，一般泛指在工业生产中盛装用于完成反应、传质、传热、分离和储存等生产工艺过程的气体或液体，并能承载一定压力的密闭设备。压力容器的种类和型（形）式很多，分类方法也很多。根据压力容器在生产中作用的分类，石油化工装置中的吸收塔属于（    ）。,A.反应压力容器|B.换热压力容器|C.分离压力容器|D.储存压力容器,C,【答案】C 【解析】本题考查压力容器按照生产中的作用的分类，属于高频考点。做题思路：名词记忆。 分离压力容器：主要是用于完成介质的流体压力平衡缓冲和气体净化分离的压力容器，如各种分离器、过滤器、集油器、洗涤器、吸收塔、干燥塔、汽提塔、分汽缸、除氧器等。故选C。
单选题,[2019年][河南中安]火灾自动报警系统应具有探测、报警、联动、灭火、减灾等功能，国内外有关标准规范都对建筑中安装的火灾自动报警系统作了规定，根据《火灾自动报警系统设计规范》（G,B.50116），该标准不适用于（ ）。|A.工矿企业的要害部门|B.高层宾馆、饭店、商场等场所|C.生产和储存火药、炸药的场所|D.行政事业单位、大型综合楼等场所,C,【答案】C 【解析】本题考查《火灾自动报警系统设计规范》适用范围。 根据《火灾自动报警系统设计规范》（GB 50116-2013）1.0.2 本规范适用于新建、扩建和改建的建、构筑物中设置的火灾自动报警系统的设计，不适用于生产和贮存火药、炸药、弹药、火工品等场所设置的火灾自动报警系统的设计。故选C。
单选题,[2019年][河南中安]消除或减小相关风险是实现机械安全的主要对策和措施，一般通过本质安全技术、安全防护措施、安全信息来实现，下列关于机械安全的对策和措施中，属于安全防护措施的是（    ）。,A.采用易熔塞、限压阀|B.设置双手操纵装置|C.设置信号和警告装置|D.采用安全可靠的电源,B,【答案】B 【解析】本题考查防止机械危险的安全措施，属于高频考点。做题思路：按等级顺序区分风险减小的迭代三步法。 A属于：本质安全设计措施—限制机械应力以保证足够的抗破坏能力—防止超载应力—采用易熔塞、限压阀、断路器等限制超载应力；C属于：使用安全信息（提示性安全技术措施）—信号和警告装置；D属于：本质安全设计措施—使用本质安全的工艺过程和动力源—采用安全的电源。故选B。
单选题,[2019年][河南中安]考虑使用工具与烟火药发生爆炸的概率之间的关系，在手工直接接触烟火药的工序中，对使用的工具材质有严格要求，下列工具中，不应使用的工具是（    ）。,A.铝质工具|B.瓷质工具|C.木质工具|D.竹质工具,B,【答案】B 【解析】本题考查烟花爆竹产品生产过程中的防火防爆措施，属于高频考点。做题思路：铜铝木竹是好的，铁瓷塑纤是坏的。 直接接触烟火药的工序应按规定设置防静电装置，并采取增加湿度等措施，以减少静电积累。手工直接接触烟火药的工序应使用铜、铝、木、竹等材质的工具，不应使用铁器、瓷器和不导静电的塑料、化纤材料等工具盛装、掏挖、装筑（压）烟火药；盛装烟火药时药面应不超过容器边缘。故选B。
单选题,[2019年][河南中安]由烟道或车辆尾气排放管飞出的火星也可能引起火灾。因此，通常在可能产生火星设备的排放系统安装火星熄灭器，以防止飞出的火星引燃可燃物料，关于火星熄灭器工作机理的说法中，错误的是（    ）。,A.火星由粗管进入细管，加快流速，火星就会熄灭，不会飞出|B.在火星熄灭器中设置网格等障碍物，将较大、较重的火星挡住|C.设置旋转叶轮改变火星流向，增加路程，加速火星的熄灭或沉降|D.在火星熄灭器中采用喷水或通水蒸汽的方法熄灭火星,A,【答案】A 【解析】本题考查火星熄灭器工作机理。 火星熄灭器熄火的基本方法主要有以下几种：A错误，（1）当烟气由管径较小的管道进入管径较大的火星熄灭器中，气流由小容积进入大容积，致使流速减慢、压力降低，烟气中携带的体积、质量较大的火星就会沉降下来，不会从烟道飞出；BC正确，（2）在火星熄灭器中设置网格等障碍物，将较大、较重的火星拦住；或者采用设置旋转叶轮等方法改变烟气流动方向，增加烟气所走的路程，以加速火星的熄灭或沉降；D正确，（3）用喷水或通水蒸汽的方法熄灭火星。故选A。
单选题,[2019年][河南中安]评价粉尘爆炸危险性的主要特征参数有爆炸极限、最小点火能量及压力上升速率。关于粉尘爆炸危险性特征参数的说法，错误的是（    ）。,A.粉尘爆炸极限不是固定不变的|B.容器尺寸会对粉尘爆炸压力及压力上升速率有很大影响|C.粒度对粉尘爆炸压力的影响比其对粉尘爆炸压力上升速率的影响大|D.粉尘爆炸压力及压力上升速率受湍流度等因素的影响,C,【答案】C 【解析】本题考查粉尘爆炸的危险性及影响因素，属于高频考点。做题思路：注意压力和压力上升速率的区别。 A正确，粉尘爆炸极限不是固定不变的；B正确，与可燃气爆炸一样，容器尺寸会对粉尘爆炸压力及压力上升速率有很大影响；C错误，粒度对粉尘爆炸压力上升速率的影响比其对粉尘爆炸压力的影响大得多；D正确，粉尘爆炸压力及压力上升速率主要受粉尘粒度、初始压力、粉尘爆炸容器、湍流度等因素的影响。故选C。
单选题,[2019年][河南中安]接地装置是接地体和接地线的总称，运行中的电气设备的接地装置应当始终保持在良好状态。关于接地装置技术要求的说法，正确的是（    ）。,A.自然接地体应由三根以上导体在不同地点与接地网相连|B.三相交流电网的接地装置采用角钢作接地体时，角钢厚度应不小于6㎜|C.除发电厂和变电所外，当自然接地体的接地电阻符合要求时，可不敷设人工接地体|D.为了减小自然因素对接地电阻的影响，接地体上端离地面0.1m,C,【答案】C 【解析】本题考查接地装置技术要求，属于高频考点。做题思路：数字记忆。 A错误，自然接地体至少应由两根导体在不同地点与接地网相连（线路杆塔除外）；B错误，三相交流电网的接地装置采用角钢作接地体时，角钢厚度应不小于4㎜，三相直流电网的接地装置采用角钢作接地体时，角钢厚度应不小于6㎜；C正确，当自然接地体的接地电阻符合要求时，可不敷设人工接地体（发电厂和变电所除外）；D错误，为了减小自然因素对接地电阻的影响，接地体上端离地面深度不应小于0.6m（农田地带不应小于1m），并应在冰冻层以下。故选C。
单选题,[2019年][河南中安]下列对烟花爆竹生产企业不同级别建筑物的安全管理要求中，符合安全标准的是（    ）。,A.A1级建筑物应确保作业者单人单间使用|B.A3级建筑物每栋同时作业应不超过5人|C.A2级建筑物应确保作业者单人单栋使用|D.C级建筑物的人均面积不得少于2.0m²,C,【答案】C 【解析】本题考查烟花爆竹生产企业生产设施安全生产条件。 A错误，A1级建筑物应设有安全防护屏障；B错误，A3级建筑物应单人单间使用，并且每栋同时作业人员的数量不得超过2人；D错误，C级建筑物的人均使用面积不得少于3.5m²。故选C。
单选题,[2019年][河南中安]漏电保护装置主要用于防止间接接触电击和直接接触电击，下列关于漏电保护装置要求的说法正确的是（    ）。,A.使用安全特低电压供电的电气设备，应安装漏电保护装置|B.医院中可能直接接触人体的电器医用设备，应安装漏电保护装置|C.一般环境条件下使用的Ⅲ类移动式电气设备，应安装漏电保护装置|D.隔离变压器且二次侧为不接地系统供电的电气设备，应安装漏电保护装置,B,【答案】B 【解析】本题考查漏电保护装置，属于高频考点。做题思路：本身已经是安全环境的，可以不安装漏电保护装置。 A错误，从防止触电的角度考虑，使用特低电压供电的电气设备，可以不安装漏电保护装置；C错误，Ⅲ类设备依靠安全特低电压供电以防触电使用特低电压供电的电气设备，可以不安装漏电保护装置；D错误，使用隔离变压器且二次侧为不接地系统供电的电气设备，可以不安装漏电保护装置。故选B。
单选题,[2019年][河南中安]带锯机是以一条开出锯齿的无端头的带状锯条为刀具，锯条由高速回转的上、下锯轮带动，实现直线纵向剖解木材的木工机械。为安全起见，应严格规范带锯机操控机构。下列对带锯机操控机构的安全要求中，错误的是（    ）。,A.启动按钮应设置在能够确认锯条位置状态、便于调整锯条的位置上|B.启动按钮应灵敏，可靠，不应因接触振动等原因而产生误动作|C.上锯轮机动升降机构与带锯机启动操作机构不应联锁|D.带锯机控制装置系统必须设置急停按钮,C,【答案】C 【解析】本题考查带锯机操控机构的安全要求，属于高频考点。做题思路：上锁下动。 带锯机操控机构的要求：A正确，（1）启动按钮应设置在能够确认锯条位置状态、便于调整锯条的位置上；B正确，（2）启动按钮应灵敏、可靠，不应因接触振动等原因而产生误动作；C错误，（3）上锯轮机动升降机构应与锯机启动操纵机构联锁；下锯轮应装有能对运转进行有效制动的装置；D正确，（4）必须设置急停控制按钮。故选C。
单选题,[2019年][河南中安]安全电压是在一定条件下、一定时间内不危及生命安全的安全电压额定值，关于安全电压限值和安全电压额定值的说法，正确的是（    ）。,A.潮湿环境中工频安全电压有效值的限值为16V|B.隧道内工频安全电压有效值的限值为36V|C.金属容器内的狭窄环境应采用24V安全电压|D.存在电击危险的环境照明灯应采用42V安全电压,A,【答案】A 【解析】本题考查安全电压限值和安全电压额定值，属于高频考点。做题思路：数字记忆。 B错误，隧道内应采用12V安全电压；C错误，金属容器内应采用12V安全电压；D错误，凡有电击危险环境使用的手持照明灯和局部照明灯应采用36V或24V安全电压。故选A。
单选题,[2019年][河南中安]影响可燃气体的火灾爆炸危险性的参数主要有爆炸极限、自燃点、扩散性、压缩性、化学活泼性等。其中，可燃气体的爆炸极限越宽，爆炸下限越低，则气体的火灾爆炸危险性越大。下表列出了4种可燃气体在空气中的爆炸极限，其中火灾爆炸危险性最大的气体是（    ）。,A.丁烷|B.氢气|C.乙烯|D.一氧化碳,B,【答案】B 【解析】本题考查危险度的计算，属于高频考点。做题思路：上减下除以下，得数越大越危险。 H＝（L上－L下）/L下，一般情况下，H值越大，表示可燃性混合物的爆炸极限范围越宽，爆炸危险性越大。A丁烷的危险度，H＝（8.5－1.5）÷1.5＝4.67；B氢气的危险度，H＝（75－4）÷4＝17.75；C乙烯的危险度，H＝（34－2.8）÷2.8＝11.14；D一氧化碳的危险度H＝（74.5－12）÷12＝5.21。综上，上述四种物质中，氢气的危险度最大。故选B。
单选题,[2019年][河南中安]对盛装可燃易爆介质的设备和管路应保证其密闭性，但很难实现绝对密封（闭），一般总会有一些可燃气体、蒸气或粉尘从设备系统中泄漏出来。因此，必须采用通风的方法使可燃气体，蒸气或粉尘的浓度不会达到危险的程度，一般应控制在爆炸下限的（    ）。,A.1/5以下|B.1/2以下|C.1/3以下|D.1/4以下,A,【答案】A 【解析】本题考查爆炸控制－厂房通风，属于高频考点。 必须用通风的方法使可燃气体、蒸气或粉尘的浓度不致达到危险的程度，一般应控制在爆炸下限1/5以下。故选A。
单选题,[2019年][河南中安]材料在一定的高温环境下长期使用，所受到的拉应力低于该温度下的屈服强度，会随时间的延长而发生缓慢持续的伸长，即蠕变现象。材料长期发生蠕变会导致性能下降或产生蠕变裂纹，最终造成破坏失效。关于管道材料蠕变失效说法，错误的是（    ）。,A.管道在长度方向有明显的变形|B.蠕变断口表面被氧化层覆盖|C.管道焊缝熔合线处蠕变开裂|D.管道在运行中沿轴向开裂,A,【答案】A 【解析】本题考查管道压力事故-蠕变破坏。 A错误，长期蠕变，致使管道在直径方向有明显的变形。蠕变失效的特征：蠕变断口可能因长期在高温下被氧化或腐蚀，表面被氧化层或其他腐蚀物覆盖。因长期蠕变，致使管道在直径方向有明显的变形，并伴有许多沿径线方向的小蠕变裂纹，甚至出现表面龟裂。故选A。
单选题,[2019年][河南中安]铸造作业过程中存在诸多的不安全因素，可能导致多种危害，因此应从工艺、建筑、除尘等方面采取安全技术措施，工艺安全技术措施包括工艺布置、工艺设备、工艺方法、工艺操作。下列安全技术措施中，属于工艺方法的是（    ）。,A.浇包盛铁水不得超过容积的80%|B.球磨机的旋转滚筒应设在全封闭罩内|C.大型铸造车间的砂处理工段应布置在单独的厂房内|D.冲天炉熔炼不宜加萤石,D,【答案】D 【解析】本题考查铸造作业安全技术措施分类，属于高频考点。做题思路：工艺方法一般与工艺的原理和过程相关。 A属于工艺操作，B属于除尘；C属于工艺布置。D属于工艺方法。故选D。
单选题,[2019年][河南中安]保护接地是将低压用电设备金属外壳直接接地，适用于IT和TT系统三相低压配电网。关于IT和TT系统保护接地的说法，正确的是（    ）。,A.TT系统低压配电网中，电气设备金属外壳直接接地，当电气设备发生漏电时，造成控制电气设备空气开关跳闸|B.IT系统低压配电网中，由于单相接地电流很大，只有通过漏电设备对地电压限制在安全范围内|C.IT系统低压配电网中，电气设备金属外壳直接接地，当电气设备发生漏电时，造成该系统零点漂移，使中性线带电|D.TT系统中应装设能自动切断漏电故障的漏电保护装置，所以装有保护装置的电气设备的金属外壳可以不接保护接地线,C,【答案】C 【解析】本题考查IT和TT系统保护接地，属于高频考点。做题思路：I代表不接地，T代表接地，N代表接零。理解几个系统的原理及适用范围。TN-S系统安全性最高。 A错误，在TT系统中，设备外壳接地电阻及中性点接地电阻均为欧姆级电阻，故障电流不会太大，一般的过电流保护装置不起作用，不能及时切断电源，使故障长时间延续下去，在TT系统中应装设能自动切断漏电故障的漏电保护装置。发生漏电的时候是漏电保护装置起作用，而不是空气开关；B错误，只有在不接地配电网中，由于单相接地电流较小，才有可能通过保护接地把漏电设备故障对地电压限制在安全范围之内。【注意：单相接地电流较小】。C正确，关于零点漂移的相关内容不作为我们考试学习的重点，作为课外理解性知识点即可。关于零点漂移的概念：在正常工作状态下，三相系统中三相负载是对称的（可简单理解为：用电设备负载如下图所示星形连接的三相四线电路图），此时中性点N和N＇电位相等为零，电源中性线N上没有电流。当三相负载不一致或出现漏电等情况时，此时电源中性线N上有电流通过，造成N点位置电压UN不为零，这种中性点位移的现象称为中性点漂移；D错误，TT系统定义：设备外壳采取接地措施，电源中性点（N）直接接地。字母含义如下：①第一个字母T：为电源直接接地；②第二个字母T：为设备外壳接地。若设备外壳不接地，那么不构成TT系统。故选C。
单选题,[2019年][河南中安]电气防火防爆技术包括消除或减少爆炸性混合物、消除引燃源、隔离和间距、爆炸危险环境接地和接零等。下列爆炸危险环境电气防火防爆技术的说法中，正确的是（    ）。,A.隔墙上与变、配电室连通的沟道、孔洞等，应使用非燃性材料封堵|B.在危险空间充填清洁的空气，防止形成爆炸性混合物|C.设备的金属部分、金属管道以及建筑物的金属结构必须分别接地|D.低压侧断电时，应先断开闸刀开关，再断开电磁起动器或低压断路器,A,【答案】A 【解析】本题考查电气防火防爆技术，属于高频考点。做题思路：防止形成爆炸性混合物填充的是惰性气体，如果填充空气，会提升氧含量，更容易形成爆炸性混合物。 B错误，在危险空间充填惰性气体或不活泼气体，防止形成爆炸性混合物；C错误，将所有设备的金属部分、金属管道，以及建筑物的金属结构全部接地（或接零），并连接成连续整体；D错误，低压应先断开电磁起动器或低压断路器，后断开闸刀开关。故选A。
单选题,[2019年][河南中安]火灾探测器的基本功能就是对烟雾、温度、火焰和燃烧气体等火灾参量做出有效反应，通过敏感元件，将表征火灾参量的物理量转化为电信号，送到火灾报警控制器。关于火灾探测器适用场合的说法，正确的是（    ）。,A.感光探测器适用于监视有易燃物质区域的火灾|B.感光探测器特别适用于阴燃阶段的燃料火灾|C.红外火焰探测器不适合有大量烟雾存在的场合|D.紫外火焰探测器特别适用于无机化合物燃烧的场合,A,【答案】A 【解析】本题考查火灾探测器适用范围，属于高频考点。做题思路：感光——没有阴燃；光电——黑烟低、白烟高；红外——有烟；紫外——有机燃烧，没有烟雾。 B错误，感光式火灾探测器特别适用于没有阴燃阶段的燃料火灾的早期检测报警；C错误，红外火焰火灾探测器适用于有大量烟雾存在的火场；D错误，紫外火焰火灾探测器适用于有机化合物燃烧的场合。故选A。
单选题,[2019年][河南中安]危险化学品废弃物的销毁处置包括固定危险废弃物无害化的处置、爆炸物品的销毁、有机过氧化物废弃物的处理等。关于危险废弃物销毁处置的说法，正确的是（    ）。,A.固体危险废弃物的固化/稳定化方法有水泥固化、石灰固化、塑性材料固化、有机聚合物固化等|B.确认不能使用的爆炸性物品必须予以销毁，企业选择适当的地点、时间和销毁方法后直接销毁|C.应根据有机过氧化物特征选择合适的方法进行处理，处理方法主要包括溶解、烧毁、填埋等|D.一般危险废弃物可直接进入填埋场进行填埋，粒度很小的废弃物可装入编织袋后填埋,A,【答案】A 【解析】本题考查危险废弃物销毁处置，属于高频考点。做题思路：固化方法——水泥石灰塑性聚合。 B错误，凡确认不能使用的爆炸性物品，必须予以销毁，在销毁以前应报告当地公安部门，选择适当的地点、时间及销毁方法；C错误，有机过氧化物废弃物处理方法主要有分解、烧毁、填埋；D错误，一般工业废弃物可以直接进入填埋场进行填埋【危险废弃物不能直接填埋】。故选A。
单选题,[2019年][河南中安]压力容器的定期检验分为年度检验和全面检查，某工厂车间压力容器，在投用满三年时进行了首次全面检查，检验机构根据此次检查结果认定，该压力容器安全状况属于1级和2级压力容器，则该压力容器下次检查周期是（    ）。,A.2年|B.4年|C.6年|D.8年,C,【答案】C 【解析】本题考查压力容器检查周期。 依据《固定式压力容器安全技术监察规程》（TSG 21-2016），金属压力容器一般于投用后3年内进行首次定期检验。以后的检验周期由检验机构根据压力容器的安全状况等级，按照以下要求确定：（1）安全状况等级为1、2级的，一般每6年检验一次；（2）安全状况等级为3级的，一般每3年至6年检验一次；（3）安全状况等级为4级的，监控使用，其检验周期由检验机构确定，累计监控使用时间不得超过3年，在监控使用期间，使用单位应当采取有效的监控措施；（4）安全状况等级为5级的，应当对缺陷进行处理，否则不得继续使用。故选C。
单选题,[2019年][河南中安]某化工技术有限公司污水处理车间发生火灾，经现场勘查，污水处理车间内主要含有水、甲苯、焦油、少量废催化剂（雷尼镍）等，事故调查分析发现，雷尼镍自燃引起甲苯爆燃。根据《火灾分类》（GB/T4968），该火灾属于（    ）。,A.B类火灾|B.A类火灾|C.C类火灾|D.D类火灾,A,【答案】A 【解析】本题考查火灾的分类，属于高频考点。做题思路：ABCDEF——姑爷去金店烹饪。 A类火灾，固体物质火灾，木材、棉、毛、麻、纸张火灾等。B类火灾，液体或可熔化的固体物质火灾，汽油、煤油、柴油、原油、甲醇、乙醇、沥青、石蜡火灾等。C类火灾，气体火灾，煤气、天然气、甲烷、乙烷、丙烷、氢气火灾等。D类火灾，金属火灾，钾、钠、镁、钛、锆、锂、铝镁合金火灾等。E类火灾，带电火灾，物体带电燃烧的火灾，如发电机、电缆、家用电器等。F类火灾，烹饪器具内烹饪物火灾，动植物油脂等。本题甲苯为最终燃烧物质，雷尼镍为引燃源，液体燃烧属于B类火灾。故选A。
单选题,[2019年][河南中安]由安全阀和爆破片组合构成的压力容器安全附件，一般采用并联或串联安装安全阀和爆破片。当安全阀与爆破片装置并联组合时，爆破片的标定爆破压力不得超过压力容器的（    ）。,A.工作压力|B.设计压力|C.最高工作压力|D.爆破压力,B,【答案】B 【解析】本题考查安全阀与爆破片装置的组合，属于高频考点。做题思路：工作压力≤安全阀、爆破片动作压力≤设计压力。 安全阀与爆破片装置并联组合时，爆破片的标定爆破压力不得超过容器的设计压力。安全阀的开启压力应略低于爆破片的标定爆破压力。故选B。
单选题,[2019年][河南中安]压力容器专职操作人员在容器运行期间应经常检查容器的工作状况，发现其不正常状态并进行针对性处置。下列对压力容器的检查项目，不属于运行期间检查的项目是（    ）。,A.容器、连接管道的振动情况|B.容器工作介质的化学组成|C.容器材质劣化情况|D.容器安全附件的完好状态,C,【答案】C 【解析】本题考查压力容器运行期间检查。做题思路：运行期间表示在工作过程中，区分过程中需要关注的事项。 压力容器运行期间的检查：对运行中的压力容器进行检查，包括工艺条件、设备状况以及安全装置等方面。在工艺条件方面，主要检查操作压力、操作温度、液位是否在安全操作规程规定的范围内，容器工作介质的化学组成，特别是那些影响容器安全（如产生应力腐蚀、使压力升高等）的成分是否符合要求。在设备状况方面，主要检查各连接部位有无泄漏、渗漏现象，容器的部件和附件有无塑性变形、腐蚀以及其他缺陷或可疑迹象，容器及其连接道有无振动、磨损等现象。在安全装置方面，主要检查安全装置以及与安全有关的计量器具是否保持完好状态。故选C。
单选题,[2019年][河南中安]某机械系统由甲乙两人监控，他们的操作可靠度均为9000，机械系统可靠度为0.9800，当两人并联工作并同时发生异常时，该人机系统的可靠度为（    ）。,A.0.9604|B.0.7938|C.0.8820|D.0.9702,D,【答案】D 【解析】本题考查人机系统的可靠度，属于高频考点。做题思路：两人并联，人机串联，套用公式。 甲乙并联，可靠度为R甲乙＝1-（1-0.9）×（1-0.9）＝0.99，两人与机械系统组成串联关系，R＝0.99×0.98＝0.9702。故选D。
单选题,[2019年][河南中安]起重机械，是指用于垂直升降或者垂直升降并水平移动重物的机电设备。根据水平运动形式的不同，分为桥架类型起重机和臂架类型起重机两大类别，下列起重机械中，属于臂架类型起重机的是（    ）。,A.垂直起重机|B.门式起重机|C.流动式起重机|D.缆索式起重机,C,【答案】C 【解析】本题考查起重机械，属于高频考点。做题思路：通过图片区分加深印象。 臂架类型起重机包括流动式起重机、塔式起重机、门座式起重机。门式起重机、绳索式起重机属于桥架类型起重机。故选C。
单选题,[2019年][河南中安]叉车在叉装物件时，司机应检查并确认被叉装物件重量在该叉车允许载荷范围内。当物件重量不明时，应将被叉装物件叉起离地一定高度后检查叉车的稳定性，确认无超载现象后，方可运送。下列给出的离地高度中，正确的是（    ）。,A.400㎜|B.300㎜|C.200㎜|D.100㎜,D,【答案】D 【解析】本题考察的是叉车安全操作技术，属于高频考点。做题思路：数字记忆。 叉装物件时，被装物件重量应在该机允许载荷范围内。当物件重量不明时，应将该物件叉起离地100㎜后检查机械稳定性，确认无超载现象后，方可运送。故选D。
单选题,[2019年][河南中安]低压电器可分为控制电器和保护电器，保护电器主要用来获取、转换和传递信号，并通过其他电器实现对电路的控制。关于低压保护电器工作原理的说法，正确的是（    ）。,A.熔断器是串联在线路上的易熔元件，遇到短路电流时迅速熔断来实施保护|B.热继电器作用时当热元件温度达到设定值时迅速动作，并通过控制触头断开控制电路|C.由于热继电器和热脱扣器的热容量较大，动作延时也较大，只宜用于短路保护|D.在产生冲击电流的线路上，串联在线路上的熔断器可用作过载保护元件,A,【答案】A 【解析】本题考查低压保护电器工作原理，属于高频考点。做题思路：动作延时长的不适用于短路保护，短路保护强调快速切断。 B错误，错在“断开控制电路”，热继电器的核心元件是热元件，利用电流的热效应实施保护作用，当热元件温度达到设定值时迅速动作，并通过控制触头断开主电路；C错误，热继电器和热脱扣器的热容量较大，动作延时也较大，只宜用于过载保护，不能用于短路保护；D错误，由于易熔元件的热容量小，动作很快，熔断器可用作短路保护元件，在有冲击电流出现的线路上，熔断器不可用作过载保护元件。故选A。
多选题,[2019年][河南中安]正确操作对锅炉的安全运行至关重要，尤其是在启动和点火升压阶段，经常由于误操作而发生事故。下列针对锅炉启动和点火升压的安全要求中，正确的有（    ）。,A.长期停用的锅炉，在正式启动前必须煮炉，以减少受热面腐蚀，提高锅水和蒸汽品质|B.新投入运行锅炉在向共用蒸汽母管并汽前应减弱燃烧，打开蒸汽管道上的所有疏水阀|C.点燃气、油、煤粉炉时，应先送风，之后投入点燃火炬，最后送入燃料|D.新装锅炉的炉膛和烟道的墙壁非常潮湿，在向锅炉上水前要进行烘炉作业 E 对省煤器，在点火升压期间，应将再循环管上的阀门关闭,ABC,【答案】ABC 【解析】本题考查锅炉启动和点火升压的安全要求，属于高频考点。做题思路：没有上水的情况下，为防止省煤器干烧，需打开再循环管路。烘炉的时间点在上水后，启动前。 A正确，新装、移装、大修或长期停用的锅炉，在正式启动前必须煮炉。煮炉的目的是清除蒸发受热面中的铁锈、油污和其他污物，减少受热面腐蚀，提高锅水和蒸汽品质；B正确，并汽前应减弱燃烧，打开蒸汽管道上的所有疏水阀，充分疏水以防水击；C正确，点燃气、油、煤粉炉时，应先送风，之后投入点燃火炬，最后送入燃料；D错误，新装、移装、大修或长期停用的锅炉，其炉膛和烟道的墙壁非常潮湿，一旦骤然接触高温烟气，将会产生裂纹、变形，甚至发生倒塌事故。为防止此种情况发生，此类锅炉在上水后，启动前要进行烘炉；E错误，在点火升压期间，将再循环管上的阀门打开，使省煤器中的水经锅筒、再循环管（不受热）重回省煤器，进行循环流动。故选ABC。
多选题,[2019年][河南中安]当施加于绝缘材料上的电场强度高于临界值时，绝缘材料发生破裂或分解，电流急剧增加，完全失去绝缘性能，这种现象称为绝缘击穿。关于绝缘击穿的说法，正确的是（    ）。,A.气体击穿是由碰撞电离产生的|B.液体击穿和纯净度有关|C.固体电击穿，击穿电压高，时间短|D.固体热击穿，击穿电压高，时间长 E 固体放电击穿，击穿电压低，击穿时间长,ABC,【答案】ABC 【解析】本题考查绝缘击穿，属于高频考点。做题思路：绝缘击穿的难易程度：气体＜液体＜固体；击穿后可恢复性：气体＞液体＞固体。 A正确，气体绝缘击穿是由碰撞电离导致的电击穿；B正确，液体绝缘的击穿特性与其纯净度有关；C正确，固体绝缘的击穿有电击穿、热击穿、电化学击穿、放电击穿等击穿形式，电击穿的特点是作用时间短、击穿电压高；D错误，热击穿的特点是电压作用时间较长，而击穿电压较低；E错误，放电击穿是固体绝缘在强电场作用下，内部气泡首先发生碰撞电离而放电，继而加热其他介质，使之气化形成气泡，由气泡放电进一步发展导致的击穿。故选ABC。
多选题,[2019年][河南中安]起重机械使用单位应进行起重机械的每日检查、每月检查和年度检查。其中每日检查应在每天作业前进行。检查发现有异常情况时，必须及时处理，严禁带病运行。下列起重机械的检查项目中，每日必须检查的有（    ）。,A.动力系统控制装置|B.安全装置|C.轨道的安全状况|D.机械零部件安全情况 E 紧急报警装置,BC,【答案】BCE 【解析】本题考查起重机械每日检查项目，属于高频考点。做题思路：注意与月检项目区分。 每日检查：在每天作业前进行，应检查各类安全装置、制动器、操纵控制装置、紧急报警装置，轨道的安全状况，钢丝绳的安全状况。检查发现有异常情况时，必须及时处理。严禁带病运行。每月检查：安全装置、制动器、离合器等有无异常，可靠性和精度；重要零部件的状态，有无损伤，是否应报废；电气、液压系统及其部件的泄漏情况及工作性能；动力系统和控制器等。停用一个月以上的起重机械，使用前也应做上述检查。故选BCE。
多选题,[2019年][河南中安]根据《化学品分类和危险性公示通则》（G,B.13690），化学品分为物理危险类、健康危险类和环境危险类。下列化学品中，属于健康危险类的有（ ）。|A.急性毒性化学品|B.金属腐蚀剂|C.有机过氧化物|D.生殖毒性化学品 E 皮肤腐蚀化学品,AD,【答案】ADE 【解析】本题考查危险化学品的危险特性，属于高频考点。做题思路：健康危险选择和人体有关的。 按健康危险分类包括：急性毒性、皮肤腐蚀/刺激、严重眼损伤/眼刺激、呼吸或皮肤过敏、生殖细胞致突变性、致癌性、生殖毒性、特异性靶器官系统毒性－一次接触、特异性靶器官系统毒性－反复接触、吸入危险等10类。BC属于物理危险。故选ADE。
多选题,[2019年][河南中安]危险化学品的爆炸按照爆炸反应物质分类分为简单分解爆炸、复杂分解爆炸和爆炸性混合物爆炸。下列物质爆炸中，属于简单分解爆炸的有（    ）。,A.乙炔银|B.甲烷|C.环氧乙烷|D.叠氮化铅 E 梯恩梯,ACD,【答案】ACD 【解析】本题考查的是燃烧爆炸的分类，属于高频考点。做题思路：记忆特例。 简单分解爆炸：引起简单分解的爆炸物，在爆炸时并不一定发生燃烧反应，其爆炸所需要的热量是由爆炸物本身分解产生的。属于这一类的有乙炔银、叠氮铅等，这类物质受轻微震动即可能引起爆炸，十分危险。此外，还有些可爆炸气体在一定条件下，特别是在受压情况下，能发生简单分解爆炸。例如，乙炔、环氧乙烷等在压力下的分解爆炸。故选ACD。
多选题,[2019年][河南中安]按照电流转换成作用于人体的能量的不同形式，电伤分为电弧烧伤、电流灼伤、皮肤金属化、电烙印、电气机械性伤害、电光眼等类别，关于电伤情景及电伤类别的说法，正确的有（    ）。,A.赵某在维修时发生相间短路，产生的弧光烧伤了手臂，属电弧烧伤|B.孙某在维修时发生相间短路，产生的弧光造成皮肤内有许多钢颗粒，属皮肤金属化|C.李某在维修时发生手部触电，手接触的部位被烫出印记，属电烙印|D.钱某在维修时发生相间短路，短路电流达到2000A使导线熔化烫伤手臂，属电流灼伤 E 张某在维修时发生手部触电，手臂被弹开碰伤，属电气机械性伤害,AB,【答案】AB 【解析】本题考查电伤，属于高频考点。做题思路：电烙印的关键词是永久性斑痕，导线融化的烫伤与电没有直接关系，电气机械性伤害不是外物导致的。 A正确，电弧烧伤是由弧光放电造成的烧伤，电弧温度高达8000℃，可造成大面积、大深度的烧伤，甚至烧焦、烧毁四肢及其他部位；B正确，皮肤金属化是电弧使金属熔化、气化，金属微粒渗入皮肤造成的伤害；C错误，电烙印是电流通过人体后在人体与带电体接触的部位留下的永久性斑痕，选项中并未描述留下斑痕为永久性，C不属于电伤类别；D错误，电流灼伤是电流通过人体由电能转换成热能造成的伤害；E错误，电气机械性伤害是电流作用于人体时，由于中枢神经强烈反射和肌肉强烈收缩等作用造成的机体组织断裂、骨折等伤害。故选AB。
多选题,[2019年][河南中安]爆炸危险环境的电气设备和电气线路不应产生能构成引燃源的火花、电弧或危险温度。下列对防爆电气线路的安全要求中，正确的有（    ）。,A.在1区内电缆线路严禁中间有接头|B.钢管配线可采用无护套的绝缘单芯导线|C.当可燃物质比空气重时，电气线路宜在较高处敷设或在电缆沟内敷设|D.在爆炸性气体环境内PVC管配线的电气线路必须做好隔离密封 E 电气线路宜在有爆炸危险的建、构筑物的墙外敷设,AB,【答案】ABE 【解析】本题考查防爆电气设备和防爆电气线路的内容，属于高频考点。做题思路：PVC管配线安全性能不足，一般情况下在危险的环境中均不使用。 A正确，在1区内电缆线路严禁有中间接头，在2区、20区、21区内不应有中间接头；B正确，钢管配线可采用无护套的绝缘单芯或多芯导线；C错误，电气线路宜在爆炸危险性较小的环境或远离释放源的地方敷设。当可燃物质比空气重时，电气线路宜在较高处敷设或直接埋地；D错误，在爆炸性气体环境内钢管配线的电气线路必须做好隔离密封；E正确，电气线路宜在有爆炸危险的建、构筑物的墙外敷设。在爆炸粉尘环境，电缆应沿粉尘不易堆积并且易于粉尘清除的位置敷设。故选ABE。
多选题,[2019年][河南中安]叉车是工厂和物流企业广泛使用的搬运机械，各运行系统和控制系统的正确设置是其安全可靠运行的重要保证。根据《场（厂）内专用机动车辆安全技术监察规程》（TSGN0001），下列针对叉车运行系统和控制系统的安全要求中，正确的有（    ）。,A.蓄电池叉车的控制系统应当具有过电压、欠电流保护功能|B.蓄电池叉车的控制系统应当具有过热保护功能|C.蓄电池叉车的电气系统应当采用单线制，并保证良好绝缘|D.液压传动叉车，应具有微动功能 E 静压传动叉车，只有处于制动状态时才能启动发动机,BD,【答案】BDE 【解析】本题考查叉车运行系统和控制系统的安全要求。做题思路：三过一欠，没有欠电流。 根据《场（厂）内专用机动车辆安全技术监察规程》（TSG N0001-2017）：A错误、B正确，蓄电池叉车的控制系统应当具有欠电压、过电流、过热和过电压保护功能；C错误，蓄电池叉车的电气系统应当采用双线制，保证良好的绝缘，控制部分应当可靠；D正确，液压传动叉车，应具有微动功能；E正确，静压传动叉车，只有处于制动状态时才能启动发动机。故选BDE。
多选题,[2019年][河南中安]干粉灭火器是以液态二氧化碳或氮气作为动力，将灭火器内灭火剂喷出进行灭火，按使用范围可分为普通干粉和多用干粉两类，下列火灾类型中，可选取多用干粉灭火器进行灭火的有（    ）。,A.可燃液体火灾|B.可燃气体火灾|C.轻金属火灾|D.带电设备火灾 E 一般固体物质火灾,ABD,【答案】ABDE 【解析】本题考察的是灭火器的应用，属于高频考点。做题思路：掌握一个最通用的性质，轻金属火灾只能使用沙土进行扑救。ABC干粉灭火器不能扑灭金属火灾，即D类火灾。 普通干粉也称BC干粉主要用于扑灭可燃液体、可燃气体以及带电设备火灾。多用干粉也称ABC干粉不仅适用于扑救可燃液体、可燃气体和带电设备的火灾，还适用于扑救一般固体物质火灾。但是二者都不能扑救轻金属火灾。故选ABDE。
多选题,"[2019年][河南中安]二、多选题
80
标记
收藏

物质爆炸会产生多种毁伤效应，下列毁伤效应中，把黑火药在容器内爆炸后可能产生的效应有（    ）。",A.冲击波毁伤|B.电磁力毁伤|C.碎片毁伤|D.震荡毁伤 E 毒气毁伤,ACD,【答案】ACDE 【解析】本题考查爆炸的破坏作用。做题思路：冲碎震次毒。 爆炸的破坏作用包括冲击波、碎片冲击波、震荡作用、次生事故、有毒气体。故选ACDE。
多选题,[2019年][河南中安]锻造机械的结构不但应保证设备运行中的安全，而且应能确保安装、拆卸和检修等环节的人身安全。因此，在锻造机械上采取了很多安全措施，保证操作人员的安全。关于锻造机械安全技术措施的说法，正确的有（    ）。,A.启动装置的结构应能防止锻造机械意外动作|B.大修后的锻造设备可以直接使用|C.高压蒸汽管道上必须装有安全阀和凝结罐|D.模锻锤的脚踏板应置于挡板之上 E 安全阀的重锤必须封在带锁的锤盒内,AC,【答案】ACE 【解析】本题考查锻造机械安全技术措施，属于高频考点。做题思路：新的、大修的，不论是什么设备，一般都需要进行验收和试验，确认合格后方可使用。 A正确，启动装置的结构应能防止锻压机械意外地开动或自动开动；B错误，新安装和经过大修理的锻压设备应该根据设备图样和技术说明书进行验收和试验；C正确，高压蒸汽管道上必须装有安全阀和凝结罐，以消除水击现象，降低突然升高的压力；D错误，错在“挡板之上”，模锻锤的脚踏板应置于某种挡板之下，操作者需将脚伸入挡板内进行操纵；E正确，安全阀的重锤必须封在带锁的锤盒内。故选ACE。
多选题,[2019年][河南中安]人机功能分配指根据人和机器各自的长处和局限性，把人机系统中任务分解，合理分配给人和机器去承担，使人与机器能够取长补短，相互匹配和协调，使系统安全、经济、高效地完成人和机器往往不能单独完成的工作任务。根据人机功能分配的原则，下列人机系统的工作中，适合人来承担的有（    ）。,A.系统运行的监督控制|B.机器设备的维修与保养|C.长期连续不停地工作|D.操作复杂的重复工作 E 意外事件的应急处理,AB,【答案】ABE 【解析】本题考查的是人机功能分配，属于高频考点。做题思路：人——灵活的，机器——死板的。 机器的稳定性好，做重复性工作而不存在疲劳和单调等问题。故选ABE。
多选题,[2019年][河南中安]木工平刨床操作危险区必须设置可以遮盖刀轴防止切手的安全防护装置，常用指键式、护罩或护板等形式，控制方式有机械式、光电式、电磁式、电感应式等，下列对平刨床遮盖式安全装置的安全要求中，正确的有（    ）。,A.安全装置应涂耀眼颜色，以引起操作者的注意|B.非工作状态下，护指键（或防护罩）必须在工作台面全宽度上盖住刀轴|C.安全装置闭合时间不得小于规定的时间|D.刨削时仅打开与工件等宽的相应刀轴部分，其余的刀轴部分仍被遮盖 E 整体护罩或全部护指键应承受规定的径向压力,BD,【答案】BDE 【解析】本题考查木工平刨床，属于高频考点。做题思路：安全装置的闭合时间越短越好，耀眼的颜色、反光一般都会对工作造成影响。 A错误，安全装置不得涂耀眼颜色，不得反射光泽；B正确，非工作状态下，护指键（或防护罩）必须在工作台面全宽度上盖住刀轴；C错误，安全装置闭合灵敏，从接到闭合指令开始到护指键或防护罩关闭为止，闭合时间不得大于80ms；D正确，刨削时仅打开与工件等宽的相应刀轴部分，其余的刀轴部分仍被遮盖，未打开的护指键或护罩部分必须能自锁或被锁紧；E正确，应有足够的强度与刚度。整体护罩或全部护指键应承受1KN径向压力，发生径向位移时，位移后与刀刃的剩余间隙要大于0.5㎜。故选BDE。
多选题,[2019年][河南中安]某企业维修人员进入储油罐内检修前，不仅要确保放空油罐油料，还要用惰性气体吹扫油罐。维修人员去库房提取氮气瓶时，发现仅有的5个氮气瓶标签上的含氧量有差异。下列标出含氧量的氮气瓶中，维修人员可以提取的氮气瓶有（    ）。,A.含氧量小于3.5%的气瓶|B.含氧量小于2.0%的气瓶|C.含氧量小于1.5%的气瓶|D.含氧量小于3.0%的气瓶 E 含氧量小于2.5%的气瓶,BC,【答案】BC 【解析】本题考查惰性气体保护，属于高频考点。做题思路：氧含量越低越不容易形成爆炸性混合物，数字没有记住可根据常识分析选择最小的两个。 氮气等惰性气体在使用前应经过气体分析，其中含氧量不得超过2%。故选BC。
多选题,[2019年][河南中安]危险化学品容易引发火灾爆炸事故，一旦泄漏应针对其特性采用合适方法处置。下列危险化学品泄漏事故的处置措施中，正确的有（    ）。,A.扑救遇湿易燃物品火灾时，绝对禁止用泡沫、酸碱等灭火剂扑救|B.对镁粉、铝粉等粉尘，切忌喷射有压力的灭火剂，防止引起粉尘爆炸|C.某区域有易燃易爆化学品泄漏，应作为重点保护对象，及时用沙土覆盖|D.扑灭气体类火灾时，要立即扑灭火焰，再采取堵漏措施，避免二次火灾 E 扑救爆炸物品堆垛火灾时，应避免强力水流直接冲击堆垛,AB,【答案】ABE 【解析】本题考查火灾控制的内容，属于高频考点。做题思路：注意区分几种特殊化学品火灾扑救注意事项。 A正确，扑救遇湿易燃物品火灾时，绝对禁止用水、泡沫、酸碱等湿性灭火剂扑救；B正确，对镁粉、铝粉等粉尘，切忌喷射有压力的灭火剂，以防止将粉尘吹扬起来，引起粉尘爆炸；C错误，扑救爆炸物品火灾时，切忌用沙土盖压，以免增强爆炸物品的爆炸威力；D错误，扑救气体类火灾时，切忌盲目扑灭火焰，在没有采取堵漏措施的情况下，必须保持稳定燃烧。否则，大量可燃气体泄漏出来与空气混合，遇点火源就会发生爆炸，造成严重后果；E正确，扑救爆炸物品堆垛火灾时，水流应采用吊射，避免强力水流直接冲击堆垛，以免堆垛倒塌引起再次爆炸。故选ABE。
单选题,[2020年][河南中安]机械使用过程中的危险可能来自机械设备和工具自身、原材料、工艺方法和使用手段等多方面，危险因素可分为机械性危险因素和非机械性危险因素。下列危险因素中，属于非机械性的是（ ）。,A.挤压|B.碰撞|C.冲击|D.噪声,D,本题考查机械使用过程中的危险有害因素，属于高频考点。做题思路：机械性危险一般为有形的、接触性伤害，非机械性伤害为无形的、非接触性伤害。机械性危险因素与非机械性危险因素的区别可简单理解为，非机械性危险因素：一般为“看不见、摸不着的”，如电气危险（如电击、电伤）、温度危险（如灼烫、冷冻）、噪声危险、振动危险、辐射危险（如电离辐射、非电离辐射）、材料和物质产生的危险、未履行安全人机工程学原则而产生的危险等。故D中的噪声即属于非机械性危险因素。机械性危险因素：一般为“看得见、摸得着”，如形状或表面特性、相对位置、动能、势能、质量和稳定性、机械强度不够导致的断裂或破裂、料堆（垛）坍塌、土岩滑动造成掩埋所致的窒息危险等。A（挤压）、B（碰撞）、C（冲击）都属于机械性危险因素。故选D。
单选题,[2020年][河南中安]安全保护装置是通过自身结构功能限制或防止机器某种危险，从而消除或减小风险的装置。常见种类包括联锁装置、能动装置、敏感保护装置、双手操作式装置、限制装置等。关于安全保护装置功能的说法，正确的是（ ）。,A.联锁装置是防止危险机器功能在特定条件下停机的装置|B.限制装置是防止机器或危险机器状态超过设计限度的装置|C.能动装置是与停机控制一起使用的附加手动操纵装置|D.敏感保护装置是探测周边敏感环境并发出信号的装置,B,本题考查安全保护装置，属于高频考点。做题思路：理解每种安全保护装置的原理。A错误，错在“特定条件下停机”，联锁装置防止危险机器功能在特定条件下（通常是指只要防护装置未关闭）运行的装置；C错误，错在“与停机控制一起使用”，能动装置是与启动装置一起使用的附加手动操纵装置；D错误，错在“探测周边敏感环境”，敏感保护装置的针对对象是人体或人体局部，而不是选项中的“敏感环境”。故选B。
单选题,[2020年][河南中安]某工厂为了扩大生产能力，在新建厂房内需要安装一批设备，有大、中、小型机床若干，安装时要确保机床之间的间距符合《机械工业职业安全卫生设计规范》（JBJ18）。其中，中型机床之间操作面间距应不小于（ ）。,A.1.1m|B.1.3m|C.1.5m|D.1.7m,B,本题考查机床布置的最小安全距离，属于高频考点。做题思路：数字记忆，1358；0.8—1.0；3582。机床布置的最小安全距离，如下表：小型机床（最大外形尺寸＜6m）、中型机床（最大外形尺寸6～12m）、大型机床（最大外形尺寸＞12m或质量大于10t）、特大型机床（质量在30t以上）。中型机床之间操作面间距1.3m。故选B。
单选题,[2020年][河南中安]砂轮装置由砂轮、主轴、卡盘和防护罩组成，砂轮装置的安全与其组成部分的安全技术要求直接相关。关于砂轮装置各组成部分安全技术要求的说法，正确的是（ ）。,A.砂轮主轴端部螺纹旋向应与砂轮工作时的旋转方向一致|B.一般用途的砂轮卡盘直径不得小于砂轮直径的1/5|C.卡盘与砂轮侧面的非接触部分应有不小于1.5㎜的间隙|D.砂轮防护罩的总开口角度一般不应大于120°,C,本题考查砂轮机的安全要求，属于高频考点。做题思路：数字记忆。A错误，错在“旋转方向一致”，砂轮主轴端部螺纹应满足防松脱的紧固要求，其旋向须与砂轮工作时旋转方向相反，不至于松脱；B错误，错在“砂轮直径的1/5”，一般用途的砂轮卡盘直径不得小于砂轮直径的1/3，切断用砂轮的卡盘直径不得小于砂轮直径的1/4；C正确，卡盘与砂轮侧面的非接触部分应有不小于1.5㎜的足够间隙；D错误，错在“总开口角度一般不应大于120°”，砂轮防护罩的总开口角度应不大于90°。故选C。
单选题,[2020年][河南中安]剪板机因工具有较大危险性。必须设置紧急停止按钮，安装位置应便于操作人员及时操作。紧急停止按钮一般应设置在（ ）。,A.剪板机的前面和后面|B.剪板机的前面和右侧面|C.剪板机的左侧面和后面|D.剪板机的左侧面和右侧面,A,本题考查剪板机紧急停止按钮的设置，属于高频考点。做题思路：剪板机体积较大。故前后均应设置紧急停止按钮。A正确，剪板机上必须设置紧急停止按钮，一般应在剪板机的前面和后面分别设置。故选A。
单选题,[2020年][河南中安]危险化学品燃烧爆炸事故具有严重的破坏效应，其破坏程度与危险化学品的数量和性质、燃烧爆炸时的条件以及位置等因素有关。关于燃烧爆炸过程和效应的说法，正确的是（ ）。,A.火灾损失随着时间的延续迅速增加，大约与时间的平方成比例|B.爆炸过程时间很短，往往是瞬间完成，因此爆炸毁伤的范围相对较小|C.爆炸会产生冲击波，冲击波造成的破坏主要高温气体快速升温引起|D.爆炸事故产生的有毒气体，因为爆炸伴随燃烧，会使气体毒性降低,A,本题考查危险化学品燃烧爆炸事故的危害，属于高频考点。A正确，火灾是在起火后火场逐渐蔓延扩大，随着时间的延续，损失程度迅速增长，损失大约与时间的平方成比例，如火灾时间延长1倍，损失可能增加4倍；B错误，错在“爆炸毁伤的范围相对较小”，爆炸是猝不及防，往往仅在瞬间爆炸过程已经结束，并造成设备损坏、厂房倒塌、人员伤亡等损失。机械设备、装置、容器等爆炸后产生许多碎片，飞出后会在相当大的范围内造成危害。一般碎片飞散范围在半径500m以内；C错误，错在“冲击波造成的破坏主要高温气体快速升温引起”，冲击波的破坏作用主要是由其波阵面上的超压引起的；D错误，错在“会使气体毒性降低”，许多物质不仅是可燃的，而且是有毒的，发生爆炸事故时，会使大量有毒物质外泄，造成人员中毒和环境污染。此外，有些物质本身毒性不强，但燃烧过程中可能释放出大量有毒气体和烟雾，造成人员中毒和环境污染。故选A。
单选题,[2020年][河南中安]劳动者在劳动过程中，因工作因素产生的精神压力和身体负担，不断积累可能导致精神疲劳和肌肉疲劳。关于疲劳的说法，错误的是（ ）。,A.肌肉疲劳是指过度紧张的肌肉局部出现酸疼现象|B.肌肉疲劳和精神疲劳可能同时发生|C.劳动效果不佳是诱发精神疲劳的因素之一|D.精神疲劳仅与大脑皮层局部区域活动有关,D,本题考查疲劳，属于高频考点。做题思路：肌肉疲劳对应大脑皮层，精神疲劳对应中枢神经活动。疲劳：肌肉疲劳（或称体力疲劳）和精神疲劳（或称脑力疲劳）。A正确，肌肉疲劳：指过度紧张的肌肉局部出现酸痛现象，一般只涉及大脑皮层的局部区域；B正确，大多数影响因素都会带来生理疲劳，但是肌体疲劳与主观疲劳感未必同时发生，有时肌体尚未进入疲劳状态，却出现了心理疲劳；C正确，劳动效果不佳、劳动内容单调、劳动环境缺乏安全感、劳动技能不熟练等原因会诱发心理疲劳；D错误，错在“仅与大脑皮层局部区域活动有关”，精神疲劳则与中枢神经活动有关，是一种弥散的、不愿意再做任何活动的懒惰感觉，意味着肌体迫切需要得到休息。故选D。
单选题,[2020年][河南中安]毒性危险化学品通过人体某些器官或系统进入人体，在体内积蓄到一定剂量后，就会表现出中毒症状。下列人体器官或系统中，毒性危险化学品不能直接侵入的是（ ）。,A.呼吸系统|B.神经系统|C.消化系统|D.人体表皮,B,本题考查毒性危险化学品侵入人体的途径，属于高频考点。做题思路：熟记进入人体的三种通道。毒性危险化学品可经呼吸道、消化道和皮肤进入人体。在工业生产中，毒性危险化学品主要经呼吸道和皮肤进入体内，有时也可经消化道进入。故选B。
单选题,[2020年][河南中安]事故统计表明，不良的照明条件是发生事故的重要影响因素之一，事故发生的频率与工作环境照明条件存在着密切的关系。关于工作环境照明条件影响效应的说法，正确的是（ ）。,A.合适的照明能提高近视力，但不能提高远视力|B.视觉疲劳可通过闪光融合频率和反应时间来测定|C.环境照明强度越大，人观察物体越清楚|D.遇眩光时，眼睛瞳孔放大，视网膜上的照度增加,B,本题考查人机作业环境因素。做题思路：照明要适度，过强或过弱都不好。A错误，适当的照明条件能提高近视力和远视力；C错误，环境照明强度越大，若超过一定限度（如直视汽车的远光灯），会造成眩光，该种情况下观察的物体不清楚；D错误，眩光条件下，人们会因瞳孔缩小（题干里是瞳孔放大）而影响视网膜的视物，导致视物模糊。故选B。
单选题,[2020年][河南中安]安全电压既能防止间接接触电击，也能防止直接接触电击。安全电压通过采用安全电源和回路配置来实现。下列实现安全电压的技术措施中，正确的是（ ）。,A.安全电压回路应与保护接地或保护接零线连接|B.安全电压设备的插座应具有接地保护的功能|C.安全隔离变压器二次边不需装设短路保护元件|D.采用安全隔离变压器作为特低电压的电源,D,本题考查安全电压，属于高频考点。做题思路：短路保护是标配。A错误，安全电压回路的带电部分必须与较高电压的回路保持电气隔离，并不得与大地、保护接零（地）线或其他电气回路连接，否则可能有高压窜入；B错误，安全电压本身是安全的（电压低），不需要再采取接零或接地措施，故安全电压设备的插销座不得带有接零或接地插头或插孔；C错误，安全隔离变压器的一次边和二次边均应装设短路保护元件。故选D。
单选题,"[2020年][河南中安]一、单选题
11
标记
收藏
电气安全检测仪器包括绝缘电阻测量仪，接地电阻测量仪、谐波测试仪、红外测温仪、可燃气体检测仪等，下列电气安全检测仪器中，属于接地电阻测量仪的是（ ）。",A.A|B.B|C.C|D.D,D,本题考查电气安全检测仪器，属于高频考点。做题思路：接地电阻测量仪有四个接线端子，要和绝缘电阻测量仪（有两个端子）区分开来。接地电阻测量仪是用于测量接地电阻的仪器，有机械式测量仪和数字式测量仪。AB属于绝缘电阻测量仪，C属于钳形谐波测试仪。故选D。
单选题,"[2020年][河南中安]一、单选题
12
标记
收藏
手动进料圆盘锯作业过程中可能存在因木材反弹抛射而导致的打击伤害。此类打击伤害，下列安全防护装置中，手动进料圆盘锯必须装设（ ）。",A.止逆器|B.压料装置|C.侧向挡板|D.分料刀,D,本题考查圆锯机安全技术，属于高频考点。做题思路：手动进料——分料刀。D正确，锯片的切割伤害、木材的反弹抛射打击伤害是主要危险，手动进料圆锯机必须装有分料刀，防止反弹抛射打击伤害的发生；ABC错误，自动进料圆锯机须装有止逆器、压料装置和侧向防护挡板，送料辊应设防护罩。故选D。
单选题,[2020年][河南中安]重复接地指PE线或PEN线上除工作接地外的其他点再次接地。关于重复接地作用的说法，正确的是（ ）。,A.减小零线断开的故障率|B.加速线路保护装置的动作|C.提高漏电设备的对地电压|D.不影响架空线路的防雷性能,B,本题考查重复接地，属于高频考点。A错误，重复接地能够减轻零线断开或接触不良时电击的危险性；B正确，重复接地由于增加了并联支路，发生短路时电流增大，故能加速线路保护装置的动作，缩短漏电故障持续时间；C错误，重复接地能降低漏电设备的对地电压；D错误，重复接地对雷电流有分流作用，相当于增加了一条分流支路，能改善架空线路的防雷性能。故选B。
单选题,[2020年][河南中安]当有两组以上（含两组）无人操作的游乐设施在同轨道、专用车道运行时，应设置防止相互碰撞的自动控制装置和缓冲装置。其中，缓冲装置的核心部分是缓冲器，游乐设施常见的缓冲器分为蓄能型缓冲器和耗能型缓冲器。下列缓冲器中，属于耗能型缓冲器的是（ ）。,A.弹簧缓冲器|B.聚氨酯缓冲器|C.油压缓冲器|D.橡胶缓冲器,C,本题考查大型游乐设施的安全装置。做题思路：分类记忆。C正确，游乐设施常见的缓冲器，蓄能型缓冲器（能被压缩，故为蓄能型）：以弹簧和聚氨酯材料等为缓冲元件；耗能型缓冲器：主要是油压缓冲器。故选C。
单选题,[2020年][河南中安]为保证烟花爆竹安全生产，生产过程中常采取增加湿度的措施或者湿法操作，然后再进行干燥处理。下列干燥工艺的安全要求中，错误的是（ ）。,A.产品干燥不应与药物干燥在同一晒场（烘房）进行|B.蒸汽干燥的烘房应采用肋形散热器|C.摩擦类产品不应与其他类产品在同一晒场（烘房）干燥|D.循环风干燥应有除尘设备并定期清扫,B,本题考查烟花爆竹生产过程防火防爆措施。做题思路：肋形散热器一般均不应使用。B错误，蒸汽干燥的烘房温度小于或等于75°C，升温速度小于或等于30°C/h，不宜采用肋形散热器；AC正确，产品干燥不应与药物干燥在同一晒场（烘房）进行，摩擦类产品不应与其他类产品在同一晒场（烘房）干燥；热风干燥成品，有药半成品室温小于或等于60℃，风速小于或等于1m/s；D正确，循环风干燥应有除尘设备，除尘设备要定期清扫。故选B。
单选题,[2020年][河南中安]安全泄压装置是在气瓶超压、超温时迅速泄放气体、降低压力的装置。气瓶的安全泄压装置应根据盛装介质、使用条件等进行选择安装。下列安全泄压装置中，车用压缩天然气气瓶应当选装的是（ ）。,A.易熔合金塞装置|B.爆破片-易熔合金塞复合装置|C.爆破片装置|D.爆破片-安全阀复合装置,B,本题考查安全泄压装置的装设及选用原则，属于高频考点。B正确，车用压缩天然气气瓶：应当装设爆破片-易熔合金塞串联复合装置。机动车用液化石油气瓶，应当装设带安全阀的组合阀或者分立的安全阀。其他相关性内容：（1）盛装低压有毒气体的气瓶允许装设易熔塞合金装置；（2）盛装溶解乙炔的气瓶，应当装设易熔塞合金装置；（3）盛装易于分解或者聚合的可燃气体的气瓶，宜装设易熔塞合金装置；（4）工业用非重复充装焊接钢瓶，应当装设爆破片装置。故选B。
单选题,[2020年][河南中安]危险化学品经营实行许可制度，任何单位和个人均需要获得许可，方可经营危险化学品。根据《危险化学品安全管理条例》，下列行政管理程序中，办理危险化学品经营许可证不需要的是（ ）。,A.申请|B.行政备案|C.审查|D.发证,B,本题考查办理经营许可证的程序。做题思路：依靠法规基础常识判断。《危险化学品安全管理条例》第三十五条明确了办理经营许可证的程序：（1）申请；（2）审查与发证；（3）登记注册。故办理危险化学品经营许可证不需要的是行政备案。故选B。
单选题,[2020年][河南中安]某化工厂对储罐进行清洗作业时，罐内作业人员突然晕倒，原因不明，现场人员需要佩戴呼吸道防毒劳动防护用品进行及时营救。下列呼吸道防毒劳动防护用品中，营救人员应该选择佩戴的是（ ）。,A.自给式氧气呼吸器|B.头罩式面具|C.双罐式防毒口罩|D.长管式送风呼吸器,A,本题考查呼吸道防毒面具选用，属于高频考点。做题思路：过滤式（全面罩式、半面罩式）——低毒性；隔离式（自给式）——高毒、毒性不明、缺氧（移动作业）；隔离式（隔离式）——高毒、缺氧（固定作业）。根据题干描述，本次救援行动属于在毒性不明的环境中进行的可移动性作业，A正确。自给式氧气呼吸器适用于毒性气体浓度高，毒性不明或缺氧的可移动性作业；B错误，头罩式面具的使用范围：毒性气体的体积浓度低，一般不高于1%；C错误，双罐式防毒口罩的使用范围：毒性气体的体积浓度低，一般不高于1%；D错误，长管式送风呼吸器适用于毒性气体浓度高，缺氧的固定作业。故选A。
单选题,[2020年][河南中安]危险化学品爆炸按照爆炸反应物质分为简单分解爆炸、复杂分解爆炸和爆炸性混合物爆炸。关于危险化学品分解爆炸的说法，正确的是（ ）。,A.简单分解爆炸或者复杂分解爆炸不需要助燃性气体|B.简单分解爆炸一定发生燃烧反应|C.简单分解爆炸需要外部环境提供一定的热量|D.复杂分解爆炸物的危险性较简单分解爆炸物高,A,本题考查的是燃烧爆炸的分类，属于高频考点。做题思路：记忆特例。A正确，简单分解爆炸不需要氧气参与，复杂分解爆炸伴有燃烧现象，燃烧所需的氧由本身分解产生；BC错误，引起简单分解的爆炸物，在爆炸时并不一定发生燃烧反应，其爆炸所需要的热量是由爆炸物本身分解产生的；D错误，乙炔银、叠氮铅等，这类物质受轻微震动即可能引起爆炸（简单分解爆炸），十分危险；复杂分解爆炸危险性较简单分解爆炸物稍低。故选A。
单选题,[2020年][河南中安]叉车是常用的场（厂）内专用机动车辆，由于作业环境复杂，容易发生事故，因此，安全操作非常重要。下列叉车安全操作的要求中，错误的是（ ）。,A.两辆叉车可以同时对一辆货车进行装卸作业|B.叉车将物件提升离地后，后仰起落架方可行驶|C.内燃机叉车进入易燃易爆仓库作业应保证通风良好|D.不得使用叉车的货叉进行顶货、拉货作业,C,本题考察的是叉车安全操作技术，属于高频考点。A正确，两辆叉车可以同时对一辆货车进行装卸作业，应有专人指挥，保证安全作业；B正确，叉车将物件提升离地后，后仰起落架方可行驶，防止物件被甩出；C错误，以内燃机为动力的叉车，进入仓库作业时，应有良好的通风设施。严禁在易燃、易爆的仓库内作业。注意其作业环境；D正确，不得使用叉车的货叉进行顶货、拉货作业，也不得单叉作业。故选C。其他考点：（1）叉装物件时，被装物件重量应在该机允许载荷范围内。当物件重量不明时，应将该物件叉起离地100㎜后检查机械的稳定性，确认无超载现象后，方可运送。（2）严禁货叉上载人。驾驶室除规定的操作人员外，严禁其他任何人进入或在室外搭乘。
单选题,[2020年][河南中安]危险化学品在生产、运输、贮存、使用等经营活动中容易发生事故。根据《危险化学品安全管理条例》和《危险化学品经营企业安全技术基本要求》，下列危险化学品企业的经营行为中，正确的是（ ）。,A.某企业安排未经过专业技术培训的人员从事危险化学品经营业务|B.某企业将其危险化学品的经营场所设置在交通便利的城市边缘|C.某企业将危险化学品存放在其批发大厅中的化学品周转库房中|D.某企业为节省空间在其备货库房内将不同化学品整齐地堆放在一起,B,本题考查危化品经营企业的条件和要求，属于高频考点。做题思路：与法规内容重合，结合学习。A错误，根据《危险化学品安全管理条例》第三十四条规定，从事危险化学品经营的企业应当具备下列条件之一，从业人员经过专业技术培训并经考核合格；B正确，危险化学品经营企业的经营场所应坐落在交通便利、便于疏散处；C错误，从事危险化学品批发业务的企业，应具备经县级以上（含县级）公安、消防部门批准的专用危险化学品仓库自有或租用；D错误，不同化学品应根据其性能分区、分类、分库储存。故选B。
单选题,[2020年][河南中安]烟花爆竹工厂的安全距离指危险性建筑物与周围建筑物之间的最小允许距离，包括外部距离和内部距离。关于外部距离和内部距离的说法，错误的是（ ）。,A.工厂危险品生产区内的危险性建筑物与周围村庄的距离为外部距离|B.工厂危险品生产区内危险性建筑物与厂部办公楼的距离为内部距离|C.工厂危险品生产区内的危险性建筑物与本厂生活区的距离为外部距离|D.工厂危险品生产区内危险性建筑物之间的距离为内部距离,B,本题考查工厂安全距离。做题思路：区分外部距离与内部距离的概念。安全距离作用：保证一旦某座危险性建筑物内的爆炸品发生爆炸时，不至于使邻近的其他建（构）筑物造成严重破坏和造成人员伤亡。外部距离：包括工厂危险品生产区内的危险性建筑物与其周围村庄、公路、铁路、城镇和本厂住宅区等。即以危险性建筑物为参照所确定的距离。AC正确，为外部距离；B错误，危险性建筑物与厂部办公楼的距离为外部距离；内部距离：危险品生产区内危险性建筑物之间以及危险建筑物与周围其他建（构）筑物之间的距离。故选B。
单选题,[2020年][河南中安]电力线路安全条件包括导电能力、力学强度、绝缘、间距、导线连接、线路防护和过电流保护、线路管理等。关于电力线路安全条件的说法，正确的是（ ）。,A.导线连接处的绝缘强度不得低于原导线的绝缘强度的90%|B.电力线路的过电流保护专指过载保护，不包括短路保护|C.线路导线太细将导致其阻抗过大，受电端得不到足够的电压|D.导线连接处的电阻不得大于原导线电阻的2倍,C,本题考查的是电力线路安全条件中的导线连接，属于高频考点。做题思路：力学强度、绝缘强度、电阻分别对应记忆80%、100%、120%。A错误，原则上导线连接处的力学强度不得低于原导线力学强度的80%；B错误，电力线路的过电流保护不仅包括过载保护，还包括短路保护；C正确，线路导线太细将导致其阻抗过大（电阻和导线的断面积有关），受电端得不到足够的电压；D错误，接头部位电阻不得大于原导线电阻的1.2倍。故选C。
单选题,[2020年][河南中安]使用单位除每年对在用起重机械进行1次全面检查外，在某些特殊情况下也应进行全面检查。下列特殊情况中，需要进行全面检查的是（ ）。,A.遇4.2级地震灾害|B.起重机械停用半年以上|C.发生一般起重机械事故|D.露天作业经受7级风力后,A,本题考查的是起重机械全面检查。做题思路：重点记忆特殊情况。全面检查的情况：（1）正常情况：每年对所有在用起重机械至少进行1次；（2）特殊情况：停用1年以上（时间太长了）、遇4级以上地震或发生重大设备事故、露天作业的起重机械经受9级以上的风力后的起重机。A正确，4.2级地震，大于4级；B错误，应为停用1年以上；C错误，应为发生重大设备事故；D错误，应为经受9级风力后。故选A。
单选题,"[2020年][河南中安]一、单选题
25
标记
收藏
火灾事故的发展过程分为初起期、发展期、最盛期，减弱至熄灭期。其中，发展期是火势由小到大发展的阶段，该阶段火灾热释放速率与时间的（ ）成正比。",A.平方|B.立方|C.立方根|D.平方根,A,本题考查的是火灾发展期特点，属于高频考点。做题思路：熟记火灾热释放速率与时间的平方成正比，轰燃就发生在发展期。发展期是火势由小到大发展的阶段，—般采用T平方特征火灾模型来简化描述该阶段非稳态火灾热释放速率随时间的变化，即假定火灾热释放速率与时间的平方成正比，轰燃就发生在这一阶段。故选A。
单选题,[2020年][河南中安]间距是架空线路安全防护技术措施之一，架空线路之间及其与地面之间、与树木之间、与其他设施和设备之间均需保持一定的间距。关于架空线路间距的说法，错误的是（ ）。,A.架空线路的间距须考虑气象因素和环境条件|B.架空线路应与有爆炸危险的厂房保持必需的防火间距|C.架空线路与绿化区或公园树木的距离不应小于3m|D.架空线路穿越可燃材料屋顶的建筑物时，间距不应小于5m,D,本题考查架空线路间距，属于高频考点。做题思路：可燃材料为敏感词，做题时要锻炼题感。A正确，架空线路的间距须考虑气温、风力、覆冰及环境条件的影响；B正确，架空线路应与有爆炸危险的厂房和有火灾危险的厂房保持必需的防火间距；C正确，架空线路导线与街道树木或厂区树木的距离不应小于相应安全距离。但与绿化区或公园树木的距离不得小于3m；D错误，架空线路应避免跨越建筑物，架空线路不应跨越可燃材料屋顶的建筑物。故选D。
单选题,[2020年][河南中安]根据《化学品分类和危险性公示通则》（GB13690），压力下气体是指高压气体在压力等于或大于（ ）MPa（表压）下装入贮器的气体，或是液化气体或冷冻液化气体。,A.0.1|B.0.2|C.0.3|D.0.4,B,本题考查压力下气体定义。根据《化学品分类和危险性公示通则》（GB13690），压力下气体是指高压气体在压力等于或大于200kPa（表压）下装入贮器的气体，或是液化气体或冷冻液化气体。压力下气体包括压缩气体、液化气体、溶解液体、冷冻液化气体。故选B。
单选题,[2020年][河南中安]木材加工过程中，因加工工艺、加工对象、作业场所环境等因素，不仅存在切割、冲击、粉尘、火灾、爆炸等危险，还存在对作业人员造成危害的生物效应危险。下列木材加工人员呈现的症状中，不属于生物效应危险造成的是（ ）。,A.皮肤症状|B.听力损伤|C.视力失调|D.过敏病状,B,本题考查木材的生物效应危险，属于高频考点。做题思路：生物效应危险的关键点是由微生物引起的。木材的生物效应危险（由微生物引起）：可引起皮肤症状、视力失调、对呼吸道黏膜的刺激和病变、过敏症状等。而听力损伤一般由噪声引起，故选B。木材加工其他的危险因素包括：机械危险、化学危害、木粉尘伤害、火灾和爆炸的危险、噪声和振动危害。
单选题,"[2020年][河南中安]一、单选题
29
标记
收藏
冲天炉、电炉是铸造作业中的常用金属冶炼设备，在冶炼过程会产生大量危险有害气体。下列危险有害气体中，属于电炉运行过程中产生的是（ ）。",A.氢气|B.一氧化碳|C.甲烷|D.二氧化硫,B,本题考查铸造作业危险有害因素，属于高频考点。冲天炉、电炉产生的烟气：含有大量对人体有害的一氧化碳，故选B。其他考察形式：（1）在烘烤砂型或砂芯时，也有二氧化碳气体排出。（2）判断铸造作业存在的危险有害因素有哪些，如火灾及爆炸、灼烫、机械伤害、高处坠落、尘毒危害、噪声振动、高温和热辐射。
单选题,[2020年][河南中安]针对危险化学品泄漏及其火灾爆炸事故，应根据危险化学品的特性采用正确的处理措施和火灾控制措施。下列处理和控制措施中，正确的是（ ）。,A.某工厂存放的遇湿易燃的碳化钙着火，库管员使用二氧化碳灭火器灭火|B.某工厂甲烷管道泄漏着火，现场人员第一时间用二氧化碳灭火器灭火|C.某工厂爆炸物堆垛发生火灾，巡检人员使用高压水枪喷射灭火|D.某工厂贮存的铝产品着火，现场人员使用二氧化碳灭火器灭火,A,本题考察的是灭火器的应用，属于高频考点。做题思路：表格记忆A正确，碳化钙是电石的主要成分，遇水易燃，扑救遇湿易燃物品火灾时，绝对禁止用水、泡沫、酸碱等湿性灭火剂扑救。一般可使用干粉、二氧化碳、卤代烷扑救；B错误，扑救气体类火灾时，切忌盲目扑灭火焰，在没有采取堵漏措施的情况下，必须保持稳定燃烧。否则，大量可燃气体泄漏出来与空气混合，遇点火源就会发生爆炸，造成严重后果；C错误，扑救爆炸物品火灾时，切忌用沙土盖压，以免增强爆炸物品的爆炸威力；另外扑救爆炸物品堆垛火灾时，水流应采用吊射，避免强力水流直接冲击堆垛；D错误，钾、钠、铝、镁等物品火灾用二氧化碳、卤代烷无效。故选A。
单选题,[2020年][河南中安]直接接触电击是触及正常状态下带电的带电体时发生的电击。间接接触电击是触及正常状态下不带电而在故障状态下带电的带电体时发生的电击。下列触电事故中，属于间接接触电击的是（ ）。,A.作业人员在使用手电钻时，手电钻漏电发生触电|B.作业人员在清扫配电箱时，手指触碰电闸发生触电|C.作业人员在清扫控制柜时，手臂触到接线端子发生触电|D.作业人员在带电抢修时，绝缘鞋突然被钉子扎破发生触电,A,本题考查间接接触电击，属于高频考点。做题思路：基本概念区分，直接接触电击是触及正常状态下的带电体时（如误触接线端子）发生的电击，也称为正常状态下的电击。绝缘、屏护、间距等属于防止直接接触电击的安全措施。间接接触电击是触及正常状态下不带电，而在故障状态下意外带电的带电体时（如触及漏电设备的外壳）发生的电击，也称为故障状态下的电击。接地、接零、等电位联结等属于防止间接接触电击的安全措施。A属于，其描述为“手电钻漏电”，可直接判断其属于间接接触电击；B不属于，配电箱电闸处正常状态下就带电，此时作业人员误触发生的电击属于直接接触电击；C不属于，接线端子正常状态下就带电，此时作业人员误触发生的电击属于直接接触电击；D不属于，“带电抢修”描述为该带电体本身就已经带电，“绝缘鞋被钉子扎破”虽然发生了故障，但是并不是带电体故障，所以此时发生的电击属于直接接触电击。故选A。
单选题,[2020年][河南中安]塔式起重机随着作业高度的提升，需要进行顶升作业。顶升作业过程中容易发生塔式起重机倾翻事故，因此，顶升作业需严格遵守安全操作规程。下列塔式顶升作业的操作要求中，正确的是（）。,A.标准节架应安装于过渡节之上|B.先连接标准节架，再退出引渡小车|C.顶升套架应位于新装标准节架外侧|D.先拔出定位销，再连接标准节架,C,本题考查的是起重机械事故（超纲）。A错误，过渡节指的是塔吊最上面的标准节，用于标准节和大臂的连接过渡；B错误，新装标准节引入顶升套架内后，与原塔身标准节对正，缓慢落下新装标准节，退出引渡小车，将新装标准节与原塔身标准节连接牢靠，紧固好双螺母；C正确，顶升套架安装在标准节外侧，新装标准节应引入顶升套架内，与原塔身标准节对正后连接；D错误，正常情况下，塔式起重机顶升作业应先将一节塔身标准节吊入引进梁，然后再吊一节塔身标准节寻找平衡点，找到平衡点后将回转下支座与塔身标准节连接螺栓拆除（此时绝不允许将回转下支座与顶升套架连接销轴拆除）。通过液压油缸将顶升套架顶升后，放入一节新塔身标准节，将新塔身标准节与原塔身标准节连接螺栓安装好，再将回转下支座与新塔身标准节连接螺栓安装好，完成顶升作业。故选C。
单选题,[2020年][河南中安]保护导体旨在防止间接接触电击，包括保护接地线、保护接零线和等电位联结线。关于保护导体应用的说法，正确的是（ ）。,A.低压电气系统中可利用输送可燃液体的金属管道作保护导体|B.保护导体干线必须与电源中性点和接地体相连|C.保护导体干线应通过一条连接线与接地体连接|D.电缆线路不得利用其专用保护芯线和金属包皮作保护接零,B,本题考查保护导体，属于高频考点。做题思路：关注敏感词“可燃液体”。A错误，在低压系统，允许利用不流经可燃液体或气体的金属管道作保护导体。（一旦金属管道中有可燃液体或气体，有可能导致火灾爆炸事故，造成更大的事故）；B正确，保护导体干线必须与电源中性点和接地体（工作接地、重复接地）相连；C错误，保护导体支线应与保护干线相连。为提高可靠性，保护干线应经两条连接线与接地体连接；D错误，电缆线路应利用其专用保护芯线和金属包皮作保护零线。故选B。
单选题,[2020年][河南中安]根据《特种设备安全监察条例》，大型游乐设施是指用于经营目的，承载乘客游乐的设施，其范围规定为运行高度距地面高于或者等于2m，或者设计最大运行线速度大于或等于（ ）的载人大型游乐设施。,A.1m/s|B.3m/s|C.4m/s|D.2m/s,D,本题考查大型游乐设施概念。大型游乐设施，是指用于经营目的，承载乘客游乐的设施，其范围规定为设计最大运行线速度大于或者等于2m/s，或者运行高度距地面高于或者等于2m的载人大型游乐设施。用于体育运动、文艺演出和非经营活动的大型游乐设施除外。故选D。
单选题,[2020年][河南中安]《全球化学品统一分类和标签制度》（也称为“GHS”）是由联合国出版的指导各国控制化学品危害和保护人类健康与环境的规范性文件。为实施GHS规则，我国发布了《化学品分类和标签规范》（GB30000），根据该规范，在外包装或容器上应当用下图作为标签的化学品类别是（ ）。,A.氧化性气体|B.易燃气体|C.易燃气溶胶|D.爆炸性气体,A,本题考察的是化学品类别的图示，考查频率较低。做题思路：识图，圆圈代表“O”，氧可以支持燃烧。具体可参照下表，可判断出题干给出的图形符号为氧化性气体。故选A。
单选题,[2020年][河南中安]危险化学品的运输事故时有发生，全面了解和掌握危险化学品的安全运输规定。对预防危险化学品事故具有重要意义，下列运输危险化学品的行为中，符合运输安全要求的是（ ）。,A.某工厂安排押运员与专职司机一起运输危险化学品二氯乙烷|B.在运输危险化学品氯酸钾时，司机临时将车辆停止在马路边买水|C.某工厂计划通过省内人工河道运输少量危险化学品双环氧乙烷|D.某工厂采用特制叉车将液化石油气钢瓶从库房甲转移到库房乙,A,本题考察危化品运输安全技术要求，属于高频考点。做题思路：分析选项是否存在危险，如存在危险则不符合运输安全要求。A正确，运输危险货物应当配备必要的押运人员，保证危险货物处于押运人员的监管之下；B错误，道路危险货物运输过程中，驾驶人员不得随意停车；C错误，依据《内河禁运危险化学品目录》（2019版），双环氧乙烷属于内河禁止散装运输危险化学品。再依据《危险化学品安全管理条例》第五十四条规定，禁止通过内河封闭水域运输剧毒化学品以及国家规定禁止通过内河运输的其他危险化学品；D错误，禁止用叉车、铲车、翻斗车搬运易燃、易爆液化气体等危险物品。（易燃易爆的危险物品不得使用叉车，不管是否为特制叉车）。故选A。
单选题,"[2020年][河南中安]一、单选题
37
标记
收藏
无损检测广泛应用于金属材料表面裂纹，内部裂纹等缺陷的诊断。下列无损检测方法中，能对内部裂纹缺陷进行检测的是（ ）。",A.超声检测|B.涡流检测|C.渗透检测|D.磁粉检测,A,本题考查无损检测，属于化工实务内容。无损检测是不损坏材料而通过射线、超声波、磁粉、渗透和涡流检测等方法对设备及焊接接头内部和表面的缺陷进行检验。各种方法都有其局限性，如超声检测和射线检测主要是针对被检测物内部的缺陷，超声波检测对裂纹这类平面型缺陷灵敏度比射线探伤高，而射线检测则以检验如气孔、夹渣等体积型缺陷较有效；磁粉、渗透检测主要用于检查表面缺陷。故选A。
单选题,[2020年][河南中安]火灾探测器的工作原理是将烟雾、温度、火焰和燃烧气体等参量的变化通过敏感元件转化为电信号，传输到火灾报警控制器，不同种类的火灾探测器适用不同的场合。关于火灾探测器适用场合的说法，正确的是（ ）。,A.感光探测器适用于有阴燃阶段的燃料火灾的场合|B.红外火焰探测器适合于有大量烟雾存在的场合|C.紫外火焰探测器特别适用于无机化合物燃烧的场合|D.光电式感烟火灾探测器适用于发出黑烟的场合,B,本题考查火灾探测器适用范围，属于高频考点。做题思路：感光——没有阴燃；光电——黑烟低、白烟高；红外——有烟；紫外——有机燃烧，没有烟雾。A错误，感光探测器特别适用于没有阴燃阶段的燃料火灾（如醇类、汽油、煤气等易燃液体、气体火灾）的早期检测报警；B正确，红外线波长较长，致使有大量烟雾存在的火场，在距火焰一定距离内，仍可使红外线敏感元件（Pbs红外光敏管）感应，发出报警信号；C错误，紫外火焰探测器适用于有机化合物燃烧的场合，如油井、输油站、飞机库、可燃气罐、液化气罐、易燃易爆品仓库等，特别适用于火灾初期不产生烟雾的场所（如生产储存酒精、石油等场所）；D错误，光电式感烟火灾探测器有一个很大的缺点就是对黑烟灵敏度很低，对白烟灵敏度较高，考试时常常对“黑烟”“白烟”进行混淆。故选B。
单选题,[2020年][河南中安]电气设备运行过程中，可能产生静电积累，应对电气设备采取有效的静电防护措施。关于静电防护措施的说法。正确的是（ ）。,A.用非导电性工具可有效泄放接触—分离静电|B.接地措施可以从根本上消除感应静电|C.静电消除器主要用来消除导体上的静电|D.增湿措施不宜用于消除高温绝缘体上的静电,D,本题考查静电防护措施，属于高频考点。做题思路：静电属于“电”，要导走需要使用导电性工具。A错误，采用导电性工具可有效泄放静电，非导电性工具不能将静电导走；B错误，接地的主要作用是消除导体上的静电，但并不能从根本上消除静电；C错误，静电消除器主要用来消除非导体上的静电，而不是“导体”上的静电；D正确，增湿的方法不宜用于消除高温绝缘体上的静电。故选D。
单选题,[2020年][河南中安]人体阻抗与接触电压、皮肤状态、接触面积等因素有关。关于人体阻抗影响因素的说法，正确的是（ ）。,A.人体阻抗与电流持续的时间无关|B.人体阻抗与触电者个体特征有关|C.人体阻抗随接触面积增大而增大|D.人体阻抗随温度升高而增大,B,本题考查人体阻抗影响因素，属于高频考点。做题思路：电压升高、电流持续时间延长、出汗、接触面积增大、接触压力增大、温度升高——导致人体电阻降低。A错误，电流持续时间延长，人体电阻由于出汗等原因而下降，而不是无关；B正确，皮肤状态对人体电阻的影响很大，如干燥和潮湿状态下，阻抗相差大；CD错误，接触面积增大、接触压力增大、温度升高时，人体电阻也会降低。故选B。
单选题,[2020年][河南中安]灭火剂是能够有效地破坏燃烧条件、中止燃烧物质，不同种类灭火剂的灭火机理不同，干粉灭火剂的灭火机理是（ ）。,A.使链式燃烧反应中断|B.使燃烧物冷却、降温|C.使燃烧物与氧气隔绝|D.使燃烧区内氧气浓度降低,A,本题考查干粉灭火剂的灭火机理，属于高频考点。干粉灭火剂的灭火机理是链式燃烧反应被终止，从而火焰熄灭。故选A。
单选题,[2020年][河南中安]电气防火防爆可采取消除或减少爆炸性混合物、消除引燃源、隔离、爆炸危险环境接地和接零等技术措施。下列电气防火防爆技术措施中，正确的是（ ）。,A.采用TN-S作供电系统时需装设双极开关|B.在危险空间充填空气，防止形成爆炸性混合物|C.毗连变电室、配电室的建筑物，其门、窗应向内开|D.配电室不得通过走廊与火灾危险环境相通,A,本题考查电气防火防爆技术措施，属于高频考点。做题思路：TN-S系统的安全性最高。A正确，爆炸危险环境的接地接零应采用TN-S系统，并装设双极开关同时操作相线和中性线；B错误，在危险空间充填惰性气体或不活泼气体，而不是充填空气；C错误，毗连变、配电室的门、窗应向外开，通向无爆炸或火灾危险的环境。（开门的方向应该是便于人逃生的方向，即从内向外）；D错误，配电室允许通过走廊或套间与火灾危险环境相通。故选A。
单选题,[2020年][河南中安]轨道运行的塔式起重机，每个运行方向应设置限位装置，限位装置由限位开关、缓冲器和终端止挡组成。根据《塔式起重机》（GB/T 5031），限位开关动作后，应保证塔式起重机停车时其端部距缓冲器的最小距离为（ ）。,A.500㎜|B.700㎜|C.1000㎜|D.1200㎜,C,本题考查塔式起重机。根据《塔式起重机》（GB/T5031）5.6.5：轨道运行的塔机，每个运行方向应设置限位装置，其中包括限位开关、缓冲器和终端止挡。应保证开关动作后塔机停车时其端部距缓冲器最小距离为1000㎜，终端止挡距轨道终端最小距离为1000㎜。故选C。
单选题,[2020年][河南中安]起重机司索工在吊装作业前，应估算吊物的质量和重心，以免吊装过程中吊具失效导致事故。根据安全操作要求，如果目测估算，所选吊具的承载能力应为估算吊物质量的（ ）。,A.1.1倍以上|B.1.3倍以上|C.1.5倍以上|D.1.2倍以上,D,本题考查的是司索工安全操作技术，属于高频考点。做题思路：数字记忆。D正确，司索工准备吊具时，对吊物的质量和重心估计要准确，如果是目测估算，应增大20%选择吊具。故所选吊具的承载能力应为估算吊物质量的1.2倍。故选D。
单选题,"[2020年][河南中安]一、单选题
45
标记
收藏
某压力容器内的介质不洁净、易于结晶或聚合，为预防该容器内压力过高导致爆炸，拟安装安全泄压装置，下列安全泄压装置中，该容器应安装的是（ ）。",A.爆破片|B.安全阀|C.易熔塞|D.防爆门,A,本题考查安全泄压装置，属于高频考点。做题思路：安全阀要求介质要干净。如果压力容器的介质不洁净、易于结晶或聚合，这些杂质或结晶体有可能堵塞安全阀，使得阀门不能按规定的压力开启，失去了安全阀泄压作用，在此情况下就只得用爆破片作为泄压装置。故选A。其他考点：对于工作介质为剧毒气体或可燃气体（蒸气）里含有剧毒气体的压力容器，其泄压装置应采用爆破片而不宜用安全阀，以免污染环境。因为对于安全阀来说，微量的泄漏是难免的。
单选题,[2020年][河南中安]烟花爆竹产品中的烟火药原料包括氧化剂、还原剂、黏合剂、添加剂等，原料的组成不仅决定其燃烧爆炸特性，还影响其安全稳定性。根据《烟花爆竹安全与质量》（G,B.10631），下列物质中，烟火药原料禁止使用的是（ ）。|A.高氯酸钾|B.硝酸钾|C.氯酸钾|D.苯甲酸钾,C,本题考查烟火药的组成，属于高频考点。做题思路：分类记忆示例。烟火药组成包括：氧化剂、还原剂、黏合剂、添加剂等。1）常用氧化剂包括：高氯酸钾、硝酸钾、硝酸钡、硝酸锶、四氧化三铅等。A、B可使用。2）常用的还原剂包括：镁铝合金粉、铝粉、钛粉、铝渣、铁粉、木炭、硫黄、苯甲酸钾、苯二甲酸氢钾等。D可使用。故选C。
单选题,[2020年][河南中安]压力容器在使用过程中，由于压力、温度、介质等工况条件的影响，可能导致材质劣化。根据《固定式压力容器安全技术监察规程》（TSG21），当对有材质劣化倾向的压力容器检验时，必须检测的项目是（ ）。,A.强度|B.硬度|C.刚度|D.密度,B,本题考查压力容器检验。根据《固定式压力容器安全技术监察规程》（TSG21）8.3.8 第二条规定，有材质劣化倾向的压力容器，应当进行硬度检测，必要时进行金相分析。第三条中规定，有焊缝硬度要求的压力容器，应当进行硬度检测。故选B。
单选题,[2020年][河南中安]客运架空索道的定期检验分为全面检验和年度检验，根据《客运索道监督检验和定期检验规则》（TSGS7001），下列检验项目中，属于客运架空索道年度检验项目的是（ ）。,A.空绳试验|B.重上空下试验|C.空载试验|D.重下空上试验,C,本题考查的是客运架空索道年度检验项目。根据《客运索道监督检验和定期检验规则》（TSGS7001）：负荷试验包括空绳试验、空载试验、重上空下试验、重下空上试验、重上重下试验和紧急驱动装置试验。其中空载试验、紧急驱动装置试验属于年度检验项目。故选C。
单选题,[2020年][河南中安]锅炉通常装设防爆门防止再次燃烧造成破坏。当作用在防爆门上的总压力超过其本身的质量或强度时，防爆门就会被冲开或冲破，达到泄压的目的，下列锅炉部件中，防爆门通常装设在（ ）易爆处。,A.过热器和再热器|B.高压蒸汽管道|C.锅筒和锅壳|D.烟道和炉膛,D,本题考查锅炉安全附件。做题思路：关注装设防爆门位置。D正确，为防止炉膛和尾部烟道再次燃烧造成破坏，常采用在炉膛和烟道易爆处装设防爆门。故选D。
单选题,[2020年][河南中安]铸造作业过程存在诸多危险有害因素，发生事故的概率较大。为预防事故，通常会从工艺布置、工艺设备、工艺操作、建筑要求等方面采取相应的安全技术措施。下列铸造作业的安全技术措施中，错误的是（ ）。,A.大型铸造车间的砂处理、清理工段布置在单独厂房内|B.铸造车间熔化、浇注区和落砂、清理区设避风天窗|C.浇包盛装铁水的体积不超过浇包容积的85%|D.浇注时，所有与金属溶液接触的工具均需预热,C,本题考查铸造作业的安全技术措施，属于高频考点。做题思路：关注80%相关数字考点。C错误，浇注作业一般包括烘包、浇注和冷却三道工序。浇包盛铁水不得太满，不得超过容积的80%，故选C。
单选题,[2020年][河南中安]在人机系统中，人始终处于核心地位并起主导作用，机器起着安全可靠的保障作用，在信息反应能力、操作稳定性、事件处理能力、环境适应能力等特性方面，人与机器各有优势。下列特性中，人优于机器的是（ ）。,A.特定信息反应能力|B.操作稳定性|C.环境适应能力|D.偶然事件处理能力,D,本题考查的是人与机器特性的比较，属于高频考点。做题思路：人——灵活的，机器——死板的。D正确，人具有随机应变的能力，能采取灵活的程序和策略处理问题，而机器只能按照设定的程序进行处理，D中的“偶然事件处理能力”是人优于机器的。A中的“特定信息反应能力”、B中的“操作稳定性”及C中的“环境适应能力”均是机器优于人的方面。故选D。
单选题,[2020年][河南中安]民用爆炸物品生产企业设计应当符合《民用爆破器材工程设计安全规范》（G,B.50089），该规范适用于民用爆炸物品工厂的新建、改建、扩建和（ ）。|A.装备保养工程|B.技术改造工程|C.设备维修工程|D.隐患排查工程,B,本题考查《民用爆破器材工程设计安全规范》适用范围。本题根据《民用爆破器材工程设计安全规范》（GB50089）规定，本标准适用于民用爆炸物品行业科研、生产、销售企业建设工程的新建、扩建、改建和技术改造。（即新改扩+技术改造）故选B。
单选题,[2020年][河南中安]电气设备电极间的击穿放电可产生电火花，大量电火花汇集起来即构成电弧。下列关于电火花和电弧的说法，正确的是（ ）。,A.电火花和电弧只能引起可燃物燃烧，不能使金属熔化|B.电气设备正常操作过程中不会产生电火花，更不会产生电弧|C.静电火花和电磁感应火花属于外部原因产生的事故火花|D.绕线式异步电动机的电刷与滑环的滑动接触处产生的火花属于事故火花,C,本题考查电弧和电火花，属于高频考点。做题思路：工作火花关键词：通断、电刷。A错误，电火花的温度很高，特别是电弧，温度高达8000℃，电火花和电弧不仅能引起可燃物燃烧，还能使金属熔化、飞溅，构成二次引燃源；B错误，电火花分为工作火花和事故火花，工作火花是电气设备在正常工作或操作过程中产生的，故会产生电火花；C正确，事故火花是线路或设备发生故障时出现的火花，如电路发生短路或接地时产生的火花；熔丝熔断时产生的火花；连接点松动或线路断开时产生的火花；变压器、断路器等高压电气设备由于绝缘质量降低发生的闪络等。事故火花还包括由外部原因产生的火花。如雷电火花、静电火花和电磁感应火花；D错误，绕线式异步电动机的电刷与滑环的滑动接触处产生的火花属于工作火花，属于正常工作中所产生的。故选C。
单选题,[2020年][河南中安]雷电具有电性质、热性质、机械性质等多方面的危害，可引起火灾爆炸、人身伤亡、设备设施毁坏、大规模停电等。关于雷电危害的说法，正确的是（ ）。,A.球雷本身不会伤害人员，但可引起可燃物发生火灾甚至爆炸|B.巨大的雷电流瞬间产生的热量不足以引起电流通道中的液体急剧蒸发|C.巨大的雷电流流入地下可直接导致接触电压和跨步电压电击|D.雷电可导致电力设备或电力线路破坏但不会导致大面积停电,C,本题考查雷电危害，属于高频考点。做题思路：从雷电危害类型多、程度严重的角度分析。A错误，球雷打击也能使人致命；B错误，巨大的雷电流瞬间产生的大量热量使雷电流通道中的液体急剧蒸发，体积急剧膨胀，造成被击物破坏甚至爆碎；C正确，数十至数百千安的雷电流流入地下，会在雷击点及其连接的金属部分产生极高的对地电压，可能直接导致接触电压和跨步电压电击；D错误，雷电对电力设备或电力线路破坏后即可能导致大规模停电。故选C。
单选题,[2020年][河南中安]乳化炸药在生产、储存、运输和使用过程中存在诸多引发燃烧爆炸事故的危险因素，包括高温、撞击摩擦、电气、静电火花、雷电等。关于引发乳化炸药原料或成品燃烧爆炸事故的说法，错误的是（ ）。,A.乳化炸药在储存、运输过程中，静电放电的火花温度达到其着火点，会引发燃烧爆炸事故|B.硝酸铵储存过程中会发生自然分解，放出的热聚集，温度达到其爆发点时会引发燃烧爆炸事故|C.油相材料都是易燃危险品，储存时遇到高温、氧化剂等，易引发燃烧爆炸事故|D.乳化炸药运输时发生翻车、撞车、坠落、碰撞及摩擦等险情，易引发燃烧爆炸事故,A,本题考查乳化炸药危险因素。做题思路：静电火花的危险性来自乳化炸药生产过程而不是运输过程。A错误，乳化炸药生产的火灾爆炸危险因素主要来自物质危险性，如生产过程中的高温、撞击摩擦、电气和静电火花、雷电引起的危险性。静电火花的危险性来自乳化炸药生产过程而不是运输过程；B正确，硝酸铵储存过程中会发生自然分解，放出热量。当环境具备一定的条件时热量聚集，当温度达到爆发点时引起硝酸铵燃烧或爆炸；C正确，油相材料都是易燃危险品，储存时遇到高温、氧化剂等，易发生燃烧而引起燃烧事故；D正确，乳化炸药的运输可能发生翻车、撞车、坠落、碰撞及摩擦等险情，会引起乳化炸药的燃烧或爆炸。故选A。
单选题,[2020年][河南中安]电气设备在运行中，接地装置应始终保持良好状态，接地装置包括接地体和接地线。关于接地装置连接的说法，正确的是（ ）。,A.有伸缩缝的建筑物的钢结构可直接作接地线|B.接地线与管道的连接可采用镀铜件螺纹连接|C.接地装置地下部分的连接应采用搭焊|D.接地线的连接处有振动隐患时应采用螺纹连接,C,本题考查接地装置连接，属于高频考点。做题思路：防腐蚀、防锈蚀——镀锌。A错误，利用建筑物的钢结构、起重机轨道、工业管道等自然导体作接地线时，其伸缩缝或接头处应另加跨接线，以保证连续可靠；B错误，接地线与管道的连接可采用螺纹连接或抱箍螺纹连接，但必须采用镀锌件，以防止锈蚀；C正确，接地装置地下部分的连接应采用焊接，并应采用搭焊，不得有虚焊；D错误，在有振动的地方，应采取防松措施，采用螺纹连接时容易产生松动。故选C。
单选题,[2020年][河南中安]压力容器在使用过程中，使用单位应对其进行年度检查。根据《固定式压力容器安全技术监察规程》（TSG21），下表检查内容中，属于搪玻璃压力容器年度检查的是（ ）。,A.（2）、（3）、（5）|B.（3）、（4）、（5）|C.（1）、（2）、（4）|D.（2）、（3）、（4）,D,本题考查搪玻璃压力容器年度检查内容。根据《固定式压力容器安全技术监察规程》（TSG21）7.2.2.2非金属及非金属衬里压力容器年度检查专项要求7.2.2.2.1搪玻璃压力容器检查：（1）压力容器外表面防腐漆是否完好，是否有锈蚀、腐蚀现象；（2）密封面是否有泄漏；（3）夹套底部排净（疏水）口开闭是否灵活；（4）夹套顶部放气口开闭是否灵活。故选D。
单选题,[2020年][河南中安]危险化学品贮存应采取合理措施预防事故发生。根据《常用危险化学品贮存通则》（GB15603），下列危险化学品贮存的措施中，正确的是（ ）。,A.某工厂因危险化学品库房维护，将爆炸物品临时露天堆放|B.高、低等级危险化学品一起贮存的区域，按低等级危险化学品管理|C.某生产岗位员工未经培训，将其调整到危险化学品库房管理岗位|D.某工厂按照危险化学品类别，采取隔离贮存、隔开贮存和分离贮存,D,本题考查危险化学品贮存，属于高频考点。做题思路：危大禁露天，多种选高级，管理有技术，存储分隔开。A错误，危险化学品露天堆放，应符合防火、防爆的安全要求，爆炸物品、一级易燃物品、遇湿燃烧物品、剧毒物品不得露天堆放；B错误，同一区域贮存两种及两种以上不同级别的危险化学品时，应按最高等级危险化学品的性能标志；C错误，储存危险化学品的仓库必须配备有专业知识的技术人员，其库房及场所应设专人管理，管理人员必须配备可靠的个人安全防护用品；D正确，危险化学品储存方式分为3种：隔离储存，隔开储存，分离储存。故选D。
单选题,[2020年][河南中安]腐蚀性危险化学品及其相关废弃物应严格按照相关规定进行存放、使用、处理。下列针对腐蚀性危险化学品所采取的安全措施中，正确的是（ ）。,A.某工厂要求存放腐蚀性危险化学品应注意容器的密封性，并保持室内通风|B.某工厂采取填埋方法有效处理废弃的腐蚀性危险化学品|C.某试验室要求将液态腐蚀性危险化学品存放在试剂柜的上层|D.某工厂将腐蚀性危险化学品的废液经稀释后排入下水道,A,本题考查废弃物销毁。做题思路：大原则——储存注意密封，不能直接排放或填埋。B错误，填埋方法可用于处理有机过氧化物废弃物和一般工业固体废弃物，将液态腐蚀性危险化学品填埋会存在污染环境等风险；C错误，将液态腐蚀性危险化学品存放在试剂柜的上层有倾覆的危险；D错误，腐蚀性危险化学品的废液不能仅经过稀释就排放至下水道。故选A。
单选题,[2020年][河南中安]一台正在运行的蒸汽锅炉，运行人员发现锅炉水位表内出现泡沫。汽水界限难以区分，过热蒸汽温度下降，过热蒸汽带水。下列针对该故障采取的处理措施中，正确的是（ ）。,A.减少给水，同时开启排污阀放水，打开过热器，蒸汽管道上的疏水阀，加强疏水|B.降低负荷，关闭给水阀，停止给水，打开省煤器疏水阀，启用省煤器再循环管路|C.减少给水，降低负荷，开启省煤器再循环管路，开启排污阀放水|D.降低负荷，调小主汽阀，开启过热器，蒸汽管道上的疏水阀，开启排污阀放水，同时给水,D,本题考查汽水共腾处理措施，属于高频考点。做题思路：需理解事故原理。汽水共腾的原因有：（1）锅水品质太差；（2）负荷增加和压力降低过快。故在事故处理中，应针对上述的两种原因，采取有针对性的处理方法。发现汽水共腾时：（1）应减弱燃烧力度，降低负荷，关小主汽阀→（2）加强蒸汽管道和过热器的疏水→（3）全开连续排污阀，并打开定期排污阀放水，同时上水，以改善锅水品质→（4）待水质改善、水位清晰时，可逐渐恢复正常运行。注意里面的关键词“降低负荷”“调小主汽阀”“开启排污阀”“给水”等。故选D。
单选题,[2020年][河南中安]某公司清理废旧设备重叠堆放的场地，使用汽车吊进行吊装，场地中单件设备重量均小于汽车吊的额定起重量。当直接起吊一台被其他设备包围的设备时，汽车吊失稳前倾，吊臂折断，造成事故。下列该事故的原因中，可能的直接原因是（ ）。,A.吊物被埋置|B.吊物质量不清|C.吊物有浮置物|D.吊物捆绑不牢,A,本题考查起重机械事故，属于高频考点。做题思路：分析题干背景条件。A正确，如果吊物被埋置，起吊可能造成起重机械失稳前倾，吊臂折断；B错误，依据题干描述：“场地中单件设备重量均小于汽车吊的额定起重量”；C错误，“吊物有浮置物”吊装物体中含有未被固定的物品，像这类未被固定的物品被称作“浮置物”。在吊装过程中浮置物易翻滚、滑移、脱落，而造成事故。不会导致起重机吊臂折断；D错误，吊物捆绑不牢有可能导致被吊起物坠落伤人，不会导致起重机吊臂折断。故选A。
单选题,"[2020年][河南中安]一、单选题
62
标记
收藏
起重机司机作业前应检查起重机与其他设备或固定建筑物的距离，以保证起重机与其他设备或固定建筑物的最小距离在（ ）。",A.1.0m以上|B.1.5m以上|C.0.5m以上|D.2.0m以上,C,本题考查起重机司机安全操作技术，属于高频考点。做题思路：数字记忆。开机作业前，应确认起重机与其他设备或固定建筑物的最小距离是否在0.5m以上。其他考点：起重机司机安全操作技术要求如下，（1）司机在正常操作过程中，不得利用极限位置限制器停车；不得利用打反车进行制动；不得在起重作业过程中进行检查和维修；不得带载调整起升、变幅机构的制动器，或带载增大作业幅度；（2）严格按指挥信号操作，对紧急停止信号，无论何人发出，都必须立即执行。吊载接近或达到额定值，或起吊危险器（液态金属、有害物、易燃易爆物）时，吊运前认真检查制动器，并用小高度、短行程试吊，确认没有问题后再吊运。（3）有主、副两套起升机构的，不允许同时利用主、副钩工作（设计允许的专用起重机除外）；（4）用两台或多台起重机吊运同一重物时，每台起重机都不得超载。故选C。
单选题,[2020年][河南中安]可燃气体的爆炸浓度极限范围受温度、压力、点火源能量等因素的影响。当其他因素不变、点火源能量大于某一数值时，点火源能量对爆炸浓度极限范围的影响较小。在测试甲烷与空气混合物的爆炸浓度极限时，点火源能量应选（ ）。,A.5焦耳以上|B.15焦耳以上|C.20焦耳以上|D.10焦耳以上,D,本题考查点火源的影响，属于高频考点。做题思路：数字记忆。一般情况下，爆炸极限均在较高的点火能量下测得。如测甲烷与空气混合气体的爆炸极限时，用10J以上的点火能量，其爆炸极限为5%～15%。故选D。
单选题,"[2020年][河南中安]一、单选题
64
标记
收藏
运输散装直立气瓶时，运输车辆应具有固定气瓶相应装置并确保气瓶处于直立状态，气瓶高出车辆栏板部分不应大于气瓶高度的（ ）。",A.1/2|B.1/3|C.1/5|D.1/4,D,本题考查气瓶装卸运输，属于高频考点。做题思路：数字记忆。运输车辆应具有固定气瓶的相应装置，散装直立气瓶高出栏板部分不应大于气瓶高度的1/4。故选D。
单选题,[2020年][河南中安]压力管道年度检查是指使用单位在管道运行条件下对管道进行的自行检查，每年至少进行一次。根据《压力管道定期检验规则—工业管道》（TSGD7005），下列工业管道检查要求中，不属于年度检查的是（ ）。,A.对管道中的波纹管膨胀节，检查波纹管的波间距|B.对有蠕胀测量要求的管道，检查蠕胀测点或蠕胀测量带|C.对管道有明显腐蚀的部位，进行表面磁粉检测|D.对易燃、易爆介质的管道，测定防静电接地电阻值,C,本题考查压力管道年度检查项目。根据《压力管道定期检验规则-工业管道》（TSGD7005）附件A工业管道年度检查要求：A3年度检查内容：年度检查应当至少包括对管道安全管理情况、管道运行状况和安全附件与仪表的检查，必要时应当进行壁厚测定和电阻值测量。A3.2管道运行状况检查；A3.2.1检查内容：A属于，第10条，检查波纹管膨胀节表面有无划痕、凹痕、腐蚀穿孔、开裂以及波纹管波间距；B属于，第12条，对有蠕胀测量要求的管道，检查管道蠕胀测点或者蠕胀测量带是否完好；D属于，A3.4电阻值测量应当对输送易燃、易爆介质的管道，以抽查方式进行防静电接地电阻值和法兰间接触电阻值测定。防静电接地电阻值应当不大于100Ω，法兰间接触电阻值应当小于0.03Ω；C不属于，磁粉检测属于定期检验的内容不属于年度检查的内容。故选C。
单选题,"[2020年][河南中安]一、单选题
66
标记
收藏
《危险货物运输包装通用技术条件》（GB12463）要求危险货物按照货物的危险性进行分类包装。其中，危险性较小的货物应采用（ ）包装。",A.Ⅰ类|B.Ⅱ类|C.Ⅳ类|D.Ⅲ类,D,本题考查危险货物包装，属于高频考点。做题思路：Ⅰ类——较大；Ⅱ类——中等；Ⅲ类——较小（Ⅰ、Ⅱ、Ⅲ，大中小）。《危险货物运输包装通用技术条件》（GB12463）把危险货物包装分成3类：（1）Ⅰ类包装：适用内装危险性较大的货物；（2）Ⅱ类包装：适用内装危险性中等的货物；（3）Ⅲ类包装：适用内装危险性较小的货物。故题干中要求危险性较小的货物，应采用Ⅲ类包装。故选D。
单选题,"[2020年][河南中安]一、单选题
1
标记
收藏
机械使用过程中的危险可能来自机械设备和工具自身、原材料、工艺方法和使用手段等多方面，危险因素可分为机械性危险因素和非机械性危险因素。下列危险因素中，属于非机械性的是（ ）。",A.挤压|B.碰撞|C.冲击|D.噪声|A.联锁装置是防止危险机器功能在特定条件下停机的装置|B.限制装置是防止机器或危险机器状态超过设计限度的装置|C.能动装置是与停机控制一起使用的附加手动操纵装置|D.敏感保护装置是探测周边敏感环境并发出信号的装置|A.1.1m|B.1.3m|C.1.5m|D.1.7m|A.砂轮主轴端部螺纹旋向应与砂轮工作时的旋转方向一致|B.一般用途的砂轮卡盘直径不得小于砂轮直径的1/5|C.卡盘与砂轮侧面的非接触部分应有不小于1.5㎜的间隙|D.砂轮防护罩的总开口角度一般不应大于120°|A.剪板机的前面和后面|B.剪板机的前面和右侧面|C.剪板机的左侧面和后面|D.剪板机的左侧面和右侧面|A.火灾损失随着时间的延续迅速增加，大约与时间的平方成比例|B.爆炸过程时间很短，往往是瞬间完成，因此爆炸毁伤的范围相对较小|C.爆炸会产生冲击波，冲击波造成的破坏主要高温气体快速升温引起|D.爆炸事故产生的有毒气体，因为爆炸伴随燃烧，会使气体毒性降低|A.肌肉疲劳是指过度紧张的肌肉局部出现酸疼现象|B.肌肉疲劳和精神疲劳可能同时发生|C.劳动效果不佳是诱发精神疲劳的因素之一|D.精神疲劳仅与大脑皮层局部区域活动有关|A.呼吸系统|B.神经系统|C.消化系统|D.人体表皮|A.合适的照明能提高近视力，但不能提高远视力|B.视觉疲劳可通过闪光融合频率和反应时间来测定|C.环境照明强度越大，人观察物体越清楚|D.遇眩光时，眼睛瞳孔放大，视网膜上的照度增加|A.安全电压回路应与保护接地或保护接零线连接|B.安全电压设备的插座应具有接地保护的功能|C.安全隔离变压器二次边不需装设短路保护元件|D.采用安全隔离变压器作为特低电压的电源|A.A|B.B|C.C|D.D|A.止逆器|B.压料装置|C.侧向挡板|D.分料刀|A.减小零线断开的故障率|B.加速线路保护装置的动作|C.提高漏电设备的对地电压|D.不影响架空线路的防雷性能|A.弹簧缓冲器|B.聚氨酯缓冲器|C.油压缓冲器|D.橡胶缓冲器|A.产品干燥不应与药物干燥在同一晒场（烘房）进行|B.蒸汽干燥的烘房应采用肋形散热器|C.摩擦类产品不应与其他类产品在同一晒场（烘房）干燥|D.循环风干燥应有除尘设备并定期清扫|A.易熔合金塞装置|B.爆破片-易熔合金塞复合装置|C.爆破片装置|D.爆破片-安全阀复合装置|A.申请|B.行政备案|C.审查|D.发证|A.自给式氧气呼吸器|B.头罩式面具|C.双罐式防毒口罩|D.长管式送风呼吸器|A.简单分解爆炸或者复杂分解爆炸不需要助燃性气体|B.简单分解爆炸一定发生燃烧反应|C.简单分解爆炸需要外部环境提供一定的热量|D.复杂分解爆炸物的危险性较简单分解爆炸物高|A.两辆叉车可以同时对一辆货车进行装卸作业|B.叉车将物件提升离地后，后仰起落架方可行驶|C.内燃机叉车进入易燃易爆仓库作业应保证通风良好|D.不得使用叉车的货叉进行顶货、拉货作业|A.某企业安排未经过专业技术培训的人员从事危险化学品经营业务|B.某企业将其危险化学品的经营场所设置在交通便利的城市边缘|C.某企业将危险化学品存放在其批发大厅中的化学品周转库房中|D.某企业为节省空间在其备货库房内将不同化学品整齐地堆放在一起|A.工厂危险品生产区内的危险性建筑物与周围村庄的距离为外部距离|B.工厂危险品生产区内危险性建筑物与厂部办公楼的距离为内部距离|C.工厂危险品生产区内的危险性建筑物与本厂生活区的距离为外部距离|D.工厂危险品生产区内危险性建筑物之间的距离为内部距离|A.导线连接处的绝缘强度不得低于原导线的绝缘强度的90%|B.电力线路的过电流保护专指过载保护，不包括短路保护|C.线路导线太细将导致其阻抗过大，受电端得不到足够的电压|D.导线连接处的电阻不得大于原导线电阻的2倍|A.遇4.2级地震灾害|B.起重机械停用半年以上|C.发生一般起重机械事故|D.露天作业经受7级风力后|A.平方|B.立方|C.立方根|D.平方根|A.架空线路的间距须考虑气象因素和环境条件|B.架空线路应与有爆炸危险的厂房保持必需的防火间距|C.架空线路与绿化区或公园树木的距离不应小于3m|D.架空线路穿越可燃材料屋顶的建筑物时，间距不应小于5m|A.0.1|B.0.2|C.0.3|D.0.4|A.皮肤症状|B.听力损伤|C.视力失调|D.过敏病状|A.氢气|B.一氧化碳|C.甲烷|D.二氧化硫|A.某工厂存放的遇湿易燃的碳化钙着火，库管员使用二氧化碳灭火器灭火|B.某工厂甲烷管道泄漏着火，现场人员第一时间用二氧化碳灭火器灭火|C.某工厂爆炸物堆垛发生火灾，巡检人员使用高压水枪喷射灭火|D.某工厂贮存的铝产品着火，现场人员使用二氧化碳灭火器灭火,D,本题考查粉尘爆炸中热交换的主要方式，属于高频考点。粉尘爆炸中热交换的主要方式为热辐射。在可燃气爆炸中，促使温度上升的传热方式主要是热传导。故选D。
单选题,[2020年][河南中安]化工厂污水罐主要用于收集厂内工艺污水，通过污水处理单元处理达标后排入公用排水设施，事故统计表明，污水罐发生闪爆事故的直接原因多是内部的硫化氢气体积聚。上游工艺单元可燃介质窜入污水罐等。为预防此类爆炸事故，下列安全措施中，最有效的是（ ）。,A.划分防爆区域|B.静电防护装置|C.惰性气体保护|D.可燃气体检测,C,本题考查爆炸控制措施，属于高频考点。做题思路：注意既要能预防，还要最有效。爆炸控制的一般措施有：惰性气体保护、系统密闭和正压操作、厂房通风等，使用“惰性气体保护”能够消除爆炸条件，用惰性气体取代空气，从根本上解决爆炸的威胁，故属于最有效的方式。A中的“划分防爆区域”，只规定了相应的区域等级；B消除静电可能是消除点火能量的一种，但不是最有效的方式，因为题干中并未描述发生闪爆的能量来源为静电；D的可燃气体检测，不能从根本上解决，不属于最有效的方式。故选C。
单选题,[2020年][河南中安]机械阻火隔爆装置主要有工业阻火器、主动式隔爆装置和被动式隔爆装置等。关于机械阻火隔爆装置的作用过程的说法，错误的是（ ）。,A.工业阻火器在工业生产过程中时刻都在起作用，主、被动式隔爆装置只是在爆炸发生时才起作用|B.主动式隔爆装置是在探测到爆炸信号后，由执行机构喷洒抑爆剂或关闭闸门来阻隔爆炸火焰|C.工业阻火器靠本身的物理特性来阻火，可用于输送气体中含有杂质（如粉尘等）的管道中|D.被动式隔爆装置是由爆炸引起的爆炸波推动隔爆装置的阀门或闸门，阻隔爆炸火焰,C,本题考查机械阻火隔爆装置，属于高频考点。做题思路：工业阻火器只针对纯气体介质有效，正常时通气，爆炸时阻火。A正确，工业阻火器在工业生产过程中时刻都在起作用，对流体介质的阻力较大，而主动式、被动式隔爆装置只是在爆炸发生时才起作用，因此它们在不动作时对流体介质的阻力小，有些隔爆装置甚至不会产生任何压力损失；B正确，主动式（监控式）隔爆装置由一灵敏的传感器探测爆炸信号，经放大后输出给执行机构，控制隔爆装置喷洒抑爆剂或关闭阀门，从而阻隔爆炸火焰的传播；C错误，工业阻火器对于纯气体介质才是有效的，对气体中含有杂质（如粉尘、易凝物等）的输送管道，应当选用主动式、被动式隔爆装置为宜；D正确，被动式隔爆装置主要有自动断路阀、管道换向隔爆等形式，是由爆炸波推动隔爆装置的阀门或闸门来阻隔火焰。故选C。
单选题,"[2020年][河南中安]一、单选题
70
标记
收藏
某企业拟在输送甲烷（爆炸下限5%），的管道上进行动火焊接作业，作业前需用惰性气体进行吹扫置换，确保管道中甲烷气体浓度小于（ ）。",A.0.2%|B.0.5%|C.0.8%|D.1.0%,B,本题考查气体分析合格标准，属于高频考点。做题思路：大405，小402。气体分析合格标准如下：（1）爆炸下限大于4%（体积百分数）的可燃气体或蒸气：浓度应小于0.5%；（2）爆炸下限小于4%的可燃气体或蒸气：浓度应小于0.2%的标准。爆炸下限为5%，所以气体浓度小于0.5%。故选B。
多选题,[2020年][河南中安]叉车的液压系统一般都使用中高压供油，高压胶管是液压系统的主要元件之一，其可靠性应既能保证叉车的正常工作，又能保护人身安全。因此，高压胶管性能和质量必须通过各项试验检测合格后方可用于叉车。下列试验项目中，高压胶管在生产验收时必须通过的试验有（ ）。,A.脉冲试验|B.耐压试验|C.真空试验|D.长度变化试验 E 爆破试验,ABD,本题考查高压胶管试验，属于高频考点。做题思路：鸭肠爆卖喽。高压胶管必须符合相关标准，并通过耐压试验、长度变化试验、爆破试验、脉冲试验、泄漏试验等试验检测。故选ABDE。
多选题,[2020年][河南中安]锻造是金属压力加工的方法之一，是机械制造的一个重要环节，可分为热锻、温锻和冷锻。锻造机械在加工过程中危险有害因素较多。下列危险有害因素中，属于热锻加工过程中存在的危险有害因素有（ ）。,A.火灾|B.机械伤害|C.刀具切割|D.爆炸 E 灼烫,ABD,本题考查锻造危险因素，属于高频考点。做题思路：考试中可将“热锻”两个字拆分，“锻”就需要机械，存在机械伤害；“热”可能引燃易燃物品导致火灾爆炸，还可能导致工作人员烫伤。热锻加工过程中的危险有害因素主要有：（1）机械伤害。如锻锤锤头击伤、打飞锻件伤人等；（2）火灾爆炸；（3）灼烫。故选择ABDE。
单选题,[2020年][河南中安]释放源是划分爆炸危险区域的基础，通风情况是划分爆炸危险区域的重要因素，因此，划分爆炸危险区域时应综合考虑释放源和通风条件。关于爆炸危险区分原则的说法，正确的有（ ）。,A.局部机械通风不能降低爆炸危险区域等级|B.存在连续级释放源的区域可划分为1区|C.存在第一级释放源的区域可划分为2区|D.在凹坑处，应局部提高爆炸危险区域等级 E 如通风良好，可降低爆炸危险区域等级,D,本题考查爆炸危险区域，属于高频考点。做题思路：先判定基本区域划分，通风良好可降级，通风不良需升级。A错误，局部机械通风在降低爆炸性气体混合物浓度方面比自然通风和一般机械通风更为有效时，可采用局部机械通风降低爆炸危险区域等级；B错误，存在连续级释放区域可划分为0区，而不是1区；C错误，存在第一级释放区域可划分为1区，而不是2区；D正确，在障碍物、凹坑和死角处，会积聚爆炸性气体等，故应局部提高爆炸危险区域等级；E正确，通风良好，降低爆炸危险区域等级；通风不良，提高爆炸危险区域等级。故选DE。
多选题,[2020年][河南中安]生产过程中产生的静电可能引起火灾爆炸、电击伤害、妨碍生产。其中，火灾爆炸是最大的危害，关于静电危害的说法，正确的有（ ）。,A.静电能量虽然不大，但其电压很高而容易发生放电|B.带静电的人体接近接地导体时可能发生电击|C.生产过程中产生的静电，可能降低产品质量|D.人体接近接地导体，会发生火花放电，导致爆炸和火灾 E 生产过程中积累的静电发生电击可使人致命,AC,本题考查静电的危害，属于高频考点。做题思路：满足：“人体带电，导体接地”或“人体接地，导体带电”，可能发生火花放电，导致火灾爆炸。B错误，带静电的人体接近接地导体，可能发生火花放电，而不是电击；D错误，应是带静电的人体接近接地导体，可能发生火花放电，导致爆炸或火灾；E错误，生产过程中积累的静电能量不大，静电电击不会使人致命。故选AC。
多选题,[2020年][河南中安]2019年3月21日，某化工有限公司发生特别重大爆炸事故，事故原因是该公司固废库内长期违法贮存硝化废料，由于持续积热升温导致库存废料自燃，进而引发爆炸，为了预防此类事故，应对爆炸性废弃物采取有效方法进行处理。下列对爆炸性废弃物的处理方法中，正确的有（ ）。,A.爆炸法|B.烧毁法|C.填埋法|D.溶解法 E 化学分解法,ABD,本题考查爆炸性物品的销毁，属于高频考点。做题思路：炸烧溶化。凡确认不能使用的爆炸性物品，必须予以销毁，在销毁以前应报告当地公安部门，选择适当的地点、时间及销毁方法。一般可采用以下4种方法：爆炸法、烧毁法、溶解法、化学分解法。故选ABDE。
多选题,[2020年][河南中安]金属切削机床作业存在的机械危险多表现为人员与可运动部件的接触伤害。当通过设计不能避免或不能充分限制机械危险时，应采取必要的安全防护措施，下列防止机械危险的安全措施中，正确的有（ ）。,A.危险的运动部件和传动装置应予以封闭，设置防护装置|B.有行程距离要求的运动部件，应设置可靠的限位装置|C.两个运动部件不允许同时运动时，控制机构禁止联锁|D.有惯性冲击的机动往复运动部件，应设置缓冲装置 E 有可能松脱的零部件，必须采取有效紧固措施,ABD,本题考查防止机械危险的安全措施，属于高频考点。做题思路：防护装置的要求：有危险的运动装置——设置防护罩；行程限制——限位；惯性冲击——缓冲装置；松脱——紧固装置；不能同时——联锁装置。A正确，有时能造成缠绕、吸入或卷入等危险的运动部件和传动装置（如链传动、齿轮、齿条传动、带传动、蜗轮传动、轴、丝杠、排屑装置等）应予以封闭、设置防护装置或使用信息提示；B正确，运动部件在有限滑轨运行或有行程距离要求的，应设置可靠的限位装置；C错误，运动部件不允许同时运动时，其控制机构应联锁，不能实现联锁的，应在控制机构附近设置警告标志，并在说明书中加以说明；D正确，对于有惯性冲击的机动往复运动部件，应设置缓冲装置；E正确，运动中可能松脱的零部件必须采取有效措施加以紧固，防止由于启动、制动、冲击、振动而引起松动、脱离、甩出。故选ABDE。
多选题,[2020年][河南中安]乙炔即使在没有氧气的条件下，也可能发生爆炸，其实质是分解爆炸，下列描述乙炔性能及其使用的安全要求中，正确的有（ ）。,A.乙炔受热时，容易发生聚合、加成、取代或爆炸性分解等反应|B.乙炔的火灾爆炸危险性很大，但爆炸下限高于天然气|C.乙炔易与汞等重金属反应生成爆炸性的乙炔盐|D.乙炔不能用含铜量超过70%的铜合金制造的容器盛装 E 乙炔作为焊接气体时，选择焊丝时不能选用含银焊丝,AC,本题考查乙炔性能及其安全要求，属于高频考点。做题思路：爆炸下限越低越危险，结合常识，乙炔较天然气危险性更高，故爆炸下限更低。A正确，当乙炔受热或受压时，容易发生聚合、加成、取代或爆炸性分解等反应；B错误，天然气的主要成分是甲烷，甲烷在空气中的爆炸极限为4.9～15，乙炔在空气中的爆炸极限为2.55～80，甲烷（天然气）的爆炸下限大于乙炔；C正确，乙炔易与铜、银、汞等重金属反应生成爆炸性的乙炔盐，这些乙炔盐只需轻微的撞击便能发生爆炸而使乙炔着火；D错误，为防止乙炔分解爆炸，不能用含铜量超过65%的铜合金制造盛乙炔的容器；E正确，在用乙炔焊接时，不能使用含银焊条。补充：与乙炔接触的瓶阀材料，选用含铜量小于65%的铜合金（质量比）；这是因为铜会与乙炔起反应，生成乙炔铜，乙炔铜是一种爆炸性化合物。故选ACE。
多选题,[2020年][河南中安]漏电保护装置主要用于防止间接接触电击和直接接触电击，也可用于防止漏电火灾及监视单相接地故障，关于漏电保护装置使用场合的说法，正确的有（ ）。,A.中灵敏度漏电保护装置，可用于防止漏电火灾|B.高灵敏度漏电保护装置，可用于防止触电事故|C.低灵敏度漏电保护装置，可用于监视单相接地故障|D.报警式漏电保护装置，可用于消防水泵的电源 E 定时限型漏电保护装置，可用于应急照明电源,ABCD,本题考查漏电保护装置，属于高频考点。做题思路：只有高灵敏度的漏电保护装置可用于防止人身触电事故。电流型漏电保护装置分类：A正确，30mA以上、1000mA及1000mA以下的属中灵敏度，用于防止触电事故和漏电火灾；B正确，30mA及30mA以下的属高灵敏度，主要用于防止触电事故；C正确，1000mA以上的属低灵敏度，用于防止漏电火灾和监视一相接地故障；D正确，不切断电源的报警式漏电保护装置应用消防设备的电源（如火灾报警装置、消防水泵、消防通道照明等）；E错误，应急照明电源应采用不切断电源的报警式漏电保护装置。故选ABCD。
多选题,[2020年][河南中安]在生产过程中，为预防在设备和系统里或在其周围形成爆炸性混合物，常采用惰性气体保护措施。下列采用惰性气体保护的措施中，正确的有（ ）。,A.惰性气体通过管线与有火灾爆炸危险的设备进行连接供危险时使用|B.易燃易爆系统检修动火前，使用惰性气体进行吹扫置换|C.可燃固体粉末输送时，采用惰性气体进行保护|D.易燃液体输送时，采用惰性气体作为输送动力 E 有可能引起火灾危险的电器、仪表等采用充氮负压保护,ABCD,本题考查惰性气体保护措施，属于高频考点。做题思路：正压防爆。E错误，错在“负压”，在有爆炸性危险的生产场所，对有可能引起火灾危险的电器、仪表等采用充氮正压保护。故选ABCD。
多选题,[2020年][河南中安]气瓶入库应按照气体的性质，公称工作压力及空实瓶严格分类存放，并应有明确的标志。盛装下列物质的气瓶中，不能与氢气瓶同库贮存的有（ ）。,A.氯乙烷|B.二氧化碳|C.氨|D.乙炔 E 环氧乙烷,ACD,本题考查气瓶的贮存、保管，属于高频考点。做题思路：特例记忆。氢气不准与笑气、氨、氯乙烷、环氧乙烷、乙炔等同库。故选ACDE。
多选题,[2020年][河南中安]建筑物的防雷分类按其火灾和爆炸的危险性、人身伤害的危险性、政治经济价值可分为第一类防雷建筑物、第二类防雷建筑物、第三类防雷建筑物，下列建筑物防雷分类中，正确的有（ ）。,A.具有0区爆炸危险场所的建筑物，是第一类防雷建筑物|B.有爆炸危险的露天气罐和油罐，是第二类防雷建筑物|C.省级档案馆，是第三类防雷建筑物|D.大型国际机场航站楼，是第一类防雷建筑物 E 具有2区爆炸危险场所的建筑物，是第三类防雷建筑物,ABC,本题考查防雷分类，属于高频考点。做题思路：第一类防雷建筑物——火药建筑物，0区、20区，容易炸、破坏力大的1区、21区。第二类防雷建筑物——一般情况下带“国家”，2区、22区，不易炸、破坏力小的1区、21区，露天爆炸储罐。第三类防雷建筑物——一般带“省级”的建筑物。A正确，具有0区、20区爆炸危险场所的建筑物，属于第一类防雷建筑；B正确，有爆炸危险的露天钢质封闭气罐，属于第二类防雷建筑物；C正确，省级档案馆，属于第三类防雷建筑物；D错误，国家级的会堂、办公楼、档案馆，大型展览馆，大型机场航站楼，大型火车站，大型港口客运站，大型旅游建筑，国宾馆，大型城市的重要动力设施属于第二类防雷建筑物；E错误，具有2区、22区爆炸危险场所的建筑物，属于第二类防雷建筑物。故选ABC。
多选题,[2020年][河南中安]根据《化学品分类、警示标签和警示性说明安全规范 易燃液体（GB20581）》，按照物质的理化性质将易燃液体分为4类。下列理化性质中，作为易燃液体分类根据的有（ ）。,A.凝固点|B.闪点|C.初沸点|D.燃点 E 气化点,BC,本题考查易燃液体分类根据。根据《化学品分类、警示标签和警示性说明安全规范 易燃液体》（GB20581-2006）[现已废止]6.类别和警示标志，易燃液体类别和警示标志，里面涉及了关于“闪点”“初沸点”的数值，故选BC。
多选题,[2020年][河南中安]劳动强度是以作业过程中人体的能耗量、氧耗、心率、排汗率等指标为根据，其从轻到重分为：Ⅰ、Ⅱ、Ⅲ、Ⅳ级。根据我国对常见职业体力劳动强度的分级。下列操作中，属于Ⅱ级劳动强度的有（ ）。,A.摘水果|B.驾驶卡车|C.操作风动工具|D.搬重物 E 操作仪器,ABC,本题考查常见职业体力劳动强度分级的描述，属于高频考点。做题思路：特例记忆。Ⅱ级劳动包括：手和臂持续动作；臂和腿的工作；臂和躯干的工作。A属于，摘水果属于Ⅱ级劳动；B属于，驾驶卡车属于Ⅱ级劳动；C属于，操作风动工具属于Ⅱ级劳动；D不属于，搬重物属于Ⅲ级劳动；E不属于，操作仪器属于Ⅰ级劳动。故选ABC。
多选题,[2020年][河南中安]为防止火灾爆炸事故的发生，阻止其扩散和减少破坏，在实际生产经营活动中广泛使用多种防火防爆安全装置及技术。关于防火防爆安全装置及技术的说法，正确的有（ ）。,A.工作介质含剧毒气体时应采用安全阀作为防爆泄压装置|B.化学抑爆技术可用于空气输送可燃性粉尘的管道|C.当安全阀的入口处装有隔断阀时，隔断阀必须保持常开状态并加铅封|D.主动式、被动式隔爆装置是靠装置某一元件的动作阻隔火焰 E 防爆门应设置在人不常到的地方，高度宜不低于2m,BCD,防火防爆安全装置及技术，属于高频考点。做题思路：剧毒——严禁泄漏。A错误，安全阀会有微量的泄漏，故工作介质含剧毒气体时不宜采用安全阀，而应用爆破片；B正确，化学抑制防爆装置的应用，除选项中描述外，还可应用在加工设备、储藏设备、装卸设备、试验室和中间试验厂的设备等；C正确，当安全阀的入口处装有隔断阀时，隔断阀必须保持常开状态并加铅封；D正确，业阻火器依靠自身的物理特性来阻火；E正确，防爆门（窗）一般设置在使用油、气或燃烧煤粉的燃烧室外壁上，防爆门（窗）应设置在人不常到的地方，高度最好不低于2m（类比成年人的身高）。故选BCDE。
单选题,[2020年][河南中安]快开门式压力容器开关盖操作频繁，在容器泄压未尽前或带压下打开端盖、端盖未完全闭合就进行升压等操作，极易造成事故。因此，在设计快开门式压力容器时，应当设置安全联锁装置。根据《固定式压力容器安全技术监察规程》（TSG21-2016），在设计快开门式压力容器的安全联锁装置时，应满足的要求有（ ）。,A.当压力容器超温超压时，同步报警|B.当压力容器超温时，紧急切断物料供应|C.当阀门达到规定关闭部位时，方能升压运行|D.当压力容器超压时，安全泄放容器内介质 E 当压力容器的压力完全释放后，方能打开快开门,C,本题考查快开门式压力容器的安全联锁装置。根据《固定式压力容器安全技术监察规程》（TSG21-2016）3.2.16快开门式压力容器设计专项要求设计快开门式压力容器时，安全联锁装置应当满足以下要求：第一条，当快开门达到预定关闭部位，方能升压运行；第二条，当压力容器的内部压力完全释放，方能打开快开门。其他在该标准规范的条款中未涉及。故选CE。
单选题,[2021年][河南中安]本质安全设计措施是指通过改变机器设计或工作特性，来消除危险或减少与危险相关的风险的安全措施。下列采用的安全措施中，属于本质安全措施的是（ ）。,A.采用安全电源|B.设置防护装置|C.设置保护装置|D.设置安全标志,A,本题考查的是本质安全设计措施的内容，属于高频考点。做题思路：理解风险减小的迭代三步法，在理解的基础上对应每个模块的具体内容进行区分记忆。A属于，BCD不属于，采用安全的电源属于本质安全设计措施中使用本质安全的工艺过程和动力源；BC属于安全防护措施；D属于使用安全信息。故选A。
单选题,[2021年][河南中安]机械制造企业的车间内设备应合理布局，各设备之间、管线之间、管线与建筑物的墙壁之间的距离应符合有关规范的要求。依据《机械工业职业安全卫生设计规范》（JBJ18），大型机床操作面间距最小安全距离是（ ）。,A.0.5m|B.1.0m|C.1.5m|D.2.0m,C,本题考查的是设备布置及安全防护的内容。做题思路：寻找表格数字规律对应记忆。依据表格可知，大型机床操作面间距最小安全距离为1.5m。故选C。
单选题,[2021年][河南中安]金属切削作业存在较多危险因素，包括机械危险、电气危险、热危险、噪声危险等因素，可能会对人体造成伤害。因此，切削机床设计时应尽可能排除危险因素。下列切削机床设计中，针对机械危险因素的是（ ）。,A.控制装置设置在危险区以外|B.友好的人机界面设计|C.工作位置设计考虑操作者体位|D.传动装置采用隔离式的防护装置,D,本题考查的是金属切削作业安全要求和安全技术措施。做题思路：先掌握金属切削机床存在的主要危险，在判定危险类型的基础上选择正确的安全技术措施。D正确，有可能造成缠绕、吸入或卷入等危险运动部件和传动装置应予以封闭、设置防护装置或信息提示，通常传动装置采用隔离式防护装置；A错误，控制装置设置在危险区以外属于电气安全措施中的控制系统的安全措施；BC错误，友好的人机界面设计、工作位置设计考虑操作者体位属于满足安全人机工程学的要求。故选D。
单选题,[2021年][河南中安]砂轮机借助高速旋转砂轮的切削作用除去工件表面的多余层，其操作过程容易发生伤害事故。无论是正常磨削作业、空转试验还是修整砂轮，操作者都应站在砂轮机的（ ）。,A.正后方|B.正前方|C.斜后方|D.斜前方,D,本题考查的是砂轮机的操作要求，属于高频考点。做题思路：关键词“斜前方”。D正确，无论是正常磨削作业、空转试验还是修整砂轮，操作者都应站在砂轮的斜前方位置，不得站在砂轮正面。故选D。
单选题,[2021年][河南中安]剪板机借助于固定在刀架上的上刀片与固定在工作台上的下刀片作相对往复运动，从而使板材按所需的尺寸断裂分离。关于剪板机安全要求的说法正确的是（ ）。,A.剪板机不必具有单次循环模式|B.压紧后的板料可以进行微小调整|C.安装在刀架上的刀片可以靠摩擦安装固定|D.剪板机后部落料区域一般应设置阻挡装置,D,本题考查的是剪板机的一般安全要求，属于高频考点。做题思路：在了解剪板机工作原理的基础上进行记忆。A错误，剪板机应有单次循环模式，只能工作一个行程；B错误，压料装置（压料脚）应确保剪切前将剪切材料压紧，压紧后的板料在剪切时不能移动；C错误，安装在刀架上的刀片应固定可靠，不能仅靠摩擦安装固定；D正确，在使用剪板机时，剪板机后部落料危险区域一般应设置阻挡装置。故选D。
单选题,[2021年][河南中安]木材机械加工过程存在多种危险有害因素，包括机械因素、生物因素、化学因素、粉尘因素等，下列木材机械加工对人体的伤害中，发生概率最高的是（ ）。,A.皮炎|B.呼吸道疾病|C.过敏|D.切割伤害,D,本题考查的是木材加工危险因素，属于高频考点。做题思路：最危险的都是机械伤害。D正确，在木材加工危险因素中，刀具切割的发生概率高，危险性大。故选D。
单选题,[2021年][河南中安]许多危险化学品具有爆炸危险特性，爆炸的破坏作用包括碎片作用、爆炸冲击作用，热辐射作用、中毒以及环境污染，爆炸冲击波的破坏作用主要是由于（ ）。,A.爆炸产生的超温|B.冲击波传播的高速|C.爆炸产物的高密度|D.波阵面上的超压,D,本题考查爆炸的破坏作用，属于高频考点。做题思路：关键点记忆。D正确，冲击波的破坏作用主要是由其波阵面上的超压引起的。在爆炸中心附近，空气冲击波波阵面上的超压可达几个甚至十几个大气压，在这样高的超压作用下，建筑物被摧毁，机械设备、管道等也会受到严重破坏。故选D。
单选题,[2021年][河南中安]危险物质以气体、蒸气，薄雾、粉尘、纤维等形态出现，在大气条件下能与空气形成爆炸性混合物，如遇电气火花会造成火灾爆炸事故。关于危险物质火灾危险性与其性能参数的说法，正确的是（ ）。,A.活化能越低的可燃性粉尘物质，其火灾危险性越大|B.着火点越低的可燃固体物质，其火灾危险性越小|C.闪点越高的可燃液体物质，其火灾危险性越大|D.爆炸下限越低的可燃气体物质，其火灾危险性越小,A,本题考查的是火灾基本概念及参数。做题思路：衡量火灾危险性的因素，包括引燃能（最小点火能）、闪点、燃点、自燃点、爆炸下限、活化能，都是越低火灾危险性越大。A正确，使普通分子变为活化分子所必需的能量称为活化能，活化能越低，火灾危险性越大；B错误，燃点（着火点）越低，火灾危险性越大；C错误，一般情况下，闪点越低，火灾危险性越大；D错误，爆炸下限越低的可燃气体物质，其火灾危险性越大。故选A。
单选题,[2021年][河南中安]电力线路的安全条件包括导电能力、力学强度、绝缘和间距、导线连接、线路防护和过电流保护、线路管理。下列针对导线连接安全条件的要求中，正确的是（ ）。,A.导线连接处的力学强度不得低于原导线力学强度的60%|B.导线连接处的绝缘强度不得低于原导线绝缘强度的80%|C.铜导线与铝导线之间的连接应尽量采用铜—铝过渡接头|D.接头部位电阻不得小于原导线电阻的120%,C,本题考查的是电力线路安全条件中的导线连接，属于高频考点。做题思路：力学强度、绝缘强度、电阻分别对应记忆80%、100%、120%。A错误，导线连接必须紧密。原则上导线连接处的力学强度不得低于原导线力学强度的80%；B错误，绝缘强度不得低于原导线的绝缘强度；C正确，铜导线与铝导线之间的连接应尽量采用铜—铝过渡接头；D错误，接头部位电阻不得大于原导线电阻的1.2倍。故选C。
单选题,[2021年][河南中安]电气装置运行中产生的危险温度会形成事故的引燃源，造成危险温度的原因有短路、接触不良、过载、铁芯过热、漏电、散热不良、机械故障、电压过高或过低等。下列造成危险温度的故障中，属于机械故障造成的是（ ）。,A.电气设备的散热油管堵塞|B.运行中的电气设备的通风道堵塞|C.交流异步电动机转子被卡死或者轴承损坏、缺油|D.电动机、变压器等电气设备的铁芯通电后过热,C,本题考查电气引燃源中的危险温度，属于高频考点。做题思路：先记忆大的分类，再理解每个类型的示例。AB错误，属于散热不良，散热不良指电气设备的散热或通风措施遭到破坏，如散热油管堵塞、通风道堵塞、安装位置不当、环境温度过高或距离外界热源太近，均可能导致电气设备和线路产生危险温度；C正确，机械故障：电动机被卡死或轴承损坏、缺油，造成堵转或负载转矩过大，都将产生危险温度；D错误，属于铁芯过热，铁芯过热：对于电动机、变压器、接触器等带有铁芯的电气设备，如铁芯短路，或线圈电压过高，或通电后铁芯不能吸合，由于涡流损耗和磁滞损耗增加都将造成铁芯过热并产生危险温度。故选C。
单选题,[2021年][河南中安]疲劳分为肌肉疲劳和精神疲劳，肌肉疲劳是指过度紧张的肌肉局部出现酸痛现象，而精神疲劳则与中枢神经活动有关。疲劳产生的原因来自工作条件因素和作业者本身因素。下列引起疲劳的因素中，属于作业者本身因素的是（ ）。,A.工作强度|B.熟练程度|C.环境照明|D.工作体位,B,本题考查疲劳产生的原因，属于高频考点。做题思路：区分因素来自作业者还是来自环境。B属于，作业者本身的因素：作业者因素包括作业者的熟练程度、操作技巧、身体素质及对工作的适应性，营养、年龄、休息、生活条件以及劳动情绪等；ACD属于工作条件因素。故选B。
单选题,"[2021年][河南中安]一、单选题
12
标记
收藏
人机系统是由相互作用、相互依存的人和机器两个子系统构成能完成既定目标的一个整体系统。在自动化系统中，人机功能分配的原则是（ ）。",A.以机为主|B.以人为主|C.人机同等|D.人机共体,A,本题考查人机功能分配的原则，属于高频考点。做题思路：从人和机器本身的特点上进行分析。在人工操作系统、半自动化系统中，人机共体，或机为主体，系统的动力源由机器提供，人在系统中主要充当生产过程的操作者与控制者，即控制器主要由人来进行操作。在自动化系统中，则以机为主体，机器的正常运转完全依赖于闭环系统的机器自身的控制，人只是一个监视者和管理者，监视自动化机器的工作。故选A。
单选题,[2021年][河南中安]起重机的安全装置包括电气保护装置、防止吊臂后倾装置、回转限位装置、抗风防滑装置、力矩限制器等。夹轨钳、锚定装置和铁鞋属于（ ）。,A.防止吊臂后倾装置|B.抗风防滑装置|C.回转限位装置|D.力矩限制器,B,本题考查起重机抗风防滑装置的内容。做题思路：分类记忆。起重机抗风防滑装置主要有3类：夹轨器、锚定装置和铁鞋。按照防风装置的作用方式不同，可分为自动作用与非自动作用两类。故选B。
单选题,[2021年][河南中安]有些危险化学品具有放射性，如果人体直接暴露在存在此类危险化学品的环境中，就会产生不同程度的损伤。高强度的放射线对人体造血系统造成伤害后，人体表现的主要症状为（ ）。,A.嗜睡、昏迷、震颤等|B.震颤、呕吐、腹泻等|C.恶心、脱发、痉挛等|D.恶心、腹泻、流鼻血等,D,本题考查放射性危险化学品的危险特性，属于高频考点。做题思路：注意区分对中枢神经和大脑系统的伤害，以及对肠胃的伤害。放射性危险化学品对造血系统的伤害。这种伤害主要表现为恶心、呕吐、腹泻，但很快能好转，经过2～3周无症状之后，出现脱发、经常性流鼻血，再出现腹泻，极度憔悴，通常在2～6周后死亡。故选D。
单选题,[2021年][河南中安]为防止不同性质危险化学品在贮存过程中相互接触而引起火灾爆炸事故，性质相互抵触的危险化学品不能一起贮存。下列各组物质中，不能一起贮存的是（ ）。,A.硫化氢和氦气|B.氯酸钾和氮气|C.氢气和二氧化碳|D.氨气和氧气,D,题考查禁止一起储存的物品，属于高频考点。做题思路：要能够从气体名称判断其是否属于惰性气体、氧化性气体、毒性气体或易燃易爆气体。惰性气体有氮气、二氧化碳、氦气、氩气等，除惰性气体外，氢气、硫化氢、氯酸钾不准和其他种类的物品共贮；氧气属于助燃气体，除惰性气体外氨气不准和其他种类的物品共贮。选项AC，硫化氢、氢气属于易燃气体可与惰性气体氦气和二氧化碳共储，选项B，氯酸钾属于氧化剂可以和惰性气体氮气共储。选项D，氨气属于易燃气体不得与助燃气体氧气共储。故选D。
单选题,[2021年][河南中安]危险化学品性质不同，对其引起火灾的扑救方法及灭火剂的选用亦不相同。下列危险化学品火灾扑救行为中，正确的是（ ）。,A.使用普通蛋白泡沫扑救汽油火灾|B.使用雾状水扑救电石火灾|C.使用泡沫灭火器扑救铝粉火灾|D.使用沙土盖压扑救爆炸物品火灾,A,本题考查火灾控制的内容，属于高频考点。做题思路：注意区分几种特殊化学品火灾扑救注意事项。A正确，扑救易燃液体火灾时，比水轻又不溶于水的液体用直流水、雾状水灭火往往无效，可用普通蛋白泡沫或轻泡沫扑救；水溶性液体最好用抗溶性泡沫扑救；B错误，遇湿易燃物品（电石等）火灾禁止使用水、泡沫、酸碱等湿性灭火剂扑救，电石与水作用可分解放出乙炔气体；C错误，泡沫灭火器不能用于扑救金属火灾；D错误，扑救爆炸物品火灾时，切忌用沙土盖压，以免增强爆炸物品的爆炸威力。故选A。
单选题,[2021年][河南中安]接地装置是接地体和接地线的总称。运行中电气设备的接地装置应当始终保持良好状态。关于接地装置要求的说法，正确的是（ ）。,A.埋设在地下的各种金属管道均可用作自然接地体|B.自然接地体至少应有两根导体在不同地点与接地网相连|C.管道保温层的金属外皮、金属网以及电缆的金属护层可用作接地线|D.接地体顶端应埋入地表面下，深度不应小于0.4m,B,本题考查接地装置的内容，属于高频考点。做题思路：类似“均可”这样过于绝对的词语，一般不选。A错误，在低压系统，允许利用不流经可燃液体或气体的金属管道作保护导体；B正确，自然接地体至少应有两根导体在不同地点与接地网相连（线路杆塔除外）。C错误，非经允许，接地线不得作其他电气回路使用。不得利用蛇皮管、管道保温层的金属外皮或金属网以及电缆的金属护层做接地线；D错误，为了减小自然因素对接地电阻的影响，接地体上端离地面深度不应小于0.6m（农田地带不应小于1m），并应在冰冻层以下。故选B。
单选题,[2021年][河南中安]圆锯机是以圆锯片对木材进行锯切加工的机械设备。锯片的切割伤害、木材的反弹抛射打击伤害是主要危险。手动进料圆锯机必须安装分料刀，分料刀应设置在出料端，以减少木材对锯片的挤压，防止木材的反弹，如图所示。关于分料刀安全要求的说法，正确的是（ ）。,A.分料刀顶部应不高于锯片圆周上的最高点|B.分料刀与锯片最靠近点与锯片的距离不超过10㎜|C.分料刀的宽度应介于锯身厚度与锯料宽度之间|D.分料刀刀刃为弧形，其圆弧半径不应大于圆锯片半径,C,本题考查分料刀的内容，属于高频考点。解题思路：先掌握原理，再记忆细节。A错误，分料刀顶部应不低于锯片圆周上的最高点；B错误，分料刀与锯片最靠近点与锯片的距离不超过3㎜，其他各点与锯片的距离不得超过8㎜；C正确，应有足够的宽度以保证其强度和刚度，受力后不会被压弯或偏离正常的工作位置。其宽度应介于锯身厚度与锯料宽度之间，在全长上厚度要一致；D错误，分料刀的引导边应是楔形的，以便于导入，其圆弧半径不应小于圆锯片半径。故选C。
单选题,[2021年][河南中安]化学爆炸的形成需要有可燃物质、助燃气体以及一定能量的点火源，如果用惰性气体或阻燃性气体取代助燃气体，就消除了引发爆炸的一个因素，从而使爆炸过程不能形成，工程上称之为惰性气体保护。下列惰性气体保护措施中，错误的是（ ）。,A.易燃易爆系统检修动火前，使用蒸汽进行吹扫置换|B.输送天然气的管道在投入使用前用氮气进行吹扫置换|C.对有可能引起火灾危险的电器采用充蒸汽正压保护|D.发生液化烃类物质泄漏时，采用蒸汽冲淡,C,本题考查爆炸控制的内容，属于高频考点。解题思路：“电”和“水”不要一起出现。A正确，易燃易爆系统检修动火前，使用惰性气体（水蒸气）进行吹扫置换。B正确，输送天然气的管道在投入使用前用惰性气体（氮气）进行吹扫置换，C错误，正压保护是防止爆炸的安全技术措施，而不是防火的技术措施，且蒸汽一般具有导电性，不宜在电器中充当正压保护介质，对有可能引起火灾危险的电器、仪表灯采用充氮正压保护，若采用蒸气（水蒸气）可能导致短路引发事故；D正确，发现易燃易爆气体泄漏时，采用惰性气体充淡。故选C。
单选题,[2021年][河南中安]电火花是电极之间的击穿放电呈现出的现象，其电弧温度高达800℃，能使金属熔化、飞溅，构成二次引燃源。电火花可分为工作火花和事故火花。下列电火花中，属于事故火花的是（ ）。,A.熔丝熔断时产生的火花|B.开关开合时产生的火花|C.电源插头拔出时产生的火花|D.手持电钻碳刷产生的火花,A,本题考查电火花分类的内容，属于高频考点。做题思路：事故火花的核心是线路或设备发生故障时出现的火花。A属于，事故火花是线路或设备发生故障时出现的火花。例如，电路发生短路或接地时产生的火花；熔丝熔断时产生的火花；连接点松动或线路断开时产生的火花；变压器、断路器等高压电气设备由于绝缘质量降低发生的闪络等。事故火花还包括由外部原因产生的火花。如雷电火花、静电火花和电磁感应火花。除上述外，电动机的转动部件与其他部件相碰也会产生机械碰撞火花。BCD属于工作火花。故选A。
单选题,"[2021年][河南中安]一、单选题
1
标记
收藏
本质安全设计措施是指通过改变机器设计或工作特性，来消除危险或减少与危险相关的风险的安全措施。下列采用的安全措施中，属于本质安全措施的是（ ）。",A.采用安全电源|B.设置防护装置|C.设置保护装置|D.设置安全标志|A.0.5m|B.1.0m|C.1.5m|D.2.0m|A.控制装置设置在危险区以外|B.友好的人机界面设计|C.工作位置设计考虑操作者体位|D.传动装置采用隔离式的防护装置|A.正后方|B.正前方|C.斜后方|D.斜前方|A.剪板机不必具有单次循环模式|B.压紧后的板料可以进行微小调整|C.安装在刀架上的刀片可以靠摩擦安装固定|D.剪板机后部落料区域一般应设置阻挡装置|A.皮炎|B.呼吸道疾病|C.过敏|D.切割伤害|A.爆炸产生的超温|B.冲击波传播的高速|C.爆炸产物的高密度|D.波阵面上的超压|A.活化能越低的可燃性粉尘物质，其火灾危险性越大|B.着火点越低的可燃固体物质，其火灾危险性越小|C.闪点越高的可燃液体物质，其火灾危险性越大|D.爆炸下限越低的可燃气体物质，其火灾危险性越小|A.导线连接处的力学强度不得低于原导线力学强度的60%|B.导线连接处的绝缘强度不得低于原导线绝缘强度的80%|C.铜导线与铝导线之间的连接应尽量采用铜—铝过渡接头|D.接头部位电阻不得小于原导线电阻的120%|A.电气设备的散热油管堵塞|B.运行中的电气设备的通风道堵塞|C.交流异步电动机转子被卡死或者轴承损坏、缺油|D.电动机、变压器等电气设备的铁芯通电后过热|A.工作强度|B.熟练程度|C.环境照明|D.工作体位|A.以机为主|B.以人为主|C.人机同等|D.人机共体|A.防止吊臂后倾装置|B.抗风防滑装置|C.回转限位装置|D.力矩限制器|A.嗜睡、昏迷、震颤等|B.震颤、呕吐、腹泻等|C.恶心、脱发、痉挛等|D.恶心、腹泻、流鼻血等|A.硫化氢和氦气|B.氯酸钾和氮气|C.氢气和二氧化碳|D.氨气和氧气|A.使用普通蛋白泡沫扑救汽油火灾|B.使用雾状水扑救电石火灾|C.使用泡沫灭火器扑救铝粉火灾|D.使用沙土盖压扑救爆炸物品火灾|A.埋设在地下的各种金属管道均可用作自然接地体|B.自然接地体至少应有两根导体在不同地点与接地网相连|C.管道保温层的金属外皮、金属网以及电缆的金属护层可用作接地线|D.接地体顶端应埋入地表面下，深度不应小于0.4m|A.分料刀顶部应不高于锯片圆周上的最高点|B.分料刀与锯片最靠近点与锯片的距离不超过10㎜|C.分料刀的宽度应介于锯身厚度与锯料宽度之间|D.分料刀刀刃为弧形，其圆弧半径不应大于圆锯片半径|A.易燃易爆系统检修动火前，使用蒸汽进行吹扫置换|B.输送天然气的管道在投入使用前用氮气进行吹扫置换|C.对有可能引起火灾危险的电器采用充蒸汽正压保护|D.发生液化烃类物质泄漏时，采用蒸汽冲淡|A.熔丝熔断时产生的火花|B.开关开合时产生的火花|C.电源插头拔出时产生的火花|D.手持电钻碳刷产生的火花|A.电弧烧伤|B.电烙印|C.皮肤金属化|D.跨步电压触电|A.0.10|B.0.90|C.10.00|D.11.00|A.冒烟|B.阴燃|C.轰燃|D.压力逐渐降低|A.机械伤害、放射、火灾|B.灼烫、噪声、电离辐射|C.爆炸、机械伤害、微波|D.火灾、灼烫、机械伤害|A.TT系统|B.TN-S系统|C.TN-C系统|D.TN-C-S系统|A.足够的检修活动空间|B.零部件的标准化与互换性|C.故障部位置于危险区以外|D.关键零部件的多样化设计|A.规定经营剧毒化学品销售记录的保存期限为1年|B.规定经营剧毒化学品人员经过国家授权部门的专业培训合格后即可上岗|C.规定经营剧毒化学品人员经过县级公安部门的专门培训合格后即可上岗|D.向当地县级人民政府公安机关口头汇报购买的剧毒化学品数量和品种|A.1.25倍|B.1.50倍|C.1.75倍|D.2.00倍|A.聚合釜|B.洗涤塔|C.蒸发器|D.烘缸|A.化学抑爆技术不适用于无法开设泄爆口的设备|B.化学抑爆技术可以避免有毒物料、明火等窜出设备|C.常用的抑爆剂有化学粉末、水、卤代烷和混合抑爆剂等|D.化学抑爆系统主要由爆炸探测器、爆炸抑制器和控制器组成|A.氨气瓶|B.乙炔气瓶|C.氧气瓶|D.氮气瓶|A.低压系统中允许利用不流经可燃液体或气体的金属管道作为自然保护导体|B.多芯电缆的芯线、与相线同一护套内的绝缘线可作为人工保护导体|C.交流电气设备应优先利用建筑物的金属结构作为自然保护导体|D.交流电气设备应优先利用起重机的轨道作为人工保护导体|A.对于恒定电阻负载，电压过高，,D,本题考查触电事故种类，属于高频考点。做题思路：从概念源头进行区分，电击是电流直接通过人体造成的伤害，电伤电流转换成其他形式能量对人体造成的伤害。D属于，电击：按发生电击时电气设备的状态分为直接接触电击和间接接触电击；按人体触及带电体的方式和电流流过人体的途径分为单线电击、两线电击、跨步电压电击。ABC不属于，电伤包括：电弧烧伤，电流灼伤，皮肤金属化，电烙印，电气机械性伤害，电光眼。故选D。
单选题,[2021年][河南中安]可燃气体、蒸气和可燃粉尘的危险性用危险度表示，危险度由爆炸极限确定。若某可燃气体在空气中爆炸上限是44%，爆炸下限是4%，则该可燃气的危险度是（ ）。,A.0.10|B.0.90|C.10.00|D.11.00,C,本题考查危险度的计算，属于高频考点。做题思路：上减下除以下，得数越大越危险。用爆炸上限、下限之差与爆炸下限浓度之比值表示危险度H。危险度H=（L上－L下）/L下=（44%－4%）÷4%=10。故选C。
单选题,[2021年][河南中安]通过对大量火灾事故的研究，火灾事故的发展阶段一般分为初起期、发展期、最盛期、减弱至熄灭期等，各个阶段具有不同的特征。下列燃烧特征或现象中，属于火灾发展期典型特征的是（ ）。,A.冒烟|B.阴燃|C.轰燃|D.压力逐渐降低,C,本题考查典型火灾的发展规律，属于高频考点。做题思路：熟记火灾热释放速率与时间的平方成正比，轰燃就发生在发展期。C正确，发展期是火势由小到大发展的阶段，一般采用T平方特征火灾模型来简化描述该阶段非稳态火灾热释放速率随时间的变化，即假定火灾热释放速率与时间的平方成正比，轰燃就发生在这一阶段；AB错误，冒烟、阴燃是火灾初起期的典型特征。故选C。
单选题,[2021年][河南中安]铸造作业过程中存在诸多危险有害因素，下列危险有害因素中，铸造作业过程最可能存在的是（ ）。,A.机械伤害、放射、火灾|B.灼烫、噪声、电离辐射|C.爆炸、机械伤害、微波|D.火灾、灼烫、机械伤害,D,本题考查铸造作业危险有害因素，属于高频考点。做题思路：关键字记忆。铸造作业的危险有害因素包括：火灾及爆炸、灼烫、机械伤害、高处坠落、尘毒危害、噪声振动、高温和热辐射。故选D。
单选题,"[2021年][河南中安]一、单选题
25
标记
收藏
在中性点接地配电网中，对于有火灾、爆炸危险性较大的场所或有独立附设变电站的车间，应选用的接地（零）系统是（ ）。",A.TT系统|B.TN-S系统|C.TN-C系统|D.TN-C-S系统,B,本题考查接零保护，属于高频考点。做题思路：T代表接地，N代表接零。理解几个系统的原理及适用范围。TN-S系统安全性最高。A错误，TT系统主要用于低压用户，即用于未装备配电变压器，从外面直接引进低压电源的小型用户；B正确，TN-S系统：用于有爆炸危险，或火灾危险性较大，或安全要求较高的场所，宜用于有独立附设变电站的车间（TN-S系统最安全，故适用于危险性大的场所）；C错误，TN-C系统：可用于无爆炸危险、火灾危险性不大、用电设备较少、用电线路简单且安全条件较好的场所；D错误，TN-C-S系统：宜用于厂内设有总变电站，厂内低压配电的场所及非生产性楼房。故选B。
单选题,[2021年][河南中安]机械产品设计应考虑维修性，以确保机械产品一旦出现故障，易发现、易检修。下列机械产品设计要求中，不属于维修性考虑的是（ ）。,A.足够的检修活动空间|B.零部件的标准化与互换性|C.故障部位置于危险区以外|D.关键零部件的多样化设计,D,本题考查机械的可靠性设计，属于高频考点。做题思路：维修性：位置、可达、互换、安全。ABC属于，D不属于，维修性设计应考虑以下要求将维护、润滑和维修设定点放在危险区之外检修人员接近故障部位进行检查、修理、更换零件等维修作业的可达性，即安装场所可达性（有足够的检修活动空间）、设备外部的可达性（考虑封闭设备用于人员进行检修的开口部分的结构及其固定方式）、设备内部的可达性（设备内部各零、组部件之间的合理布局和安装空间）零、组部件的标准化与互换性，同时，必须考虑维修人员的安全。关键零部件的多样化设计属于关键组件或子系统加倍（或冗余）和多样化设计。故选D。
单选题,[2021年][河南中安]依据《危险化学品安全管理条例》，下列剧毒化学品经营企业的行为中，正确是（ ）。,A.规定经营剧毒化学品销售记录的保存期限为1年|B.规定经营剧毒化学品人员经过国家授权部门的专业培训合格后即可上岗|C.规定经营剧毒化学品人员经过县级公安部门的专门培训合格后即可上岗|D.向当地县级人民政府公安机关口头汇报购买的剧毒化学品数量和品种,A,本题考查剧毒化学品、易制爆危险化学品的经营，属于高频考点。做题思路：结合法规学习。A正确，危险化学品生产企业、经营企业销售剧毒化学品、易制爆危险化学品，应当如实记录购买单位的名称、地址、经办人的姓名、身份证号码以及所购买的剧毒化学品、易制爆危险化学品的品种、数量、用途。销售记录以及经办人的身份证明复印件、相关许可证件复印件或者证明文件的保存期限不得少于1年；BC错误，错在“培训合格后即可上岗”，从事危险化学品经营的企业应当具备下列条件：从业人员经过专业技术培训并经考核合格；注意不能只是培训，还应当考核合格；D错误，错在“口头汇报”，剧毒化学品、易制爆危险化学品的销售企业、购买单位应当在销售、购买后5日内，将所销售、购买的剧毒化学品、易制爆危险化学品的品种、数量以及流向信息报所在地县级人民政府公安机关备案，并输入计算机系统。故选A。
单选题,"[2021年][河南中安]一、单选题
28
标记
收藏
根据《固定式压力容器安全技术监察规程》（TSG21），压力容器出厂前以水为介质进行耐压试验，试验压力应为设计的压力的（ ）。",A.1.25倍|B.1.50倍|C.1.75倍|D.2.00倍,B,本题考查压力容器的水压试验压力。B正确，根据《固定式压力容器安全技术监察规程》（TSG21），3.3.1.4耐压试验压力不得低于1.5倍的设计压力，盛装毒性危害程度为极度或者高度危害介质的压力容器，其试验压力不得低于1.75倍的设计压力。耐压试验介质一般采用清洁的水。因本题没有明确规定该压力容器承装介质毒性，所以选择1.5。故选B。
单选题,"[2021年][河南中安]一、单选题
29
标记
收藏
按照在生产过程中的作用，压力容器可分为反应压力容器、换热压力容器、分离压力容器和储存压力容器四类。下列容器中，属于反应压力容器的是（ ）。",A.聚合釜|B.洗涤塔|C.蒸发器|D.烘缸,A,本题考查压力容器按照生产中的作用的分类，属于高频考点。做题思路：分类别记忆示例。A正确，反应压力容器主要是用于完成介质的物理、化学反应的压力容器，如各种反应器、反应釜、聚合釜、合成塔、变换炉、煤气发生炉等；B错误，洗涤塔属于分离压力容器；C错误，蒸发器属于换热压力容器；D错误，烘缸属于储存压力容器。故选A。
单选题,[2021年][河南中安]阻火隔爆按其作用原理可分为机械隔爆和化学抑爆两类，化学抑爆是在火焰传播显著加速的初期，通过喷洒抑爆剂来抑制爆炸的作用范围及猛烈程度的一种防爆技术。关于化学抑爆技术的说法，错误的是（ ）。,A.化学抑爆技术不适用于无法开设泄爆口的设备|B.化学抑爆技术可以避免有毒物料、明火等窜出设备|C.常用的抑爆剂有化学粉末、水、卤代烷和混合抑爆剂等|D.化学抑爆系统主要由爆炸探测器、爆炸抑制器和控制器组成,A,本题考查化学抑制防爆装置的内容，属于高频考点。做题思路：掌握化学抑爆的原理，如果设备不封闭则无法完成抑爆剂的填充。A错误，错在“不适用于无法开设泄爆口的设备”，化学抑爆技术可以避免有毒或易燃易爆物料以及灼热物料、明火等窜出设备，对设备强度的要求较低。适用于泄爆易产生二次爆炸，或无法开设泄爆口的设备以及所处位置不利于泄爆的设备。常用的抑爆剂有化学粉末、水、卤代烷和混合抑爆剂等。故选A。
单选题,"[2021年][河南中安]一、单选题
31
标记
收藏
气瓶入库时，应按照气体的性质、公称工作压力及空实瓶等进行分类分库存取并设置明确标志。下列气瓶中，可与氢气瓶同库存放的是（ ）。",A.氨气瓶|B.乙炔气瓶|C.氧气瓶|D.氮气瓶,D,本题考查气瓶的贮存、保管，属于高频考点。做题思路：示例记忆。气瓶入库应按照气体的性质、公称工作压力及空实瓶严格分类存放，应有明确的标志。C错误，可燃气体的气瓶不可与氧化性气体气瓶同库储存；AB错误，氢气不得与笑气、氨、氯乙烷、环氧乙烷、乙炔等同库。故选D。
单选题,[2021年][河南中安]保护导体分为人工保护导体和自然保护导体。关于保护导体的说法，错误的是（ ）。,A.低压系统中允许利用不流经可燃液体或气体的金属管道作为自然保护导体|B.多芯电缆的芯线、与相线同一护套内的绝缘线可作为人工保护导体|C.交流电气设备应优先利用建筑物的金属结构作为自然保护导体|D.交流电气设备应优先利用起重机的轨道作为人工保护导体,D,本题考查保护导体，属于高频考点。做题思路：区分自然保护导体和人工保护导体。D错误，保护导体分为人工保护导体和自然保护导体。交流电气设备应优先利用建筑物的金属结构、生产用的起重机的轨道、配线的钢管等自然导体作保护导体。“起重机的轨道”属于自然保护导体而不是人工保护导体。故选D。
单选题,[2021年][河南中安]电气线路短路、过载、电压异常等会引起电气设备异常运行，发热量增加，温度升高，乃至产生危险温度，构成电气引燃源。关于电压异常造成危险温度的说法，正确的是（ ）。,A.对于恒定电阻负载，电压过高，工作电流增大，发热增加，可能导致危险温度|B.对于恒定功率负载，电压过低，工作电流变小，发热增加，可能导致危险温度|C.对于恒定功率负载，电压过高，工作电流变大，发热增加，可能导致危险温度|D.对于恒定电阻负载，电压过低，工作电流变小，发热增加，可能导致危险温度,A,本题考查危险温度，属于高频考点。做题思路：电压过高和过低都有可能导致危险温度。A正确，电压过高，除使铁芯发热增加外，对于恒定电阻的负载，还会使电流增大，增加发热；电压过低，除使电磁铁吸合不牢或吸合不上外，对于恒定功率负载，还会使电流增大，增加发热。两种情况都可能导致危险温度。故选A。
单选题,[2021年][河南中安]体力劳动强度指数是区分体力劳动强度等级的指标。关于体力劳动强度级别的说法，正确的是（ ）。,A.体力劳动强度指数为16时，则体力劳动强度级别为“Ⅰ级”|B.体力劳动强度指数为20时，则体力劳动强度级别为“Ⅲ级”|C.体力劳动强度指数为22时，则体力劳动强度级别为“Ⅳ级”|D.体力劳动强度指数为18时，则体力劳动强度级别为“Ⅱ级”,D,本题考查的是体力劳动强度分级表格，属于高频考点。做题思路：主要掌握对应关系，以及临界点的包含关系。依据表格，故选D。
单选题,[2021年][河南中安]气瓶压力高、种类多，使用不当极易造成事故。依据《气瓶安全技术规程》（TSG 23），下列特种设备中，不应按照气瓶管理的是（ ）。,A.消防灭火器用气瓶|B.公交车加气站瓶式压力容器|C.家用液化石油气钢瓶|D.车用压缩天然气气瓶,A,本题考查的是《气瓶安全技术规程》不适用范围。根据《气瓶安全技术规程》（TSG23），1.3不适用范围，本规程不适用于仅在灭火时承受瞬时压力的消防灭火用气瓶，以及手提式干粉型灭火用气瓶、水基型灭火用气瓶、钎焊结构气瓶，军事装备、核设施、航空航天器、铁路机车、海上设施和船舶、矿山井下、民用机场专用设备使用的气瓶。气瓶按照用途一般分为：（1）工业用气瓶；（2）医用气瓶；（3）燃气气瓶；（4）车用气瓶；（5）呼吸器用气瓶；（6）消防灭火用气瓶。故选A。
单选题,[2021年][河南中安]爆炸性粉尘环境的危险区域划分，应根据爆炸性粉尘量、释放率、浓度和其他特性，以及同类企业相似厂房的实践经验等确定。下列对面粉生产车间爆炸性粉尘环境的分区中，错误的是（ ）。,A.筛面机容器内为20区|B.取样点周围区为22区|C.面粉灌袋出口为22区|D.旋转吸尘器内为20区,C,本题考查的是粉尘、纤维爆炸危险环境，属于高频考点。做题思路：明确不同分区的概念。AD正确，C错误，20区包括粉尘容器、旋风除尘器、搅拌器等设备内部的区域；21区包括频繁打开的粉尘容器出口附近、传送带附近等设备外部邻近区域；B正确，22区包括粉尘袋、取样点等周围的区域。故选C。
单选题,[2021年][河南中安]当施加于绝缘材料上的电场强度高于临界值时，绝缘材料发生破裂或分解，完全失去绝缘能力，这种现象就是绝缘击穿。固体绝缘的击穿有电击穿、热击穿、电化学击穿、放电击穿等形式。其中，电击穿的特点是（ ）。,A.作用时间短、击穿电压低|B.作用时间短、击穿电压高|C.作用时间长、击穿电压低|D.作用时间长、击穿电压高,B,本题考查的是固体绝缘击穿，属于高频考点。做题思路：区分几种击穿的特点。固体绝缘击穿：电击穿、热击穿、电化学击穿、放电击穿。各自特点为：①电击穿：作用时间短、击穿电压高。②热击穿：电压作用时间较长，而击穿电压较低。③电化学击穿是由于电离、发热和化学反应等因素综合作用造成的击穿。电化学击穿的特点是电压作用时间很长、击穿电压往往很低。故选B。
单选题,[2021年][河南中安]起重司索工的工作质量与整个起重作业安全关系很大。下列司索工安全作业的要求中，正确的是（ ）。,A.不允许多人同时吊挂同一重物|B.不允许司索工用诱导绳控制所吊运的既大又重的物体|C.吊钩要位于被吊物重心的正上方，不得斜拉吊钩硬挂|D.重物与吊绳之间必须加衬垫,C,本题考查的是司索工安全操作技术，属于高频考点。做题思路：司索工属于非常高频的考点，其安全操作技术要求要重点掌握。A错误，当多人吊挂同一吊物时，应由一专人负责指挥，在确认吊挂完备，所有人员都离开站在安全位置以后，才可发起钩信号；B错误，吊运大而重的物体应加诱导绳，诱导绳长应能使司索工既可握住绳头，同时又能避开吊物正下方，以便发生意外时司索工可利用该绳控制吊物；D错误，重物棱角处与吊绳之间未加衬垫不吊。故选C。
单选题,[2021年][河南中安]依据《气瓶安全技术规程》，关于气瓶公称工作压力说法错误的是（ ）。,A.盛装压缩气瓶的公称工作压力，是指在基准温度（20℃）下，瓶内气体达到完全均匀状态时的限定（充）压力。|B.盛装液化气体气瓶的公称工作压力，是指温度为60℃时瓶内气体压力的下限值|C.盛装溶解气体气瓶的公称工作压力，是指瓶内气体达到化学、热量以及扩散平衡条件下的静置压力（15℃）|D.焊接绝热气瓶的公称工作压力，是指在气瓶正常工作状态下，内胆顶部气相空间可能达到的最高压力,B,本题考查的是气瓶公称工作压力。做题思路：注意临界值的记忆。B错误，根据《气瓶安全技术规程》（TSG23-2021）的规定，液化气体气瓶应分为高压液化气体气瓶和 低压液化气体气瓶。其中高压液化气体气瓶的公称工作压力，是指60℃时气瓶内气体压力的上限值，低压液化气体气瓶的公称工作压力，是指60℃时所充装气体的饱和蒸气压。故选B。
单选题,[2021年][河南中安]雷电可破坏电气设备或电力线路，易造成大面积停电、火灾等事故。下列雷电事故中，不属于雷电造成电气设备或电力线路破坏事故的是（ ）。,A.直击雷落在变压器电源侧线路上造成变压器爆炸起火|B.直击雷落在超高压输电线路上造成大面积停电|C.球雷侵入棉花仓库造成火灾烧毁库里所有电器|D.雷电击毁高压线绝缘子造成短路引起大火,C,本题考察的是雷电对于电力线路或电气设备的破坏，属于高频考点。做题思路：区分起因是“电”还是其他物品。C错误，球雷侵入棉花仓库造成火灾烧毁库里所有电器属于雷电流导致的火灾和爆炸危害，所以引燃棉花导致火灾烧毁电器不是雷电直接对电器的破坏。故选C。
单选题,[2021年][河南中安]安全阀在设备或容器内的压力超过设定值时自动开启，泄出部分介质降低压力，从而防止设备或容器破裂爆炸。下列针对安全阀设置的要求中，错误的是（ ）。,A.安全阀用于泄放可燃液体时，宜将排泄管接入事故储槽、污油罐或其他容器|B.当安全阀的入口处装有隔断阀时，隔断阀必须保持常开状态并加铅封|C.液化气体容器上的安全阀应安装于液相部分，防止排出气体物料，发生事故|D.室内可燃气体压缩机安全阀的放空口宜引出房顶，并高于房顶2m以上,C,本题考察的是安全阀的设置，属于高频考点。做题思路：液化气体属于气体。C错误，错在“应安装于液相部分”，液化气体容器上的安全阀应安装于气相部分，防止排出液体物料，发生事故。故选C。
单选题,[2021年][河南中安]危险化学品是指具有毒害、腐蚀、爆炸、燃烧、助燃等性质，对人体、设施、环境具有危害的剧毒化学品和其他化学品。有的危险化学品同时具有多种危险特性。下列危险化学品中，同时具有燃烧、爆炸和毒害危险特性的是（ ）。,A.氩气|B.硫化氢|C.光气|D.硝酸,B,本体考查危险化学品危险特性。做题思路：了解不同危化品的特性。A错误，氩气属于惰性气体；C错误，光气是剧烈窒息性毒气，有剧毒，不可燃；D错误，硝酸具有氧化性和腐蚀性，吸入硝酸烟雾可引起急性中毒，硝酸助燃，与可燃物混合会发生爆炸；B正确，硫化氢同时具有燃烧、爆炸和毒害危险特性。故选B。
单选题,[2021年][河南中安]在电流途径左手到右手、大接触面积（50～100cm2）且干燥的条件下，当接触电压在100～220V时，人体电阻大致在（ ）。,A.500～1000Ω|B.2000～3000Ω|C.4000～5000Ω|D.6000～7000Ω,B,本题考查人体阻抗范围。做题思路：数字记忆。在电流途径从左手到右手、大接触面积（50～100cm2）的条件下，在干燥条件下，当接触电压在100～220V范围内时，人体阻抗大致上在2000～3000Ω之间。故选B。
单选题,[2021年][河南中安]干粉灭火器以液态二氧化碳或氮气作动力，将灭火器内干粉灭火剂喷出进行灭火。干粉灭火器按使用范围可分为普通干粉（BC干粉）灭火器和多用干粉（ABC干粉）灭火器两大类。其中，ABC干粉灭火器不能扑救（ ）。,A.镁粉火灾|B.柴油火灾|C.甲烷火灾|D.电缆火灾,A,本题考察的是灭火器的应用，属于高频考点。做题思路：掌握一个最通用的性质，轻金属火灾只能使用沙土进行扑救。ABC干粉灭火器不能扑灭金属火灾，即D类火灾。故选A。
单选题,"[2021年][河南中安]一、单选题
45
标记
收藏
电气安全检测仪器对电器进行测量，其测出的数据是判断电器是否能正常运行的重要依据。下列仪器仪表中，用于测量绝缘电阻的是（ ）。",A.接地电阻测量仪|B.万用表|C.兆欧表|D.红外测温仪,C,本题考察的是绝缘电阻测量仪，属于高频考点。做题思路：绝缘电阻找“兆欧”。C正确，绝缘电阻是电气设备最基本的性能指标。绝缘电阻是兆欧级的电阻，要求在较高的电压下进行测量。现场应用兆欧表测量绝缘电阻。故选C。
单选题,[2021年][河南中安]使用叉车，必须按照出厂使用说明书中的技术性能、承载能力和使用条件进行操作和使用，严禁超载作业或任意扩大使用范围。下列针对叉车安全操作的要求中，正确的是（ ）。,A.以内燃机为动力的叉车严禁进入易燃易爆仓库内部作业|B.不得使用两辆叉车同时装卸同一辆货车|C.叉运物件时，当物件提升离地后，将起落架放平后方可行驶|D.任何情况下叉车都不得叉装重量不明的物件,A,本题考察的是叉车安全操作技术，属于高频考点。做题思路：起重机、叉车、司索工均允许两辆/人同时操作。B错误，两辆叉车同时装卸一辆货车时，应有专人指挥联系，保证安全作业；C错误，物件提升离地后，应将起落架后仰，方可行驶；D错误，叉装物件时，被装物件重量应在该机允许载荷范围内。当重物质量不明时，应将该物件叉起离地100㎜后检查机械的稳定性，确认无超载现象后，方可运送。故选A。
单选题,[2021年][河南中安]锻造是一种利用锻压机械对金属坯料施加压力，使其产生塑性变形以获取具有一定机械性能、形状和尺寸工件的加工方法，下列伤害类型中，锻造过程最常见的是（ ）。,A.起重伤害|B.机械伤害|C.高处坠落|D.电击伤害,B,本题考察的是锻造的危险有害因素，属于高频考点。做题思路：最常见的伤害均为机械伤害。B正确，在锻造生产中易发生的伤害事故，按其原因可分为3种：（1）机械伤害。（2）火灾爆炸。（3）灼烫。锻造加工过程中，机械设备、工具或工件的非正常选择和使用，人的违章操作等，都可导致机械伤害。如锻锤锤头击伤；打飞锻件伤人；辅助工具打飞击伤；模具、冲头打崩、损坏伤人；原料、锻件等在运输过程中造成的砸伤；操作杆打伤、锤杆断裂击伤等。故选B。
单选题,[2021年][河南中安]特低电压是在一定条件下、一定时间内不危及生命安全的电压，既能防止间接接触电击，也能防止直接接触电击。按照触电防护方式分类，由特低电压供电的设备属于（ ）。,A.0类设备|B.Ⅰ类设备|C.Ⅱ类设备|D.Ⅲ类设备,D,本题考察的是电气设备触电防护分类，属于高频考点。做题思路：依照表格对比记忆。D正确，特低电压供电设备属于Ⅲ类电气设备，Ⅲ类设备依靠安全特低电压供电以防止触电，Ⅲ类设备内不得产生高出安全特低电压的电压。故选D。
单选题,[2021年][河南中安]大型游乐设施机械设备的运动部件上设置有行程开关，当行程开关的机械触头碰上挡块时，联锁系统将使机械设备停止运行或改变运行状态。这类安全装置称为（ ）。,A.锁紧装置|B.限位装置|C.止逆装置|D.限速装置,B,本题考查的是大型游乐设施的安全装置。做题思路：防护装置的要求：有危险的运动装置——设置防护罩；行程限制——限位；惯性冲击——缓冲装置；松脱——紧固装置；不能同时——联锁装置。B正确，运动限制装置（限位装置）：通常人们所见的限位开关就属于运动限制装置，限位开关就是用以限定机械设备的运动极限位置的电气开关。限位开关有接触式和非接触式两种。接触式的比较直观，机械设备的运动部件上设置了行程开关，与其相对运动的固定点上安装极限位置的挡块，或者是相反安装位置。当行程开关的机械触头碰上挡块时，切断了控制电路，机械就停止运行或改变运行，由于机械的惯性运动，这种行程开关有一定的“超行程”以保护开关不受损坏。故选B。
单选题,[2021年][河南中安]存在摩擦而且容易产生静电的工艺环节，必须采取工艺控制措施，以消除静电危害。关于从工艺控制进行静电防护的说法，正确的是（ ）。,A.将注油管出口设置在容器的顶部|B.采用导电性工具，有利于静电的泄漏|C.增加输送流体速度，减少静电积累时间|D.液体灌装或搅拌过程中进行检测作业,B,本题考查的是静电防护措施，属于高频考点。做题思路：避免摩擦、限制流速、减少积累。A错误，为了避免液体在容器内喷射、溅射，应将注油管延伸至容器底部；C错误，为了限制产生危险的静电，烃类燃油在管道内流动时，流速与管径应满足以下关系：υ2D≤0.64；D错误，为了防止静电放电，在液体灌装、循环或搅拌过程中不得进行取样、检测或测温操作。进行上述操作前，应使液体静置一定的时间，使静电得到足够的消散或松弛。故选B。
单选题,[2021年][河南中安]依据《特种设备安全监察条例》，特种设备应进行定期检验，由使用单位向特种设备检验检测机构提出检验申请。压力容器的定期检验应在检验有效期届满前（ ）提出申请。,A.三个月|B.两个月|C.一周|D.一个月,D,本题属于法规的考点。做题思路：法规考点，数字记忆。根据《特种设备安全监察条例》第二十八条：特种设备使用单位应当按照安全技术规范的定期检验要求，在安全检验合格有效期届满前1个月向特种设备检验检测机构提出定期检验要求。故选D。
单选题,"[2021年][河南中安]一、单选题
52
标记
收藏
气瓶的爆破片装置由爆破片和夹持器等组成，其安装位置应视气瓶的种类而定，无缝气瓶的爆破片装置一般装设在气瓶的（ ）。",A.瓶颈上|B.瓶阀上|C.瓶帽上|D.瓶底上,B,本题考查安全泄压装置的要求，属于高频考点。做题思路：只有无缝气瓶将爆破片装配在瓶阀上。B正确，由于无缝气瓶瓶体上不宜开孔，高压无缝气瓶容积较小，安全泄放量也小，不需要太大的泄放面积，因此用于永久气体气瓶的爆破片一般装配在气瓶阀门上。故选B。
单选题,[2021年][河南中安]接地保护是防止间接接触触电技术措施。关于接地保护系统说法错误的是（ ）。,A.IT系统适用于各种不接地配电网|B.TT系统适用于星形连接的低压中性点直接接地配电网|C.TT系统适用于三角形连接的低压中性点直接接地配电网|D.TT系统中装设能自动切断漏电故障线路的漏电保护装置,C,本题考查接地保护，属于高频考点。做题思路：要明确星形连接和三角形连接的形式，并区分IT、TT系统的基本形式。C错误，三角形接法时没有中性点，左图为星形连接，右图为三角形连接。TT系统属于星形连接形式。而IT系统属于三角形连接形式。故选C。
单选题,[2021年][河南中安]电流对人体伤害的程度与电流通过人体的路径有关。电流流入人体，一定是从人体受到的伤害程度。下列电流通过人体的路径中。最危险的路径是（ ）。,A.左手至脚部|B.左手至背部|C.左手至右手|D.左手至胸部,D,本题考查电流途径的影响，属于高频考点。做题思路：特例记忆。D正确，左手至胸部途径的心脏电流系数为1.5，是最危险的途径。故选D。
单选题,"[2021年][河南中安]一、单选题
1
标记
收藏
本质安全设计措施是指通过改变机器设计或工作特性，来消除危险或减少与危险相关的风险的安全措施。下列采用的安全措施中，属于本质安全措施的是（ ）。",A.采用安全电源|B.设置防护装置|C.设置保护装置|D.设置安全标志|A.0.5m|B.1.0m|C.1.5m|D.2.0m|A.控制装置设置在危险区以外|B.友好的人机界面设计|C.工作位置设计考虑操作者体位|D.传动装置采用隔离式的防护装置|A.正后方|B.正前方|C.斜后方|D.斜前方|A.剪板机不必具有单次循环模式|B.压紧后的板料可以进行微小调整|C.安装在刀架上的刀片可以靠摩擦安装固定|D.剪板机后部落料区域一般应设置阻挡装置|A.皮炎|B.呼吸道疾病|C.过敏|D.切割伤害|A.爆炸产生的超温|B.冲击波传播的高速|C.爆炸产物的高密度|D.波阵面上的超压|A.活化能越低的可燃性粉尘物质，其火灾危险性越大|B.着火点越低的可燃固体物质，其火灾危险性越小|C.闪点越高的可燃液体物质，其火灾危险性越大|D.爆炸下限越低的可燃气体物质，其火灾危险性越小|A.导线连接处的力学强度不得低于原导线力学强度的60%|B.导线连接处的绝缘强度不得低于原导线绝缘强度的80%|C.铜导线与铝导线之间的连接应尽量采用铜—铝过渡接头|D.接头部位电阻不得小于原导线电阻的120%|A.电气设备的散热油管堵塞|B.运行中的电气设备的通风道堵塞|C.交流异步电动机转子被卡死或者轴承损坏、缺油|D.电动机、变压器等电气设备的铁芯通电后过热|A.工作强度|B.熟练程度|C.环境照明|D.工作体位|A.以机为主|B.以人为主|C.人机同等|D.人机共体|A.防止吊臂后倾装置|B.抗风防滑装置|C.回转限位装置|D.力矩限制器|A.嗜睡、昏迷、震颤等|B.震颤、呕吐、腹泻等|C.恶心、脱发、痉挛等|D.恶心、腹泻、流鼻血等|A.硫化氢和氦气|B.氯酸钾和氮气|C.氢气和二氧化碳|D.氨气和氧气|A.使用普通蛋白泡沫扑救汽油火灾|B.使用雾状水扑救电石火灾|C.使用泡沫灭火器扑救铝粉火灾|D.使用沙土盖压扑救爆炸物品火灾|A.埋设在地下的各种金属管道均可用作自然接地体|B.自然接地体至少应有两根导体在不同地点与接地网相连|C.管道保温层的金属外皮、金属网以及电缆的金属护层可用作接地线|D.接地体顶端应埋入地表面下，深度不应小于0.4m|A.分料刀顶部应不高于锯片圆周上的最高点|B.分料刀与锯片最靠近点与锯片的距离不超过10㎜|C.分料刀的宽度应介于锯身厚度与锯料宽度之间|D.分料刀刀刃为弧形，其圆弧半径不应大于圆锯片半径|A.易燃易爆系统检修动火前，使用蒸汽进行吹扫置换|B.输送天然气的管道在投入使用前用氮气进行吹扫置换|C.对有可能引起火灾危险的电器采用充蒸汽正压保护|D.发生液化烃类物质泄漏时，采用蒸汽冲淡|A.熔丝熔断时产生的火花|B.开关开合时产生的火花|C.电源插头拔出时产生的火花|D.手持电钻碳刷产生的火花|A.电弧烧伤|B.电烙印|C.皮肤金属化|D.跨步电压触电|A.0.10|B.0.90|C.10.00|D.11.00|A.冒烟|B.阴燃|C.轰燃|D.压力逐渐降低|A.机械伤害、放射、火灾|B.灼烫、噪声、电离辐射|C.爆炸、机械伤害、微波|D.火灾、灼烫、机械伤害|A.TT系统|B.TN-S系统|C.TN-C系统|D.TN-C-S系统|A.足够的检修活动空间|B.零部件的标准化与互换性|C.故障部位置于危险区以外|D.关键零部件的多样化设计|A.规定经营剧毒化学品销售记录的保存期限为1年|B.规定经营剧毒化学品人员经过国家授权部门的专业培训合格后即可上岗|C.规定经营剧毒化学品人员经过县级公安部门的专门培训合格后即可上岗|D.向当地县级人民政府公安机关口头汇报购买的剧毒化学品数量和品种|A.1.25倍|B.1.50倍|C.1.75倍|D.2.00倍|A.聚合釜|B.洗涤塔|C.蒸发器|D.烘缸|A.化学抑爆技术不适用于无法开设泄爆口的设备|B.化学抑爆技术可以避免有毒物料、明火等窜出设备|C.常用的抑爆剂有化学粉末、水、卤代烷和混合抑爆剂等|D.化学抑爆系统主要由爆炸探测器、爆炸抑制器和控制器组成|A.氨气瓶|B.乙炔气瓶|C.氧气瓶|D.氮气瓶|A.低压系统中允许利用不流经可燃液体或气体的金属管道作为自然保护导体|B.多芯电缆的芯线、与相线同一护套内的绝缘线可作为人工保护导体|C.交流电气设备应优先利用建筑物的金属结构作为自然保护导体|D.交流电气设备应优先利用起重机的轨道作为人工保护导体|A.对于恒定电阻负载，电压过高，,C,本题考查灭火器使用范围，属于高频考点。做题思路：“电”和“水”不要一起出现。A错误，电气火灾未切断电源前不能用水扑救，因为水是良导体，容易造成触电；B错误，泡沫灭火器适合扑救脂类、石油产品等B类火灾以及木材等A类物质的初起火灾，但不能扑救B类水溶性火灾，也不能扑救带电设备及C类和D类火灾；C正确，二氧化碳灭火器，更适宜于扑救600V以下带电电器、贵重设备、图书档案、精密仪器仪表的初起火灾，以及一般可燃液体的火灾；D错误，酸碱灭火器适用于扑救A类物质的初起火灾，不能用于扑救B类物质燃烧的火灾，也不能用于扑救C类可燃气体或D类轻金属火灾，同时也不能用于带电场合火灾的扑救。故选C。
单选题,[2021年][河南中安]起重机的安全操作是防止起重伤害的重要保证。下列起重机安全操作的要求中，错误的是（ ）。,A.开机作业前，确认所有控制器置于零位|B.正常作业时，可利用极限位置限制器停车|C.吊载接近或达到额定值，要利用小高度、短行程试吊|D.对于紧急停止信号，无论任何人发出，都必须立即执行,B,本题考查起重机械使用安全技术内容，属于高频考点。做题思路：记忆“五不得”。B错误，司机在正常操作过程中，不得利用极限位置限制器停车；不得利用打反车进行制动；不得在起重作业过程中进行检查和维修；不得带载调整起升、变幅机构的制动器；吊物不得从人头顶上通过，吊物和起重臂下不得站人。故选B。
单选题,[2021年][河南中安]粉尘爆炸过程比气体爆炸过程复杂，爆炸条件有一定差异。下列粉尘爆炸条件中，不是必要条件的是（ ）。,A.粉尘处于密闭空间|B.粉尘本身具有可燃性|C.粉尘悬浮在空气或助燃气体中并达到一定浓度|D.有足以引起粉尘爆炸的起始能量（点火源）,A,本题考查粉尘爆炸条件，属于高频考点。做题思路：记忆粉尘爆炸的必要条件。A不是必要条件，粉尘爆炸的条件：粉尘本身具有可燃性、粉尘悬浮在空气（或助燃气体）中并达到一定浓度、有足以引起粉尘爆炸的起始能量（点火源）。故选A。
单选题,[2021年][河南中安]建筑物防雷分类按其火灾和爆炸的危险性、人身伤亡的危险性、政治经济价值分为三类。关于建筑物防雷分类的说法，错误的是（ ）。,A.国家级重点文物保护建筑物是第一类防雷建筑物|B.具有0区爆炸危险场所的建筑物是第一类防雷建筑物|C.国际特级和甲级大型体育馆是第二类防雷建筑物|D.省级重点文物保护建筑物是第三类防雷建筑物,A,本题考查防雷分类，属于高频考点。做题思路：关键词“国大2但”。A错误，国家级重点文物保护建筑物是第二类防雷建筑物。故选A。
单选题,"[2021年][河南中安]一、单选题
1
标记
收藏
本质安全设计措施是指通过改变机器设计或工作特性，来消除危险或减少与危险相关的风险的安全措施。下列采用的安全措施中，属于本质安全措施的是（ ）。",A.采用安全电源|B.设置防护装置|C.设置保护装置|D.设置安全标志|A.0.5m|B.1.0m|C.1.5m|D.2.0m|A.控制装置设置在危险区以外|B.友好的人机界面设计|C.工作位置设计考虑操作者体位|D.传动装置采用隔离式的防护装置|A.正后方|B.正前方|C.斜后方|D.斜前方|A.剪板机不必具有单次循环模式|B.压紧后的板料可以进行微小调整|C.安装在刀架上的刀片可以靠摩擦安装固定|D.剪板机后部落料区域一般应设置阻挡装置|A.皮炎|B.呼吸道疾病|C.过敏|D.切割伤害|A.爆炸产生的超温|B.冲击波传播的高速|C.爆炸产物的高密度|D.波阵面上的超压|A.活化能越低的可燃性粉尘物质，其火灾危险性越大|B.着火点越低的可燃固体物质，其火灾危险性越小|C.闪点越高的可燃液体物质，其火灾危险性越大|D.爆炸下限越低的可燃气体物质，其火灾危险性越小|A.导线连接处的力学强度不得低于原导线力学强度的60%|B.导线连接处的绝缘强度不得低于原导线绝缘强度的80%|C.铜导线与铝导线之间的连接应尽量采用铜—铝过渡接头|D.接头部位电阻不得小于原导线电阻的120%|A.电气设备的散热油管堵塞|B.运行中的电气设备的通风道堵塞|C.交流异步电动机转子被卡死或者轴承损坏、缺油|D.电动机、变压器等电气设备的铁芯通电后过热|A.工作强度|B.熟练程度|C.环境照明|D.工作体位|A.以机为主|B.以人为主|C.人机同等|D.人机共体|A.防止吊臂后倾装置|B.抗风防滑装置|C.回转限位装置|D.力矩限制器|A.嗜睡、昏迷、震颤等|B.震颤、呕吐、腹泻等|C.恶心、脱发、痉挛等|D.恶心、腹泻、流鼻血等|A.硫化氢和氦气|B.氯酸钾和氮气|C.氢气和二氧化碳|D.氨气和氧气|A.使用普通蛋白泡沫扑救汽油火灾|B.使用雾状水扑救电石火灾|C.使用泡沫灭火器扑救铝粉火灾|D.使用沙土盖压扑救爆炸物品火灾|A.埋设在地下的各种金属管道均可用作自然接地体|B.自然接地体至少应有两根导体在不同地点与接地网相连|C.管道保温层的金属外皮、金属网以及电缆的金属护层可用作接地线|D.接地体顶端应埋入地表面下，深度不应小于0.4m|A.分料刀顶部应不高于锯片圆周上的最高点|B.分料刀与锯片最靠近点与锯片的距离不超过10㎜|C.分料刀的宽度应介于锯身厚度与锯料宽度之间|D.分料刀刀刃为弧形，其圆弧半径不应大于圆锯片半径|A.易燃易爆系统检修动火前，使用蒸汽进行吹扫置换|B.输送天然气的管道在投入使用前用氮气进行吹扫置换|C.对有可能引起火灾危险的电器采用充蒸汽正压保护|D.发生液化烃类物质泄漏时，采用蒸汽冲淡|A.熔丝熔断时产生的火花|B.开关开合时产生的火花|C.电源插头拔出时产生的火花|D.手持电钻碳刷产生的火花|A.电弧烧伤|B.电烙印|C.皮肤金属化|D.跨步电压触电|A.0.10|B.0.90|C.10.00|D.11.00|A.冒烟|B.阴燃|C.轰燃|D.压力逐渐降低|A.机械伤害、放射、火灾|B.灼烫、噪声、电离辐射|C.爆炸、机械伤害、微波|D.火灾、灼烫、机械伤害|A.TT系统|B.TN-S系统|C.TN-C系统|D.TN-C-S系统|A.足够的检修活动空间|B.零部件的标准化与互换性|C.故障部位置于危险区以外|D.关键零部件的多样化设计|A.规定经营剧毒化学品销售记录的保存期限为1年|B.规定经营剧毒化学品人员经过国家授权部门的专业培训合格后即可上岗|C.规定经营剧毒化学品人员经过县级公安部门的专门培训合格后即可上岗|D.向当地县级人民政府公安机关口头汇报购买的剧毒化学品数量和品种|A.1.25倍|B.1.50倍|C.1.75倍|D.2.00倍|A.聚合釜|B.洗涤塔|C.蒸发器|D.烘缸|A.化学抑爆技术不适用于无法开设泄爆口的设备|B.化学抑爆技术可以避免有毒物料、明火等窜出设备|C.常用的抑爆剂有化学粉末、水、卤代烷和混合抑爆剂等|D.化学抑爆系统主要由爆炸探测器、爆炸抑制器和控制器组成|A.氨气瓶|B.乙炔气瓶|C.氧气瓶|D.氮气瓶|A.低压系统中允许利用不流经可燃液体或气体的金属管道作为自然保护导体|B.多芯电缆的芯线、与相线同一护套内的绝缘线可作为人工保护导体|C.交流电气设备应优先利用建筑物的金属结构作为自然保护导体|D.交流电气设备应优先利用起重机的轨道作为人工保护导体|A.对于恒定电阻负载，电压过高，,D,本题考查烟花爆竹产品生产过程中的防火防爆措施，属于高频考点。做题思路：铜铝木竹是好的，铁瓷塑纤是坏的。D正确，手工直接接触烟火药的工序应使用铜、铝、木、竹等材质的工具，不使用铁器、瓷器和不导静电的塑料、化纤材料等工具盛装、掏挖、装筑（压）烟火药，盛装烟火药时药面应不超过容器边缘。故选D。
单选题,[2021年][河南中安]依据《常用危险化学品贮存通则》（GB15603），企业在贮存危险化学品时要严格遵守相关要求。下列危险化学品的贮存行为中，正确的是（ ）。,A.某工厂经厂领导批准后设置危险化学品贮存仓库|B.某工厂露天堆放易燃物品、剧毒物品时，按最高等级标志|C.某工厂对可以同贮的危化品同区域贮存时，按最高等级标志|D.某工厂将甲、乙类化学品同库贮存时，按最高等级标志,C,本题考查危险化学品储存的基本要求，属于高频考点。做题思路：本题的核心是储存要求，不是最高等级标志。A错误，危险化学品必须储存在经公安部门批准设置的专门的危险化学品仓库中，经销部门自管仓库储存危险化学品及储存数量必须经公安部门批准。未经批准不得随意设置危险化学品储存仓库；B错误，危险化学品露天堆放，应符合防火、防爆的安全要求，爆炸物品、一级易燃物品、遇湿燃烧物品、剧毒物品不得露天堆放；D错误，甲、乙类化学品不能同库贮存。故选C。
单选题,[2021年][河南中安]工业生产过程中，存在多种引起火灾和爆炸的点火源，如明火、化学反应热、静电放电火花等。控制点火源对防止火灾和爆炸事故的发生具有极其重要的意义。下列控制点火源措施的要求中，错误的是（ ）。,A.有飞溅火花的加热装置，应远离可能泄漏易燃气体或蒸气的工艺设备和储罐区，并布置在其侧风向|B.有飞溅火花的加热装置，应远离可能泄漏易燃气体或蒸气的工艺设备和储罐区，并布置在其上风向|C.明火加热设备的布置，应远离可能泄漏易燃气体或蒸气的工艺设备和储罐区，并布置在其上风向|D.明火加热设备的布置，应远离可能泄漏易燃气体或蒸气的工艺设备和储罐区，并布置在其侧风向,B,本题考查点火源控制，属于高频考点。做题思路：危上安下。B错误，明火加热设备的布置，应远离可能泄漏易燃气体或蒸气的工艺设备和储罐区，并应布置在其上风向或侧风向。对于有飞溅火花的加热装置，应布置在上述设备的侧风向。故选B。
单选题,[2021年][河南中安]民用爆炸物品种类繁多，不同类别和品种的爆炸物品在生产、储存、运输和使用过程中的危险因素不尽相同，因而要采用不同的安全措施。为了保证炸药在长期储存中的安全，一般会加入少量的二苯胺等化学药剂，此技术措施主要改善了炸药的（ ）。,A.能量特征|B.可靠性|C.燃烧特征|D.安定性,D,本题考查的是炸药燃烧及爆炸的特性，属于高频考点。做题思路：特例记忆。D正确，安定性是指炸药必须在长期储存中保持其物理化学性质的相对稳定。为改善炸药的安定性，一般在炸药中加入少量的化学安定剂，如二苯胺等。故选D。
单选题,"[2021年][河南中安]一、单选题
63
标记
收藏
危险化学品的爆炸可按爆炸反应物质分为简单分解爆炸、复杂分解爆炸和爆炸性混合物爆炸。下列危险化学品中，可发生复杂分解爆炸的是（ ）。",A.环氧乙烷|B.叠氮化铅|C.乙炔银|D.黑索金,D,本题考查的是燃烧爆炸的分类，属于高频考点。做题思路：记忆特例。D正确，燃烧爆炸可以分为简单分解爆炸、复杂分解爆炸和保障性混合物爆炸。简单分解爆炸例如，乙炔银、叠氮铅等能引起简单分解的爆炸物，乙炔、环氧乙烷等在压力下的分解爆炸。复杂分解爆炸例如，梯恩梯、黑索金等。故选D。
单选题,[2021年][河南中安]室燃锅炉运行时火焰不能直接烧灼水冷壁管，应力求燃烧室内火焰分布均匀，充满整个炉膛。当锅炉要增加负荷时，正确的做法是（ ）。,A.先增加燃料，后加大送风，最后加大引风|B.先加大引风，后增加燃料，最后加大送风|C.先加大引风，后加大送风，最后增加燃料|D.先加大送风，后加大引风，最后增加燃料,C,本题考查的是锅炉点火升压，属于高频考点。做题思路：先引后送，最后加料。C正确，根据《全国地方小型火力发电厂锅炉运行规程（试行）》，4.4.2.1在正常运行中，应根据锅炉负荷尽量将所有的煤粉燃烧器投入运行，各燃烧器的煤粉量应均匀分配。在锅炉负荷变化时，应及时调整各燃烧器的给粉量和风量，保持锅炉气压和气温稳定。在增加锅炉蒸发量时，应先加风，后加煤；减少锅炉蒸发量时，应先减煤，后减风。4.4.2.2在一般情况下，应采用改变给粉机转数的方式调整给粉量，只有在锅炉负荷变化较大时，方可采用投停燃烧器的方式调整给粉量。停用的燃烧器，应适当通风冷却，以防烧损。综合上述规范及教材的规定，锅炉运行过程中，负荷增加时，应先增加引风量，后增加送风量，最后增加燃料量；减负荷时应先减燃料量，后减进风量，最后减引风量。故选C。
单选题,[2021年][河南中安]传统人机工程中的“机”一般是指不具有人工智能的机器。人机功能分配是指根据人和机器各自的优势和局限性，把“人—机—环”系统中的任务进行分解，然后合理地分配给人和机器，使其承担相应的任务，进而使系统安全、经济、高效地完成工作。基于人与机器的特点，关于人机功能分配的说法，错误的是（ ）。,A.机器可适应单调、重复性的工作而不会发生疲劳，故可将此类工作任务赋予机器完成|B.机器的环境适应性远高于人类，故可将危险、有毒、恶劣环境的工作赋予机器完成|C.机器具有高度可塑性，灵活处理程序和策略，故可将一些意外事件交由机器处理|D.人具有综合利用记忆的信息进行分析的能力，故可将信息分析和判断交由人处理,C,本题考查的是人与机器特性的比较，属于高频考点。做题思路：人——灵活的，机器——死板的。C错误，人具有高度的灵活性和可塑性，能随机应变，采取灵活的程序和策略处理问题，人能根据情境改变工作方法，能学习和适应环境，能应对意外事件和排除故障，有良好的优化决策能力。而机器应付偶然事件的程序则非常复杂，均需要预先设定，任何高度复杂的自动系统都离不开人的参与。故选C。
单选题,[2021年][河南中安]依据《烟花爆竹工程设计安全规范》，危险性建筑物与村庄、铁路、电力设施等外部的最小允许距离，应分别按建筑物的危险等级和计算药量计算后取其最大值。关于计算药量的说法，正确的是（ ）。,A.抗爆间室的危险品药量，应计入危险性建筑物的计算药量|B.防护屏障内的危险品药量，应计入该屏障内的危险性建筑物的计算药量|C.厂房内采取了分隔防护措施，各分隔区不会同时爆炸或燃烧的药量可分别计算后取和|D.烟花爆竹生产建筑中短期存放的药量不计入计算药量,B,本题考查的是药量的确定计算内容，属于高频考点。做题思路：厂房计算药量和停滞药量规定，实际上都是烟花爆竹生产建筑物中暂时搁置时允许存放的最大药量。A错误，抗爆间室的危险品药量可不计入危险性建筑物的计算药量；C错误，厂房内采取了分隔防护措施，相互间不会引起同时爆炸或燃烧的药量可分别计算，取其最大值；D错误，厂房计算药量和停滞药量实际上都是烟花爆竹生产建筑物中暂时允许存放的最大药量。故选B。
单选题,[2021年][河南中安]劳动强度是以作业过程中人体的能耗、氧耗、心率、直肠温度、排汗率或相对代谢率等指标进行分级，体力劳动强度分为4个等级。下列劳动作业中，属于Ⅱ级劳动强度的是（ ）。,A.大强度的挖掘或搬运|B.臂和躯干负荷工作|C.手和臂持续动作|D.手工作业或腿的轻度活动,C,本题考查常见职业体力劳动强度分级的描述，属于高频考点。做题思路：特例记忆。Ⅱ级劳动包括：手和臂持续动作；臂和腿的工作；臂和躯干的工作。A错误，大强度的挖掘或搬运属于Ⅳ级劳动强度；B错误，臂和躯干负荷工作属于Ⅲ级劳动强度；D错误，手工作业或腿的轻度活动属于Ⅰ级劳动强度。故选C。
单选题,[2021年][河南中安]在爆炸危险环境中使用的电气设备和电气线路不应产生能够造成引燃源的火花、电弧或危险温度。下列针对爆炸危险环境中电气设备和电气线路的要求中，错误的是（ ）,A.正常运行时不产生火花、电弧或高温的环境，应选用增安型设备|B.存在燃爆危险性混合物的环境，操作用小开关应选用本质安全型|C.电气线路穿过不同区域之间隔墙的孔洞，应采用非燃性材料严密封堵|D.在1区内电缆线路严禁有中间接头，在2区、20区、21区内可有中间接头,D,本题考查防爆电气设备和防爆电气线路的内容，属于高频考点。做题思路：中间接头不要有。A正确，增安型设备是在正常时不产生火花、电弧或高温的设备上采取加强措施以提高安全水平的电气设备；B正确，本质安全型设备是正常状态下和故障状态下产生的火花或热效应均不能点燃爆炸性混合物的电气设备；C正确，敷设电气线路的沟道、电缆桥架或导管，所穿过的不同区域之间墙或楼板处的孔洞，应采用非燃性材料严密堵塞；D错误，在1区内电缆线路严禁有中间接头，在2区、20区、21区内不应有中间接头。故选D。
单选题,[2021年][河南中安]对工作环境进行照明设计时，应考虑视觉作业的照明与作业安全、视觉工效之间的关系。下列针对作业场所照明的要求中，错误的是（ ）。,A.采用强烈的颜色对比|B.注意表面特性的显示|C.运用各种照明方式|D.避免强烈眩光的使用,A,本题考查人机作业环境的内容，属于高频考点。做题思路：照明要适度，过强或过弱都不好。A错误，作业场所的照明方案应既能满足工作照明，又避免不良的眩光；注意颜色的利用、表面特性的显示、各种照明方式的运用、灯光与昼光的合理结合，以及无强烈对比和眩光等。面对作业人员的墙壁，避免采用强烈的颜色对比；避免有光泽的或反射性的涂料等。故选A。
单选题,[2021年][河南中安]在工业生产中，为防止毒性危险化学品对人体造成伤害，须佩戴防护用具。呼吸道防毒面具包括过滤式和隔离式两类。下列呼吸道防毒面具中，属于隔离式的是（ ）。,A.空气呼吸器|B.单罐式防毒口罩|C.头罩式防毒面具|D.双罐式防毒口罩,A,本题考查呼吸道防毒面具选用，属于高频考点。做题思路：参照表格分类记忆。A属于，呼吸道防毒面具包括隔离式和过滤式两类。隔离式呼吸道防毒面具包括氧气呼吸器、空气呼吸器、生氧面具、自救器、电动式和人工式送风长管式、自吸长管式等；BCD不属于，单罐式防毒口罩、头罩式防毒面具、双罐式防毒口罩均属于过滤式防毒面具。故选A。
多选题,[2021年][河南中安]依据《压力管道安全技术监管规程—工业管道》（TSGD0001），压力管道由压力管道元件和附属设施等组成，下列压力管道系统涉及的元件中，属于压力管道元件的有（ ）。,A.阀门|B.过滤器|C.管道支撑架|D.阴极保护 E 密封件,ABC,本题考查压力管道元件，属于高频考点。做题思路：与管道本身相关的、构成管道的属于压力管道元件。ABCE属于，压力管道元件一般分成管子、管件（弯头、异径接头、三通、法兰、管帽）、阀门、补偿器、连接件、密封件、附属部件（疏水器、过滤器、分离器、除污器、凝水缸、缓冲器等）、支吊架等，也可以将压力管道元件分成管道组成件和支撑件，其中管道组成件是承受介质压力的部件。管道支撑架属于支撑件。安全保护装置包括紧急切断装置（紧急切断阀等）、安全泄压装置（安全阀、爆破片等）、测漏装置、测温测压装置（温度计、压力表等）、静电接地装置、阻火器、液位计和泄漏气体安全报警装置。D属于附属设施，附属设施指阴极保护装置、压气站、泵站、阀站、调压站、监控系统等。故选ABCE。
多选题,[2021年][河南中安]安全阀和爆破片是压力容器最常用的安全泄压装置，可以单独组合使用。安全阀出口侧串联安装爆破片装置时，应满足的条件有（ ）。,A.爆破片的泄放面积不大于安全阀的进口面积|B.容器和系统内介质洁净，不含胶着物质或阻塞物质|C.爆破片的最小爆破压力不得大于容器的工作压力|D.安全阀与爆破片装置之间设置放空管或者排污管 E 当安全阀与爆破片之间产生背压时安全阀仍能准确开启,BD,本题考查安全阀与爆破片装置的组合，属于高频考点。做题思路：首先明确安全阀的使用要求介质洁净，不容易阻塞，出口侧串联爆破片，一般是外部环境容易影响到安全阀的使用。当安全阀出口侧串联安装爆破片装置时，应满足下列条件：（1）容器内的介质应是洁净的，不含有胶着物质或阻塞物质；（2）安全阀泄放能力应满足要求；（3）当安全阀与爆破片之间存在背压时，阀仍能在开启压力下准确开启；A错误，（4）爆破片的泄放面积不得小于安全阀的进口面积；（5）安全阀与爆破片装置之间应设置放空管或排污管，以防止该空间的压力累积；C错误，压力容器上爆破片的设计爆破压力一般不大于该容器的设计压力，并且爆破片的最小爆破压力不得小于该容器的工作压力。故选BDE。
多选题,[2021年][河南中安]关于铸造的安全措施正确的有（ ）。,A.大型铸造车间的砂处理工段布置在单独的厂房内|B.造型、落砂、清砂等工艺要求要采取防尘措施|C.冲天炉熔炼应加入萤石等|D.混砂作业宜采用带称量的密闭混砂机 E 造型、制芯应布置在厂区最小频率风向的上风侧,ABD,本题考查铸造的安全措施，属于高频考点。做题思路：危上安下。C错误，冲天炉熔炼不宜加萤石；E错误，污染较小的造型、制芯工段在集中采暖地区应布置在非采暖季节最小频率风向的下风侧，在非集中采暖地区应位于全年最小频率风向的下风侧。故选ABD。
多选题,[2021年][河南中安]爆破片也称防爆膜或防爆片，是一种断裂型的安全泄压装置，当设备、容器及系统因某种原因压力超标时，爆破片即被破坏进而泄压以防止设备、容器及系统受到破坏。决定爆破片防爆效率的因素有（ ）。,A.环境|B.系统压力|C.膜片厚度|D.膜片材质 E 泄压面积,CD,本题考查爆破片防爆效率的影响因素。做题思路：关键点记忆。爆破片的防爆效率取决于它的厚度、泄压面积和膜片材料的选择。故选CDE。
多选题,[2021年][河南中安]压力管道的安全操作，维护保养和故障处理是影响管道安全的重要因素。关于压力管道使用和维护安全技术的说法，正确的是（ ）。,A.高温管道在开工升温过程中需进行热紧|B.低温管道在开工降温过程中需进行冷紧|C.管道接头发生泄漏时不得带压紧固连接件|D.巡回检查项目应包括静电跨接，静电接地状况 E 进行焊接时，可将管道或支架作为电焊的接地线,ABCD,本题考查压力管道的安全操作。 B正确，开工升温过程中，高温管道需对管道法兰连接螺栓进行热紧；开工降温过程中，低温管道需进行冷紧。巡回检查的项目主要有：（1）各项工艺操作指标参数、系统平稳运行情况；（2）管道接头、阀门及各管件密封情况；（3）防腐层、保温层完好情况；（4）管道振动情况；（5）管道支吊架的紧固、腐蚀和支撑情况，管架、基础完好情况；（6）阀门等操作机构润滑状况；（7）安全阀、压力表等安全保护装置运行状况；（8）静电跨接、静电接地、抗腐蚀阴极保护装置的运行和完好状况；（9）地表环境情况；（10）其他缺陷；E错误，禁止将管道及支架作为电焊的零线或起重工具的锚点和撬抬重物的支撑点。故选ABCD。
多选题,[2021年][河南中安]爆炸危险区域的等级应根据释放源的级别和位置、易燃物质的性质、通风条件、障碍物及生产条件、运行经验综合确定，关于爆炸危险区域等级及范围的划分。正确的有（ ）。,A.存在连续级释放源的区域可划分为0区|B.区域采用局部机械通风，可降低整个爆炸危险区域等级|C.区域通风良好可降低爆炸危险区域等级|D.在障碍物、凹坑和死角处，应局部提高爆炸危险区域等级 E 利用墙限制比空气重的爆炸性气体混合物扩散，可缩小爆炸危险区域范围,ACD,本题考查爆炸危险区域，属于高频考点。做题思路：先判定基本区域划分，通风良好可降级，通风不良需升级。A正确，（1）存在连续级释放区域可划分为0区，存在第一级释放区域可划分为1区，存在第二级释放源的区域可划为2区；C正确，（2）如通风良好，应降低爆炸危险区域等级；如通风不良，应提高爆炸危险区域等级；B错误，（3）局部机械通风在降低爆炸性气体混合物浓度方面比自然通风和一般机械通风更为有效时，可采用局部机械通风降低爆炸危险区域等级；D正确，（4）在障碍物、凹坑和死角处，应局部提高爆炸危险区域等级；E正确，（5）利用堤或墙等障碍物，限制比空气重的爆炸性气体混合物的扩散，可缩小爆炸危险区域的范围。故选ACDE。
多选题,[2021年][河南中安]切削机床存在机械、电气、噪声等多种危险因素，其中在操作过程由于动能或弹性位能的意外释放，使失控物件飞甩或反弹造成的打击伤害属于机械伤害。下列切削机床作业危险的原因或部位中，可导致飞出物打击伤害的有（ ）。,A.接触的滚动面|B.失控的动能|C.弹性元件的位能|D.液体的位能 E 气体的位能,BCD,本题考查机械伤害的形式，属于高频考点。做题思路：对伤害形式进行区分，对比记忆。飞出物打击的危险：由于动能或弹性位能的意外释放，使失控物件飞甩或反弹造成的伤害。危险产生原因和部位有：B正确，①失控的动能。机床零件或被加工材料/工件、运动的机床零件或工件掉下或甩出；切屑（最易伤人是带状屑、崩碎屑）飞溅引起的烫伤、划伤，以及砂轮的磨料和细切屑使眼睛受伤；C正确，②弹性元件的位能。如弹簧、皮带等的断裂引起的弹射；DE正确，③液体或气体位能。机床冷却系统、液压系统、气动系统由于泄漏或元件失效引起流体喷射，负压和真空导致吸入的危险；A错误，接触的滚动面属于引入或卷入、碾轧的危险。故选BCDE。
多选题,[2021年][河南中安]接触腐蚀性危险化学品会对人体造成伤害，关于腐蚀性危险化学品对人体伤害的说法，正确的有（ ）。,A.腐蚀性物品灼伤的伤口不易愈合|B.内部器官被腐蚀性物品严重灼伤会引起炎症|C.接触氢氟酸时会引起剧痛，使组织坏死|D.腐蚀性危险化学品会引起表皮细胞组织破坏造成灼伤 E 人体组织接触腐蚀性危险化学品可能造成电离,ABCD,本题考查腐蚀性危险化学品特性。做题思路：依据常识进行判断。ABCD正确，腐蚀性物品接触人的皮肤、眼睛、肺部、食道等，会引起表皮细胞组织发生破坏作用而造成灼伤，而且被腐蚀性物品灼伤的伤口不易愈合。内部器官被灼伤时，严重的会引起炎症，如肺炎，甚至会造成死亡。特别是接触氢氟酸时，能发生剧痛，使组织坏死，如不及时治疗，会导致严重后果。E错误，错在“可能造成电离”，人体组织接触腐蚀性危险化学品可能造成腐蚀性伤害，且伤口不易愈合。故选ABCD。
多选题,[2021年][河南中安]静电防护的主要措施有环境危险程度控制，工艺控制，接地，增湿，添加抗静电添加剂，采用静电消除器等。关于静电防护措施的说法中，正确的是（ ）。,A.采用接地措施，可以消除感应静电的全部危险|B.接地的主要作用是消除导体上的静电|C.增湿的方法不宜用于消除高温绝缘体上的静电|D.高绝缘材料中加入抗静电添加剂，可加速静电的泄漏 E 静电消除器主要用来消除导体上的静电,BCD,本题考查静电防护措施，属于高频考点。做题思路：分类理解记忆。A错误，错在“可以消除感应静电的全部危险”，对于感应静电，接地只能消除部分危险；E错误，静电消除器主要用来消除非导体上的静电。故选BCD。
多选题,[2021年][河南中安]危险化学品火灾、爆炸事故可以从防止燃烧爆炸系统形成、消除点火源、限制蔓延扩散等方面控制。下列控制措施中，不属于限制火灾、爆炸蔓延扩散措施的有（ ）。,A.设置惰性气体保护、设置安全监测及报警等设施|B.防止摩擦和撞击产生火花，控制明火和高温表面等措施|C.在火灾爆炸危险场所采用本质安全型防爆电气设备|D.有爆炸危险的生产中，机件运转部分用两种材料制成其一是有色金属材料 E 设置阻火装置、防爆泄压装置及防火防爆分隔等设施,ABCD,本题考查防止火灾、爆炸事故发生的基本原则，属于高频考点。做题思路：区分三点基本原则对应的内容。从理论上讲，防止火灾、爆炸事故发生的基本原则主要有三点。（一）防止燃烧、爆炸系统的形成：（1）替代。（2）密闭。（3）惰性气体保护。（4）通风置换。（5）安全监测及联锁。（二）消除点火源，能引发事故的点火源有明火、高温表面、冲击、摩擦、自燃、发热、电气火花、静电火花、化学反应热、光线照射等。具体的做法有：（1）控制明火和高温表面。（2）防止摩擦和撞击产生火花。（3）火灾爆炸危险场所采用防爆电气设备避免电气火花。（三）限制火灾、爆炸蔓延扩散的措施：包括阻火装置、防爆泄压装置及防火防爆分隔等。A属于防止火灾、爆炸系统形成的措施；BCD属于消除点火源的措施。故选ABCD。
多选题,"[2021年][河南中安]二、多选题
81
标记
收藏
毒性危险化学品通过一定的途径进入人体，在体内积蓄到一定剂量后就会表现出中毒症状。毒性危险化学品侵入人体通常是通过（ ）。",A.呼吸系统|B.神经系统|C.骨骼|D.皮肤组织 E 消化系统,AD,本题考查毒性危险化学品侵入人体的途径，属于高频考点。做题思路：熟记进入人体的三种通道。毒性危险化学品可经呼吸道、消化道和皮肤进入人体。在工业生产中，毒性危险化学品主要经呼吸道和皮肤进入体内，有时也可经消化道进入。故选ADE。
多选题,[2021年][河南中安]粉尘爆炸过程与可燃气爆炸过程相似，但爆炸特性和影响因素有区别。关于粉尘爆炸特性的说法，正确的有（ ）。,A.粉尘爆炸感应期比气体爆炸感应期短|B.粉尘爆炸比气体爆炸产生的破坏程度小|C.粉尘爆炸压力上升速率比气体爆炸压力上升速率小|D.粉尘爆炸存在不完全燃烧现象 E 粉尘爆炸后有产生二次爆炸的可能性,CD,本题考查粉尘爆炸的特点，属于高频考点。做题思路：区分气体爆炸和粉尘爆炸的特点。粉尘爆炸是一个瞬间的连锁反应，属于不稳定的气固二相流反应。粉尘爆炸的特点：（1）粉尘爆炸速度或爆炸压力上升速度比爆炸气体小，但燃烧时间长，产生的能量大，破坏程度大；（2）爆炸感应期较长。粉尘的爆炸过程比气体的爆炸过程复杂；（3）有产生二次爆炸的可能性；（4）粉尘有不完全燃烧现象；A错误，粉尘爆炸感应期比气体爆炸感应期长；B错误，粉尘爆炸比气体爆炸产生的破坏程度大。故选CDE。
多选题,[2021年][河南中安]烟火药的制造工艺包括：粉碎、研磨、过筛、称量、混合、造粒、干燥等。关于烟火药制造过程中防火防爆措施的说法，正确的有（ ）。,A.进行三元黑火药混合的球磨机与药物接触的部分不应使用黄铜部件|B.粉碎氧化剂、还原剂应分别在单独专用工房内进行|C.进行烟火药各成分混合宜采用转鼓等机械设备|D.进行烟火药混合的设备不应使用易产生静电积累的塑料材质 E 可使用球磨机混合氯酸盐烟火药等高感度药物,BCD,本题考查的是《烟花爆竹作业安全技术规程》的内容。做题思路：题目考查说法，要求表述和规范完全一致才算正确。5.5.7不应使用石磨、石臼混合药物；不应使用球磨机混合氯酸盐烟火药等高感度药物。8.1.8进行二元或三元黑火药混合的球磨机与药物接触的部分不应使用铁制部件，可用黄铜、杂木、楠竹和皮革及导电橡胶等材料制成。进行烟火药混合的设备应达到不产生火花和静电积累的要求，不应使用易产生火花（铁质）和静电积累（塑料）材质。A错误，进行二元或三元黑火药混合的球磨机与药物接触的部分不应使用铁制部件，可用黄铜、杂木、楠竹和皮革及导电橡胶等材料制成；E错误，不应使用球磨机混合氯酸盐烟火药等高感度药物；摩擦药的混合，应将氧化剂、还原剂分别用水润湿后方可混合，混合后的烟火药应保持湿度。故选BCD。
多选题,[2021年][河南中安]在工业生产和日常生活中，受材质、工艺设备、工艺参数和环境条件等因素的影响，会产生和积累大量静电，对生产生活造成较大危害。关于静电危害的说法，正确的有（ ）。,A.接地的人体接近带静电物体时不会发生火花放电，但会伤害人体|B.生产过程中积累的静电放电造成的瞬间冲击性电击可能致人死亡|C.在爆炸性混合物场所，静电积累可能产生静电火花引起爆炸或火灾|D.带静电的人体接近接地导体时可能发生火花放电，是爆炸或火灾的因素 E 生产过程中产生的静电可能妨碍生产或降低产品质量,CD,本题考查静电的危害，属于高频考点。做题思路：满足：“人体带电，导体接地”或“人体接地，导体带电”，可能发生火花放电，导致火灾爆炸。A错误，错在“不会发生火花放电”。带静电的人体接近接地导体或其他导体时，以及接地的人体接近带电的物体时，均可能发生火花放电，导致爆炸或火灾；B错误，错在“可能致人死亡”，生产过程中积累的静电放电造成的瞬间冲击性电击，因其静电能量不大，不会使人致命。故选CDE。
多选题,[2021年][河南中安]维修性设计是指产品设计时从维修的观点出发，保证产品一旦出故障能容易地发现并进行维修。产品维修性设计应考虑的主要因素有（ ）。,A.可达性|B.可靠性|C.零部件的互换性|D.故障周期性 E 维修人员的安全,AC,本题考查机械的可靠性设计，属于高频考点。做题思路：产品维修性设计应考虑的主要因素有可达性，零、组部件的标准化与互换性，同时，必须考虑维修人员安全。ACE正确，维修性设计应考虑以下要求：将维护、润滑和维修设定点放在危险区之外；检修人员接近故障部位进行检查、修理、更换零件等维修作业的可达性，即安装场所可达性（有足够的检修活动空间）、设备外部的可达性（考虑封闭设备用于人员进行检修的开口部分的结构及其固定方式）、设备内部的可达性（设备内部各零、组部件之间的合理布局和安装空间）；零、组部件的标准化与互换性，同时，必须考虑维修人员的安全。故选ACE。
单选题,[2022年][河南中安]《民用爆破器材工程设计安全规范》（GB50089）对危险性建筑物采暖系统的设计作出严格规定，以防止生产过程中散发的燃爆性粉尘沉积在其表面，预防燃爆事故。关于危险性建筑物采暖系统设计的说法，错误的是（    ）。,A.选择散热器外表面颜色时，应与粉尘颜色有区别|B.不应采用带肋片的散热器或柱型散热器|C.散热器应装在壁龛内，以防止可燃粉尘沉积|D.热源管道入口及换热装置不应设在危险工作间,C,本题主要考查的是危险性建筑物采暖系统防爆要求。做题思路：防止粉尘积聚。C错误，错在“应装在壁龛内”。根据《民用爆破器材工程设计安全规范》（GB50089）11.2.2，危险性建筑物采暖系统的设计应符合下列规定：（1）散热器应采用光面管或其他易于擦洗的散热器，不宜采用带肋片的或柱型散热器；（2）散热器和采暖管道的外表面应涂以易于识别爆炸危险性粉尘颜色的油漆；（3）散热器的外表面与墙内表面的距离不应小于60mm，与地面的距离不宜小于100mm。散热器不应设在壁龛内；（4）抗爆间室的散热器，不应设在轻型面。采暖干管不应穿过抗爆间室的墙体，抗爆间室内的散热器支管上的阀门，应设在操作走廊内；（5）采暖管道不应设在地沟内。当在过门地沟内设置采暖管道时，应对地沟采取密闭措施；（6）蒸汽、高温水管道的入口装置和换热装置不应设在危险工作间内。注：《民用爆破器材工程设计安全规范》（GB50089）已被《民用爆炸物品工程设计安全标准》（GB50089）替换，但此部分内容在新标准中未更改。故选C。
单选题,[2022年][河南中安]安全防护措施是指从人的安全需求出发，采用特定的技术手段防止或限制各种危险的安全措施，包括防护装置、保护装置及其他补充措施，其中防护装置有固定式、活动式、联锁式、栅栏式等。关于防护装置特性的说法，正确的是（    ）。,A.活动式防护装置与机器的构架相连接，使用工具才能打开|B.联锁式防护装置的开闭状态与防护对象的危险状态相联锁|C.固定式防护装置位置固定，不能打开或拆除|D.栅栏式防护装置用于防护传输距离不大的传动装置,B,本题主要考查的是防护装置，属于高频考点。做题思路：先掌握各种防护装置特性，后通过关键词判断选项正误。A错误，错在“使用工具”。活动式防护装置是通过机械方法（如铁链、滑道等）与机器的构架或邻近的固定元件相连接，并且不用工具就可打开；C错误，错在“不能打开或拆除”。固定式防护装置是保持在所需位置（关闭）不动的防护装置。不用工具不能将其打开或拆除；D错误，错在“用于防护传输距离不大”。栅栏式防护适用于防护范围比较大的场合，或作为移动机械移动范围内临时作业的现场防护，或高处临边作业的防护等。故选B。
单选题,[2022年][河南中安]挤压和剪切是金属切削机床可能存在的机械伤害，引起此类伤害的主要危险因素是往复直线运动或往复摆动的零部件。关于金属切削机床存在挤压和剪切伤害的说法，错误的是（    ）。,A.主轴箱与立柱之间存在剪切|B.刀具与刀座之间存在挤压|C.刀具与刀座之间存在剪切|D.工作台与立柱之间存在挤压,D,本题主要考查的是金属切削机床的机械伤害。做题思路：先熟悉金属切削机床构造，后区分不同危险。D错误，金属切削机床存在的挤压危险包括：①工作台与墙或其他物体之间；②刀具与刀座之间；③刀具与夹紧机构或机械手之间等。剪切危险包括：①工作台与滑鞍之间；②滑鞍与床身之间；③主轴箱与立柱之间；④刀具与刀座之间。冲击危险包括：工作台、滑座、立柱等部件快速移动、主轴箱快速下降、机械手移动引起的冲击危险。金属切削机床工作台与立柱之间存在冲击危险。故选D。
单选题,"[2022年][河南中安]压力机危险性较大，其作业区应安装安全保护装置、安全保护控制装置等，以保障暴露于危险区的人员安全。某单位对右图所示压力机进行升级改造，为加强作业区的安全保护和控制，该压力机应安装的安全保护控制装置是（    ）。
压力机示意图",A.栅栏式安全装置|B.推手式安全装置|C.拉手式安全装置|D.光电式安全装置,D,本题主要考查的是安全保护控制装置，属于高频考点。做题思路：区分安全保护装置和安全保护控制装置。D正确，安全保护装置包括活动式、固定栅栏式、推手式、拉手式等。安全保护控制装置包括双手操作式、光电感应保护装置等。故选D。
单选题,[2022年][河南中安]具有放射性的危险化学品能从原子核内部自行不断放出有穿透力、人眼不可见的射线。这些射线会对人产生不同程度的放射性伤害。下列危险化学品对人造成的危害中，属于典型的放射性伤害的是（    ）。,A.对人的呼吸道系统造成伤害|B.对人的造血系统造成伤害|C.对人的表皮细胞组织造成破坏|D.对人体内部器官造成灼伤,B,本题主要考查的是放射性伤害，属于高频考点。做题思路：掌握三种伤害类型，找出符合项。B正确，放射性危险化学品的主要危险特性在于它的放射性。在极高剂量的放射线作用下，能造成3种类型的放射伤害：（1）对中枢神经和大脑系统的伤害。（2）对肠胃的伤害。（3）对造血系统的伤害。故选B。
单选题,[2022年][河南中安]某公司对正在使用的一批砂轮机进行安全检查。下列检查结果中，符合安全要求的是（    ）。,A.一台切断用砂轮机，砂轮直径为400mm，砂轮卡盘直径为120mm|B.一台一般用途砂轮机，砂轮直径为150mm，砂轮卡盘直径为45mm|C.一台一般用途砂轮机的卡盘结构均匀平衡，表面存在尖棱锐边|D.一台切断用砂轮机的卡盘与砂轮侧面的非接触部分的间隙为1.2mm,A,本题主要考查的是砂轮机安全，属于高频考点。做题思路：先掌握砂轮机相关知识点，后根据关键词判断选项正误。B错误，错在“45mm”。一般用途的砂轮卡盘直径不得小于砂轮直径的1/3，切断用砂轮的卡盘直径不得小于砂轮直径的1/4，砂轮直径为150mm，卡盘直径不得小于50mm；C错误，错在“存在尖棱锐边”。卡盘结构应均匀平衡，各表面平滑无锐棱，夹紧装配后，与砂轮接触的环形压紧面应平整、不得翘曲；D错误，错在“1.2mm”。卡盘与砂轮侧面的非接触部分应有不小于1.5mm的足够间隙。故选A。
单选题,[2022年][河南中安]间距的作用是保证带电体置于可能触及的范围之外，防止发生触电。下列对架空线路导线与地面安全距离的要求中，正确的是（    ）。,A.35kV架空线路与非居民区地面的最小距离为5.0m|B.35kV架空线路与居民区地面的最小距离为7.0m|C.10kV架空线路与非居民区地面的最小距离为4.0m|D.10kV架空线路与居民区地面的最小距离为6.0m,B,本题主要考查的是安全间距，属于高频考点。做题思路：先记住表格内容数字，后判断选项距离正误。A错误，35kV架空线路与非居民区地面的最小距离为6.0m；C错误，10kV架空线路与非居民区地面的最小距离为5.5m；D错误，10kV架空线路与居民区地面的最小距离为6.5m。故选B。
单选题,[2022年][河南中安]为了有效减少和预防铸造车间作业引起的工伤事故，应根据生产工艺水平、设备特点、厂区场地和气象条件，并结合防尘防毒技术，综合考虑铸造车间工艺设备和生产工段布局。关于造型、制芯工段布局的说法，正确的是（    ）。,A.在非集中采暖地区，造型、制芯工段应布置在非采暖季节最小频率风向的上风侧|B.在非集中采暖地区，造型、制芯工段应布置在全年最小频率风向的上风侧|C.在集中采暖地区，造型、制芯工段应布置在全年最小频率风向的下风侧|D.在集中采暖地区，造型、制芯工段应布置在非采暖季节最小频率风向的下风侧,D,本题主要考查的是锻造作业工艺布置，属于高频考点。做题思路：区分采暖地区和非采暖地区的布置要求，小下原则。D正确，造型、制芯工段在集中采暖地区应布置在非采暖季节最小频率风向的下风侧，在非集中采暖地区应位于全年最小频率风向的下风侧。故选D。
单选题,[2022年][河南中安]疲劳分为肌肉疲劳和精神疲劳两种。肌肉疲劳是指过度紧张的局部肌肉出现酸痛现象；精神疲劳则与中枢神经活动有关，是一种弥散的不愿意再作任何活动的懒惰感觉，意味着肌体迫切需要得到休息。下列消除精神疲劳的措施中，错误的是（    ）。,A.不断提示工作的危险性|B.适当播放轻音乐|C.合理安排作息时间|D.改善操作者的工作环境,A,本题主要考查的是消除疲劳的途径，属于高频考点。做题思路：先掌握消除疲劳的四种途径，后选出不符合项。A错误，A不属于消除疲劳的措施。消除精神疲劳的途径归纳起来有以下几个方面：（1）在进行显示器和控制器设计时应充分考虑人的生理、心理因素；（2）通过改变操作内容、播放音乐等手段克服单调乏味的作业；（3）改善工作环境，科学地安排环境色彩、环境装饰及作业场所布局，保证合理的温湿度、充足的光照等；（4）避免超负荷的体力或脑力劳动，合理安排作息时间，注意劳逸结合等。故选A。
单选题,[2022年][河南中安]事故统计表明，由人的心理因素引起的事故约占事故总量的70%～75%。人的心理因素包括能力、性格、动机、情绪和意志。关于人的心理因素的说法，正确的是（    ）。,A.能力是由肌体生理需要是否得到满足而产生的体验|B.意志是人顺利完成某种任务的心理特征|C.性格是人对现实的稳定的态度和习惯化的行为方式|D.情绪是人自觉确定目标并调节行动实现目标的心理过程,C,本题主要考查的是人的心理特性，属于高频考点。做题思路：先掌握5种心理特性的定义，后分析选项匹配正误。A错误，A描述的是情绪。能力是指一个人完成一定任务的本领，或者说，能力是人们顺利完成某种任务的心理特征；B错误，B描述的是能力。意志是人自觉地确定目标并调节自己的行动，以克服困难、实现预定目标的心理过程，它是意识的能动作用与表现；D错误，D描述的是意志。情绪是由肌体生理需要是否得到满足而产生的体验。故选C。
单选题,[2022年][河南中安]某人机串联系统由甲、乙两人监控，甲的操作可靠度为0.90，乙的操作可靠度为0.95，机器设备的可靠度为0.90。当甲乙并联工作时，该人机系统的可靠度为（    ）。,A.0.8955|B.0.8550|C.0.8100|D.0.7695,A,【解析】本题主要考查的是人机可靠度计算，属于高频考点。做题思路：注意串联还是并联，并联先算相反。当甲乙并联工作时，该人机系统的可靠度＝[1－（1－0.90）（1－0.95）]×0.90＝0.8955。故选A。
单选题,[2022年][河南中安]按照电流转换成作用于人体的能量形式，电伤可分为电弧烧伤、电流灼伤、皮肤金属化、电烙印、电光眼等。关于电伤对人体危害的说法，正确的是（    ）。,A.通过人体的电流越大，电流灼伤越严重|B.电流作用于人体时，不会造成肌体组织断裂|C.电弧烧伤的严重程度与电力系统电压密切相关|D.电流通过人体后，人体接触带电体的部位会穿孔,C,本题主要考查的是电伤，属于高频考点。做题思路：先区分不同电伤形式，后通过关键词判断正误。A错误，仅电流一个要素越大，灼伤不一定越严重。电流灼伤是电流通过人体由电能转换成热能造成的伤害。电流越大、通电时间越长、电流途径上的电阻越大，电流灼伤越严重；B错误，错在“不会造成”。电气机械性伤害是电流作用于人体时，由于中枢神经强烈反射和肌肉强烈收缩等作用造成的机体组织断裂、骨折等伤害；C正确，高压电弧和低压电弧都能造成严重烧伤。高压电弧的烧伤更为严重一些；D错误，不一定会穿孔。电流通过人体内部，对人体伤害的严重程度与通过人体电流的大小、电流通过人体的持续时间、电流通过人体的途径、电流的种类以及人体状况等多种因素有关。故选C。
单选题,[2022年][河南中安]影响人机作业环境的因素很多，如照明、声音、色彩、温度、湿度等。色彩对人的影响主要表现在情绪反应、生理反应和心理反应。色彩的生理反应可导致人的视觉疲劳。下列颜色排序中，导致视觉疲劳程度由高到低的是（    ）。,A.绿、红、蓝|B.蓝、红、绿|C.红、绿、蓝|D.红、蓝、绿,B,【解析】本题主要考查的是色彩对人的影响，属于高频考点。做题思路：掌握不同色彩对人的影响。B正确，对引起眼睛疲劳而言，蓝、紫色最甚，红、橙色次之，黄绿、绿、绿蓝等色调不易引起视觉疲劳且认读速度快、准确度高。故选B。
单选题,[2022年][河南中安]人体对电流的作用没有预感，往往在短时间内人就会受到电流的伤害。电流通过人体，会引起一系列症状。关于电流对人体作用的说法，正确的是（    ）。,A.小电流给人以不同程度的刺激，但人体组织不会发生变异|B.电流除对人的机体直接起作用外，还可通过中枢神经系统起作用|C.数百毫安的电流通过人体使人致命的原因是引起呼吸麻痹|D.电流导致心室纤维性颤动时，心脏颤动的幅值大且无规律,B,本题主要考查的是电流对人体的作用，属于高频考点。做题思路：先掌握电流对人体作用的知识点，后根据关键词判断选项正误。A错误，错在“不会”。小电流对人体的作用主要表现为生物学效应，给人以不同程度的刺激，使人体组织发生变异；C错误，错在“引起呼吸麻痹”。数十至数百毫安的小电流通过人体短时间使人致命的最危险的原因是引起心室纤维性颤动，D错误，错在“大”。发生心室纤维性颤动时，心脏每分钟颤动1000次以上，但幅值很小，而且没有规则。故选B。
单选题,[2022年][河南中安]危险化学品的爆炸按爆炸反应物质分为简单分解爆炸、复杂分解爆炸和爆炸性混合物爆炸。关于危险化学品分解爆炸的说法，正确的是（    ）。,A.可燃气体在受压情况下，能发生简单分解爆炸|B.发生简单分解爆炸，需要外部环境提供一定的热量|C.复杂分解爆炸的爆炸物危险性较简单分解爆炸物稍高|D.简单分解爆炸和复杂分解爆炸都不需要助燃性气体,D,本题主要考查的是分解爆炸，属于高频考点。做题思路：先掌握简单分解爆炸和复杂分解爆炸的要点，后进行细节区分。A错误，错在扩大了范围。部分可爆炸气体在一定条件下，特别是在受压情况下，能发生简单分解爆炸。例如，乙炔、环氧乙烷等在压力下的分解爆炸；B错误，错在“需要外部环境提供一定的热量”。引起简单分解的爆炸物，在爆炸时并不一定发生燃烧反应，其爆炸所需要的热量是由爆炸物本身分解产生的；C错误，错在“高”。复杂分解爆炸的爆炸物危险性较简单分解爆炸物稍低。故选D。
单选题,[2022年][河南中安]夏季触电事故多发，与天气炎热、多雨、潮湿等因素有关，易构成电流回路。下列导致触电事故的原因中，不属于夏季触电事故主要原因的是（    ）。,A.雷电多发|B.电气设备未作保护接地|C.地面导电性增强|D.电气设备的绝缘电阻降低,B,【解析】本题主要考查的是触电事故分析，属于高频考点。做题思路：注意题干关键词“夏季”，选出与季节无关选项。B不属于，夏季这段时间炎热、多雨、潮湿，地面导电性增强、电气设备的绝缘电阻降低，容易构成电流回路。此外，夏季雷雨天气较多，雷电多发也会造成触电事故。故选B。
单选题,[2022年][河南中安]保护接地是用导线将电气设备的金属外壳与大地连接，是防止间接接触电击的基本技术措施之一。下列电气保护系统示意图中，属于TT保护接地系统的是（    ）。,A.B|C.D,A,【解析】本题主要考查的是TT系统识图，属于高频考点。做题思路：电源和设备处都接地，四根线。TT系统为三相星形连接的低压中性点直接接地的三相四线配电网。第一个字母T表示电源是直接接地，第二个字母T表示电气设备外壳直接接地。B设备外壳没有接地也没有接零，什么系统也不是；C为保护零线与中性线完全分开的TN-S系统；D为IT系统。故选A。
单选题,[2022年][河南中安]使用木工机械进行木材加工过程中，危险因素多、伤害程度严重，因此应通过安全设计减少危险源，并采取有效的安全技术措施。下列对木工机械采取的安全技术措施中，错误的是（ ）。,A.木工带锯机上安装分料刀|B.木工压刨床上安装止逆器|C.木工圆锯机上安装防反弹安全装置|D.木工平刨床上安装遮盖式安全装置,A,本题主要考查的是木工机械安全，属于高频考点。做题思路：先掌握三种木工机械的知识点，后进行细节区分。A错误，木工圆锯机上安装分料刀。带锯机安装锯轮防护和锯齿防护罩。故选A。
单选题,[2022年][河南中安]漏电保护装置可用来防止间接接触触电、直接接触触电、漏电火灾，也可用于检测和切断各种单相接地故障。某单位选用图示漏电保护装置（I△n＝30mA，T△n≤0.1s）防止触电事故。根据该装置性能参数判断，其属于（ ）。,A.高灵敏度、快速型漏电保护装置|B.中灵敏度、快速型漏电保护装置|C.高灵敏度、延时型漏电保护装置|D.中灵敏度、延时型漏电保护装置,A,本题主要考查的是漏电保护装置，属于高频考点。做题思路：分别通过电流参数和动作时间参数进行判断。A正确，漏电保护装置的动作电流在30mA及30mA以下的属高灵敏度，主要用于防止触电事故；30mA以上、1000mA及1000mA以下的属中灵敏度，用于防止触电事故和漏电火灾；1000mA以上的属低灵敏度，用于防止漏电火灾和监视一相接地故障。延时型漏电保护装置只能用于动作电流30mA以上的漏电保护装置，其动作时间可选为0.2s、0.8s、1s、1.5s和2s。图示中漏电保护装置I△n＝30mA、I△n≤0.1s，因此为高灵敏度、快速型漏电保护装置。故选A。
单选题,[2022年][河南中安]通过隔离变压器二次侧构成一个不接地的电网，将工作回路与二次回路隔离，可以避免二次侧工作人员的单相电击危险。关于电气隔离回路要求的说法，错误的是（ ）,A.单相隔离变压器的额定容量不应超过25kV·|A.B 隔离变压器的输入绕组与输出绕组具有基本绝缘的结构|C.隔离电路的带电部分严禁与其他回路及大地有任何连接|D.隔离回路中两台设备的金属外壳间采取等电位联结措施,B,本题主要考查的是电气隔离，属于高频考点。做题思路：先掌握电气隔离回路的4个条件，后通过关键词对选项判断正误。B错误，错在“基本绝缘”。隔离变压器的输入绕组与输出绕组没有电气连接，并具有双重绝缘的结构。故选B。
单选题,[2022年][河南中安]双重绝缘是强化的绝缘结构，是指工作绝缘和保护绝缘。双重绝缘属于防止间接接触电击的安全技术措施，需要严格按照测试条件（直流500V）测试绝缘电阻。下列对各类绝缘的电阻值要求中，正确的是（ ）。,A.工作绝缘的绝缘电阻值不得低于2MΩ|B.保护绝缘的绝缘电阻值不得低于3MΩ|C.双重绝缘的绝缘电阻值不得低于4MΩ|D.加强绝缘的绝缘电阻值不得低于5MΩ,A,本题主要考查的是双重绝缘，属于高频考点。B错误，保护绝缘的绝缘电阻不得低于5MΩ；C错误；双重绝缘是强化的绝缘结构，包括双重绝缘和加强绝缘两种类型。双重绝缘指工作绝缘（基本绝缘）和保护绝缘（附加绝缘）。工作绝缘的绝缘电阻不得低于2MΩ，保护绝缘的绝缘电阻不得低于5MΩ，加强绝缘的绝缘电阻不得低于7MΩ；D错误，加强绝缘的绝缘电阻不得低于7MΩ。故选A。
单选题,[2022年][河南中安]电气火灾的主要引燃源是电火花和电弧。关于电火花类别或危害的说法，正确的是（ ）。,A.电火花不仅能引起可燃物燃烧，还能使金属熔化构成二次引燃源|B.控制开关、断路器、接触器正常工作时产生的电火花不会引燃可燃物|C.变压器、断路器等电气设备由于绝缘质量降低发生的闪络属于工作火花|D.绕线式异步电动机的电刷与滑环的滑动接触处产生的火花属于事故火花,A,本题主要考查的是电火花和电弧，属于高频考点。做题思路：掌握并区分工作火花和事故火花。B错误，错在“不会引燃可燃物”。控制开关、断路器、接触器正常工作时产生的电火花属于工作火花，能够引起可燃物燃烧；C错误，错在“工作火花”。变压器、断路器等电气设备由于绝缘质量降低发生的闪络属于事故火花；D错误，错在“事故火花”。绕线式异步电动机的电刷与滑环的滑动接触处产生的火花属于工作火花。故选A。
单选题,[2022年][河南中安]避雷设施主要用来保护电力设备、电力线路和建（构）筑物等，也用作防止高电压侵入室内的安全措施。下列避雷设施中，适用于保护室内低压设备的是（ ）。,A.避雷线|B.电涌保护器|C.管型避雷器|D.避雷针,B,本题主要考查的是防雷装置，属于高频考点。做题思路：掌握不同防雷装置作用。B正确，防雷装置包括外部防雷装置和内部防雷装置。避雷针、避雷线、避雷网、避雷带都是外部防雷装置。避雷器主要用来保护电力设备和电力线路，也用作防止高电压侵入室内的安全措施。电涌防护指对室内浪涌电压的防护，方法是在配电箱或开关箱内安装电涌保护器。故选B。
单选题,[2022年][河南中安]工艺过程中产生的静电可能引起多种危害。对静电的安全防护，必须掌握静电特性、产生原因，有效降低静电危害。关于静电危害的说法，正确的是（ ）。,A.静电能量小不易发生放电|B.静电不会干扰无线电设备|C.静电电击会直接致人死亡|D.静电可能影响生产或产品质量,D,本题主要考查的是静电的危害，属于高频考点。做题思路：先掌握静电危害知识点，后通过关键词判断选项正误。A错误，错在“不易发生放电”。静电能量虽然不大，但因其电压很高而容易发生放电；B错误，错在“不会”。在电子技术领域，生产过程中产生的静电可能引起计算机等设备中电子元件误动作，可能对无线电设备产生干扰，还可能击穿集成电路的绝缘等；C错误，错在“会直接致人死亡”。静电电击是静电放电造成的瞬间冲击性的电击。由于生产工艺过程中积累的静电能量不大，静电电击不会使人致命。故选D。
单选题,[2022年][河南中安]低压保护电器主要用来获取、转换和传递信号，并通过其他电器对电路实现控制。关于低压保护电器作用过程或适用场合的说法，正确的是（ ）。,A.热继电器热元件温度达到设定值时通过断路器断开主回路|B.热继电器和热脱扣器的热容量较大，适用于短路保护|C.熔断器易熔元件的热容量小，动作很快，适用于短路保护|D.在有冲击电流出现的线路上，熔断器适用于过载保护,C,本题主要考查的是低压保护电器，属于高频考点。做题思路：先掌握热继电器和熔断器的知识点，后通过关键词判断选项正误。A错误，错在“通过断路器断开主回路”。热继电器的核心元件是热元件，利用电流的热效应实施保护作用。当热元件温度达到设定值时迅速动作，并通过控制触头使控制电路断开，从而使接触器失电，断开主电路，实现过载保护；B错误，错在“适用于短路保护”。热继电器和热脱扣器的热容量较大，动作延时也较大，只宜用于过载保护，不能用于短路保护；D错误，在有冲击电流出现的线路上，熔断器不可用作过载保护元件。故选C。
单选题,[2022年][河南中安]照明设备不正常运行可能导致火灾，也可能直接导致人身触电事故。下列针对电气照明的安全要求中，正确的是（ ）。,A.100W以上白炽灯的引入线应选用耐热绝缘电线并考虑耐温范围|B.对于容易触及而又无防触电措施的固定灯具应采用42V安全电压|C.灯具的金属吊管和吊链应连接保护线，且保护线应与中性线连接|D.配电箱内单相照明线路的开关应采用单极开关，且应装在相线上,A,本题主要考查的是电气照明安全，属于高频考点。做题思路：掌握电气照明安全要求，通过关键词判断选项正误。B错误，错在“42V”。对于容易触及而又无防触电措施的固定式灯具，其安装高度不足2.2m时，应采用24V安全电压；C错误，错在“保护线应与中性线连接”。灯具的金属吊管和吊链应连接保护线，且保护线应与中性线分开；D错误，错在“应采用单极开关”。照明线路的开关必须采用双极开关；照明器具的单极开关必须装在相线上。故选A。
单选题,[2022年][河南中安]起重机械是指用于垂直升降或者垂直升降并水平移动重物的机电设备。根据《质检总局关于修订〈特种设备目录〉的公告》（2014年第114号），下列起重机械中，属于特种设备的是（ ）。,A.额定起重量为2t的桥式起重机|B.生产率为200t/h的装卸桥|C.额定起重力矩为30t·m的塔式起重机|D.层数为3层的机械式停车设备,D,本题主要考查的是特种设备定义，属于高频考点。D属于，ABC不属于。根据《质检总局关于修订〈特种设备目录〉的公告》（2014年第114号），起重机械属于特种设备的是额定起重量大于或者等于0.5t的升降机；额定起重量大于或者等于3t（或额定起重力矩大于或者等于40t·m的塔式起重机，或生产率大于或者等于300t/h的装卸桥），且提升高度大于或者等于2m的起重机；层数大于或者等于2层的机械式停车设备。故选D。
单选题,[2022年][河南中安]为预防压力容器在使用过程中发生爆炸或泄漏事故，在设计中采用全焊透结果是措施之一。根据《压力容器第3部分：设计》（GB/T 150.3），下列压力容器接管与壳体连接型式的设计图中，不属于全焊透结构的是（ ）。,A.B|C.D,A,本题主要考查的是压力容器接管与壳体连接型式，属于超纲内容。A正确，根据《压力容器第3部分：设计》（GB/T150.3）附录D.3.1.1，A不属于全焊透结构，其余为全焊透T形接头。故选A。
单选题,"[2022年][河南中安]根据《锅炉安全技术规程》（TSG11），锅炉使用单位应制定锅炉的月度检查计划。下表所列锅炉检查内容中，属于月度检查内容的序号是（ ）。
锅炉检查内容表",A.1、2、3|B.1、2、4|C.3、4、5|D.1、3、5,A,本题主要考查的是锅炉月度检查内容。A正确，根据《锅炉安全技术规程》（TSG11）8.1，每月对所使用的锅炉至少进行1次月度检查，并且记录检查情况；月度检查内容主要为锅炉承压部件及其安全附件和仪表、联锁保护装置是否完好；燃烧器运行是否正常；锅炉使用安全与节能管理制度是否有效执行，作业人员证书是否在有效期内，是否按规定进行定期检查，是否对水（介）质定期进行化验分析，水（介）质未达到标准要求时是否及时处理，水封管是否堵塞，以及其他异常情况等。故选A。
单选题,"[2022年][河南中安]一、单选题
30
标记
收藏
水质是影响蒸汽锅炉安全的一个重要因素，锅炉在水质不良情况下长时间运行，可能造成锅炉事故。下列常见的锅炉事故中，可能因水质不良导致的是（ ）。",A.水击|B.锅炉结渣|C.汽水共腾|D.满水,C,本题主要考查的是锅炉事故，属于高频考点。做题思路：先掌握锅炉不同事故类型原因，后通过关键词选出符合项。形成汽水共腾的原因之一是锅水品质太差。由于给水品质差、排污不当等原因，造成锅水中悬浮物或含盐量太高，碱度过高。由于汽水分离，锅水表面层附近含盐浓度更高，锅水黏度很大，气泡上升阻力增大。在负荷增加、汽化加剧时，大量气泡被黏阻在锅水表面层附近来不及分离出去，形成大量泡沫，使锅水表面上下翻腾。故选C。
单选题,[2022年][河南中安]为发现和消除锅炉的安全隐患，应定期对锅炉进行检验。锅炉的定期检验包括运行状态下进行的外部检验、停炉状态下进行的内部检验和水（耐）压试验。根据《锅炉安全技术规程》（TSG11），这些检验在同一年进行时，正确的检验顺序是（ ）。,A.外部检验→内部检验→水（耐）压试验|B.外部检验→水（耐）压试验→内部检验|C.内部检验→水（耐）压试验→外部检验|D.水（耐）压试验→内部检验→外部检验,C,本题主要考查的是定期检验项目的顺序。C正确，根据《锅炉安全技术规程》（TSG11）9.5.4定期检验项目的顺序，外部检验、内部检验和水（耐）压试验在同一年进行时，一般首先进行内部检验，然后进行水（耐）压试验、外部检验。故选C。
单选题,[2022年][河南中安]针对锅炉压力容器等特种设备的焊缝缺陷，常需要采用无损探伤的方法进行检测，无损检测方法包括射线检测、超声波检测、磁粉检测、渗透检测、声发射检测等。下列无损检测方法中，检测奥氏体不锈钢焊缝表面缺陷时，应优先采用的方法是（ ）。,A.声发射检测|B.超声波检测|C.射线检测|D.渗透检测,D,本题主要考查的是检测方法。做题思路：注意关键词“表面缺陷”。D正确，根据《焊缝无损检测金属材料应用通则》（GB/T34628）9.2，奥氏体不锈钢焊缝表面缺陷无损检测方法为渗透检测。故选D。
单选题,[2022年][河南中安]安全阀是锅炉上的重要安全附件之一，对锅炉内部压力极限值的控制及对锅炉的安全运行起着重要作用。每年对锅炉进行外部检验时，需审查安全阀定期校验记录或者校验报告是否符合相关要求。下列安全阀性能参数中，需要每年校验的是（ ）。,A.工作压力|B.回座压力|C.整定压力|D.额定压力,C,本题主要考查的是安全阀定期校验。C正确，根据《安全阀安全技术监察规程》（TSGZF001）E2.2，在用锅炉的安全阀每年至少校验1次，校验项目包括整定压力和密封性能，有条件时可以校验回座压力。故选C。
单选题,[2022年][河南中安]气瓶安全泄压装置能够在气瓶超压时迅速自动泄放气体，降低压力，以保护气瓶不会因超压而发生爆炸，但有些气瓶不得或不宜装设安全泄压装置。根据《气瓶安全技术规程》（TSG23），下列不同用途的气瓶中，不应装设安全泄压装置的是（ ）。,A.工业用非重复充装焊接气瓶|B.车用液化石油气钢瓶|C.盛装液氩的低温绝热气瓶|D.盛装剧毒气的气瓶,D,本题主要考查的是安全泄压装置，属于高频考点。做题思路：选最危险的。D正确，盛装剧毒气体、自燃气体的气瓶，禁止装设安全泄压装置。工业用非重复充装焊接钢瓶应当装设爆破片。车用液化石油气钢瓶应当装设带安全阀的组合阀或者分立的安全阀。盛装液氩的低温绝热气瓶，应当装设爆破片装置和安全阀。故选D。
单选题,[2022年][河南中安]防止危险化学品火灾爆炸事故发生的基本原则主要有防止燃烧爆炸系统的形成、消除点火源、限制火灾爆炸蔓延扩散。某公司为防止危险化学品火灾爆炸事故采取了诸多措施。下列火灾爆炸事故的预防措施中，属于限制火灾爆炸蔓延扩散措施的是（ ）。,A.装设可燃气体报警器|B.选用防爆电气设备|C.使用有色金属工具|D.用带阻火装置的管道输送物料,D,本题主要考查的是，防止火灾爆炸事故发生的基本原则，属于高频考点。做题思路：先掌握区分三个原则，后选出符合题意的选项。A不属于，装设可燃气体报警器属于防止和限制可燃可爆系统的形成；BC不属于，选用防爆电气设备和使用有色金属工具属于消除点火源；D属于，限制火灾、爆炸蔓延扩散的措施包括阻火装置、防爆泄压装置及防火防爆分隔等。故选D。
单选题,[2022年][河南中安]起重机械作为涉及生命安全、危险性较大的特种设备之一，其生产、检验和使用受到国家有关部门的监管。关于起重机械使用安全管理的说法，正确的是（ ）。,A.露天作业的起重机械经受7级以上风力后，重新使用前应做全面检查|B.安全装置和制动器不仅属于每月检查的内容，也属于每日检查的内容|C.钢丝绳滑轮组有无损伤、是否应报废，属于每日检查的内容|D.液压系统及其部件的泄漏情况及工作性能，属于每日检查的内容,B,本题主要考查的是起重机械检查周期，属于高频考点。做题思路：先掌握起重机械每日、每月、每年检查内容，后区分归类。A错误，错在“7级”。露天作业的起重机械经受9级以上风力后，重新使用前应做全面检查；C错误，错在“属于每日”。钢丝绳滑轮组有无损伤、是否应报废，属于每月检查的内容；D错误，错在“属于每日”。液压系统及其部件的泄漏情况及工作性能，属于每月检查的内容。故选B。
单选题,[2022年][河南中安]司索工不仅从事准备吊具、捆绑挂钩及摘钩卸载等工作，多数情况还承担指挥工作。其工作质量与整个搬运工作安全关系极大。关于司索工安全作业要求的说法，正确的是（ ）。,A.对吊物进行目测估算时，应按照目测结果的110%选择吊具规格|B.吊钩与被吊重物重心连线与垂直方向的夹角应小于20°|C.等所有吊索完全松弛方可摘钩，摘钩后可利用起重机抽索|D.对形状或尺寸不同的物品，不经特殊捆绑不得进行混吊作业,D,本题主要考查的是司索工安全作业要求，属于高频考点。做题思路：先掌握司索工安全作业要求，后通过关键词判断选项正误。A错误，错在“110%”。对吊物的质量和重心估计要准确，如果是目测估算，应增大20%来选择吊具；B错误，错在“与垂直方向的夹角应小于20°”。吊钩要位于被吊物重心的正上方，不准斜拉吊钩硬挂，防止提升后吊物翻转、摆动；C错误，错在“可利用起重机抽索”。摘钩时应等所有吊索完全松弛再进行，确认所有绳索从钩上卸下再起钩，不允许抖绳摘索，更不允许利用起重机抽索。故选D。
单选题,[2022年][河南中安]某单位的内燃叉车高压油管老化，维修人员购置了油管进行了更换。叉车在作业时，油管突然破裂，货物随即掉落，造成货物损坏。经调查，更换的高压油管耐压强度不符合要求。根据《场（厂）内专用机动车辆安全技术监察规程》（TSGN0001），高压油管耐压强度应不小于液压回路工作压力的（ ）。,A.1.5倍|B.2.0倍|C.2.5倍|D.3.0倍,D,本题主要考查的是高压油管耐压强度。D正确，根据《场（厂）内专用机动车辆安全技术监察规程》（TSGN0001）2.5.5，叉车液压系统用软管、硬管和接头至少能承受液压回路3倍的工作压力。故选D。
单选题,[2022年][河南中安]当施加于绝缘材料上的电场强度高于临界值时，绝缘材料发生破裂或分解，电流急剧增加，完全失去绝缘性能，这种现象就是绝缘击穿。关于绝缘击穿的说法，正确的是（ ）。,A.气体绝缘击穿后绝缘性能会很快恢复|B.液体绝缘的击穿特性与其纯度无关|C.液体绝缘击穿后绝缘性能不能恢复|D.固体绝缘击穿后绝缘性能可部分恢复,A,本题主要考查的是绝缘击穿，属于高频考点。做题思路：对比记忆气体、液体、固体三种介质绝缘击穿的特点，通过关键词判断选项正误。B错误，错在“无关”。液体绝缘的击穿特性与其纯净程度有关；C错误，错在“不能恢复”。液体绝缘击穿后，绝缘性能只在一定程度上得到恢复；D错误，错在“可部分恢复”。固体绝缘击穿后将失去其原有性能。故选A。
单选题,[2022年][河南中安]叉车、蓄电瓶车及非公路旅游观光车是常见的场（厂）内专用机动车辆。近年来，因违反场（厂）内机动车辆安全操作规程发生的事故较多。下列叉车及观光车安全操作的要求中，正确的是（ ）。,A.叉装重量不明物件时，应将其叉起离地面150mm确认无超载后方可作业|B.不得单叉作业和使用叉车顶货或拉货，严禁两辆叉车同时对一辆货车装卸货物|C.驾驶观光车在坡道上需要掉头时，应注意双向来车，并由专人指挥|D.观光车靠近高站台行驶时，车身与站台的间距至少为观光车轮胎的宽度,D,本题主要考查的是场（厂）内专用机动车辆安全操作技术，属于高频考点。做题思路：先掌握场（厂）内专用机动车辆安全操作要求，后根据关键词判断选项正误。A错误，错在“150mm”。叉装物件时，被装物件重量应在该机允许载荷范围内。当物件重量不明时，应将该物件叉起离地100mm后检查机械的稳定性，确认无超载现象后，方可运送；B错误，错在“严禁两辆叉车同时对一辆货车装卸货物”。不得单叉作业和使用货叉顶货或拉货。两辆叉车同时装卸一辆货车时，应有专人指挥联系，保证安全作业；C错误，观光车不应在坡面上掉头。故选D。
单选题,[2022年][河南中安]为保证客运索道运行安全，考虑车厢定员、运行速度、索道类别等关键因素，客运索道应设有相应的安全防护装置。对车厢定员大于15人、运行速度大于3m/s的双线往复式客运架空索道，吊架与运行小车之间应设置的安全防护装置是（ ）。,A.阻车器|B.抱索器|C.缓冲器|D.减摆器,D,本题主要考查的是客运索道安全防护装置。D正确，吊架与车厢连接处应有减振措施。车厢定员大于15人和运行速度大于3m/s的索道客车吊架与运行小车之间应设减摆器。故选D。
单选题,[2022年][河南中安]大型游乐设施的使用单位应进行大型游乐设施的自我检查，包括每日检查、每月检查和年度检查。下列大型游乐设施的检查项目中，属于每日检查的是（ ）。,A.动力装置、传动系统|B.绳索、链条和乘坐物|C.限速装置、制动装置|D.控制电路与电气元件,C,本题主要考查的是大型游乐设施检查周期，属于高频考点。做题思路：区分不同周期检查内容。C属于每日检查内容。ABD属于每月检查内容。大型游乐设施检查方面，使用单位应进行大型游乐设施的自我检查、每日检查、每月检查和年度检查。（1）对使用的游乐设施，每年要进行一次全面检查，必要时要进行载荷试验，并按额定速度进行起升、运行、回转、变速等机构的安全技术性能检查。（2）月检要求检查下列项目：各种安全装置；动力装置、传动和制动系统；绳索、链条和乘坐物；控制电路与电气元件；备用电源。（3）日检要求检查下列项目：控制装置、限速装置、制动装置和其他安全装置是否有效及可靠；运行是否正常，有无异常的振动或者噪声；易磨损件状况；门联锁开关及安全带等是否完好；润滑点的检查和加添润滑油；重要部位（轨道、车轮等）是否正常。故选C。
单选题,"[2022年][河南中安]一、单选题
43
标记
收藏
分解爆炸性气体在温度和压力的作用下发生分解反应时会产生分解热，在没有氧气的条件下也可能被点燃爆炸。下列可燃气体中，属于分解爆炸性气体的是（ ）。",A.乙炔|B.乙烷|C.甲烷|D.氢气,A,本题主要考查的是分解爆炸性气体，属于高频考点。A属于，某些气体如乙炔、乙烯、环氧乙烷等，即使在没有氧气的条件下，也能被点燃爆炸，其实质是一种分解爆炸。除上述气体外，分解爆炸性气体还有臭氧、联氨、丙二烯、甲基乙炔、乙烯基乙炔、一氧化氮、二氧化氮、氰化氢、四氟乙烯等。故选A。
单选题,[2022年][河南中安]机械设备运动部分是最危险的部位，尤其是那些操作人员易接触的运动零部件。下列针对不同机械设备转动部位的危险所采取的安全防护措施中，正确的是（ ）。,A.针对轧钢机，在旋式轧辊处采用钳形防护罩防护|B.针对辊式输送机，在驱动轴上游安装防护罩防护|C.针对啮合齿轮，齿轮传动机构采用半封闭防护|D.针对手持式砂轮机，在磨削区外采用局部防护,A,本题主要考查的是安全防护措施，属于高频考点。做题思路：先掌握不同危险部位所采取的防护措施，后根据关键词判断选项正误。B错误，错在“上游”。针对辊式输送机，在驱动轴下游安装防护罩防护；C错误，错在“半封闭”。针对啮合齿轮，齿轮传动机构必须装置全封闭型的防护装置；D错误，错在“在磨削区外采用局部防护”。针对手持式砂轮机，除了其磨削区域附近，均应加以密闭来提供防护。故选A。
单选题,[2022年][河南中安]测试可燃气体（或蒸气）在空气中的爆炸极限时，需要采用分压原理在密闭容器中首先配制预混合气体，然后再进行点火测试，观察是否燃爆。下表是某实验室测试乙醚蒸气在空气中爆炸下限的数据，大气压为0.1MPA。根据该表，本实验得到乙醚蒸气在空气中的爆炸下限是（ ）。,A.1.76%|B.1.50%|C.1.68%|D.1.85%,D,本题主要考查的是爆炸下限。做题思路：找到燃爆的最小浓度和不燃爆的最大浓度，计算二者的平均值。根据《空气中可燃气体极限测定方法》（GB/T12474），通过试验步骤的重复性操作，测得最接近的火焰传播和不传播两点的浓度，并按下式计算爆炸极限值：式中ψ--爆炸极限；ψ1：——传播浓度；ψ₂——不传播浓度。所以，乙醚蒸气在空气中的爆炸下限为（2.02%＋1.68%）/2＝1.85%。故选D。
单选题,[2022年][河南中安]某人造板制造公司主要从事中密度纤维板的生产和销售，在生产纤维板的砂光（打磨）工艺中采取了电气防爆、湿法作业、除尘通风等防火防爆技术措施。关于粉尘防火防爆技术措施对粉尘爆炸特征参数影响的说法，正确的是（ ）。,A.电气防爆可降低最小点火能|B.湿法作业可提高最低着火温度|C.较长的除尘管道可降低爆炸压力|D.湿法作业可提高爆炸压力上升速率,B,本题主要考查的是粉尘爆炸的危险性及影响因素，属于高频考点。做题思路：理解记忆各参数的影响因素及特点。A错误，电气防爆属于控制点火源的措施，最小点火能属于物质固有属性，二者无关联；C错误，错在“可降低爆炸压力”。粉尘爆炸在管道中传播碰到障碍片时，因湍流的影响，粉尘呈漩涡状态，使爆炸波阵面不断加速。当管道长度足够长时，甚至会转化为爆轰；D错误，错在“湿法作业”。粉尘爆炸压力及压力上升速率主要受粉尘粒度、初始压力、粉尘爆炸容器、湍流度等因素的影响。粒度对粉尘爆炸压力上升速率的影响比粉尘爆炸压力大得多。故选B。
单选题,[2022年][河南中安]毒性化学品会引起人体器官、系统的损害。毒性危险化学品对人的机体的作用是个复杂过程，通常按照进入人体的时间和剂量分为急性中毒和慢性中毒，一旦发生急性中毒，需要立即施救，否则会危害人的生命。下列对急性中毒的应急施救行为中，正确的是（ ）。,A.救护人员发现有人中毒，为节约时间，立即就地展开施救|B.救护人员进入现场后除救治中毒者外，还立即切断了毒性化学品来源|C.发现中毒人员后，迅速脱去被毒性化学品污染的衣服，立即用清水冲洗|D.对不小心误食毒性危险化学品者，立即用稀碳酸氢钠溶液洗胃,B,本题主要考查的是急性中毒的现场抢救。做题思路：结合常识判断。A错误，错在“就地”。救援人员应携带救生器材迅速进入现场，将遇险受困人员转移到安全区后开展施救；C错误，错在“立即用清水冲洗”。迅速脱去被毒性危险化学品污染的衣服、鞋袜、手套等，并用大量清水或解毒液彻底清洗被毒性危险化学品污染的皮肤。需要注意对于水溶性毒性危险化学品，应先用棉絮、干布擦掉毒性危险化学品，再用清水冲洗；D错误，错在“立即用稀碳酸氢钠溶液洗胃”。若毒性危险化学品经口引起急性中毒，对于非腐蚀性毒性危险化学品，应迅速用1/5000的高锰酸钾溶液或1%～2%的碳酸氢钠溶液洗胃，然后用硫酸镁溶液导泻。对于腐蚀性毒性危险化学品，一般不宜洗胃，可用蛋清、牛奶或氢氧化铝凝胶灌服，以保护胃黏膜。故选B。
单选题,[2022年][河南中安]某企业计划在危化品库房、理化性能测试室安装自动灭火系统。其中，危化品库房存放有氯酸盐、硝酸盐、高锰酸盐等氧化剂；理化性能测试室有精密仪器及电气设备。下列拟定的自动灭火系统安装方案中，正确的是（ ）。,A.在危化品库房安装二氧化碳气体自动灭火系统|B.在危化品库房安装喷水或水喷雾自动灭火系统|C.在理化性能测试室安装二氧化碳气体自动灭火系统|D.在理化性能测试室安装喷水或水喷雾自动灭火系统,C,本题主要考查的是水喷雾自动灭火系统，属于高频考点。做题思路：先了解各灭火系统适用范围，后结合题干描述选出符合选项。AB错误，危险化学品库房存放有氯酸盐、硝酸盐、高锰酸盐等氧化剂，但是二氧化碳不宜用来扑灭金属钾、镁、钠、铝等及金属过氧化物（如过氧化钾、过氧化钠）、有机过氧化物、氯酸盐、硝酸盐、高锰酸盐、亚硝酸盐、重铬酸盐等氧化剂的火灾。因为二氧化碳从灭火器中喷射出时，温度降低，使环境空气中的水蒸气凝聚成小水滴，上述物质遇水即发生反应，释放大量的热量，同时释放出氧气，使二氧化碳的窒息作用受到影响；C正确，D错误，理化性能测试室有精密仪器及电气设备，而电气火灾未切断电源前不能用水扑救，因为水是良导体，容易造成触电。由于二氧化碳不含水、不导电、无腐蚀性，对绝大多数物质无破坏作用，所以可以用来扑灭精密仪器和一般电气火灾。故选C。
单选题,[2022年][河南中安]酸碱灭火器是一种内部装有65%的工业硫酸和碳酸氢钠的水溶液作灭火剂的灭火器。使用时，两种药液混合发生化学反应，产生二氧化碳压力气体，灭火剂在二氧化碳气体压力下喷出进行灭火。下列火灾中，适用酸碱灭火器扑救的是（ ）。,A.纺织物火灾|B.天然气火灾|C.金属钠火灾|D.配电柜火灾,A,本题主要考查的是灭火器选用，属于高频考点。做题思路：酸碱灭火器的灭火剂是属于水溶液，与清水灭火器功能类似。A正确，酸碱灭火器适用于扑救A类物质的初起火灾，如木、竹、织物、纸张等燃烧的火灾。它不能用于扑救B类物质燃烧的火灾，也不能用于扑救C类可燃气体或D类轻金属火灾，同时也不能用于带电场合火灾的扑救。故选A。
单选题,[2022年][河南中安]某厂使用乙酸乙酯、乙酸正丁酯、丙酮、溶剂油等原料进行油漆生产，采取了防火防爆安全措施。下列防火防爆措施中，不属于控制点火源措施的是（ ）。,A.采用防爆照明灯具|B.使用铜质维修工具|C.使用密封管道输送易燃液体|D.采用白垩砂浆车间地面,C,本题主要考查的是点火源，属于高频考点。做题思路：掌握点火源的种类，选出与点火源无关选项。消除点火源是防火防爆的最基本措施，控制点火源对防止火灾和爆炸事故的发生具有极其重要的意义。点火源包括明火、摩擦和撞击、电气设备、静电和雷电放电、化学能和太阳能。A属于控制电气设备，B属于控制摩擦和碰撞，D属于防止摩擦起火。故选C。
单选题,[2022年][河南中安]在有乙烷爆炸性危险的生产场所，对可能引起火灾的设备，可采用充氮气正压保护。假如乙烷不发生爆炸时氧的最高含量为11%（体积比），空气中氧气占比为21%。某设备内原有空气55L，为了避免该设备引起火灾或爆炸，采用充氮气正压保护，氮气的需用量应不小于（ ）。,A.65L|B.60L|C.55L|D.50L,D,本题主要考查的是惰性气体需用量计算。做题思路：掌握计算公式，代入数据计算。惰性气体的需用量为式中X——惰性气体的需用量，L；Wo——可燃混合物不发生爆炸时氧的最高含量，%；V——设备内原有空气容积（即空气总量，其中氧占21%）。所以，氮气的需用量：{（21-11）/11}×55=50（L）。故选D。
单选题,[2022年][河南中安]如果盛装可燃易爆介质的设备或系统气密性不良，就会造成可燃易爆介质逸出，在其周围空间形成爆炸性混合物；当设备或系统处于负压状态时空气就会渗入，使其内部形成爆炸性混合物。为此，对此类设备或系统必须采取密封和正压措施。关于此类设备或系统密封和正压措施要求的说法，错误的是（ ）。,A.在设备或系统连接处应尽量采用法兰连接，减少焊接连接|B.在设备或系统中应设置压力报警器，当其压力失常时报警|C.对于无味可燃气体，可在气体中加入显味剂，便于检漏|D.在设备或系统法兰连接处应尽量采用止口结合面连接,A,本题主要考查的是系统密封和正压操作，属于高频考点。做题思路：先掌握系统密封和正压操作知识点，后根据关键词判断选项正误。A错误，错在“应尽量采用法兰连接，减少焊接连接”。对爆炸危险度大的可燃气体或可燃粉尘（如乙炔、氢气、镁粉等）以及危险设备和系统，在连接处应尽量采用焊接接头，减少法兰连接；如果必须使用法兰连接时，应尽量选用止口连接面型。故选A。
单选题,"[2022年][河南中安]下图是一种乙炔阻火器的结构示意图。该阻火器安装在乙炔管道上可以起到防回火作用，避免乙炔管道内发生爆炸。关于该阻火器安装和维护要求的说法，错误的是（ ）。


乙炔阻火器结构示意图",A.应定期检查阻火器是否有堵塞等缺陷|B.安装时应保证F→G是乙炔介质的流向|C.重新安装阻火器时应更换密封垫片|D.清洗阻火器时可用压缩空气进行吹扫,B,本题主要考查的是阻火器。做题思路：用排除法。B错误，安装时应保证G→F是乙炔介质的流向。故选B。
单选题,[2022年][河南中安]爆破片的作用是在设备、容器及系统压力超标时，爆破片破坏使过高的压力泄放出来，以保证系统安全。关于爆破片及其适用场合的说法，正确的是（ ）。,A.乙炔发生器应安装爆破片，爆破压力应大于设计压力|B.选定爆破片的爆破压力应为系统最高工作压力|C.对乙炔设备，爆破片泄压面积应按1m³容积取0.45㎡|D.常压工作的系统不应选用玻璃材质的爆破片,C,本题主要考查的是爆破片，属于高频考点。做题思路：先掌握爆破片知识点，后根据关键词判断选项正误。AB错误，错在“爆破压力应大于设计压力”，“爆破压力应为系统最高工作压力”。爆破片爆破压力的选定，一般为设备、容器及系统最高工作压力的1.15～1.3倍。压力波动幅度较大的系统，其比值还可增大。但是任何情况下，爆破片的爆破压力均应低于系统的设计压力；D错误，错在“不应选用”。正常工作时操作压力较低或没有压力的系统，可选用石棉、塑料、橡胶或玻璃等材质的爆破片。操作压力较高的系统可选用铝、铜等材质；微负压操作时可选用2-3mm厚的橡胶板。故选C。
单选题,[2022年][河南中安]根据《建筑设计防火规范》（GB50016），有爆炸危险的甲、乙类厂房应设置泄压设施，对存在较空气轻的可燃气体、可燃蒸气的甲类厂房，宜采用轻质屋面板的全部或局部作为泄压设施。该轻质屋面板的单位面积质量不宜超过（ ）。,A.90kg/㎡|B.75kg/㎡|C.60kg/㎡|D.45kg/㎡,C,本题主要考查的是泄压设施。C正确，根据《建筑设计防火规范》（GB50016）3.6.3，作为泄压设施的轻质屋面板和墙体的质量不宜大于60kg/㎡。故选C。
单选题,[2022年][河南中安]烟火药的成分包括有氧化剂、还原剂、黏合剂、添加剂等，其组分决定了其具有燃烧和爆炸的特性，在烟火药生产过程中，必须采取相应的防火防爆措施。下列烟火药生产过程防火防爆措施的要求中，正确的是（ ）。,A.氯酸盐烟火药混合应采用球磨机|B.烟火药干燥后散热应及时翻动|C.湿法配制含铝烟火药应及时通风|D.手工制作引火线应在专用工房内,C,本题主要考查的是烟火药生产过程防火防爆措施。做题思路：先掌握烟火药生产过程防火防爆措施要求，后根据关键词判断选项正误。A错误，错在“应采用球磨机”。不应使用球磨机混合氯酸盐烟火药等高感度药物；B错误，错在“应及时翻动”。烟火药在干燥散热时，不应翻动和收取，应冷却至室温时收取；D错误，错在“手工制作”。引火线应机械制作，并在专用工房操作。故选C。
单选题,[2022年][河南中安]根据《民用爆炸物品品名表》（国防科工委、公安部公告2006年第1号），民用爆炸物品分为工业炸药、工业雷管、工业索类火工品、其他民用爆炸物品、原材料等五类。下列民用爆炸物品中，属于工业炸药类的是（ ）。,A.硝化甘油炸药|B.工业黑索今（RDX）|C.奥克托今（HMX）|D.黑火药,A,本题主要考查的是民用爆炸物品分类，属于高频考点。做题思路：掌握5个类别的举例。A属于，BCD不属于。根据《民用爆炸物品品名表》（国防科工委、公安部公告2006年第1号），工业黑索今（RDX）、奥克托今（HMX）、黑火药属于原材料。故选A。
单选题,[2022年][河南中安]根据《民用爆破器材工程设计安全规范》（GB50089），民用爆炸危险品应采用专用运输工具进行运输，以保证运输环节的安全。根据该标准，下列专用运输工具中，符合民用爆炸危险品短途运输安全要求的是（ ）。,A.专用三轮车|B.专用挂车|C.专用拖拉机|D.专用汽车,D,本题主要考查的是危险化学品运输安全，属于高频考点。做题思路：选安全性最高的。D正确，根据《民用爆破器材工程设计安全规范》（GB50089）7.2.1，危险品运输宜采用汽车运输，不应采用三轮汽车和畜力车运输。严禁采用翻斗车和各种挂车运输。故选D。
单选题,[2022年][河南中安]在人机系统中，人始终处于核心地位并起主导作用，机器起着安全可靠的保障作用。关于机器特性的说法，正确的是（ ）。,A.在信息处理方面，机器能够正确地进行计算并能及时修正错误|B.在环境适应方面，机器能适应粉尘、强风暴雨、放射性环境|C.在安全可靠性方面，机器应对意外事件能灵活处理|D.在学习能力方面，机器的学习能力好，灵活性差,B,本题主要考查的是安全人机工程，属于高频考点。做题思路：先掌握机器特性，后根据关键词判断选项正误。A错误，错在“能及时修正错误”。在信息处理方面，机器能够正确地进行计算但难以修正错误；C错误，错在“机器应对意外事件能灵活处理”。在安全可靠性方面，机器可连续、稳定、长期地运转，但对意外事件则无能为力；D错误，错在“机器的学习能力好”。在学习与归纳能力方面，机器的学习能力较差，灵活性也较差，只能理解特定的事物，决策方式只能通过预先编程来确定。故选B。
单选题,[2022年][河南中安]大多数可燃物质的燃烧并非物质本身在燃烧，而是物质受热分解出的气体或液体蒸气在气相中的燃烧。关于不同物质燃烧过程的说法，正确的是（ ）。,A.乙醇在受热后，燃烧过程为：氧化分解→蒸发→燃烧|B.红磷在受热后，燃烧过程为：熔化→蒸发→燃烧|C.木材在受热后，燃烧过程为：氧化分解→蒸发→燃烧|D.焦炭在受热后，燃烧过程为：分解→氧化→燃烧,B,本题主要考查的是燃烧过程，属于高频考点。做题思路：先分清物质类别，后根据不同物质燃烧规程进行判断。B正确。乙醇在受热后，燃烧过程为：蒸发→氧化分解→燃烧；木材在受热后，燃烧过程为：分解→氧化→燃烧；焦炭不能分解。由可燃物质燃烧过程可以看出，可燃气体燃烧所需要的热量只用于本身的氧化分解，并使其达到燃点或自燃点就燃烧。可燃液体则在热源作用下，首先蒸发为蒸气，然后蒸气被氧化、分解后，达到燃点或自燃点就燃烧。对于可燃固体燃烧来说，像硫、磷、石蜡等单质，受热后首先熔化或升华，然后蒸发成蒸气，氧化分解后进行燃烧；对于复杂的可燃固体化合物，受热后首先分解，析出气态或液态产物，其气态和液态产物的蒸气发生氧化分解后着火燃烧；有些可燃固体（如焦炭）不能分解为气态物质，在燃烧时则呈炽热状态，没有火焰产生。故选B。
单选题,[2022年][河南中安]危险化学品是指具有毒害、腐蚀、爆炸、燃烧、助燃等性质，对人体、设施、环境具有危害的剧毒化学品和其他化学品。关于危险化学品特性及效应的说法，正确的是（ ）。,A.燃烧性危险化学品，遇水放出燃气并燃烧|B.毒害性危险化学品，侵入人体即可危及生命|C.放射性危险化学品，不进入人体不造成危害|D.腐蚀性危险化学品，接触人体会造成灼伤,D,本题主要考查的是危险化学品特性及效应。做题思路：结合常识判断。A错误，燃烧性危险化学品不仅包含遇水放出易燃气体的物质。爆炸物、易燃气体、易燃气溶胶、压力下可燃性气体、易燃液体、易燃固体、自反应物质或混合物、自燃液体、自燃固体、自热物质和混合物、遇水放出易燃气体的物质或混合物、有机过氧化物等，在条件具备时均可能发生燃烧；B错误，没有说剂量。许多危险化学品可通过一种或多种途径进入人体和动物体内，当其在人体累积到一定量时，便会扰乱或破坏肌体的正常生理功能，引起暂时性或持久性的病理改变，甚至危及生命；C错误，放射性危险化学品通过放出的射线可阻碍和伤害人体细胞活动机能并导致细胞死亡。故选D。
单选题,[2022年][河南中安]化学品安全技术说明书提供了化学品在安全、健康和环境保护方面的信息，推荐了危险化学品的防护措施及紧急情况下的应对措施。关于危险化学品安全技术说明书主要作用的说法，错误的是（ ）。,A.是危化品安全生产、流通、使用的指导性文件|B.是应急作业人员进行应急作业的技术指南|C.是企业安全教育培训的主要内容|D.是危害预防设施的操作技术规程,D,本题主要考查的是危险化学品安全技术说明书主要作用，属于高频考点。做题思路：先掌握危险化学品安全技术说明书主要作用，后根据选项描述进行判断。D错误，错在“是操作规程”。危险化学品安全技术说明书主要作用包括以下5个方面：（1）是化学品安全生产、安全流通、安全使用的指导性文件；故A正确；（2）是应急作业人员进行应急作业时的技术指南；故B正确；（3）为危险化学品生产、处置、储存和使用各环节制定安全操作规程提供技术信息；故D错误；（4）为危害控制和预防措施的设计提供技术依据；（5）是企业安全教育的主要内容。故C正确。故选D。
单选题,[2022年][河南中安]危险化学品安全标签包括化学品标识、象形图、信号词、危险性说明等。其中“信号词”的作用主要是对危险化学品危害程度的警示。下列日常所用的警示性词语中，用于危险化学品标签“信号词”的是（ ）。,A.危险|B.有毒|C.危害|D.当心,A,本题主要考查的是危险化学品安全标签，属于高频考点。A正确，根据化学品的危险程度和类别，用“危险”“警告”两个词分别进行危害程度的警示。故选A。
单选题,[2022年][河南中安]危险化学品的燃烧爆炸事故通常伴随发热、发光、高压、真空和电离等现象，具有很强的破坏作用。关于危险化学品燃烧爆炸破坏作用的说法，正确的是（ ）。,A.爆炸不会引起燃烧而造成高温破坏|B.爆炸均会产生大量高速飞出的碎片|C.爆炸冲击波可在作用区域产生震荡|D.爆炸不会造成人员中毒和环境污染,C,本题主要考查的是爆炸的破坏作用，属于高频考点。做题思路：先掌握爆炸的破坏作用，后根据关键词判断选项正误。A错误，错在“不会”。燃烧爆炸后，建筑物内遗留大量的热或残余火苗，会把从破坏的设备内部不断喷出的可燃气体、易燃或可燃液体的蒸气点燃，也可能把其他易燃物点燃引起火灾。此外，高温辐射还可能使附近人员受到严重灼烫伤害甚至死亡；B错误，错在“均会”。机械设备、装置、容器等爆炸后产生许多碎片，但并不是所有的爆炸都会产生碎片；D错误，错在“不会”。在实际生产中，许多物质不仅是可燃的，而且是有毒的，发生爆炸事故时，会使大量有毒物质外泄，造成人员中毒和环境污染。此外，有些物质本身毒性不强，但燃烧过程中可能释放出大量有毒气体和烟雾，造成人员中毒和环境污染。故选C。
单选题,[2022年][河南中安]危险化学品中毒、污染事故预防控制的主要措施是替代、变更工艺、隔离、通风、个体防护和保持卫生。某涂料厂为了防止危险化学品中毒、污染事故，采取了如下具体措施。其中，属于保持卫生措施的是（ ）。,A.作业现场设置应急阀门|B.污染源设备上方设置废气收集罩|C.为员工配备手套、口罩|D.将废弃固体有害物移送到危废间,D,本题主要考查的是保持卫生。做题思路：掌握危险化学品中毒、污染事故的6个预防控制措施并能够区分归类。 D属于，ABC不属于。A作业现场设置应急阀门属于隔离。B污染源设备上方设置废气收集罩属于通风中的局部排风措施。C为员工配备手套、口罩属于个体防护。保持卫生包括保持作业场所清洁和作业人员的个人卫生两个方面。经常清洗作业场所，对废弃物、溢出物加以适当处置，保持作业场所清洁，能有效地预防和控制化学品危害。作业人员应养成良好的卫生习惯，防止有害物附着在皮肤上，防止有害物通过皮肤渗入体内。故选D。
单选题,[2022年][河南中安]某工业气体公司委托有资质的运输公司承担运送一批压缩气瓶业务，该批气瓶均为15MPA的无缝气瓶。下表是该运输公司拟定的混装运输车辆方案。根据《关于进一步规范限量瓶装氮气等气体道路运输管理有关事项的通知》（交运发〔2017〕96号），符合要求的车辆是（ ）。,A.甲|B.乙|C.丙|D.丁,D,本题主要考查的是运输安全，属于高频考点。做题思路：从车辆是否符合和气瓶是否可以同车两个方面判断。A错误，氧气和氢气不可同车运输。B、C错误，根据《关于进一步规范限量瓶装氮气等气体道路运输管理有关事项的通知》（交运发〔2017〕96号），对于使用符合国家特种设备安全技术规范《气瓶安全技术监察规程》（TSGR0006）无缝气瓶，运输压缩氮（UN1066）、压缩氦（UN1046）、压缩氖（UN1065）、压缩氩（UN1006）、压缩氪（UN1056），单个气瓶公称容积不超过50L，每个运输单元所运输的压缩气体气瓶总水容积不超过500L的，在道路运输环节按照普通货物进行管理，豁免其关于运输企业资质、专用车辆和从业人员资格等有关危险货物运输管理要求；D正确。氮气、氦气属于惰性气体，可以同车运输，并且符合气瓶的豁免数量要求。故选D。
单选题,[2022年][河南中安]某危险货物运输公司承接将甲货物500t、乙货物1000t运输到某化工园区的业务，其中甲货物是Ⅲ类包装，乙货物是Ⅱ类包装。根据《危险货物运输包装通用技术条件》（GB12463），下列对甲货物危险性的定性中，正确的是（ ）。,A.重大|B.较大|C.中等|D.较小,D,本题主要考查的是危险货物运输包装，属于高频考点。做题思路：123，大中小。注意问的甲货物。D正确，《危险货物运输包装通用技术条件》（GB12463）把危险货物包装分成3类：（1）I类包装：适用内装危险性较大的货物；（2）Ⅱ类包装：适用内装危险性中等的货物；（3）Ⅲ类包装：适用内装危险性较小的货物；甲是Ⅲ类包装，属危险性较小货物。故选D。
单选题,[2022年][河南中安]国家对危险化学品经营实行许可制度，《危险化学品安全管理条例》对危险化学品经营安全作出专项规定。某危险化学品企业的下列经营行为中，符合《危险化学品安全管理条例》的是（ ）。,A.办理了危险化学品经营许可证后，招聘危化品专业毕业生直接上岗经营|B.将危险化学品存放在营业大厅中，便于批发销售，方便用户|C.将多种不同危险化学品混合堆放在具有防火防爆功能的库房内|D.经公安、消防部门批准后在人员稀疏的城郊设置了危险化学品库房,D,本题主要考查的是危险化学品经营，属于高频考点。做题思路：先掌握危险化学品经营相关知识点，后根据关键词判断选项正误。A错误，错在“招聘危化品专业毕业生直接上岗”。企业业务经营人员应经国家授权部门的专业培训，取得合格证书方能上岗；B错误，错在“将危险化学品存放在营业大厅中”。危险化学品应当储存在专用仓库、专用场地或者专用储存室内，并由专人负责管理；C错误，错在“将多种不同危险化学品混合堆放”。应根据危险化学品性能分区、分类、分库储存。各类危险化学品不得与禁忌物料混合储存。故选D。
单选题,[2022年][河南中安]危险化学品的主要危险特性之一是燃烧性，存储和使用时要注意预防火灾发生。一旦危险化学品发生火灾，要针对其特性进行有效灭火。下列对不同危险化学品发生火灾所采取的灭火措施中，正确的是（ ）。,A.扑救甲烷火灾时，立即采用蒸汽、二氧化碳、泡沫等扑灭火焰|B.扑救电石火灾时，采用泡沫、酸碱等湿性灭火剂扑救|C.扑救硝酸火灾时，采用高压水枪冲洗，稀释|D.扑救樟脑火灾时，采用水和泡沫扑救，控制燃烧范围，逐步扑灭,D,本题主要考查的是灭火剂适用和特殊化学品火灾扑救注意事项，属于高频考点。做题思路：选用相应灭火剂，并注意扑救方式关键词。A错误，错在“蒸汽”。扑救气体类火灾时，切忌盲目扑灭火焰，在没有采取堵漏措施的情况下，必须保持稳定燃烧；B错误，错在“采用泡沫、酸碱等湿性灭火剂”。由于电石的成分是碳化钙，而碳化钙和水会发生剧烈反应，生成乙炔气体，乙炔的出现会导致火势变大，因此电石着火时应采用干砂、二氧化碳或干粉灭火器扑灭；C错误，错在“高压水枪”。硫酸、盐酸和硝酸引发的火灾，不能用水流冲击，因为强大的水流能使酸飞溅，流出后遇可燃物质有引起爆炸的危险。酸溅在人身上，能灼伤人。故选D。
单选题,[2022年][河南中安]气瓶的装卸、运输、储存、保管和发送等环节都必须建立安全管理制度。气瓶装运人员都应掌握气体的基础知识以及相应消防器材和防护器材的用法。关于气瓶装卸及运输环节安全要求的说法，错误的是（ ）。,A.运输前应检查气瓶是否配带瓶帽、防震圈|B.运送过程中严禁肩扛、背驮、怀抱等，需要升高或降低气瓶时应二人同时操作|C.气瓶吊运时，不得用金属链绳捆绑气瓶|D.使用叉车、翻斗车和铲车搬运气瓶时，必须严格执行双人监督，单人指挥制度,D,本题主要考查的是气瓶装卸及运输安全，属于高频考点。做题思路：先掌握气瓶装卸及运输安全要求，后根据关键词判断选项正误。D错误，错在“使用叉车、翻斗车和铲车”。严禁用叉车、翻斗车或铲车搬运气瓶。故选D。
多选题,[2022年][河南中安]某厂李某在Q11-6X2500型剪板机上剪切钢板，作业过程中，李某在送钢板时，右手伸进了剪板机的剪切面，并在此时误动了脚踏开关，剪板机瞬间动作，将李某右手食指、中指、无名指剪断。为避免此类事故再次发生，该厂针对剪板机设计上的缺陷，拟定了下列改进措施，正确的有（ ）。,A.剪板机的操作危险区增加光电保护装置|B.剪板机的侧面设置一个紧急停止按钮|C.剪板机的操作危险区设置安全监控装置|D.剪板机的操作危险区设置联锁防护装置 E 将剪板机的后挡料装置调整到刀口下方,ACD,本题主要考查的是剪板机安全技术，属于高频考点。做题思路：先掌握剪板机安全防护装置知识点，后根据关键词判断选项正误。B错误，错在“剪板机的侧面设置一个”。剪板机上必须设置紧急停止按钮，一般应在剪板机的前面和后面分别设置；E错误，错在“调整到刀口下方”。在使用剪板机时，剪板机后部落料危险区域一般应设置阻挡装置，以防止人员发生危险。如果剪板机配备了可调整的前托料和后挡料，即使配备了后托料，后挡料（电动或非电动）和前托料（如果配备）不能将其调整到刀口下方，后挡料的设计也不允许将后挡料调整到刀口之间。故选ACD。
多选题,[2022年][河南中安]根据《瓶装气体分类》（GB/T16163）和《气瓶安全技术规程》（TSG23），瓶装气体分类应根据气体在气瓶内的物理状态和临界温度进行分类。关于瓶装气体分类的说法，正确的有（ ）。,A.压缩气体指在-50℃时加压后完全是气态的气体|B.低压液化气体指在温度高于65℃时加压后部分是液态的气体|C.低温液化气体指在温度低于-20℃时加压后完全呈液态的气体|D.溶解气体指在一定压力、温度下溶解于气瓶内溶剂中的气体 E 吸附气体指在常温下加压后由吸附剂产生的气体,AD,本题主要考查的是瓶装气体分类。做题思路：先理解概念，后根据关键词判断正误。A正确，（1）压缩气体：是指在-50℃时加压后完全是气态的气体，包括临界温度（TC）低于或者等于-50℃的气体，也称永久气体；B错误，错在“65℃”。（2）高（低）压液化气体：高、低压液化气体是指在温度高于-50℃时加压后部分是液态的气体，包括临界温度（TC）在-50℃～65℃（TC）的高压液化气体和临界温度（TC）高于65℃的低压液化气体；C错误，错在“温度低于-20℃时加压后完全呈液态”。（3）低温液化气体：是指在运输过程中由于深冷低温而部分呈液态的气体，临界温度（TC）一般低于或者等于-50℃，也称为深冷液化气体或者冷冻液化气体；D正确，（4）溶解气体：在一定的压力、温度条件下溶解于气瓶内溶剂中的气体。易分解或聚合的可燃气体；E错误，错在“由吸附剂产生”。（5）吸附气体：在一定的压力、温度条件下吸附于吸附剂中的气体。故选AD。
多选题,"[2022年][河南中安]保护导体旨在防止间接接触电击，包括保护接地线、保护接零线和等电位联结线。为保证保护导体的可靠性，应正确区分保护导体类型，以便选择保护导体的材料和尺寸。图示为某车间的保护导体连接图，图中未画出载流的相导体和N导体，G为I类用电设备。下列序号标示的保护导体类型中，正确的有（ ）。


某车间保护导体连接图",A.①为等电位联结线|B.②为保护接零线|C.③为保护接地线|D.④为保护接零线 E ⑤为等电位联结线,ACD,本题主要考查的是保护接零与等电位联结图。做题思路：先识别，后判断。B错误，②为等电位联结线；D正确，E错误，④⑤均为保护接零线。故选ACD。
多选题,[2022年][河南中安]爆炸性危险环境中，应根据电气设备使用环境的等级、电气设备的种类和使用条件选择电气设备，如果防爆电气设备类型选用不当，很有可能起不到防爆作用，在异常情况下引发事故。下列石化行业防爆电气设备实际案例中，防爆电器选用正确的有（ ）。,A.某油气处理厂污水处理设备使用防爆标志为ExdI的电动机|B.某炼化厂对原油储罐进行清罐，将防爆照明灯引入储罐内部|C.某石化企业计量间可燃气体温度组别为T2，安装的灯具温度组别为T2|D.某储油罐区为ⅡC类T3组爆炸性气体环境，使用ExdⅡBT3的油泵 E 某化工企业在装置检修时，使用Ex35型叉车进行装卸作业,BC,本题主要考查的是防爆电器选用，属于高频考点。做题思路：分别从设备类型、保护级别、危险物质的分级分组去判断。A错误，错在“ExdI”。I类设备适用于煤矿有甲烷的爆炸环境中，根据电动机防爆机构选型，隔爆型（d）不适用于油气爆炸环境；D错误，错在“ⅡB”。防爆级别：ⅡC＞ⅡB＞ⅡA，储油罐区为ⅡC类爆炸环境，因此设备应使用ⅡC类防爆电气设备。故选BCE。
多选题,[2022年][河南中安]手持电动工具和移动式电气设备在使用过程中发生触电事故较多。下列使用手持电动工具和移动式电气设备的安全要求中，正确的有（ ）。,A.在有爆炸和火灾危险的环境中，除中性线外，应另设保护零线|B.移动式电气设备的保护线不应单独敷设，应与相线有同样的防护措施|C.单相设备的相线或中性线上应装有熔断器，并在相线上装单极开关|D.移动式电气设备的电源插座和插销应有专用的保护线插孔和插头 E 在接地配电网中，可以装设一台隔离变压器，并由该变压器给设备供电,AD,本题主要考查的是手持电动工具和移动式电气设备的安全使用，属于高频考点。做题思路：先掌握手持电动工具和移动式电气设备的安全适用要求，后根据关键词判断选项正误。B描述不完整，建议不选。移动式电气设备的保护线不应单独敷设，应与电源线有同样的防护措施，即采用带有保护芯线的橡皮套软线作为电源线；C错误，单相设备的相线和中性线应装设双极开关，中性线上不应装有熔断器。故选ADE。
多选题,[2022年][河南中安]低压配电箱（柜）是低压成套电器。为保证低压配电箱（柜）安全可靠运行，并便于操作、搬运、检修、试验和监测，布置配电箱（柜）时应采取必要的安全措施。下列不同场所配电箱（柜）的配置中，正确的有（ ）。,A.办公室配置开启式配电箱|B.热处理车间配置封闭式配电柜|C.有导电性粉尘的车间配置密闭式配电柜|D.铸造车间配置封闭式配电柜 E 锅炉房配置开启式配电箱,ABCD,本题主要考查的是低压配电箱和配电柜配置，属于高频考点。做题思路：掌握不同配电柜适用的场所。E错误，错在“开启式”。配电箱和配电柜的安全要求如下：（1）除触电危险性小的生产场所和办公室外，不得采用开启式的配电板；（2）触电危险性大或作业环境较差的场所，如铸造车间、锻造车间、热处理车间、锅炉房、木工房等，应安装封闭式箱柜；（3）有导电性粉尘或产生易燃易爆气体的危险作业场所，必须安装密闭式或防爆型箱柜。故选ABCD。
多选题,[2022年][河南中安]锻造是金属压力加工的方法之一，可分为热锻、温锻和冷锻，锻造作业过程中易发生伤害事故。关于锻造安全技术措施的说法，正确的有（ ）。,A.锻压机械的启动装置应能保证对设备进行迅速开关，并保证设备运行和停机状态的连续可靠|B.蓄力器通往水压机的主管上应装有当水耗量突然增高时能自动关闭水管的装置|C.电动启动装置的按钮上应标有“启动”“停车”字样，停车按钮位置比启动按钮低|D.高压蒸汽管道上应装有安全阀和凝结罐，以消除水击现象、降低突然升高的压力 E 任何类型的蓄力器都应有安全阀，安全阀校验后应加铅封，并定期进行检查,ABD,本题主要考查的是锻造安全技术，属于高频考点。做题思路：先掌握锻造安全技术措施，后根据关键词判断选项正误。C错误，错在“低”。电动启动装置的按钮盒，其按钮上需标有“启动”“停车”等字样。停车按钮为红色，其位置比启动按钮高10～12mm。故选ABDE。
多选题,[2022年][河南中安]某化工厂厂区东侧0.1km是河流，南侧0.5km是农田，西侧0.5km和1.0km分别是甲、乙化工厂，北侧紧邻公路，公路北1.0km是城镇。该厂在生产过程需要使用加氯工艺，氯气库房设在办公大楼的北侧。按照该厂年度计划，准备开展一次氯气泄漏应急演练。演习当日根据天气预报有南风，演习地点设在氯气库房。从拟定的氯气泄漏应急演练方案中提取了以下内容，正确的有（ ）。,A.疏散撤离地点设在农田|B.指挥中心设在公路旁|C.使用有毒化学品模拟泄漏并处置|D.模拟泄漏量大小及堵漏洗消措施 E 洗消废水排放至厂区东侧的河流,AD,本题主要考查的是危险化学品安全。做题思路：图文结合。B错误，指挥中心不应设置在厂区的下风侧；C错误，不得使用有毒化学品模拟泄漏并处置；E错误，废水不能未经处理就排放至河流中。故选AD。
多选题,[2022年][河南中安]雷电是大气中的一种放电现象，其破坏作用表现在电、热、机械性质等方面。认识雷电危害并采取有效预防措施，可以减少雷电造成的损失。关于雷电危害的说法，正确的有（ ）。,A.直击雷放电能够引燃邻近的可燃物造成火灾|B.巨大的雷电流通过被击物可能烧毁导体|C.极高的冲击电压会导致电气设备绝缘击穿|D.雷电引起的二次放电不会造成电击事故 E 雷电引起的静电力和电磁力也有很强的破坏作用,ABC,本题主要考查的是雷电的危害，属于高频考点。做题思路：掌握雷电的危害，根据关键词判断选项正误。D错误，错在“不会”。雷电直接对人放电会使人遭到致命电击；二次放电也能造成电击。故选ABCE。
多选题,[2022年][河南中安]防爆叉车因其制动器和离合器在工作过程中的摩擦、撞击易产生火花和热表面，可能成为爆炸性环境的点燃源。因此，防爆叉车的制动器和离合器应具有防爆功能。根据《爆炸性环境用工业车辆防爆技术通则》（GB/T19854），下列防爆等级为Gb级叉车的摩擦制动器和摩擦离合器的要求中，正确的有（ ）。,A.在运行过程中，制动器应浸在润滑液中|B.制动器摩擦部件所用材料不得使用非金属|C.制动器摩擦部件所用材料不得使用铸铁|D.在运行过程中，离合器应浸在润滑液中 E 离合器的表面温度应能够被自动监控,AD,本题主要考查的是工业车辆防爆技术。BC错误，错在“不得使用非金属”“不得使用铸铁”。根据《爆炸性环境用工业车辆防爆技术通则》（GB/T19854）4.2.1，为了不超过表面温度限值，离合器的表面温度应能够被自动监控。根据《爆炸性环境用工业车辆防爆技术通则》（GB/T19854）4.2.8.3和4.2.9.2，在整个运行过程中，离合器和制动器应浸在润滑液中。制动器摩擦部件所用材料应为非金属和铸铁，或者非金属和与铸铁具有同样摩擦特性的材料；不应使用轻金属合金。故选ADE。
多选题,[2022年][河南中安]起重机械属于高能量积聚的、高危险性作业设备。为了保证起重机械的安全吊运，吊运前必须进行充分检查。下列起重机械吊运前准备工作中，正确的有（ ）。,A.对使用的起重机械和吊具及附件进行检查，并熟悉被吊物品的种类、数量等|B.根据被吊物品的质量、几何尺寸、变形要求等技术数据进行最大受力计算|C.吊装作业的方案应由指挥、司索工和现场安全监督人员共同讨论编制|D.尺寸不同的物品不得混合捆绑，吊物棱角与吊索接触处应加衬垫保护 E 吊运前预测可能出现的事故，采取有效措施、选择安全通道、制定应急预案等,AB,本题主要考查的是起重机械使用安全，属于高频考点。做题思路：先掌握吊运前的准备工作知识点，后根据关键词判断选项正误。C错误，错在缺少前提。对于大型、重要的物件的吊运或多台起重机共同作业的吊装，事先要在有关人员参与下，由指挥、起重机司机和司索工共同讨论编制作业方案，必要时报请有关部门审查批准；D错误，错在“不得混合捆绑”。形状或尺寸不同的物品不经特殊捆绑不得混吊，防止坠落伤人；吊物捆扎部位的毛刺要打磨平滑，尖棱利角应加垫物，防止起吊吃力后损坏吊索。故选ABE。
多选题,[2022年][河南中安]可燃气体的爆炸极限不是一个固定值，受一系列因素的影响而有所变化，主要因素有可燃混合气体的温度、压力、惰性气体、点火能和容器材料及结构等。关于这些因素影响可燃气体爆炸极限的说法，正确的有（ ）。,A.可燃混合气体初始温度越高，其爆炸极限范围越宽|B.可燃混合气体初始压力越大，其爆炸极限范围越宽|C.在预混可燃气体中加入惰性气体，其爆炸极限范围变宽|D.对预混可燃气体而言点火能越高，其爆炸极限范围越宽 E 可燃混合气体的容器材料传热性越好，其爆炸极限范围越宽,ABD,本题主要考查的是不同因素对可燃气体爆炸极限的影响，属于高频考点。做题思路：先掌握不同因素对爆炸极限影响的知识点，后根据关键词判断正误。C错误，错在“变宽”。在混合气体中加入惰性气体（如氮、二氧化碳、水蒸气、氩、氦等），随着惰性气体含量的增加，爆炸极限范围缩小；D正确，点火源的活化能量越大，加热面积越大，作用时间越长，爆炸极限范围也越宽；E错误，错在“越宽”。爆炸容器的材料和尺寸对爆炸极限有影响。若容器材料的传热性好，管径越细，火焰在其中越难传播，爆炸极限范围变小。故选ABD。
多选题,[2022年][河南中安]火灾探测器的基本功能是对烟雾、温度、火焰和燃烧气体等火灾参量作出有效反应，通过敏感元件，将表征火灾参量的物理量转化为电信号起到报警作用。关于不同类型火灾探测器的说法，正确的有（ ）。,A.感光探测器适用于酒精火灾的早期检测报警|B.离子感烟火灾探测器因对黑烟灵敏度非常高而有很好的应用前景|C.天然气气体浓度报警器应设置在尽量靠近车间内的屋顶|D.差定温火灾探测器既能响应预定温度报警又能响应预定温升速率报警 E 定温火灾探测器有较好的可靠性和稳定性，响应时间短，灵敏度高,ACD,本题主要考查的是火灾探测器，属于高频考点。做题思路：先掌握不同类型探测器的特点和适用场所，后根据关键词判断选项正误。A正确，感光探测器适用于监视有易燃物质区域的火灾发生，如仓库、燃料库、变电所、计算机房等场所，特别适用于没有阴燃阶段的燃料火灾（如醇类、汽油、煤气等易燃液体、气体火灾）的早期检测报警；B错误，错在“有很好的应用前景”。离子感烟火灾探测器最显著的优点是它对黑烟的灵敏度非常高，特别是能对早期火警反应特别快而受到青睐。但因为其内必须装设放射性元素，特别是在制造、运输以及弃置等方面对环境造成污染，威胁着人的生命安全。因此，这种产品在欧洲现已开始禁止使用，在我国也终将成为淘汰产品；C正确，天然气的密度比空气密度轻，探测气体密度小于空气密度的可燃气体探测器应设置在被保护空间的顶部；D正确，差定温火灾探测器既能响应预定温度报警又能响应预定温升速率报警的火灾探测器；E错误，错在“响应时间短，灵敏度高”。定温火灾探测器有较好的可靠性和稳定性，保养维修也方便，只是响应过程长些，灵敏度低些。故选ACD。
多选题,[2022年][河南中安]隔爆装置主要有工业阻火器、主动式隔爆装置和被动式隔爆装置等类型。工业阻火器又分为机械阻火器、液封阻火器和料封阻火器等。根据机械阻火器的阻火原理，下列生产系统的管道中，适合使用机械阻火器的有（ ）。,A.内燃机的排气管|B.石油产品储罐的出口管|C.爆炸危险系统通风管口|D.加热炉燃烧器的燃气管 E 含粉尘可燃气体的管道,AC,本题主要考查的是机械阻火隔爆装置，属于高频考点。做题思路：先掌握不同隔爆装置的特点和适用范围，后选择符合题意选项。工业阻火器分为机械阻火器、液封和料封阻火器。工业阻火器对于纯气体介质才是有效的，对气体中含有杂质（如粉尘、易凝物等）的输送管道，应当选用主动式、被动式隔爆装置为宜。BDE错误，石油产品储罐的出口管，含粉尘可燃气体的管道，加热炉燃烧器的燃气管都不属于纯气体介质的管道。故选AC。
多选题,[2022年][河南中安]油气长输管道是石油天然气输送相对经济、安全、高效的方式，根据《输油管道工程设计规范》（GB50253）、《输气管道工程设计规范》（GB50251）、《油气输送管道完整性管理规范》（GB32167）等，关于油气管道安全输送的说法，正确的有（ ）。,A.限定管道内气体流速对于管道防爆作用甚微|B.管道布置应考虑压力和温度变化产生的应力|C.应防止在管道外围形成爆炸性气体滞留空间|D.天然气进入长输管道前应进行脱硫脱水处理 E 站场内的埋地管道不需要设置静电释放设施,BCD,本题主要考查的是油气管道输送安全。做题思路：从防爆角度分析选项。A错误，错在“对于管道防爆作用甚微”。限定管道内气体流速是为了限制和避免静电的产生和积累，从而减小爆炸风险；E错误，错在“不需要设置静电释放设施”。位于爆炸和火灾危险区内的管道应进行静电接地。故选BCD。
单选题,[2023年][河南中安]《烟花爆竹工程设计安全规范》规定了危险品生产区内部距离的计算方法和最小内部距离要求，下列针对危险品生产区最小内部距离的要求中，不符合该标准的是（    ）。,A.危险品生产区内1.1级建（构）筑物与厂区内水塔的内部距离不应小于50m|B.危险品生产区内1.1级建（构）筑物与地下消防水池的内部距离不应小于50m|C.危险品生产区内1.1级建（构）筑物与半地下消防水池的内部距离不应小于50m|D.危险品生产区内1.1级建（构）筑物与厂区内水泵房的内部距离不应小于50m,B,【解析】本题主要考查的是1.1级建筑物与公用建筑物、构筑物的内部最小允许距离。B错误，错在“不应小于50m”。5.2.7危险品生产区内1.1级建筑物与公用建筑物、构筑物的内部最小允许距离应符合下列规定：与厂区内办公室、食堂、汽车库、锅炉房、独立变电所、水塔、水泵房、有明火或散发火花建筑物的内部距离，应按本标准第5.2.2条或第5.2.3条的要求计算后至少再增加50%，且不应小于50m；与半地下式消防水池的内部距离不应小于50m，与地下式消防水池的内部距离不应小于30m。故选B。
单选题,[2023年][河南中安]机械设备安全包括机械产品安全和机械使用安全。应通过直接、间接、提示性安全技术措施等途径实现，改变机器设计或优化性能属于（    ）。,A.直接安全技术措施|B.其他安全防护措施|C.提示性安全技术措施|D.间接安全技术措施,A,【解析】本题主要考查的是安全技术措施归类，属于高频考点。做题思路：先掌握“三步法”内容，后根据题干描述归类到正确选项。消除或减小相关的风险，应按下列等级顺序选择安全技术措施，即“三步法”。第一步：本质安全设计措施，也称直接安全技术措施。第二步：安全防护措施，也称间接安全技术措施。第三步：使用安全信息，也称提示性安全技术措施。（一）本质安全设计措施是指通过改变机器设计或工作特性，来消除危险或减小与危险相关的风险的安全措施。故选A。
单选题,[2023年][河南中安]在机械设备旋转轴上的凸起物可能造成人体接触，造成衣物缠绕，下列机械安全防护装置中常适用于具有凸起物的旋转轴的是（    ）。,A.护套或防护装置|B.开口式防护装置|C.固定式防护罩|D.移动式防护罩,C,【解析】本题主要考查的是危险部位及其防护，属于高频考点。做题思路：先掌握不同机械危险部位及其安全防护措施，后根据关键词选择相适应选项。具有凸起物的旋转轴应利用固定式防护罩进行全面封闭。故选C。
单选题,[2023年][河南中安]电气引燃源包括电气装置的危险温度、电火花和电弧等，下列用电情形中，能产生危险温度的是（    ）。,A.电气线路的锡焊接头过大|B.运行中的电动机风道堵塞|C.运行中的变迁器瞬时过载|D.运行中的接触器线圈断路,B,【解析】本题主要考查的是危险温度，属于高频考点。做题思路：先掌握产生危险温度的原因，后根据关键词判断选项正误。A错误，A错“接头过大”；C错误，错在“瞬时”；D错误，错在“断路”。在严重过载或长时间过载都会产生危险温度，电气设备的散热或通风措施遭到破坏，如散热油管堵塞、通风道堵塞、安装位置不当、环境温度过高或距离外界热源太近，均可能导致电气设备和线路产生危险温度。不可拆卸的接头连接不牢、焊接不良或接头处夹有杂物，会增加接触电阻导致危险温度；可拆卸的接头连接不紧密或由于振动而松动也会导致危险温度。故选B。
单选题,[2023年][河南中安]危险化学品是对人体设施环境具有危害的剧毒化学品或其他化学品，相对普通化学品有显著不同的危险特性，下列化学品的特性中，属于危险化学品主要危险特性的是（    ）。,A.燃烧性和活泼性|B.放射性和爆炸性|C.毒害性和敏感性|D.爆炸性和挥发性,B,【解析】本题主要考查的是危险化学品主要危险特性，属于高频考点。危险化学品主要危险特性包括：燃烧性、爆炸性、毒害性、腐蚀性、放射性。故选B。
单选题,[2023年][河南中安]人机作业环境包括照明环境、声环境、色彩环境、气候环境等，环境中色彩的副作用主要表现为视觉疲劳，下列作业环境存在的色彩中，最容易引起视觉疲劳的是（    ）。,A.红色、橙色|B.蓝色、紫色|C.黄色、绿色|D.绿色、蓝色,B,【解析】本题主要考查的是色彩对人的影响，属于高频考点。做题思路：掌握不同色彩对人的影响。色彩的生理作用主要表现在对视觉疲劳的影响。人眼对明度和彩度的分辨力较差，在选择色彩对比时，常以色调对比为主。对引起眼睛疲劳而言，蓝、紫色最甚，红、橙色次之，黄绿、绿、绿蓝等色调不易引起视觉疲劳且认读速度快、准确度高。故选B。
单选题,"[2023年][河南中安]一、单选题
7
标记
收藏

蓄力器是锻压机械的重要部件，其设置应能保证自身运行、拆卸和检修等各项工作的安全，因此蓄力器应设置（    ）。",A.截止阀|B.安全阀|C.减压阀|D.止逆阀,B,【解析】本题主要考查的是锻造安全，属于高频考点。做题思路：关键词记忆。任何类型的蓄力器都应有安全阀。安全阀必须由技术检查员加以铅封，并定期进行检查。故选B。
单选题,[2023年][河南中安]《烟花爆竹工程设计安全规范》规定了危险品仓库的危险等级分类，危险1.1-1级、1.1-2级、1.3级，下列贮存危险品的仓库中，属于1.1-2级的是（    ）。,A.引火线仓库|B.开球药仓库|C.喷花类成品仓库|D.C级爆竹半成品仓库,A,【解析】本题主要考查的是危险品仓库的危险等级分类。危险品仓库的危险等级分类应符合表4-21 的规定。A正确，引火线仓库属于1.1-2级；B错误，开球药仓库属于1.1-1级；CD错误，喷花类成品仓库及C及爆竹半成品仓库属于1.3级。故选A。
单选题,[2023年][河南中安]劳动强度是以作业过程中的能消耗、氧耗、心率、直肠温度、排汗率或相对代谢率等指标分级的，我国工作场所，不同体力劳动强度分级的依据是（    ）。,A.接触时间和湿球黑球温度|B.接触时间和湿球温度|C.接触时间率和湿球黑球温度|D.接触时间率和湿球温度,C,【解析】本题主要考查的是劳动强度及分级，属于高频考点。WBGT指数又称湿球黑球温度，是综合评价人体接触作业环境热负荷的一个基本参量，单位为t。接触时间率是指劳动者在一个工作日内实际接触高温作业的累计时间与8h的比率。不同体力劳动强度分级依据接触时间率和WBGT指数。故选C。
单选题,[2023年][河南中安]生产工艺过程中积累的静电可能会引起燃爆事故，还可能发生电击伤害，关于静电危害的说法，正确的是（    ）。,A.静电能量大，静电电击会使人致命|B.带静电的人体接近接地导体可能导致燃爆事故|C.生产过程中产生的静电不影响产品质量|D.静电电击不会对人造成二次伤害,B,【解析】本题主要考查的是静电危害，属于高频考点。做题思路：先掌握静电危险知识点，后根据关键词判断选项正误。A错误，错在“会使人致命”。静电能量不大，静电电击不足以使人致命；B正确，带静电的人体接近接地导体或其他导体时，以及接地的人体接近带电的物体时，均可能发生火花放电，导致爆炸或火灾；C错误，错在“不影响产品质量”。生产过程中产生的静可能妨碍生产或降低产品质量；D错误，错在“不会对人造成二次伤害”。静电电击能够造成二次事故，从而产生二次伤害。故选B。
单选题,"[2023年][河南中安]一、单选题
11
标记
收藏

某港口用于装卸作业的起重机，回转安装在原架上，沿地图轨道运行，下方可通过铁路或公路车辆，该起重机属于（    ）。",A.桥式起重机|B.门式起重机|C.流动式起重机|D.门座式起重机,D,【解析】本题主要考查的是门座式起重机概念。门座式起重机，安装在门座上，下方可通过铁路或公路车辆的移动式回转起重机。它是回转臂架安装在门形座架上的起重机，沿地面轨道运行的门座架下可通过铁路车辆或其他车辆，多用于港口装卸作业，或造船厂进行船体与设备装配。故选D。
单选题,[2023年][河南中安]安全人机工程是应用人机工程学的理论和方法研究“人－机－环境”系统，并使二者在安全的基础上达到最优匹配，下列人与机器的功能中，机器优于人的是（    ）。,A.高度的灵活性|B.高度的可塑性|C.同时完成多种操作|D.突发事件应对能力,C,【解析】本题主要考查的是人与机器特性的比较，属于高频考点。做题思路：先掌握人优于机器的功能和机器优于人的功能，后根据关键词进行判断。机器优于人的功能：（1）机器能平稳而准确地输出巨大的动力，输出值域宽广；（2）机器的动作速度极快，信息传递、加工和反应的速度也极快；（3）机器运行的精度高；（4）机器的稳定性好；（5）机器对特定信息的感受和反应能力一般比人高；（6）机器能同时完成多种操作，且可保持较高的效率和准确度；（7）机器能在恶劣的环境条件下工作。故选C。
单选题,[2023年][河南中安]大型游乐设施是一种日常生活中比较常见的特种设备，该设备的操作人员必须掌握相关知识，并能正确处理各种突发情况，关于大型游乐设施操作人员安全操作要求的说法，错误的是（    ）。,A.设备运行中乘客产生恐惧大声叫喊时，操作人员应立即停机，让其下来|B.必须确保设备紧急停车按钮位置让本机所有取得证件的操作人员知道|C.游乐设施正式运营前，操作人员空车运行1次|D.设备运行中，操作人员不能离开岗位，遇到紧急情况时及时采取措施,C,【解析】本题主要考查的是大型游乐设施操作人员安全操作要求，属于高频考点。做题思路：先掌握安全操作要求，后根据关键词判断选项正误。操作人员应特别注意事项：C错误，错在“1次”。（1）游乐设备正式运营前，操作员应将空车按实际工况运行2次以上，确认一切正常再开机营业；（2）开机前，先鸣铃以示警告，让等待上机的乘客及服务员远离游乐设施，以防开机后碰伤。确认乘客都已坐好并符合安全要求，确认周围环境无安全隐患，场内无闲杂人员再开机；A正确，（3）设备运行中，在乘客产生恐惧、大声叫喊时，操作员应立即停机，让恐惧乘客下来；D正确，（4）设备运行中，操作人员不能离开岗位。要随时注意观察乘客及设备情况，遇有紧急情况时，要及时停机并采取相应的措施；B正确，（5）紧急停止按钮的位置，必须让本机台所有取得证件的操作人员都知道，以便需要紧急停车时，每个操作员都能操作；（6）营业终了时，关掉总电源，并对设备设施进行安全检查。故选C。
单选题,[2023年][河南中安]安全防护措施是指从人的安全需要出发，采用特定的技术手段防止和限制各种危险的安全措施，包括装设防护装置、保护装置和其他补充保护措施。下列安全防护装置中，适用于防止人员从各个方向进入危险区域的是（    ）。,A.固定式的防护装置|B.封闭式的防护装置|C.活动式防护装置|D.距离式防护装置,B,【解析】本题主要考查的是防护装置，属于高频考点。做题思路：从题干信息“防止人员从各个方向进入”切入。防护装置可以设计为封闭式，将危险区全部封闭，人员从任何地方都无法进入危险区。故选B。
单选题,[2023年][河南中安]旋转机械的传动外露部分，冲压设备的施压部分等都必须装设安全防护装置，由于安全防护装置的形式较多，应根据运动的性质和人员进入危险区的需要来选择安全防护装置，机械正常运行期间，操作者不需要进入危险区的场合，应优先选用的防护装置是（    ）。,A.固定式防护装置|B.活动式防护装置|C.联锁式防护装置|D.可调式防护装置,A,【解析】本题主要考查的是防护装置，属于高频考点。做题思路：先掌握各种防护装置的特点，后根据题干描述选择符合的选项。机械正常运行期间操作者不需要进入危险区的场合，优先考虑选用固定式防护装置，包括进料、取料装置，辅助工作台；适当高度的栅栏，通道防护装置等。故选A。
单选题,[2023年][河南中安]信号预警装置类别包括听觉信号、视觉信号以及视听组合信号，设计和应用视听信号应遵循安全人机工程学原则，关于视听信号安全要素的说法，正确的是（    ）。,A.听觉信号在接收区的任何位置不低于65dB（A）|B.紧急视觉信号亮度应至少是背景亮度的5倍|C.视觉险情信号中，警告视觉信号的颜色应为红色|D.所有视听信号应优先于其他险情信号,A,【解析】本题主要考查的是信号和警告装置，属于高频考点。做题思路：先掌握信号和警告装置知识点，后根据关键词判定选项正误。A正确，信号必须清晰可见，听觉信号应明显超过有效掩蔽阈值，在接收区内的任何位置都不应低于65dB（A）；B错误，错在“5倍”。紧急视觉信号应使用闪烁信号灯，以吸引注意并产生紧迫感，警告视觉信号的亮度应至少是背景亮度的5倍，紧急视觉信号亮度应至少是背景亮度的10倍，即后者的亮度应至少2倍于前者，频闪效应会削弱闪光信号的可察觉性。听觉信号和视觉信号宜同时使用时，声光的同步可提高信号的可察觉性。听觉险情信号应使其从接收区内所有其他声音中清晰地突显；C错误，错在“红色”。视觉险情信号中，警告视觉信号应为黄色或橙黄色，紧急视觉信号应为红色；D错误，错在“所有视听信号”。不管移动信号源的移动速度或方向如何变化，险情信号都应确保在各种不利环境下得以识别。紧急信号应优先于所有警告信号，紧急撤离信号应优先于其他所有险情信号。故选A。
单选题,[2023年][河南中安]火灾是指在时间或空间上失去控制的燃烧，引燃能，着火诱导期，闪点及自燃等都是描述火灾的参数，关于火灾的基本概念及参数的说法，正确的是（    ）。,A.热分解温度是评价可燃固体危险性的主要指标之一，它是可燃物质受热发生分解的初始温度|B.引燃能是指释放能够触发燃烧化学反应的能量，影响其反应发生的因素仅与温度有关|C.闪燃是在一定温度下，在可燃液体表面上产生足够的可燃蒸汽，遇火产生持续燃烧的现象|D.自燃是物质在通常环境条件下自发燃烧的现象，汽油与煤油相比，汽油的密度小，自燃点低,A,【解析】本题主要考查的是火灾的基本概念及参数，属于高频考点。做题思路：先掌握火灾的基本概念及参数，后根据关键词判断选项正误。B错误，错在“仅与温度有关”。引燃能是指释放能够触发初始燃烧化学反应的能量，也叫最小点火能，影响其反应发生的因素包括温度、释放的能量、热量和加热时间；C错误，错在“持续燃烧”。闪燃是在一定温度下，在可燃液体表面上能产生足够的可燃蒸气，遇火能产生一闪即灭的燃烧现象；D错误，错在“自燃点低”。一般情况下，密度越大，闪点越高，而自燃点越低。比如下列油品的密度：汽油＜煤油＜轻柴油＜重柴油＜蜡油＜渣油，而其闪点依次升高，自燃点则依次降低。故选A。
单选题,[2023年][河南中安]由于民用爆炸物品存在燃烧爆炸特性在生产、储运、经营、使用等过程中存在火灾，爆炸风险，因此，必须了解其燃烧爆炸特性，制定有效的防火防爆措施，关于民用爆炸物品燃烧特性的说法，正确的是（    ）。,A.炸药燃烧时气体产物所做的功属于力学特性|B.炸药中加入少量二苯胺会改善其力学特性|C.炸药燃烧速率与炸药的物理结构关系不大|D.炸药的燃烧特性标志着炸药能量释放的能力,D,【解析】本题主要考查的是民用爆炸物品燃烧特性，属于高频考点。做题思路：先掌握、区分民用爆炸物品燃烧特性里的5个点，后根据关键词判断选项正误。A错误，错在“属于力学特性”。力学特性是指火药要具有相应的强度，满足在高温下保持不变形、低温下不变脆，能承受在使用和处理时可能出现的各种力的作用，以保证稳定燃烧。能量特征是标志火药做功能力的参量，一般是指1kg火药燃烧时气体产物所做的功；B错误，错在“会改善其力学特性”。为改善炸药的安定性，一般在炸药中加入少量的化学安定剂，如二苯胺；C错误，错在“关系不大”。燃烧特性它标志炸药能量释放的能力，主要取决于炸药的燃烧速率和燃烧表面积。燃烧速率与炸药的组成和物理结构有关，还随初始温度和工作压力的升高而增大。故选D。
单选题,[2023年][河南中安]机械本质安全设计是指通过改变机器设计或工作特性。来消除危险或减小风险的安全措施。下列安全措施中，属于机械本质安全设计的是（    ）。,A.设置警示的措施|B.保证强度的措施|C.逃生疏散的措施|D.安全防护的措施,B,【解析】本题主要考查的是机械设备安全，属于高频考点。做题思路：先掌握安全措施“三步法”，后做出正确归类。B属于。ACD不属于。A属于使用安全信息；C属于安全防护措施里的补充保护措施；D属于安全防护措施。B属于本质安全设计措施里的限制机械应力以保证足够的抗破坏能力：（2）足够的抗破坏能力。各组成受力零件应保证足够安全系数，使机械应力不超过许用值在额定最大载荷或工作循环次数下，应满足强度、刚度、抗疲劳性和构件稳定性要求。故选B。
单选题,[2023年][河南中安]爆炸危险环境中使用的电气线路，应确保在运行时不形成或引燃电弧及危险温度，因此，该环境中的电气线路必须采取的防火防爆电气线路的安全要求中，正确的是（    ）。,A.电缆沟铺设时，如设置排水措施，沟内部不得充砂|B.钢管配线不应采用无护套的绝缘多芯导线|C.爆炸性环境2区内的电缆线路不应有中间接头|D.架空线路与爆炸性环境的水平距离应小于杆塔高度,C,【解析】本题主要考查的是防爆电器线路，属于高频考点。做题思路：先掌握防爆电气线路安全要求，后根据关键词判断选项正误。A错误，错在“不得充砂”。电缆沟敷设时，沟内应充砂，并宜设置排水措施；B错误，错在“不应”。钢管配线可采用无护套的绝缘单芯或多芯导线；C正确，在1区内电缆线路严禁有中间接头，在2区、20区、21区内不应有中间接头；D错误，错在“应小于杆塔高度”。架空电力线路严禁跨越爆炸性气体环境，架空线路与爆炸性气体环境的水平距离，不应小于杆塔高度的1.5倍。在特殊情况下，采取有效措施后，可适当减少距离。故选C。
单选题,[2023年][河南中安]危险化学品在运输中存在较大安全风险，全面了解和掌握危险化学品运输的安全技术与要求，可降低危险化学品运输事故发生的风险，关于安全运输危险化学品的说法，正确的是（    ）。,A.危险化学品详细标注出所属化学品种类、数量后可以按照国家规定进行托运|B.危险化学品在装卸过程中如采取有效的防护措施，可以和普通货物混合堆放|C.采取有效的防护措施后，可以采用电缆车运输燃烧爆炸性危险化学品|D.危险化学品运输实行资质认定制度，未经资质认定不得运输危险化学品,D,【解析】本题主要考查的是危险化学品运输安全，属于高频考点。做题思路：先掌握、危险化学品运输安全技术与要求，后根据关键词判断选项正误。A错误，缺少“危险特性以及发生危险情况的应急处置措施”等。托运危险化学品的，托运人应当向承运人说明所托运的危险化学品的种类、数量、危险特性以及发生危险情况的应急处置措施，并按照国家有关规定对所托运的危险化学品妥善包装，在外包装上设置相应的标志；B错误，错在“可以和普通货物混合堆放”。危险货物装卸过程中，应当根据危险货物的性质轻装轻卸，堆码整齐，防止混杂、撒漏、破损，不得与普通货物混合堆放；C错误，错在“可以采用电缆车运输”。装运爆炸、剧毒、放射性、易燃液体、可燃气体等物品，必须使用符合安全要求的运输工具。故选D。
单选题,[2023年][河南中安]热继电器和熔断器通过自身动作或熔断达到保护电气设备安全的目的，关于热继电器或熔断器的功能、原理及使用情形的说法，正确的是（    ）。,A.热继电器仅能用于电气设备的短路保护|B.热继电器的保护作用是基于电流的热效应|C.熔断器是将易熔元件并联在电气线路上|D.熔断器可用于有冲击电流线路的过载保护,B,【解析】本题主要考查的是低压保护电器的特点和性能，属于高频考点。做题思路：先掌握热继电器和熔断器的工作原理和特点，后根据关键词判断选项正误。A错误，错在“仅能用于电气设备的短路保护”。热继电器的热容量较大，动作延时也较大，只宜用于过载保护，不能用于短路保护；B正确，热继电器的核心元件是热元件，利用电流的热效应实施保护作用；C错误，错在“并联”。熔断器是将易熔元件串联在线路上；D错误，错在“可用于有冲击电流线路的过载保护”。在有冲击电流出现的线路上，熔断器不可用作过载保护元件。故选B。
单选题,[2023年][河南中安]为了提高电气设备与大地之间的绝缘强度，电气设备所处环境的地板、墙壁均采用不导电材料，从而形成不导电环境，下列不导电环境的安全要求中，正确的是（    ）。,A.不导电场应设置保护接零线或保护接地线|B.应有防止场所内高电位引出场所外的措施|C.环境中的地板或墙壁的电阻均应低于阈值|D.场所应保持干燥环境以保证永久不导电特征,B,【解析】本题主要考查的是不导电环境，属于高频考点。做题思路：先掌握不导电环境的安全要求，后根据关键词判断选项正误。A错误，错在“应设置”。为了保持不导电特征，场所内不得有保护零线或保护地线；B正确，采取网络接地时还应当注意防止高电位引出和低电位引入的可能性。因为网络可能呈现较高的对地电压，如将网络内高电位引出，则可能在网络外造成触电危险，如将网络外低电位引入，则可能在网络内造成触电危险；C错误，错在“均应低于阈值”。不导电环境是指地板和墙都用不导电材料制成，即大大提高了绝缘水平的环境；D错误，错在“以保证永久不导电特征”。场所不会因受潮而失去不导电性能，不会因引进其他设备而降低安全水平。故选B。
单选题,[2023年][河南中安]有些工作介质只有在某种特定条件下才会对压力容器的材料产生腐蚀，消除这种能引起腐蚀的、特别是应力腐蚀的条件，下列为防止碳锅压力容器腐蚀采取的措施中，正确的是（    ）。,A.介质中含有H2S时，增加介质含水量形成湿H2S环境|B.对于CO2气体介质，采取低温、加湿等措施|C.盛装O2的压力容器，要经常排放容器中的积水|D.介质中含有稀碱液的容器，尽量采取措施使稀液浓缩,C,【解析】本题主要考查的是压力容器的维护保养，属于高频考点。做题思路：先掌握压力容器的维护保养要求，后根据关键词判断选项正误。A错误，错在“增加介质含水量形成湿H2S环境”。气相介质含有硫化氢，一旦硫化氢溶于会形成酸性条件导致设备腐蚀加剧，应经过碱洗脱出体系内的硫化氢或避免介质接触水相介质；B错误，错在“采取低温、加湿等措施”。二氧化碳在水相条件下形成碳酸会加剧设备腐蚀，应降低体系内的水含量；C正确，盛装氧气的容器，常因底部积水造成水和氧气交界面的严重腐蚀，要防止这种腐蚀，最好使氧气经过干燥，或在使用中经常排放容器中的积水；D错误，错在“尽量采取措施使稀液浓缩”。含有稀碱液的容器在高浓度条件下导致设备韧性断裂，必须采取措施消除使稀液浓缩的条件。故选C。
单选题,[2023年][河南中安]场（厂）内专用机动车辆事故不但会造成车辆的损失和人员的伤亡，还会影响正常生产秩序，因此必须采取有效的安全技术和安全管理措施，达到事故预防的目的。下列针对场（厂）内专用机动车辆的安全措施中，属于应急措施的是（    ）。,A.做好机动车辆的定期检查，维护保养，及时消除隐患|B.加强对操作人员的教育和培训，提高操作技术能力|C.加强场区倒车、装卸作业，夜间行车等环节的管理|D.事故后迅速停车、积极抢救伤者，迅速向主管部门报告,D,【解析】本题主要考查的是应急措施，属于高频考点。做题思路：找应急措施相关内容。A属于机动车辆的日常保养，不属于应急措施；B属于日常的教育培训，加强员工的安全隐患意识不属于应急措施；C属于应急管理措施，不属于应急措施。故选D。
单选题,[2023年][河南中安]危险化学品因其理化特性，在生产、使用、存储、运输中若处置不当容易引发火灾爆炸事故，造成人员伤亡和财产损失，因此应采取有效的预防措施、下列预防火灾爆炸的措施中，属于限制火灾爆炸蔓延扩散的是（    ）。,A.安装防爆泄压装置|B.采用惰性气体保护|C.采用防爆电器设备|D.将危化品密闭处理,A,【解析】本题主要考查的是危险化学品火灾、爆炸事故的预防，属于高频考点。做题思路：先掌握防止火灾、爆炸事故发生的三个基本原则，再做出归类。A属于，BCD不属于。BD属于防止燃烧、爆炸系统的形成；C属于消除点火源。限制火灾、爆炸蔓延扩散的措施包括阻火装置、防爆泄压装置及防火防爆分隔等。故选A。
单选题,[2023年][河南中安]爆破片的类型主要有正拱形，反拱形和石墨爆破片等，正拱形是拱的凹面处于压力系统的高压侧，反拱形是拱的凸面处于压力系统的高压侧，石墨爆破片由整块石墨浸渍加工而成。关于不同类型爆破片适用场合的说法，错误的是（    ）。,A.反拱形比正拱形更适用于有脉动荷载的场合|B.反拱形比正拱形更适用于系统中有真空条件的场合|C.反拱形比正拱形更适用于介质为高压液体的场合|D.石墨爆破片适用于强腐蚀，低压，允许碳片产生的场合,C,【解析】本题主要考查的是不同类型爆破片适用。反拱形爆破片抗疲劳性和耐真空性能更好，比正拱形更适用于有脉动荷载的场合，因此A、B符合要求；按照GB/T 567.2-2012规定，一般情况下，用于液体介质的爆破片不能选用反拱形，故C错误。石墨爆破片适用于强腐蚀，低压，允许碳片产生的场合符合设计要求。故选C。
单选题,[2023年][河南中安]腐蚀性危险化学品按腐蚀性的强弱可以分为两级，按酸碱性及有机物、无机物可分为八类。下列腐蚀性危险化学品中，属于强腐蚀性的是（    ）。,A.有机碱性腐蚀化学品|B.一级无机酸性腐蚀化学品|C.其他无机腐蚀化学品|D.二级有机酸性腐蚀化学品,B,【解析】本题主要考查的是腐蚀性危险化学品分类，属于高频考点。做题思路：先了解腐蚀性危险化学品分类特点，后对比区分。A错误，有机碱性腐蚀化学品主要是具有碱性的有机腐蚀物质；B正确，一级无机酸性腐蚀物质。这类物质具有强腐蚀性和酸性；C错误，其他无机腐蚀化学品主要是具有碱性的氧化物；D错误，二级有机酸性腐蚀化学品主要是一些较弱的有机酸。故选B。
单选题,[2023年][河南中安]人的性格千差万别，主要表现形式也不相同，在生产活动中，作业者的某种性格类型可能引起不安全行为，进而导致生产安全事故，下列人的性格类型中，不易导致安全生产安全事故的是（    ）。,A.冷静型|B.急躁型|C.迟钝型|D.轻浮型,A,【解析】本题主要考查的是性格与安全，属于安全生产管理考点。做题思路：选正向描述选项。冷静型的人不会冒险是做事的主要风格。有的冷静型人想一件事就能想得非常细腻，甚至滴水不漏，每个环节，每个细节，都考虑得非常严密。不易导致安全生产安全事故。故选A。
单选题,[2023年][河南中安]评价粉尘爆炸危险性的主要特征参数的爆炸极限，最小点火能量，最低着火温度、粉尘爆炸压力及压力上升速率，关于粉尘爆炸危险性的说法，正确的是（ ）。,A.粉尘爆炸极限值范围越窄，粉尘爆炸的危险性越大|B.粉尘容器尺寸对其爆炸压力及压力上升速率影响小|C.粉尘环境中形成湍流条件时，会使爆炸波阵面不断减速|D.粒度对粉尘爆炸压力上升速率比对爆炸压力影响大,D,本题主要考查的是粉尘爆炸的危险性及影响因素，属于高频考点。做题思路：先掌握粉尘爆炸的危险性及影响因素，后根据关键词判断正误。A错误，错在“越窄”。粉尘爆炸极限值范围越大，粉尘爆炸的危险性越大；B错误，错在“影响小”。粉尘容器尺寸对其爆炸压力及压力上升速率影响也很大；C错误，错在“不断减速”。粉尘爆炸在管道中传播碰到障碍片时，因湍流的影响，粉尘呈漩涡状态，使爆炸波阵面不断加速；D正确，粒度对粉尘爆炸压力上升速率的影响比粉尘爆炸压力大多。故选D。
单选题,[2023年][河南中安]客运索道在旅游景点比较常见，对其日常检查和维修是保证安全运行的重要措施，下列客运索道的日常检查和维修的安全要求中，正确的是（ ）。,A.客运索道每天运送乘客前应进行2次试车|B.线路润滑巡视工每班应至少全线巡视1次|C.电工、钳工每周应至少对专责设备检查1次|D.客运索道运营3年，应对托压缩轮进行检测,B,本题主要考查的是客运索道的检查和维修，属于高频考点。做题思路：先掌握客运索道日常检查和维修的内容要点，后根据关键词判断选项正误。A错误，错在“应进行2次”。客运索道每天运送乘客前应进行1次试车；B正确，值班电工、钳工对专责设备每班至少检查一次，线路润滑巡视工每班至少全线巡视一周（线路长的索道，可分段分工检查）；C错误，错在“每周”。电工、钳工每班应至少对专责设备检查1次；D错误，错在“3年”。运营后每1～2年应对支架各相关位置（如中心点、托压索轮及支架横担水平度、垂直度、支架形变等）进行检测，以防止发生脱索等重大事故。故选B。
单选题,"[2023年][河南中安]一、单选题
32
标记
收藏
火灾自动报警系统由触发装置，火灾报警装置，火灾警报和电源部分组成。下列火灾自动报警系统的元件中，属于火灾警报装置的是（ ）。",A.火灾探测器|B.声光报警器|C.显示器|D.手动报警按钮,B,本题主要考查的是火灾自动报警系统组成，属于高频考点。做题思路：先了解各组成部分，后做出正确归类。B属于，ACD不属于。AD属于触发装置，C属于火灾报警装置。故选B。
单选题,[2023年][河南中安]防爆泄压设施可以释放爆炸时系统骤增的压力，以减少对设备、管道等的破坏，关于防爆设施的说法，正确的是（ ）。,A.剧毒气体的泄压设施宜选用爆破片|B.弹簧式安全阀适用于高压系统|C.液化气体容器的安全阀应安装在液体部分|D.爆破片的爆破压力应高于设计压力,A,本题主要考查的是防爆泄压设施，属于高频考点。做题思路：先掌握安全阀、爆破片相关内容要点，后根据关键词判断选项正误。B错误，脉冲式适用于高压系统；C错误，错在“安装在液体部分”。液化气体容器上的安全阀应安装于气相部分，防止排出液体物料，发生事故；D错误，错在“高于”。任何情况下，爆破片的爆破压力均应低于系统的设计压力。故选A。
单选题,[2023年][河南中安]高压断路器和高压负荷开关是断开变压器高压侧电源的重要电器，关于使用高压断路器和高压负荷开关的说法，错误的是（ ）。,A.倒闸时先拉开隔离开关再拉开断路器|B.高压断路器与高压隔离开关串联使用|C.高压负荷开关必须串联有高压熔断器|D.跌开式熔断器可用来操作空载变压器,A,本题主要考查的是电气防火防爆技术，属于高频考点。做题思路：理解掌握断电顺序。A错误，高压应先断开断路器，后断开隔离开关，低压应先断开电磁起动器或低压断路器，后断开闸刀开关。故选A。
单选题,[2023年][河南中安]为了保证起重机械的安全吊起，吊运前必须进行充分的准备工作，关于起吊前准备工作的说法，错误的是（ ）。,A.应对使用的吊具及附件进行安全检查|B.使用流动式起重机要将地面垫实垫平|C.尺寸、形状不同的物品不得混合捆绑|D.应检查起重机的支脚是否牢固可靠,C,本题主要考查的是起重机械吊运前的准备，属于高频考点。C错误，错在“不得混合捆绑”。尺寸、形状不同的物品不经特殊捆绑方式不得混吊，防止坠落伤人。故选C。
单选题,[2023年][河南中安]雷电可引起燃爆、电击、设备和设施毁坏、大规模停电等危害、关于雷电危害的说法，正确的是（ ）。,A.雷电产生的冲击电压可能会导致发电机毁坏|B.雷电的二次放电不会对人体产生电击|C.球雷可能使人致命，但不会侵入室内引起火灾|D.雷电流较短时间内通过导体不会形成引燃源,A,本题主要考查的是雷电的危害，属于高频考点。做题思路：先掌握雷电的危害，后根据关键词判断选项正误。A正确；数百万伏乃至更高的冲击电压可能毁坏发电机、电力变压器、断路器、绝缘子等电气设备的绝缘、烧断电线或劈裂电杆；B错误，错在“不会对人体产生电击”。雷电直接对人放电会使人遭到致命电击，二次放电也能造成电击；C错误，错在“不会侵入室内引起火灾”。在雷雨季节，球雷可能从门、窗、烟囱等通道侵入室内；D错误，错在“不会形成引燃源”。巨大的雷电流通过导体，在极短的时间内转换出大量的热能，可能烧毁导体、熔化导体，导致易燃品的燃烧，从而引起火灾乃至爆炸。故选A。
单选题,[2023年][河南中安]压力表是锅炉的重要安全仪表，能够准确地显示锅炉上被测部位的压力，可使操作人员及时发现锅炉运行过程中的超压状况，下列锅炉上必须装设压力表的部位是（ ）。,A.蒸汽锅炉省煤器的进口和出口|B.热水锅炉进水阀的进口|C.蒸汽锅炉再热器的进口和出口|D.热水锅炉出水阀的出口,C,本题主要考查的是锅炉压力表的设置。做题思路：分清进口和出口。A错误，错在“进口”。B错误，错在“进口”。D错误，错在“出口”。锅炉的以下部位应当装设压力测量装置：（1）蒸汽锅炉锅筒（壳）的蒸汽空间；（2）给水调节阀前；（3）省煤器出口；（4）过热器出口和主汽阀之间；（5）再热器出口、进口；（6）直流蒸汽锅炉的启动（汽水）分离器或其出口管道上；（7）直流蒸汽锅炉省煤器进口、储水箱和循环泵出口；（8）直流蒸汽锅炉蒸发受热面出口截止阀前（如果装有截止阀）；（9）热水锅炉的锅筒（壳）上；（10）热水锅炉的进水阀出口和出水间进口；（11）热水锅炉循环水泵的出口、进口；（12）燃油锅炉、燃煤锅炉的点火油系统的油泵进口（回油）及出口；（13）燃气锅炉、燃煤锅炉的点火气系统的气源进口及燃气间阀组稳压阀（调压阀）后。故选C。
单选题,[2023年][河南中安]人的机体与毒性危险化学品的相互作用是个复杂的过程，中毒后的症状也不一样，尤其是发生急性中毒，需要立即施救，否则会危及生命，下列针对毒性危险化学品泄漏扩散引起急性中毒的应急处置措施中，错误的是（ ）。,A.立即停止输送物料|B.迅速启动通风设施|C.及时堵塞泄漏部位|D.立即实施原地抢救,D,本题主要考查的是危险化学品中毒应急处置措施，属于高频考点。做题思路：先掌握危险化学品中毒的应急处置措施，后根据关键词判断选项正误。D错误，错在“原地”。发生危险化学品泄漏中毒事故后，应立即切断物料供应、打开强制送排风系统有封堵条件的及时封堵泄漏部位，并将中毒者及时抢救。救护人员应迅速将中毒者移至空气新鲜、通风良好的地方。故选D。
单选题,[2023年][河南中安]某化工公司将无标识的化工原料次氯酸钠存入公司仓库，库管员未对入库原料进行认真核实，之后又将该原料挪入其他产品存放区混存，引发危险化学品物质相互反应而造成火灾。下列危险化学品中，能够与次氯酸钠混存的是（ ）。,A.丙酮|B.乙醚|C.高锰酸钾|D.无水乙醇,C,本题主要考查的是危险化学品的安全存放，属于高频考点。做题思路：次氯酸钠属于强氧化剂，不能和易燃有机试剂混放。特别注意强氧化剂（高锰酸钾、过氧化氢、浓硫酸、硝酸、次氯酸钠、高氯酸等）不得与易燃有机试剂（如丙酮、乙腈、乙醚、无水乙醇等）混放。故选C。
单选题,[2023年][河南中安]当锅炉运行燃烧不充分时，部分可燃物随着燃气进入尾部烟道，积存于烟道内部。黏附在尾部受热面上，在一定条件下这些可燃物自行着火后，称为尾部烟道二次燃烧，关于尾部烟道二次燃烧的说法，正确的是（ ）。,A.尾部烟道二次燃烧主要发生在燃气锅炉上|B.尾部烟道二次燃烧易发生在锅炉满负荷工况|C.尾部烟道二次燃烧易在引风机停转后发生|D.尾部烟道二次燃烧易在停炉之后不久发生,D,本题主要考查的是锅炉尾部烟道二次燃烧，属于高频考点。做题思路：先掌握尾部烟道二次燃烧的知识点，后根据关键词判断选项正误。A错误，错在“燃气”。尾部烟道二次燃烧主要发生在燃油锅炉上；B错误，错在“锅炉满负荷工况”。尾部烟道二次燃烧易发生在锅炉低负荷工况或刚停炉不久；C错误，错在“引风机”。尾部烟道二次燃烧易在送风机停转后发生；D正确，尾部烟道二次燃烧易在停炉之后不久发生。故选D。
单选题,[2023年][河南中安]气瓶在贮存过程中经常发生事故，贮存场所必须符合相关的安全规范，同时还应加强管理。下列气瓶贮存的安全要求中，错误的是（ ）。,A.贮存过程中应遵循先入库先发出原则，并应设立明显的警示标志|B.空、实瓶应分开存放，可燃气体的气瓶不得与还原性气瓶同存|C.气瓶库屋顶应为轻型结构，应有足够的泄压面积，透明玻璃上应涂白漆|D.瓶库内部不得有地沟、暗道，严禁用电热器、煤炉取暖,B,本题主要考查的是气瓶的贮存、保管，属于高频考点。做题思路：先掌握气瓶贮存的知识点，后根据关键词判断选项正误。B错误，错在“还原性”。空、实瓶应分开存放，可燃气体的气瓶不得与氧化性气瓶同存。故选B。
单选题,[2023年][河南中安]金属切削加工存在诸多危险因素，包括机械、电气、噪声与振动等，下列金属切削机床电气设备的安全要求中，正确的是（ ）。,A.电气设备应设置放电装置|B.紧急停止装置应设在操作区外|C.电气设备应设置防触电措施|D.数控机床应在无人控制下启动,C,本题主要考查的是金属切削机床电气安全措施，属于高频考点。做题思路：先掌握其安全措施，后根据关键词判断选项正误。A错误，错在“应”。电气设备应防止或限制静电放电，必要时可设置放电装置；B错误，错在“应设在操作区外”。紧急停止装置的布置应保证操作人员易于触及且操作无危险；D错误，错在“应”。数控机床不得在无人控制下启动。故选C。
单选题,[2023年][河南中安]叉车及非公路旅游观光车是常见的场（厂）内专用机动车辆，在其使用中必须严格履行安全操作规程，下列叉车及非公路旅游观光车的安全要求中，正确的是（ ）。,A.任何情况下，观光车驾驶员不得在方向盘的极限位置起步|B.叉车叉装重量不明的物件时，应叉离地面100mm检查稳定|C.叉车使用过程中，严禁两辆叉车同时装卸一辆货车|D.观光车行驶中，驾驶员应对离合器和制动器进行检查,B,本题主要考查的是场（厂）内专用机动车辆安全操作要求，属于高频考点。做题思路：先掌握场（厂）内专用机动车辆安全操作要求，后根据关键词判断选项正误。A错误，错在缺少“特殊情况除外”。任何情况下，观光车驾驶员不得在方向盘的极限位置起步（特殊情况除外）；C错误，错在“严禁”。两辆叉车同时装载一辆货车时，应有专人联系指挥保证作业安全；D错误，错在“行驶中”。观光车启动后，驾驶员应对离合器和制动器进行检查，确认正常后方可运行。故选B。
单选题,[2023年][河南中安]为保证低压配电柜安全可靠运行，并便于操作、检查、试验和监测，安装配电柜时应符合安全要求，图示为某企业室外低压配电柜落地安装示意图，图中为配电柜底面湿地面的高度，H为操作手柄中心的高度，下列低压配电柜安装尺寸中，符合安全要求的是（ ）。,A.A＝40mm，H＝1.2m|B.A＝80mm，H＝1.6m|C.A＝100mm，H＝1.8m|D.A＝60mm，H＝1.4m,D,本题主要考查的是低压配电柜安装要求。做题思路：手柄位于方便操作高度。落地安装的配电柜地面应高出地面50～100mm，操作手柄中心高度一般为1.2m～1.5m。故选D。
单选题,[2023年][河南中安]可燃性气体、蒸气或粉尘爆炸极限值不是一个物理常数，它随条件的变化而变化，其中，惰性气体（如氮、二氧化碳、水蒸气、氩、氦等）的含量是一个重要影响因素，关于惰性气体影响甲烷气体爆炸极限的说法，正确的是（ ）。,A.甲烷的爆炸极限范围在空气中比在纯氧气中的宽|B.惰性气体浓度的增加，对甲烷爆炸下限产生的影响比上限大|C.甲烷的爆炸上下限不会因惰性气体浓度的增加而趋于一致|D.甲烷的爆炸极限范围在He＋O2体系中比在N2＋O2中的宽,D,本题主要考查的是惰性气体对爆炸极限的影响，属于高频考点。做题思路：先掌握惰性气体对爆炸极限影响的知识点，后根据选项描述判断正误。A错误，错在“在空气中比在纯氧气中的宽”。甲烷的爆炸极限范围在纯氧中比在空气中的宽，爆炸危险性更强；B错误，错在“对甲烷爆炸下限产生的影响比上限大”。惰性气体浓度的增加，对甲烷爆炸上限产生影响比下限大；C错误，错在“不会”。甲烷的爆炸上下限会因惰性气体浓度的增加而趋于一致。故选D。
单选题,[2023年][河南中安]在任何情况下，任何两导体之间都不得超过的电压值称为安全电压限值。关于电动儿童玩具在不同环境（接触时间超过1s）的安全电压限值的说法，正确的是（ ）。,A.干燥环境中，工频安全电压有效值的限值为42V|B.干燥环境中，直流安全电压的限值为90V|C.潮湿环境中，工频安全电压有效值的限值为24V|D.潮湿环境中，直流安全电压的限值为35V,D,本题主要考查的是安全电压的限制，属于高频考点。做题思路：干燥/潮湿，工频/直流，对比记忆电压数值。ABC错误，均错在数值。对于电动儿童玩具及类似电器，当接触时间超过1s时，推荐干燥环境中工频安全电压有效值的限值取33V，直流安全电压的限值取70V；潮湿环境中工频安全电压有效值的限值取16V，直流安全电压的限值取35V。故选D。
单选题,[2023年][河南中安]起重机械的日常运行、维护、检查和管理是起重机械安全运行的重要保障，国家相关部门对起重机械的检验和使用实行监督管理。关于起重机械检查的说法，正确的是（ ）。,A.露天作业的起重机械经受8级以上的风力后重新使用前应做全面检查|B.起重机械轨道的安全状况和钢丝绳的安全状况都属于每月检查的内容|C.制动器和各类安全装置不仅属于每月检查内容也属于每日检查的内容|D.起重机液压系统及其部件的泄漏情况及工作性能属于每日检查的内容,C,本题主要考查的是起重机械安全检查，属于高频考点。做题思路：先掌握起重机械检查周期内容，后根据关键词判断选项正误。A错误，错在“8级”。露天作业的起重机械经受9级以上的风力后重新使用前应做全面检查；B错误，错在“每月”。每日检查；在每天作业前进行，应检查各类安全装置、制动器、操纵控制装置紧急报警装置，轨道的安全状况，钢丝绳的安全状况。检查发现有异常情况时，必须及时处理。严禁带病运行。D错误，错在“每日”。每月检查项目包括：安全装置、制动器、离合器等有无异常，可靠性和精度；重要零部件（如吊具、钢丝绳滑轮组、制动器、吊索及辅具等）的状态，有无损伤，是否应报废等；电气、液压系统及其部件的泄漏情况及工作性能；动力系统和控制器等。停用一个月以上的起重机，使用前也应做上述检查。C正确，故选C。
单选题,[2023年][河南中安]电流通过人体可能引起一系列症状，对人体的伤害往往发生在短时间内，关于电流对人体作用的说法，正确的是（ ）。,A.人体感受到刺激的小电流不会使人体组织发生变异|B.数百毫安的电流通过人体使人致命的原因是引起呼吸麻痹|C.电流对机体除直接起作用外还可能通过中枢神经起作用|D.电流对人体的作用与人的精神状态和人的心理因素无关,C,本题主要考查的是电流对人体的作用，属于高频考点。做题思路：先掌握电流对人体作用的生理反应和影响因素，后根据关键词判断选项正误。A错误，错在“不会”。小电流对人体的作用主要表现为生物学效应，给人以不同程度的刺激，使人体组织发生变异；B错误，错在“原因是引起呼吸麻痹”。数十至数百毫安的小电流通过人体短时间使人致命的最危险的原因是引起心室纤维性颤动；D错误，错在“无关”。精神状态和心理因素对电击后果也有影响。故选C。
单选题,[2023年][河南中安]绝缘电阻是电气设备最基本的性能指标，在电气设备安装和使用过程中需检测绝缘电阻。兆欧表是测量绝缘电阻的常用仪表。下列使用兆欧表的说法，正确的是（ ）。,A.测量新设、大修后的电气设备应使用低于其电压的兆欧表|B.用于测量电气设备绝缘电阻的连接线应采用双股|C.测量具有较大电容设备的绝缘电阻应在断电后立即运行|D.500V以上的线路应使用1000V的兆欧表,D,本题主要考查的是电气安全检测仪器，属于高频考点。做题思路：先掌握兆欧表的使用要求，后根据关键词判断选项正误。A错误，错在“应使用低于其电压的兆欧表”。测量新的和大修后的线路或设备应采用较高电压的兆欧表；B错误，错在“应采用双股”。测量连接导线不得采用双股绝缘线，而应采用绝缘良好单股线分开连接，以免双股线绝缘不良带来测量误差；C错误，错在“立即运行”。对于断开电源后的被测对象，应当在验电之后将被测点位之间或对地短接进行充分放电；D正确，测量500V以上的线路应使用1000V或2500V的兆欧表。故选D。
单选题,[2023年][河南中安]安全阀的作用是为了防止设备或容器内压力过高而引起爆炸，包括防止物理爆炸和化学爆炸，因此，安全阀的安装位置有很多注意事项，根据《安全阀安全监察规程》（TSGZFO001），下列安全阀的安装位置及方式不符合要求的是（ ）。,A.在设备或者管道上的安全阀水平安装|B.液体安全阀装在正常液压的下面|C.蒸汽安全阀装在锅炉的蒸汽集箱的最高位置|D.蒸汽安全阀装在锅炉的锅筒气相空间,A,本题主要考查的是安全阀的安装，属于高频考点。做题思路：先掌握安全阀的安装要求，后根据关键词判断选项正误。A错误，错在“水平”。安全阀应当铅直安装。故选A。
单选题,[2023年][河南中安]烟花爆竹药物混合应在专用工房使用专用工具混合，有手工混合和机械混合两种，根据《烟花爆竹安全技术规程》（GB11652），下列专用工房手工混合定量的要求中，正确的是（ ）。,A.硝酸盐黑火药混合定量不大于9kg|B.高氯酸盐笛音剂混合定量不大于5kg|C.其他烟火药混合定量不大于5kg|D.氯酸盐烟雾药混合定量不大于9kg,C,本题主要考查的是药物混合定量要求。做题思路：数值记忆。A错误，硝酸盐黑火药混合定量不大于8kg；B错误，高氯酸盐笛音剂混合定量不大于3kg；D错误，氯酸盐烟雾药混合定量不大于8kg。故选C。
单选题,[2023年][河南中安]剪板机的安全防护装置以防止人员接触运动的危险部位为目的，适用最为广泛的是光电保护装置，下列剪板机光电保护装置的安装要求中，正确的是（ ）。,A.复位装置应安装在可以清楚观察危险区域的位置|B.特殊情况下在一个检测区域安装多个复位装置|C.应根据操作者进入危险区域的面积计算保护距离|D.应安装在操作者伤害发生后危险运动停止的位置,A,本题主要考查的是剪板机的安全防护装置，属于高频考点。做题思路：先掌握剪板机的安全防护装置要求，后根据关键词判断选项正误。B错误，错在“安装多个复位装置”。严禁一个检测区域应安装多个复位装置；C错误，错在“根据面积计算”。应根据操作者进入危险区域的响应时间和行进速度计算保护距离；D错误，错在“后”。应安装在操作者伤害发生前危险运动停止的位置。故选A。
单选题,[2023年][河南中安]良好的绝缘是保证电气设备和线路正常运行的必要条件之一，材料的绝缘性能受电气、高温、潮湿、机械、化学、生物等因素的影响，严重时会导致绝缘击穿，关于绝缘击穿的说法，正确的是（ ）。,A.气体的击穿场强与电场的均匀程度无关|B.固体绝缘的电击穿是碰撞电离导致的击穿|C.液体比气体密度大、击穿强度比气体低|D.固体绝缘击穿后，绝缘性能可以得到恢复,B,本题主要考查的是绝缘击穿，属于高频考点。做题思路：掌握气体、液体、固体绝缘击穿的特点，根据关键词判断选项正误。A错误，错在“无关”。气体的平均击穿场强随着电场不均匀程度的增加而下降；C错误，错在“低”。液体比气体密度大、击穿强度比气体高；D错误，错在“可以得到恢复”。固体绝缘材料击穿后，绝缘性能失去原有性能。故选B。
单选题,[2023年][河南中安]气瓶的吊装运输应严格执行相关规定和要求，避免在吊运过程中发生事故。下列气瓶吊运方式中，符合安全要求的是（ ）。,A.使用起重设备吊运气瓶|B.使用金属链绳捆绑吊运气瓶|C.利用气瓶瓶帽吊运气瓶|D.使用专用翻斗车搬运气瓶,A,本题主要考查的是气瓶的吊装运输，属于高频考点。做题思路：先掌握吊运气瓶的安全要求，后根据关键词判断选项正误。B不符合要求，不得使用金属链捆绑吊运气瓶；C不符合要求，不得采用吊装瓶帽的方式吊运气瓶：D不符合要求，不得使用铲车、叉车、翻斗车搬运气瓶。故选A。
单选题,[2023年][河南中安]无损检测是在不损伤被检工作的情况下，利用其物理特性检测是否存在缺陷，常用的无损检测方法有射线检测、超声检测、磁粉检测、渗透检测等，关于不同无损检测方法特点的说法，错误的是（ ）。,A.射线检测常用于体积型缺陷的检测|B.超声检测可准确定性出缺陷的形式|C.磁粉检测可检出表面和近表面缺陷|D.渗透检测可用于表面开口缺陷检测,B,本题主要考查的是无损检测方法，属于高频考点。做题思路：先了解检测原理，后根据描述判断正误。B错误，错在“可准确定性出缺陷的形式”。超声检测由于边界效应通常难以准确定出缺陷的形式。故选B。
单选题,[2023年][河南中安]建（构）筑物的防雷类别按其火灾和爆炸的危险，人身伤亡的危险性，政治经济价值分为三类，第一类防雷等级最高，下列建（构）筑物中，属于第一类防雷建（构）筑物是的（ ）。,A.露天的天然气储罐|B.0区爆炸危险场所建（构）筑物|C.多雷电地区的烟囱|D.省级文物保护的建（构）物,B,本题主要考查的是防雷建筑物，属于高频考点。做题思路：先掌握三类防雷建筑物内容，后选择符合题意选项。A不属于，露天的天然气储罐属于第二类防雷建筑物；B属于，0区爆炸危险场所建（构）筑物属于第一类防雷建筑物；C不属于，烟囱满足一定条件应定义为第三类防雷建筑物；D不属于，省级文物保护的建（构）物属于第三类防雷建筑物。故选B。
单选题,[2023年][河南中安]按照能量的来源，爆炸可分为物理爆炸、化学爆炸和核爆炸，按照爆炸反应不同，爆炸可分为气相爆炸、液相爆炸和固相爆炸，空气中飞散的铝粉、镁粉、亚麻粉、玉米淀粉等，在一定的条件下引起的爆炸属于（ ）。,A.化学爆炸中的气相爆炸|B.化学爆炸中的固相爆炸|C.物理爆炸中的固相爆炸|D.物理爆炸中的气相爆炸,A,本题主要考查的是爆炸的分类，属于高频考点。做题思路：先掌握爆炸的分类及举例，后根据题干描述选择符合选项。粉尘爆炸属于气相爆炸和化学爆炸。故选A。
单选题,[2023年][河南中安]保护导体分为人工保护导体和自然保护导体、保护接地线、保护接零线和等电位联结线是保护导体的重要组成部分。下列针对保护导体的安全要求中，正确的是（ ）。,A.保护导体干线应经一条比干线面积大的连接线与接地体连接|B.交流电气设备应优先利用配线的钢管等自然导体作保护导体|C.保护导体应安装单极开关或熔断器，以便于检查和维修|D.当各设备都设置保护线时，为了保证良好接地应串联,B,本题主要考查的是保护导体的安全要求，属于高频考点。做题思路：先掌握保护导体相关知识点，后根据关键词判断选项正误。A错误，错在“一条”。为提高可靠性，保护干线应经两条连接线与接地体连接；B正确，交流电气设备应优先利用建筑物的金属结构、生产用的起重机的轨道、配线的钢管等自然导体作保护导体。在低压系统，允许利用不流经可燃液体或气体的金属管道作保护导体；C错误，错在“应安装单设开关或熔断器”。为了保持保护导体导电的连续性，所有保护导体，包括有保护作用的PEN线上均不得安装单极开关和熔断器；D错误，错在“应串联”。各设备的保护（支线）不得串联连接，即不得利用设备的外露导电部分作为保护导体的一部分。故选B。
单选题,[2023年][河南中安]科学合理的照明是改善劳动环境、保障安全生产的必要条件之一，下列电器照明的安全要求中，正确的是（ ）。,A.库房内应装设100w以下的白炽灯灯具|B.有腐蚀性气体的环境应选用防爆型灯具|C.照明配线应采用额定电压220v的绝缘导线|D.应急照明的电源必须有单独的供电线路,D,本题主要考查的是电气照明安全，属于高频考点。做题思路：先掌握电器照明安全要求，后根据关键词判断选项正误。A错误，错在“100w”。库房内不应装设碘钨灯、卤钨灯、60W以上的白炽灯等高温灯具；B错误，错在“应选用防爆型灯具”。有腐蚀性气体的环境应选用防水型灯具；C错误，错在“220v”。照明配线应采用额定电压500v的绝缘导线。故选D。
单选题,[2023年][河南中安]为了避免或减小在木工平刨床作业中的伤害风险，操作危险区应安装安全防护装置，下列针对木工平刨床安全防护装置的要求中，正确的是（ ）。,A.刨刀轴应采用装配式方形结构|B.导向板和升降机构不得自锁|C.刀轴外漏区域应尽量增大|D.组装后的刀轴应经离心试验,D,本题主要考查的是木工平刨床安全防护装置，属于高频考点。做题思路：先掌握木工平刨床安全防护装置要求，后根据关键词判断选项正误。A错误，错在“采用装配式方形结构”。严禁使用方刀轴；B错误，错在“不得自锁”。导向板和升降机构在作业状态下应处于自锁状态；C错误，错在“尽量增大”。刀轴外漏区域应尽量小；D正确，组装后的刀轴须经强度试验和离心试验。故选D。
单选题,[2023年][河南中安]某市危险化学品生产企业在停产停业后需要重新开业，组织新员工编写危险化学品安全标签。关于化学品安全标签要素编写的做法，不符合《化学品安全标签编写规定》（GB15258）的是（ ）。,A.化学品标识位于安全标签的上方|B.化学品危险性说明位于信号词上方|C.危险化学品组分较多时只编写3个|D.信号词位于化学品名称的下方,B,本题主要考查的是化学品安全标签编写，属于高频考点。做题思路：先掌握化学品安全标签编写要求，后根据关键词判断选项正误。B不符合，化学品危险性说明位于信号词下方。故选B。
单选题,[2023年][河南中安]电气设备出现故障时，正常运行状态被破坏，可能形成危险温度。遂而成为引起火灾的引燃源，关于形成危险温度的说法，正确的是（ ）。,A.接触良好的同质导体接触下不会形成危险温度|B.漏电电流小，在线路回路中不会形成危险温度|C.日光灯的镇流器耗电限小，不会形成危险温度|D.电压过低，三相异步电动机不会形成危险温度,A,本题主要考查的是危险温度，属于高频考点。做题思路：先掌握产生危险温度的原因，后根据关键词判断选项正误。B错误，漏电电流小但是持续时间长，在线路回路中也会形成危险温度；C错误，日光灯的镇流会形成危险温度；D错误，电压过低/过高，三相异步电动机均会形成危险温度。故选A。
单选题,[2023年][河南中安]根据《化学品生产单位特殊作业安全规范》（GB30871），相关企业在动火作业前应进行动火分析，并经合格判定后方可动火作业，下列动火分析要求和合格判定中，正确的是（ ）。,A.在设备外部动火，动火分析的监测点应在不小于动火点5m的范围内|B.当被测气体（蒸气）爆炸下限大于4%，其被测浓度应不大于0.4%（体积分数），方可动火|C.动火作业中断时间超过60min，应重新进行动火分析，合格后方可动火|D.当被测气体（蒸气）爆炸下限小于4%，其被测浓度应不大于0.1%（体积分数），方可动火,C,本题主要考查的是动火分析，属于高频考点。做题思路：先掌握动火分析知识点，后根据管检测判断选项正误。A错误，错在“5m”。在设备外部动火，动火分析的检测点应在不小于动火点10m的范围内；B错误，错在“其被测浓度应不大于0.4%”。当被测气体（蒸气）爆炸下限大于4%，其被测浓度应不大于0.5%（体积分数），方可动火；D错误，错在“其被测浓度应不大于0.1%”。当被测气体（蒸气）爆炸下限小于4%，其被测浓度应不大于0.2%（体积分数），方可动火。故选C。
单选题,[2023年][河南中安]某污水处理厂在污泥干化生产过程中，由于对粉尘爆炸风险辨识不足，相关措施不到位，引发了爆炸事故。关于粉尘爆炸的说法，错误的是（ ）。,A.粉尘爆炸的燃烧速度、压力均比混合气体大|B.热能加在粒子表面，可使温度逐渐上升|C.粒子表面的分子发生热分解产生可燃气体|D.粉尘燃烧到爆炸历程：燃烧分解-传播-爆炸,A,本题主要考查的是粉尘爆炸，属于高频考点。做题思路：先掌握粉尘空气混合物产生爆炸的过程和特点，再根据关键词判断选项正误。A错误，错在“比气体大”。粉尘爆炸的燃烧速度、爆炸压力均比混合气体爆炸小；粉尘空气混合物产生爆炸的过程：B正确，（1）热能加在粒子表面，使温度逐渐上升；C正确，（2）粒子表面的分子发生热分解或干馏作用，在粒子周围产生可燃气体。（3）产生的可燃气体与空气混合形成爆炸性混合气体，同时发生燃烧；D正确，（4）由燃烧产生的热进一步促进粉尘分解，燃烧连续传播，在适合条件下发生爆炸。上述过程是在瞬间完成的。故选A。
单选题,[2023年][河南中安]起重机安全装置是指防止起重机在意外情况下损坏的装置，起重机上除常用的电气保护装置、声音信号和色灯外，还有多种其他安全装置。其中，不需要装防倾覆装置的起重设备是（ ）。,A.流动式起重机|B.塔式起重机|C.门式起重机|D.悬臂起重机,C,本题主要考查的是起重机安全装置，属于高频考点。做题思路：选不同类。防止臂架向后倾翻装置也称防后倾装置。用柔性钢丝绳牵引吊臂进行变幅的起重机，当遇到突然卸载等情况时，会产生使吊臂后倾的力，从而造成吊臂超过最小幅度，发生吊臂后倾的事故。因此，这类起重机应安装防后倾装置。为了防止这类事故，《起重机械安全规程第1部分：总则》（GB/T6067.1）明确规定，流动式起重机和动臂式塔式起重机上应安装防后倾装置（液压变幅除外）。门式起重机属于桥架式起重机，其余的是臂架式起重机通常使用柔性钢丝绳抬吊作业，所以要设置防倾覆装置。故选C。
单选题,[2023年][河南中安]司索工主要从事起重作业的地面工作，例如准备吊具、捆绑挂钩、摘钩卸载等，多数情况还担任指挥任务。关于司索工安全操作的说法，正确的是（ ）。,A.场地为斜面时，站在斜面下方作业|B.作业时可以多人同时吊挂同一吊物|C.摘钩时可利用起重机进行抽索作业|D.吊运大而重的物体时，不加诱导绳,B,本题主要考查的是司索工安全作业要求，属于高频考点。做题思路：先掌握司索工安全作业要求，后通过关键词判断选项正误。A错误，错在“斜面下方”。场地为斜面时，站在斜面上方作业；当多人吊挂同一吊物时，应由一专人负责指挥，在确认吊挂完备，所有人员都站在安全位置以后，才可发起钩信号；C错误，摘钩时严禁利用起重机进行抽索作业；D错误，吊运大而重的物体应加诱导绳，诱导绳长应能使司索工既可握住绳头，同时又能避开吊物正下方，以便发生意外时司索工可利用该绳控制吊物。故选B。
单选题,[2023年][河南中安]埋地敷设的燃气管道泄漏的检查难度较大，一般查漏时先按燃气气味的浓度初步确定大致的漏气范围，然后再选用其他检测方法进行确认。下列检查管道泄漏的方法，不适用于埋地燃气管道泄漏的是（ ）。,A.泄漏点附近钻孔查漏|B.检查安全阀工作状况|C.观察泄漏点附近植物生长情况|D.观测凝水缸抽水量变化情况,B,本题主要考查的是埋地燃气管道泄漏检查方法。埋地敷设的燃气管道泄漏地点在地下，泄漏的燃气会到处流窜，一般查漏时采取先按燃气气味的浓度初步确定大致的漏气范围，然后选用钻孔查漏、挖探坑查漏、井室检查、用检漏工具查漏、使用检漏仪器查漏，以及观察植物生长和利用凝水缸抽水量变化情况判断是否漏气等方法进行检查判断。故选B。
单选题,"[2023年][河南中安]一、单选题
68
标记
收藏
按照人体触及带电体的方式和电流流过人体的途径，电击可分为单线电击、两线电击和跨步电压电击。下列属于单线电击的是（ ）。",A.甲|B.乙|C.丙|D.丁,B,本题主要考查的是单线电击识图，属于高频考点。做题思路：先掌握单线点击的概念，根据特点选项符合图形。单线电击是人体站在导电性地面或接地导体上，人体某一部位触及带电导体，由接触电压造成的电击，乙符合。故选B。
单选题,[2023年][河南中安]剪板机安全防护装置可防止人员从前部侧面和后部接触运动的刀口，避免造成人身伤害。联锁式防护装置普遍用于剪板机。下列剪板机联锁式防护装置的安全要求中，正确的是（ ）。,A.如果联锁式防护装置处于关闭位置任何危险运动都必须停止|B.无防护锁的联锁式防护装置应安装在人没有足够时间进入危险区域的位置|C.只有联锁式防护装置处于打开位置才能启动剪板机的剪切行程|D.无防护锁的联锁式防护装置在任何危险运动过程中应能防止进入危险区,D,本题主要考查的是剪板机联锁式防护装置，属于高频考点。做题思路：先掌握联锁式防护装置要求，后根据关键词判断选项正误。A错误，错在“关闭”。如果联锁防护装置处于打开位置，任何危险运动都应停止；B错误，缺少条件“安装在操作者伤害发生前”。不带防护锁的联锁防护装置应安装在操作者伤害发生前且没有足够时间进入危险区域的位置；C错误，错在“处于打开位置才能启动”。只有防护装置关闭后才能启动剪切行程，电动后挡料和辅助装置才能开始运动；D正确，不带防护锁的联锁式防护装置应与固定式防护装置结合使用，在任何危险运动过程中应能防止进入危险区（压料装置、剪切线）。故选D。
单选题,[2023年][河南中安]金属切削加工是通过刀具与工件间的相对运动，从毛坯上切除多余的金属，从而获得合格零件的一种机械加工方法，在此过程中存在诸多危险。根据事故统计分析，金属切削加工中发生事故频率最高的危险因素是（ ）。,A.机械伤害|B.噪声危害|C.振动危害|D.电气伤害,A,本题主要考查的是危险有害因素，属于高频考点。做题思路：机械安全技术这一章中各类机械发生事故频率最高的危险因素都是机械伤害。金属切削加工中发生事故频率最高的危险因素是机械伤害。故选A。
多选题,[2023年][河南中安]圆锯机是以圆锯片对木材进行锯切加工的机械设备，可分为手动进料圆锯机和自动进料圆锯机，作业过程主要危险有锯片的切割伤害、木材的反弹抛射打击伤害等。为了保证使用安全，圆锯机须设置安全装置。下列安全装置中，自动进料圆锯机应设置（ ）。,A.止逆器|B.压料装置|C.可调式防护罩|D.侧向防护挡板 E 固定式防护罩,ABD,本题主要考查的是圆锯机安全装置，属于高频考点。做题思路：先区分带锯机和圆锯机各自安全装置要求，后根据题意选择。CE错误，CE属于带锯机的安全防护装置。自动进料圆锯机须装有止逆器、压料装置和侧向防护挡板，送料辊应设防护罩。故选ABD。
多选题,[2023年][河南中安]《化学品安全技术说明书内容和项目顺序》（GB/T16483）规定了16大项安全信息内容的要求，下列相关信息中属于上述16大项安全信息的有（ ）。,A.毒理学信息|B.风险评估信息|C.生态学信息|D.运输信息 E 法规信息,ACD,本题主要考查的是化学品安全技术说明书，属于高频考点。做题思路：掌握化学品安全技术说明书信息内容。根据国家标准《化学品安全技术说明书内容和项目顺序》（GB/TI6483）的要求，化学品安全技术说明书包括16大项的安全信息内容，具体项目如下：（1）化学品及企业标识；（2）危险性概述；（3）成分／组成信息；（4）急救措施。（5）消防措施；（6）泄漏应急处理；（7）操作处置与储存；（8）接触控制和个体防护；（9）理化特性；（10）稳定性和反应性；（11）毒理学信息；（12）生态学信息；（13）废弃处置；（14）运输信息；（15）法规信息；（16）其他信息。故选ACDE。
多选题,[2023年][河南中安]气瓶安全附件是气瓶的重要组成部分，对气瓶安全使用起着非常重要的作用，瓶阀、安全泄压装置、防震圈都属于气瓶安全附件，下列气瓶附件设计及使用的安全要求中，正确的有（ ）。,A.易熔合金塞结构简单不得用于固定式压力容器|B.盛装剧毒或自燃气体的气瓶禁止安装安全泄压装置|C.安全阀的开启压力应不大于该气瓶的水压试验压力|D.盛装氧气的气瓶瓶阀出气口螺纹应为左旋 E 与乙炔接触的瓶阀材料铜含量应小于85%,ABC,本题主要考查的是气瓶附件设计及使用，属于高频考点。做题思路：先掌握各附件设计及使用要求，后根据关键词判断选项正误。D错误，错在“左旋”。盛装助燃和不可燃气体瓶阀的出气口螺纹为右旋，可燃气体瓶阀的出气口螺纹为左旋；E错误，错在“85%”。与乙炔接触的瓶阀材料，选用含铜量小于65%的铜合金（质量比）；这是因为铜会与乙炔起反应，生成乙炔铜，乙炔铜是一种爆炸性化合物；A正确，易熔合金塞这种装置是通过控制温度来控制瓶内的温升压力的，所以也只适用于气瓶，而不适用于固定式容器；B正确，盛装剧毒气体、自燃气体的气瓶，禁止装设安全泄压装置；C正确，安全阀的开启压力不小于气瓶水压试验压力的75%，并且不大于气瓶水压试验压力。故选ABC。
多选题,[2023年][河南中安]《危险化学品仓库储存通则》（GB15603）规定了危险化学品储存的基本安全要求，以预防和控制危险化学品事故发生，下列危险化学品储存的要求中，正确的有（ ）。,A.爆炸物品、剧毒物品可以露天堆放，但是应符合防火，防爆的安全要求|B.危险化学品必须储存在经公安部门批准设置的专门危险化学品仓库中|C.危险化学品仓库应采用分库储存，分区储存和分类储存等三种方式|D.危险化学品储存应满足危险化学品分类包装储存方式及消防要求 E 危险化学品的储存仓库应当配备具有专业知识的技术员和专门管理人员,BD,本题主要考查的是危险化学品储存，属于高频考点。做题思路：先掌握危险化学品储存安全要求，后根据关键词判断选项正误。A错误，错在“可以露天堆放”。C错误，错在“应采用分库储存，分区储存和分类储存等三种方式”。根据《常用化学危险品贮存通则》（GB15603）的规定，储存危险化学品基本安全要求是：（1）贮存危险化学品必须遵照国家法律、法规和其他有关的规定。B正确，（2）危险化学品必须储存在经公安部门批准设置的专门的危险化学品仓库中，经销部门自管仓库储存危险化学品及贮存数量必须经公安部门批准。未经批准不得随意设置危险化学品贮存仓库；（3）危险化学品露天堆放，应符合防火、防爆的安全要求，爆炸物品、一级易燃物品、遇湿燃烧物品、剧毒物品不得露天堆放；E正确，（4）储存危险化学品的仓库必须配备有专业知识的技术人员，其库房及场所应设专人管理，管理人员必须配备可靠的个人安全防护用品；（5）储存的危险化学品应有明显的标志，标志应符合《危险货物包装标志》（GB190）的规定。同一区域贮存两种及两种以上不同级别的危险化学品时，应按最高等级危险化学品的性能标志；（6）危险化学品储存方式分为3种：隔离储存，隔开储存，分离储存；D正确，（7）根据危险化学品性能分区、分类、分库储存。各类危险化学品不得与禁忌物料混合储存；（8）储存危险化学品的建筑物、区域内严禁吸烟和使用明火。故选BDE。
多选题,[2023年][河南中安]某新建化工企业组织编制应急预案，针对危险化学品火灾控制制定了专项预案和现场处置方案。该应急预案中，对火灾控制方法的描述，正确的有（ ）。,A.扑救遇湿易燃物品火灾时，不得采用泡沫、酸碱灭火剂扑救|B.扑救易燃固体火灾时，用水和泡沫扑救，控制住燃烧范围，逐步扑灭|C.扑救易燃液体火灾时，比水轻又不溶于水的液体用直流水、雾状水灭火|D.扑救爆炸物品火灾时，采用消防沙覆盖，以免增强爆炸物品的爆炸威力 E 扑救气体类火灾时，采取堵漏的措施下，可以扑灭明火,AB,本题主要考查的是特殊化学品火灾扑救，属于高频考点。做题思路：先掌握不同物质着火所应该采取的扑救方法，后根据关键词判断正误。A正确，扑救遇湿易燃物品火灾时，绝对禁止用水、泡沫、酸碱等湿性灭火剂扑救；B正确，易燃固体、自燃物品火灾一般可用水和泡沫扑救，只要控制住燃烧范围，逐步扑灭即可；C错误，错在“用直流水、雾状水灭火”。扑救易燃液体火灾时，比水轻又不溶于水的液体用直流水、雾状水灭火往往无效，可用普通蛋白泡沫或轻泡沫扑救；水溶性液体最好用抗溶性泡沫扑救；D错误，错在“采用消防沙覆盖”。扑救爆炸物品火灾时，切忌用沙土盖压，以免增强爆炸物品的爆炸威力；另外扑救爆炸物品堆垛火灾时，水流应采用吊射，避免强力水流直接冲击堆垛，以免堆垛倒塌引起再次爆炸；E正确，扑救气体类火灾时，切忌盲目扑灭火焰，在没有采取堵漏措施的情况下，必须保持稳定燃烧。否则，大量可燃气体泄漏出来与空气混合，遇点火源就会发生爆炸，造成严重后果。故选ABE。
多选题,[2023年][河南中安]《民用爆炸物品工程设计安全标准》（GB50089）规定了有爆炸危险的厂房或厂房内有爆炸危险的部位应设置泄爆设施。下列泄爆设施的设置和要求中，正确的有（ ）。,A.作为泄压设施的轻质屋面板的质量不宜小于60kg/㎡|B.泄压面积有多个计算段时，公共截面应作为泄压面积|C.泄压设施宜采用轻质墙体和易于泄压的门、窗等|D.泄压设施的设置宜靠近有爆炸危险的部位 E 屋顶上的泄压设施应采取防冰雪积聚措施,CD,本题主要考查的是泄爆设施，属于高频考点。做题思路：先掌握泄爆设施的知识点，后根据关键词判断选项正误。A错误，错在“不宜小于”。作为泄压设施的轻质屋面板和墙体的质量不宜大于60kg/㎡；B错误，错在“公共截面应作为泄压面积”。当厂房长径比大于3，宜将建筑划分为长径比不大于3的多个计算段，各计算段中的公共截面不得作为泄压面积；C正确，泄压设施宜采用轻质屋面板、轻质墙体易于泄压的门、窗等，应采用安全玻璃等在爆炸时不产生尖锐碎片的材料；D正确，泄压设施的设置应避开人员密集场所和主要交通道路，并宜靠近有爆炸危险的部位；E正确，屋顶上的泄压设施应采取防冰雪积聚措施。故选CDE。
单选题,[2023年][河南中安]手持电动工具和移动式电气设备如检查或使用不当存在触电风险。下列手持电动工具和动式电气设备的安全要求中，正确的有（ ）。,A.移动式电气设备保护线应单独敷设|B.在金属容器内应使用Ⅱ类设备|C.I类设备应采用保护接地或保护接零|D.在TN-S系统中不得由隔离变压器供电 E 单相设备的相线和中性线上都应装设双极开关,C,本题主要考查的是手持电动工具和动式电气设备的安全要求，属于高频考点。做题思路：先掌握手持电动工具和动式电气设备的安全要求，后根据关键词判断选项正误。A错误，错在“应单独敷设”。移动式电气设备保护线不应单独敷设，而应当与电源线有同样的防护措施即采用带有保护芯线的橡皮套软线作为电源线；B错误，错在“应使用Ⅱ类设备”。在锅炉内、金属容器内、管道内等狭窄的特别危险场所，应使用Ⅲ类设备；如果使用Ⅱ类设备，则必须装设额定漏电动作电流不大于15mA动作时间不大于0.1S的动作保护装置，而且Ⅲ类设备的安全隔离变压器，Ⅱ类设备的漏电保护装置以及Ⅱ、Ⅲ类设备的控制箱和电源连接器件等必须放在外部；C正确，Ⅱ、Ⅲ类设备没有保护接地或保护接零的要求，Ⅰ类设备必须采取保护接地或保护接零措施；D错误，错在“不得由隔离变压器供电”。鉴于不接地配电网中单相触电的危险性小于接地配电网中单相触电的危险性，在接地配电网中，可以装设一台隔离变压器，并由该隔离变压器给设备供电；E正确，单相设备的相线和中性线应装设双极开关，中性线上不应装有熔断器。故选CE。
多选题,[2023年][河南中安]防火防爆安全装置用于防止火灾爆炸的发生、阻止燃爆扩展、减少燃爆损失，隔爆装置是防火防爆安全装置之一。关于隔爆装置的说法，正确的有（ ）。,A.隔爆装置用来阻隔火焰，与工业阻火器的阻火原理不同|B.隔爆装置只在燃爆发生时才起作用，其本身对流体阻力小|C.被动式隔爆装置由某一执行机构控制其达到隔爆目的|D.对流体中含有粉尘、易凝物等的输送管道，应选用隔爆装置 E 主动式隔爆装置主要有自动断路阀、管道换向隔爆等形式,ABD,本题主要考查的是隔爆装置，属于高频考点。做题思路：先掌握隔爆装置概念原理和适用，后根据选项描述判断正误。A正确，主动式、被动式隔爆装置是靠装置某一元件的动作来阻隔火焰，这与工业阻火器靠本身的物理特性来阻火是不同的；B正确，工业阻火器在工业生产过程中时刻都在起作用，对流体介质的阻力较大，而主动式、被动式隔爆装置只是在爆炸发生时才起作用，因此它们在不动作时对流体介质的阻力小，有些隔爆装置甚至不会产生任何压力损失；CE错误，两个说反了。被动式隔爆装置主要有自动断路阀、管道换向隔爆等形式，是由爆炸波推动隔爆装置的阀门或闸门来阻隔火焰。主动式（监控式）隔爆装置由一灵敏的传感器探测爆炸信号，经放大后输出给执行机构，控制隔爆装置喷洒抑爆剂或关闭阀门，从而阻隔爆炸火焰的传播；D正确，工业阻火器对于纯气体介质才是有效的，对气体中含有杂质（如粉尘、易凝物等）的输送管道，应当选用主动式、被动式隔爆装置为宜。故选ABD。
多选题,[2023年][河南中安]砂轮机属于危险性较大的生产设备，虽然结构简单，但使用频率高，且发生事故、后果严重，因此，砂轮机在使用过程中必须遵守安全操作要求，下列砂轮机使用安全要求中，正确的有（ ）。,A.禁止多人共用一台砂轮机同时作业|B.应使用砂轮的圆周表面进行磨削作业|C.操作者应站在砂轮机的正前方位|D.操作者应站在砂轮机的侧方位 E 砂轮机的除尘装置应定期检查和维修,AB,本题主要考查的是砂轮机使用安全，属于高频考点。做题思路：先掌握砂轮机使用安全要求，后根据关键词判断选项正误。A正确，禁止多人共用一台轮机同时操作；B正确，应使用砂轮的圆周表面进行磨削作业，不宜使用侧面进行磨削；CD错误，错在站立位置。无论是正常磨削作业、空转试验还是修整砂轮，作业者都应站在砂轮的斜前方位置，不得站在砂轮正面；E正确，砂轮机的除尘装置应定期检查和维修，及时清除通风装置管道里的粉尘，保持有效的通风除尘能力。故选ABE。
多选题,[2023年][河南中安]如图所示的TT系统为三相星形连接的低压中性点直接接地的三相四线配电网。下列对于TT系统配电网的描述中，正确的有（ ）。,A.与IT系统相比，过电压防护性能较差|B.中性点引出的N线称为中性线|C.与IT系统相比，单相电击的危险性更小|D.与零电位大地相连的N线称为工作零线 E 设备外壳的接地称为接地保护,BD,本题主要考查的是TT系统，属于高频考点。做题思路：先掌握TT系统工作原理和特点，后与IT系统对比区分细节。A错误，错在“较差”。TT系统具有较好的过电压抑制与防护性能，且一相故障接地时单相电击的危险性相对小，故障接地点比较容易检测等优点；C错误，错在“更小”。在接地的配电网中，单相电击的危险性比不接地的配电网单相电击的危险性大。故选BDE。
多选题,[2023年][河南中安]防雷装置包括外部防雷装置和内部防雷装置，外部防雷装置由接闪器、引下线和接地装置组成。内部防雷装置主要指防雷等电位联结及防雷间距，关于防雷装置安全技术的说法，正确的有（ ）。,A.金属屋面可作为第二类防雷建筑物接闪器|B.独立避雷针冲击接地电阻不应小于10Ω|C.接闪器截面锈蚀30%以上时应进行更换|D.引下线截面锈蚀30%以上时应进行更换 E 阀型避雷器的接地电阻一般不应大于5Ω,ACD,本题主要考查的是防雷装置，属于高频考点。做题思路：先掌握防雷装置知识点，后根据关键词判断选项正误。B错误，错在“不应小于”。独立避雷针冲击接地电阻一般不应大于10Ω。故选ACDE。
多选题,[2023年][河南中安]场（厂）内专用机动车辆属于特种设备，其安全保护装置及主要部件的试验、检测等都非常重要，关于场（厂）内专用机动车辆主要部件性能试验的说法，正确的有（ ）。,A.高压胶管需进行耐压试验、爆破试验、脉冲试验、泄漏试验等|B.控制车辆行驶方向的转向器，需进行极限拉伸载荷和动态载荷试验|C.对起升高度超过1.8m的叉车，其护顶架只需进行静态载荷试验|D.叉车货叉梁上的L形承载装置，需进行重复加载的载荷试验 E 起升货叉架的链条，需进行极限拉伸载荷和检验载荷试验,AD,本题主要考查的是场（厂）内专用机动车辆主要部件性能试验，属于高频考点。做题思路：先掌握不同部件的试验要求，后对比区分记忆。B错误，错在“控制车辆行驶方向的转向器”。起升货叉架的链条，需进行极限拉伸载荷和检验载荷试验，不是转向器；C错误，错在“只需进行静态载荷试验”。对起升高度超过1.8m的叉车，其护顶架需进行动、静态载荷试验。故选ADE。
多选题,[2023年][河南中安]由于锅炉在启动期间不能经省煤器连续上水，省煤器、过热器、再热器等受热面中没有连续流动的水汽介质，因而可能被连续流过的烟气烧坏。下列在锅炉启动时，对省煤器、过热器和再热器采取的保护措施中，正确的有（ ）。,A.点火升压时开启再热器旁路阀门|B.点火升压时打开过热器对空排气阀|C.上水时开启省煤器出口集箱疏水阀|D.点火升压时打开省煤器再循环阀门 E 上水时打开过热器再循环阀门,BD,本题主要考查的是锅炉启动时对省煤器、过热器和再热器采取的保护措施和操作要求。B正确，C错误，对过热器的保护措施是：在升压过程中，开启过热器出口集箱疏水阀、对空排气阀，使一部分蒸汽流经过热器后被排除，从而使过热器得到足够的冷却；A错误，D正确，对省煤器的保护措施是：对钢管省煤器，在省煤器与锅筒间连接再循环管，在点火升压期间，将再循环管上的阀门打开，使省煤器中的水经锅筒、再循环管（不受热）重回省煤器，进行循环流动；E错误，但在上水时应将再循环管上的阀门关闭。故选BD。
多选题,[2023年][河南中安]泡沫灭火器包括化学泡沫灭火器和空气泡沫灭火器两种，化学泡沫灭火器的灭火剂由硫酸铝、碳酸氢钠及复合添加剂和水组成，使用时液相物质混合后发生化学反应，即AI（SO4）3＋6NaHCO3＝3Na2SO4＋2Al（OH）3反应生成物在CO2气体压力下喷出，实施灭火。下列几种类型的火灾中，适合此类灭火器扑救的有（ ）。,A.可燃气体的火灾|B.木材的初起火灾|C.石油产品的火灾|D.铝镁合金的火灾 E 带电设备的火灾,BC,本题主要考查的是泡沫灭火器的适用，属于高频考点。做题思路：先掌握泡沫灭火器适用范围，后分析选项火灾类别。A属于C类火灾，B属于A类物质的初起火灾，C属于B类火灾，D属于D类火灾，E属于E类火灾。泡沫灭火器适合扑救脂类、石油产品等B类火灾以及木材等A类物质的初起火灾，但不能扑救B类水溶性火灾，也不能扑救带电设备及C类和D火灾。故选BC。
多选题,[2023年][河南中安]漏电保护装置主要用于防止间接接触电击和直接接触电击，下列场所或设备中，应安装漏电保护装置的有（ ）。,A.机关、住宅壁挂空调电源插座|B.人体可触摸到的医用电气设备|C.化工装置生产运行的电气设备|D.公共场所的通道照明电源 E 建筑施工工地的电气设备,BC,本题主要考查的是应安装漏电保护装置的场所，属于高频考点。做题思路：根据口诀记忆应安装的场所：施医生Ⅰ人在外临湿了。属于Ⅰ类的移动式电气设备及手持式电动工具；生产用的电气设备；施工工地的电气机械设备；安装在户外的电气装置；临时用电的电气设备；机关、学校、宾馆、饭店、企事业单位和住宅等除壁挂式空调电源插座外的其他电源插座或插座回路；游泳池、喷水池、浴池的电气设备；安装在水中的供电线路和设备，医院中可能直接接触人体的电气医用设备等均必须安装漏电保护装置。故选BCE。
单选题,[2024年][河南中安]甲省一辆违规混运雷管和炸药的车辆靠近乙省一辆危化品货车，进行违规倒装炸药时发生爆炸。下列该作业过程的违章情形中，不属于事故直接原因的是（ ）。,A.搬运人员未按规定穿戴防静电服|B.运输车辆未进行防静电可靠接地|C.乙省危化品货车押运员离开现场|D.车辆未熄火电路漏电致使车体带电,C,本题主要考查的是事故直接原因，属于管理知识点。做题思路：直接原因包括人的不安全行为和物的不安全状态，从这两方面分析。A属于人的不安全行为，BD均会造成引火源，属于物的不安全状态。均属于事故直接原因；C不属于直接原因。故选C。
单选题,[2024年][河南中安]某公司使用汽车散装直立运输氧气瓶过程中，有2个气瓶掉出车厢后爆炸。经调查发现，运输车辆栏板高度不符合要求，造成该事故。按规定车辆栏板高度应不低于气瓶高度的（ ）。,A.1/2|B.1/3|C.3/4|D.2/3,C,本题主要考查的是气瓶的装卸运输，属于高频考点，记忆类知识点。C正确，直立气瓶高出栏板部分不应大于气瓶高度的1/4，则栏板高度不低于气瓶高度的3/4。故选C。
单选题,[2024年][河南中安]化学品安全技术说明书为下游用户传递基本危害信息，同时也向公共机构、服务机构及其他相关方提供信息。关于化学品安全技术说明书主要用途的说法。错误的是（ ）。,A.化学品危害预防措施设计的技术依据|B.下游企业进行安全教育的主要内容|C.应急人员进行应急作业的技术指南|D.上游企业制造和安全管理的指导文件,D,本题主要考查的是化学品安全技术说明书，属于非高频考点，记忆类知识点。SDS是化学品的供应商向下游用户传递化学品基本危害信息（包括运输、操作处置、储存和应急行动信息）的一种载体。D错误，错在“上游企业制造和安全管理”。（1）是化学品安全生产、安全流通、安全使用的指导性文件；C正确，（2）是应急作业人员进行应急作业时的技术指南；（3）为危险化学品生产、处置、储存和使用各环节制订安全操作规程提供技术信息；A正确，（4）为危害控制和预防措施的设计提供技术依据；B正确，（5）是企业安全教育的主要内容。故选D。
单选题,[2024年][河南中安]灭火剂被喷射到燃烧物和燃烧区域后，通过一系列的物理、化学作用。可使燃烧物冷却、燃烧物与氧气隔绝、燃烧区内氧的浓度降低、燃烧的连锁反应中断，最终导致燃烧条件破坏，从而起到灭火的作用。但灭火剂很难具有以上所有功能，所以不同火灾场景应选用正确的灭火剂。关于各种灭火剂适用场景的说法。错误的是（ ）。,A.水不能用于扑救碳化钙火灾|B.干粉灭火剂可用于轻金属火灾|C.二氧化碳可用于低压电气火灾|D.泡沫灭火器不能用于甲烷火灾,B,本题主要考查的是灭火剂，属于高频考点，记忆类知识点。A正确，不能用水扑灭的火灾主要包括：遇水产生燃烧物的火灾，如金属钾、钠、碳化钙等，不能用水，而应用砂土灭火；B错误，错在“干粉灭火剂可用于轻金属火灾”。普通的和多用的干粉灭火剂不能扑救金属火灾；C正确，由于二氧化碳是一种无色的气体，灭火不留痕迹，并有一定的电绝缘性能等特点，因此，更适宜于扑救600V以下带电电器、贵重设备、图书档案、精密仪器仪表的初起火灾，以及一般可燃液体的火灾；D正确，泡沫灭火器适合扑救脂类、石油产品等B类火灾以及木材等A类物质的初起火灾，但不能扑救B类水溶性火灾，也不能扑救带电设备及C类和D类火灾。甲烷火灾属于C类火灾。故选B。
单选题,"[2024年][河南中安]根据《气瓶安全技术规程）（TSG23）,下图是小容积无缝气瓶制造钢印标志的项目和排列示意图、图中，WPXXX（标号4）代表的含义是（ ）。",A.最大充装量|B.公称工作压力|C.水压试验压力|D.实际重量,B,本题主要考查的是气瓶的颜色标记和钢印标记，属于非高频考点。做题思路：识图题，记忆类知识点。（1）TP:水压试验压力，MPa；（2）WP:公称工作压力，MPa；（3）V:实际容积，L；（4）W:实际重量，kg；故选B。
单选题,[2024年][河南中安]某烟花制造厂装药间员工杨某在使用“推模”装药过程中发生卡顿，遂在工作台上用力拍打模具，产生撞击和摩擦引发爆炸。关于烟花爆竹产品生产过程中防火防爆措施的说法，正确的是（ ）。,A.筑（压）药过程中，当模具与药剂难以分离时，采用酒精清洗|B.对含有大颗粒的铝、钛、铁粉的烟火药采用筑压作业方式|C.对含笛音药的半成品采用筑压方式进行封口作业|D.每栋笛音药的筑（压）药工房手工作业定量为1.0kg,A,本题主要考查的是烟花爆竹生产过程中的防火防爆措施，做题思路：轻易不触碰数字的选项。A正确，筑（压）药的过程中，当模具与药物难以分离时，不应强行分离，采用酒精清洗；B错误，错在“筑压作业”。含有较大颗粒的铝、钛、铁粉的烟火药，不应筑压；C错误，错在“用筑压的方式封口”。爆竹直接挤压封口，不应猛力敲打；含爆炸药、笛音药的半成品，不应采用筑（压）方法封口；半成品的封口应密实，防止药物外泄、受潮；D错误，错在“手工定量超过了0.5kg”。笛音药筑（压）药每栋工房定量，手工0.5kg，机械2kg。故选A。
单选题,[2024年][河南中安]电击包括直接接触电击和间接接触电击。关于电击情形及预防间接接触电击措施的说法，正确的是（ ）。,A.保护接地（接零）措施不能防止间接接触电击|B.触摸开关柜外壳造成的电击是间接接触电击|C.触碰带电接线端子的电击是间接接触电击|D.与带电体距离过近造成的电击是间接接触电击,B,本题主要考查的是直接接触电击和间接接触电击，属于高频考点。做题思路：第一步判断要有接触，第二步，电正常，人有错（有意、无意的都算）属于直接接触电击；电有错，人没错属于间接接触电击。A错误，错在“不能防止间接接触电击，是可以防止的”。保护接地和保护接零都是防止间接接触电击的基本技术措施；C错误，错在“间接”。属于直接接触电击；D错误，错在“不属于电击，因为未触及带电体”。故选B。
单选题,[2024年][河南中安]动力驱动的动臂变幅起重机（液压变幅除外），应在臂架俯仰行程的极限位置设幅度限位器。下列安全装置中，动臂式塔吊可以不设置的是（ ）。,A.防止臂架前倾的装置|B.防止臂架仰翻的装置|C.臂架高位幅度限位开关|D.臂架低位幅度限位开关,A,本题主要考查的是动臂式塔吊的安全装置。A可以不设置，《起重机械安全规程第1部分：总则》（GB/T6067.1）明确规定，流动式起重机和动臂式塔式起重机上应安装防后倾装置（液压变幅除外）。故选A。
单选题,[2024年][河南中安]大型游乐设施运行时，为预防乘客被动移动。避免碰撞或甩出，必须设有乘客安全束缚装置。束缚装置可采用安全带、安全压杠、安全挡杆等。关于乘客安全束缚装置的说法。正确的是（ ）。,A.安全带是可单独用于运动激烈的大型游乐设施的束缚装置|B.作为主要束缚的安全挡杆具有乘客不能自行打开的功能|C.安全带必须设置具有防止乘客自行打开的保险装置|D.安全压杠的锁放机构可具有乘客自行手动控制的功能,B,本题主要考查的是大型游乐设施的乘客安全束缚装置。做题思路：游客自己打不开，而且得有两套独立的束缚装置。 A错误，错在“单独用安全带束缚”。对危险性较大的大型游乐设施，必要时应考虑设两套独立的束缚装置；C错误，错在“必须”，安全带卡扣组件应锁紧可靠，在无外力作用的情况下不应自行打开，必要时应设置防止乘客自行打开的保险装置。；D错误，错在“乘客自行控制”。安全保护装置必须有效地将乘客约束在座位上，不能自行打开且乘客不能打开，必须当设备停止后由操作人员打开，让乘客离开座位。故选B。
单选题,[2024年][河南中安]木材加工存在机械危险和非机械危险，需采取一些安全技术措施，降低伤害风险。下列安全技术措施中，属于防止机械危险的是（ ）。,A.圆锯机安装刀轴紧急停车联控装置|B.带锯机设置混凝土减振基础|C.在刨床上安装尘屑收集装置|D.在平刨床唇板上开梳状槽降低噪声,A,本题主要考查的是机械危险和非机械危险。做题思路：排除法做题，非机械性危险：气温辐射，武（物）才人噪动。（电气危险、温度危险，辐射危险，物质和材料产生的危险、未履行人机工程学、噪声、振动）。A属于，B属于减震，C属于除尘，D属于降噪。故选A。
单选题,[2024年][河南中安]某单位1台生产用热水锅炉，型号为WNS4.2-1.0/95/70-Q，燃烧器型号为H-QMN-2.0。为保证锅炉运行安全。该使用单位制定了月度检查计划。根据《锅炉安全技术规程》（TSG11），下列锅炉检查内容中。不属于月度检查的是（ ）。,A.是否对水（介）质定期进行化验分析|B.锅炉使用安全与节能管理制度是否有效执行|C.安全附件和仪表、联锁保护装置是否完好|D.燃烧器安全与控制装置是否齐全和完好,D,本题主要考查的是锅炉的月度检查，属于超纲知识点。D不属于，根据《锅炉安全技术规程》8.1：每月对所使用的锅炉至少进行1次月度检查，并且记录检查情况；月度检查内容主要为锅炉承压部件及其安全附件和仪表、联锁保护装置是否完好；燃烧器运行是否正常；锅炉使用安全与节能管理制度是否有效执行，作业人员证书是否在有效期内，是否按规定进行定期检验，是否对水（介）质定期进行化验分析，水（介）质未达到标准要求时是否及时处理，水封管是否堵塞，以及其他异常情况等。锅炉使用单位每年应当对燃烧器进行检查，检查内容至少包括燃烧器管路是否密封、安全与控制装置是否齐全和完好、安全与控制功能是否缺失或者失效、燃烧器运行是否正常。故选D。
单选题,"[2024年][河南中安]体力劳动强度分为I级、Ⅱ级、Ⅲ级、Ⅳ级，依据体力劳动强度指数I（I=10T·MSW）的计算值来确定。其中，T为劳动时间率。M为8h工作日能量代谢率，S为性别系数（男1.0，女1.3）,W为体力劳动方式系数（搬1.00，扛0.40，推/拉0.05）。10为计算常数。经测得某高铁车站行李推送女工的工作日净劳动时间为4h，工作日总工时为8h,8h工作日能量代谢率为3kJ/（min·m²），则该女工的体力劳动强度等级最高是（ ）",A.I级|B.Ⅱ级|C.Ⅲ级|D.Ⅳ级,A,本题主要考查的是体力劳动强度的计算。在推送行李的过程中，可能存在搬运行李，所以劳动强度指数最高为I=10×0.5×3×1.3×0.05=0.975；属于I级中等劳动。故选A。
单选题,[2024年][河南中安]危险化学品废弃物的销毁处置包括固体危险废弃物无害化的处置、爆炸物品的销毁、有机过氧化物废弃物的处理等。下列固体危险废弃物的无害化处置方法中，正确的是（ ）,A.爆炸法|B.化学分解法|C.溶解法|D.熔融固化法,D,本题主要考查的是固体危险废弃物的处置方法。属于高频考点。做题思路：固化。D正确，固体废弃物的处置：水泥固化、石灰固化、塑性材料固化、有机聚合物固化、自凝胶固化、熔融固化和陶瓷固化。爆炸物品的销毁：爆炸法、烧毁法、溶解法、化学分解法。故选D。
单选题,[2024年][河南中安]典型火灾事故的发展阶段分为初起期、发展期、最盛期及减弱至熄灭期。关于火灾发展各阶段的说法，错误的是（ ）。,A.初起期，火灾开始发生的阶段，主要特征是冒烟、阴燃|B.发展期，火势由小到大，热释放速率约与时间的平方成正比|C.最盛期，火势较大，轰燃就发生在这个阶段|D.减弱至熄灭期，燃料不足和灭火作用等使燃烧中止,C,本题主要考查的是火灾燃烧三阶段的特点。属于高频考点。C错误，错在“轰燃发生最盛期”。轰燃就发生在发展期。最盛期的火灾燃烧方式是通风控制火灾，火势的大小由建筑物的通风情况决定。故选C。
单选题,[2024年][河南中安]变电站是企业的动力枢纽，其配置的保护装置是生产经营活动正常运行的重要保障。下列变电站保护装置的安全要求中，正确的是（ ）。,A.10kV变电站不得装设电流速断保护|B.10kV干式变压器不得装设温控保护|C.10kV接地系统应具有绝缘报警功能|D.10kV接地系统应装有零序电流保护,D,本题主要考查的是高压电气设备的保护。属于非常规考点。A错误，错在“不得”。10kV变配电站应装有电流速断保护、过电流保护、熔断器保护和防雷保护；B错误，错在“不得”。干式变压器应装有温控保护等；C错误，错在“绝缘报警”。10kV不接地系统应装有绝缘监视；10kV接地系统应装有零序电流保护。油浸式变压器应装有气体保护。故选D。
单选题,[2024年][河南中安]化学抑爆剂作用机理主要是捕捉自由基，并使之失活，中断燃烧过程中的链式反应，中止爆炸和火焰传播，起到抑制或控制爆炸的作用。下列不属于化学抑爆剂的是（ ）。,A.二氟一氯一溴甲烷|B.碳酸氢钠|C.磷酸钠|D.氮气,D,本题主要考查的是化学抑爆剂。属于超纲知识点。做题思路：哪个熟悉选哪个。氮气是惰性气体，不是抑爆剂。D不属于，ABC属于，常用的抑爆剂有化学粉末、水、卤代烷和混合抑爆剂等。A为卤代烷（1211灭火器，卤代烷灭火剂），BC均为干粉，属于化学粉末。故选D。
单选题,[2024年][河南中安]双重绝缘是由工作绝缘和保护绝缘构成的强化绝缘结构。Ⅱ类设备就是靠双重绝缘进行防护的，下列Ⅱ类设备绝缘的要求中，正确的是（ ）。,A.采用双重绝缘后设备的外壳应接地|B.工作绝缘的绝缘电阻不得低于3MΩ|C.绝缘电阻应采用380V兆欧表测试|D.保护绝缘的绝缘电阻不得低于5MΩ,D,本题主要考查的是Ⅱ类设备绝缘的要求。属于高频考点。做题思路：工作1，保护5，加强7。具有回字形标准，不需要再接地或接零。A错误，错在“应接地”。Ⅱ类设备无需接地或接零；B错误，错在“3MΩ”。工作绝缘的绝缘电阻不得低于2MΩ，保护绝缘的绝缘电阻不得低于5MΩ；C错误，错在“380V兆欧表”。测量额定电压500V以下的线路或设备应采用500V或1000V的兆欧表；测量500V以上的线路或设备应采用1000V或2500V的兆欧表；测量10kV及10kV以上的线路或设备应采用2500V的兆欧表。测量新的和大修后的线路或设备应采用较高电压的兆欧表；测量运行中的线路或设备应采用较低电压的兆欧表。故选D。
单选题,[2024年][河南中安]生产储存民用爆炸物品的工厂、仓库应建在远离城市的独立地带，与周围重要设施的安全距离必须符合《民用爆炸物品工程设计安全标准》（GB50089）。对于工厂，其生产厂房和库房在平面上宜布置成（ ）。,A.矩形|B.凹形|C.H形|D.L形,A,本题主要考查的是民爆物品的厂房和库房的布置。做题思路：每个工序或生产线，都尽可能对其他位置产生影响，尽可能减少损失。A正确，危险品生产厂房和库房在平面上宜布置成简单的矩形，不宜设计成复杂的凹型、L型等。故选A。
单选题,[2024年][河南中安]金属铸造的金属熔化工艺主要采用冲天炉和电弧炉，熔化过程会产生大量烟气，应采用适宜的烟气净化措施。下列烟气净化设备中，适用于电弧炉的是（ ）。,A.旋风除尘器|B.干式除尘器|C.颗粒层除尘器|D.电除尘器,B,本题主要考查的是电弧炉的烟气净化设备。属于高频考点。B正确，电弧炉的烟气净化设备宜采用干式高效除尘器。冲天炉的排烟净化宜采用机械排烟净化设备，包括高效旋风除尘器、颗粒层除尘器、电除尘器。故选B。
单选题,[2024年][河南中安]毒性危险化学品在人体内的毒性与其化学结构、物理性质、生产环境、劳动强度等有关。关于毒性危险化学品对人体危害的说法，错误的是（ ）。,A.硫化氢会影响传送氧的能力，属血液窒息|B.福尔马林会引起哮喘，一般症状为咳嗽|C.四氯化碳会引起肝硬化，降低肝脏功能|D.二氯乙烷会引起肾脏中毒，损害肾脏功能,A,本题主要考查的是毒性危化品对人体的危害。属于高频考点。A错误，错在“血液窒息”。氰化氢、硫化氢等物质影响细胞和氧的结合能力，属于细胞内窒息。故选A。
单选题,[2024年][河南中安]低压控制电器主要用来接通、断开线路和控制电气设备。如图所示甲-低压断路器、乙-刀开关、丙-接触器、丁-凸轮控制器。其中具有分断负荷电流、灭弧、短路保护功能的是（ ）。,A.甲-低压断路器|B.乙-刀开关|C.丙-接触器|D.丁-凸轮控制器,A,本题主要考查的是常见低压电器的特点、性能和应用，属于非高频考点。做题思路：掌握每一种低压电器的特点和性能。A正确，低压断路器有强有力的灭弧装置，能分断短路电流，有多种保护功能。故选A。
单选题,[2024年][河南中安]电气检修工作通常应在停电状况下进行。如果不能停电，在检修中人体及所带工具与带电体必须保持足够的安全距离。在10kv无遮拦作业中，人体及其所携带工具与带电体之间最小距离应为（ ）。,A.0.50m|B.0.70m|C.0.35m|D.0.20m,B,本题主要考查的是屏护和间距，属于高频考点，记忆类知识点。B正确，在10kV作业中，无遮栏时，人体及其所携带工具与带电体的距离不应小于0.7m；有遮栏时，遮栏与带电体之间的距离不应小于0.35m。故选B。
单选题,[2024年][河南中安]燃烧与爆炸是人们生产、生活中经常遇到的两种现象，有时紧密相关，但特征各有不同。关于燃烧及爆炸特征的说法，错误的是（ ）。,A.爆炸一定伴有放热现象|B.燃烧一定伴有放热现象|C.燃烧与压力无特定关系|D.爆炸与压力紧密相关,A,本题主要考查的是燃烧、爆炸的转化，属于非高频考点。做题思路：掌握燃烧和爆炸的区别。D正确，A错误，错在“爆炸一定伴有放热现象”。爆炸的最主要特征是压力的急剧上升，并不一定着火(发光、放热)；BC正确，而燃烧一定有发光放热现象，但与压力无特别关系。故选A。
单选题,[2024年][河南中安]分解爆炸性气体在温度和压力的作用下发生分解反应，可产生相当数量的分解热，进而发生爆炸。如乙炔在没有氧气的条件下，也会发生分解爆炸。关于乙炔爆炸及其预防的说法，正确的是（ ）。,A.一定的温度和压力是乙炔发生分解爆炸的内因|B.乙炔分解爆炸所需的发火能比乙烯的发火能低|C.可以用铜含量超过65%的铜合金容器盛装乙炔|D.乙炔分解爆炸所需的能量随压力的升高而增加,B,本题主要考查的是可燃气体爆炸，属于高频考点，记忆数据。A错误，错在“温度和压力是内因”。分解热是引起气体爆炸的内因，一定的温度和压力则是外因；B正确，乙烯分解爆炸所需的发火能比乙炔的要大；C错误，错在“可以用含铜量超过65%的铜合金容器盛装乙炔”。不能用含铜量超过65%的铜合金制造盛乙炔的容器；D错误，错在“随压力的升高而增加”。爆炸所需的能量随压力的升高而降低。故选B。
单选题,[2024年][河南中安]在生产活动中，常常会碰到静电放电现象。静电放电严重时可能引发火灾和爆炸。关于静电防护措施的说法，错误的是（ ）。,A.接地的主要作用是消除导体上的静电|B.抗静电添加剂适合于易产生静电的导体|C.静电消除器主要用来消除非导体的静电|D.增湿不宜用于消除高温绝缘体上的静电,B,本题主要考查的是静电防护措施，属于高频考点。做题思路：掌握每一种静电防护措施的作用。A正确，接地的主要作用是消除导体上的静电。金属导体应直接接地；B错误，错在“导体”。在容易产生静电的高绝缘材料中，加入抗静电添加剂之后，能降低材料的体积电阻率或表面电阻率以加速静电的泄漏，消除静电的危险；C正确，静电消除器主要用来消除非导体的静电；D正确，增湿的方法不宜用于消除高温绝缘体上的静电。故选B。
单选题,[2024年][河南中安]移动式压力容器使用单位应当建立安全管理制度，制定安全操作规程、日常检查和维护保养制度。关于移动式压力容器管理制度和操作规程的说法，正确的（ ）。,A.装卸后检查紧急切断阀确保处于开启状态|B.装卸用管每年进行1次耐压试验|C.装卸过程中使用随车携带的装卸用管进行充装|D.随车携带液面计指示值与液体容积对照表,B,本题主要考查的是压力容器管理制度和操作规程，属于非高频考点。根据《移动式压力容器安全技术监察规程》，A错误，错在“开启状态”。装卸作业完毕后，必须立即按照紧急切断阀使用说明书或操作规程关闭紧急切断阀；B正确，充装单位或者使用单位对装卸用管必须每年进行1次耐压试验，试验压力为装卸用管公称压力的1.5倍，试验结果要有记录和试验人员的签字；C错误，错在“使用随车携带的装卸用管进行充装”。装卸作业时，可以使用充装单位专用的装卸用管进行充装，不得使用随车携带的装卸用管进行充装；D错误，错在说法不全。检查移动式压力容器是否携带《使用登记证》、电子记录卡、《特种设备作业人员证》和有关管理部门的从业资格证、液面计指示值与液体容积对照表（或者温度与压力对照表）、移动式压力容器装卸记录和事故应急专项预案等随车资料。故选B。
单选题,"[2024年][河南中安]金属压力容器投用后3年内应进行首次定期检验，之后的检验周期由检验机构根据压力容器的安全状况等级确定，根据《固定式压力容器安全技术监察规程》（TSG21）,执行每3年至6年检验一次的，其安全状况等级为（ ）。",A.1级|B.3级|C.2级|D.4级,B,本题主要考查的是《固定式压力容器安全技术监察规程》（TSG21），属于非高频考点。（一）检验周期金属压力容器一般于投用后3年内进行首次定期检验。（1）安全状况1、2级的，一般每6年检验一次；B正确，（2）安全状况3级的，一般每3年至6年检验一次；（3）安全状况4级的，累计监控使用时间不得超过3年；（4）安全状况5级的，应对缺陷进行处理，否则不准使用。故选B。
单选题,[2024年][河南中安]漏电保护的主要作用是防止漏电而引起的触电、火灾等。为保证人身和设备安全。许多电气设备都需要安装漏电保护装置。下列电气设备中，使用时应装设漏电保护装置的是（ ）。,A.Ⅱ类电气设备|B.I类电气设备|C.Ⅲ类电气设备|D.标“回”的电气设备,B,本题主要考查的是漏电保护装置的安装和运行，属于高频考点，记忆类知识点。ACD可以不安装漏电保护装置，从防止触电的角度考虑，使用特低电压供电的电气设备、一般环境条件下使用的具有双重绝缘或加强绝缘结构的电气设备、使用隔离变压器且二次侧为不接地系统供电的电气设备，以及其他没有漏电危险和触电危险的电气设备可以不安装漏电保护装置；B正确，I类的移动式电气设备及手持式电动工具必须安装漏电保护装置。故选B。
单选题,[2024年][河南中安]根据《危险货物运输包装类别划分方法》（GB15098）和《危险货物分类和品名编号》（GB6944），下列危险化学品与包装类别的对应关系中，正确的是（ ）。,A.碳化钙-Ⅱ类包装|B.汽油-Ⅲ类包装|C.乙醇-Ⅱ类包装|D.甲醇-Ⅱ类包装,A,本题主要考查的是危险化学品包装安全要求，属于非高频考点。A正确，碳化钙是遇水放出易燃气体的物质，适合使用Ⅱ类包装；B错误，错在“Ⅲ类包装”。汽油是易燃液体，应使用Ⅰ类包装；CD错误，错在“Ⅱ类包装”。甲醇和乙醇是易燃液体，应使用Ⅰ类包装。故选A。
单选题,[2024年][河南中安]应急救援机器人在执行应急救援任务中能够进入危险场所，可完成救援人员无法完成的许多工作，但也存在缺点。下列该类机器人的性能中，强于救援人员的是（ ）。,A.可塑性|B.能动性|C.稳定性|D.灵活性,C,本题主要考查的是人与机器特性的比较，属于高频考点，记忆类知识点。C正确，机器的稳定性优于人。故选C。
单选题,"[2024年][河南中安]有爆炸危险的厂房或厂房内有爆炸危险的部位应设置泄压设施，泄压设施包括轻质屋面板、轻质墙体和易于泄压的门、窗等。在泄压设施的泄压面积计算时，可根据厂房内爆炸性危险物质的类别选取适当的泄压比。根据《建筑设计防火规范》（GB50016）,当厂房内爆炸性危险物质为乙炔时。泄压比应（ ）。",A.≥0.110m²/m³|B.≥0.160m²/m³|C.≥0.200m²/m³|D.≥0.250m²/m³,C,本题主要考查的是泄压比，属于非高频考点。故选C。
单选题,[2024年][河南中安]生产过程中产生的静电可能引起火灾和爆炸，也可能对人造成电击伤害，还可能妨碍生产，降低产品质量。关于静电危害的说法，正确的是（ ）。,A.因静电能量较大，可能会直接导致人死亡|B.静电电击会使人产生恐惧心理，但不影响工作效率|C.静电会产生辐射，可引起中枢神经系统的机能障碍|D.飞机飞行中产生的静电会干扰无线电通讯和导航功能,D,本题主要考查的是静电危害与防治，属于高频考点，记忆类知识点。A错误，错在“静电会直接导致人死亡”。静电电击不会使人致命；B错误，错在“静电电击不影响工作效率”。静电电击还可能引起工作人员紧张而妨碍工作等；C错误，错在“静电会产生辐射”。静电不会产生辐射；D正确，在电子技术领域，生产过程中产生的静电可能引起计算机等设备中电子元件误动作，可能对无线电设备产生干扰，还可能击穿集成电路的绝缘等。故选D。
单选题,[2024年][河南中安]毒性危险化学品通过一定途径进入人体，在体内积蓄到一定剂量后，就会表现出中毒症状。下列毒性危险化学品进入人体的途径中，最全面的是（ ）。,A.口腔、消化道、呼吸道|B.呼吸道、皮肤、鼻腔|C.呼吸道、皮肤、消化道|D.消化道、皮肤、口腔,C,本题主要考查的是毒性危险化学品侵入人体的途径，属于高频考点，记忆类知识点。C正确，毒性危险化学品可经呼吸道、消化道和皮肤进入人体。故选C。
单选题,[2024年][河南中安]氢能的发展和利用。是实现碳达峰碳中和目标的途径之一，但氢具有易燃易爆的危险特性，应注重防火防爆措施的落实。关于氢的燃爆特性的说法，正确的是（ ）。,A.氢的最小点火能低于甲烷|B.氢的爆炸极限范围大于乙炔|C.氢的燃点低于硫化氢|D.氢的爆炸下限低于汽油,A,"本题主要考查的是火灾基本概念及参数，属于非高频考点，记忆类知识点。根据下表4-1得出A正确；BD错误，B错在“爆炸极限范围大于乙炔”。氢的爆炸极限范围小于乙炔，D错在“氢的爆炸下限低于汽油”。氢在空气中的爆炸极限为4%〜75%，汽油在空气中的爆炸极限为1.4%〜7.6%，乙炔在空气中的爆炸极限为2.5%〜80%；C错误，错在“氢的燃点低于硫化氢”。氢的燃点很低，有摄氏400度（纯氢气）,而氢化物的燃点更低,硫化氢的燃点只有摄氏260度。故选A。"
单选题,[2024年][河南中安]甲公司实验室使用自制实验装置在对三异丁基铝分装过程中发生泄漏，遇空气引发燃烧事故。下列预防此类事故采取的措施中，错误的是（ ）。,A.采取密封措施分装物料|B.对密封点进行检测|C.采用充氮保护措施|D.采取负压操作方式,D,本题主要考查的是爆炸控制，属于高频考点。做题思路：掌握每一种控制措施的作用。D错误，错在“负压操作”。当设备内部充满易爆物质时，要采用正压操作，以防外部空气渗入设备内。故选D。
单选题,[2024年][河南中安]为了合理选用电气设备和电气线路，必须正确划分所在环境危险区域的大小和级别。关于爆炸危险环境中危险区域划分的说法，正确的是（ ）。,A.存在连续释放源的区域为1区|B.旋风除尘器、搅拌器内部区域为22区|C.粉尘袋、取样点周围区域为20区|D.频繁打开的粉尘容器出口附近为21区,D,本题主要考查的是爆炸危险环境中危险区域划分，属于高频考点。做题思路：掌握气体和粉尘爆炸危险环境中危险区域划分，会从不同释放源划分危险区域。ABC错误，A错在“1区”。应为0区；B错在“22区”。应为20区；C错在“20区”。应为22区。故选D。
单选题,[2024年][河南中安]电力线路接头接触不良或松脱，会增大接触电阻，使接头过热而导致绝缘强度降低，还可能产生火花，严重的会酿成火灾和触电事故。因此，导线连接必须牢固可靠。下列对同材质同截面导线接头的安全要求中，正确的是（ ）,A.绝缘强度不得低于导线绝缘强度的80%|B.接头部位电阻不得大于导线电阻的80%|C.力学强度不得低于导线力学强度的80%|D.10kV以上的接头应采用环氧树脂浇注,C,本题主要考查的是电力线路安全条件，属于高频考点。做题思路：记忆数据。A错误，错在“80%”。绝缘强度不得低于原导线强度；B错误，错在“80%”。接头部位电阻不得大于原导线电阻的1.2倍；C正确，导线连接必须紧密。原则上导线连接处的力学强度不得低于原导线力学强度的80%；D错误，错在“10kV以上”。10kV及以下的中间接头多采用环氧树脂浇注。故选C。
单选题,[2024年][河南中安]某化工企业发现1台压力容器泄漏，未及时处理，导致爆炸事故，按规定，在压力容器及其附件使用过程中发生严重异常现象时，应停止容器运行并采取紧急措施，下列压力容器及其附件的异常现象中，不需要停止运行的是（ ）。,A.容器主要受压元件产生裂纹|B.压力容器发生剧烈振动|C.安全阀校验有效期已过|D.压力容器接管断裂,C,本题主要考查的是压力容器事故的预防，属于非高频考点，记忆类知识点。ABD需要停止运行，在压力容器的使用过程中，发生下列异常现象时，应立即采取紧急措施，停止容器的运行：①超温、超压、超负荷时，采取措施后仍不能得到有效控制。②容器主要受压元件发生裂纹、鼓包、变形等现象。C不需要停止运行，错在“校验有效期已过”。③安全附件失效。④接管、紧固件损坏，难以保证安全运行。⑤发生火灾、撞击等直接威胁压力容器安全运行的情况。⑥充装过量。⑦压力容器液位超过规定，采取措施仍不能得到有效控制。⑧压力容器与管道发生严重振动，危及安全运行。故选C。
单选题,[2024年][河南中安]某木工企业组织设备设施隐患排查，重点检查了带锯机的安全防护装置。下列安全防护装置的检测结果中，存在隐患的是（ ）。,A.上锯轮防护罩罩住锯轮1/2表面|B.带锯条的锯齿齿深为锯宽的1/5|C.锯条两接头之间长度为总长的1/4|D.带锯机空转时噪声为75d,A,本题主要考查的是带锯机安全技术，属于高频考点。做题思路：了解带锯机的结构，记忆数据。A错误，错在“罩住锯轮1/2表面”。防护罩均能罩住锯轮3/4以上表面；B正确，带锯条的锯齿应锋利，齿深不得超过锯宽的1/4；C正确，锯条焊接应牢固平整，接头不得超过3个，两接头之间长度应为总长的1/5以上，接头厚度应与锯条厚度基本一致；D正确，应采取降噪、减振措施，在空运转条件下，机床噪声最大声压级不得超过90dB。故选A。
单选题,[2024年][河南中安]某机械加工车间设计采用了自然采光和人工照明两种方式。该车间投入使用后，部分员工提出了改善照明的建议。下列改善照明的建议中，不合适的是（ ）。,A.在人行通道及楼层内增加应急照明|B.在车床车工工作位置增加工作照明|C.在控制台或操作部位配置局部照明|D.在车工操作面时的墙壁增加其他照明,D,本题主要考查的是人机作业环境，属于高频考点，记忆类知识点。D不合适，错在“增加其他照明”。面对作业人员的墙壁，避免采用强烈的颜色对比；避免有光泽的或反射性的涂料等。故选D。
单选题,[2024年][河南中安]机械设备旋转轴上的凸起物，存在缠绕操作者衣物、头发，甚至直接造成人体伤害的风险，为此应当设置防护装置。下列机械保护装置中，适用于传输上有凸起物的是（）。,A.护套式防护罩|B.开口式防护罩|C.移动式防护罩|D.固定式防护罩,D,本题主要考查的是机械危险部位及其安全防护措施，属于高频考点。做题思路：根据危险部位设置不同的保护装置。D正确，具有凸起物的旋转轴应利用固定式防护罩进行全面封闭。故选D。
单选题,[2024年][河南中安]对于配备配重块的机械设备、应对配重块行程进行封闭，以避免发生滑动、转动等造成的挤压伤害。关于配重块行程封闭的做法，正确的是（）。,A.对配重块全部行程进行封闭|B.对配重块中间行程进行封闭|C.对配重块顶部行程进行封闭|D.对配重块底部行程进行封闭,A,本题主要考查的是机械危险部位及其安全防护措施，属于高频考点。做题思路：根据危险部位设置不同的保护装置。A正确，当使用配重块时，应对其全部行程加以封闭。故选A。
单选题,[2024年][河南中安]可靠性设计是保证机械及其零部件满足可靠性指标的机械设计方法，可靠性高则可降低发生事故的频率。下列机械设备的性能指标中，属于可靠性评价的是（）。,A.维修性|B.能效比|C.稳定系数|D.机械效率,A,本题主要考查的是机械本质安全设计措施，属于高频考点，记忆类知识点。A属于，可靠性指标包括机器的无故障性、耐久性、维修性、可用性和经济性等几个方面。故选A。
单选题,[2024年][河南中安]机械设备的保护装置是通过自身结构功能，限制或防止机器某种危险，消除或减小风险的装置。关于保护装置的说法，正确的是（）。,A.保护装置零部件的维修性是其安全功能的基础|B.保护装置的设计应采用“非定向失效模式”|C.感应式保护装置可不具有自检功能|D.保护装置应与控制系统一起操作并形成整体,D,本题主要考查的是保护装置的技术特征，属于高频考点。做题思路：先区分保护装置和防护装置，分别记忆对应知识点。A错误，错在“维修性”。保护装置零部件的可靠性应作为其安全功能的基础；B错误，错在“非定向失效模式”。保护装置的设计应采用“定向失效模式”；C错误，错在“可不具有自检功能”。光电式、感应式保护装置应具有自检功能；D正确，保护装置必须与控制系统一起操作并与其形成一个整体，保护装置的性能水平应与之相适应。故选D。
单选题,[2024年][河南中安]某热电联产企业的汽轮发电机组设置了完善的保护装置、防护装置和补充保护措施。下列该机制的安全措施中，属于补充保护措施的是（）。,A.设置振动联锁停车|B.抽汽管道设置安全阀|C.急停按钮设置防护罩|D.设置超速停机保护,C,本题主要考查的是安全防护措施，属于高频考点。做题思路：安全防护措施分为防护装置、保护装置和其他保护措施，掌握每一种分类的内容。C属于，急停按钮属于补充保护措施；AD属于保护装置，B属于防护装置。故选C。
单选题,[2024年][河南中安]某切削机床制造企业对用户使用中的高频发事故进行了统计分析，发现切削机床运动部件的伤害占比较高，因此该企业决定采取一系列改进措施降低切削机床运动部件的伤害风险。下列改进措施中，错误的是（）。,A.同时运动的部件设置联锁控制|B.运动中可能松脱的零部件增加防松垫|C.在往复运动部件的末端设置缓冲装置|D.在轻轨运行的运动部件设置限位装置,A,本题主要考查的是金属切削机床的安全技术措施，属于高频考点。做题思路：掌握运动部位的安全措施。A错误，错在“同时运动的部件设置联锁控制”。运动部件不允许同时运动时，其控制机构应联锁；B正确，运动中可能松脱的零部件必须采取有效措施加以紧固，防止由于启动、制动、冲击、振动而引起松动、脱离、甩出；C正确，对于有惯性冲击的机动往复运动部件，应设置缓冲装置；D正确，运动部件在有限滑轨运行或有行程距离要求的，应设置可靠的限位装置。故选A。
单选题,[2024年][河南中安]按照电流转换成作用于人体能量的形式，电伤分为电弧烧伤、电流灼伤、皮肤金属化、电烙印、电气机械性伤害、电光眼等类别。关于电伤情景及电伤类别的说法，正确的是（）。,A.手部触电，手接触的部位被烫出印记，属皮肤金属化|B.相间短路，产生的电弧造成皮肤渗入金属颗粒，属电烙印|C.手部触电，电流通过右手烧伤手臂，属电流灼伤|D.手部触电，手臂被弹开碰伤，属电气机械性伤害,C,本题主要考查的是电伤，属于高频考点。做题思路：先区分电击和电伤，掌握电伤的特点。A错误，属于电烙印；B错误，属于皮肤金属化；C正确，电流灼伤是电流通过人体由电能转换成热能造成的伤害；D错误，不属于电气机械性伤害，属于简单的碰伤。故选C。
单选题,[2024年][河南中安]变压器是一种利用电磁感应原理来升降电压并实现能量和信息传递的多端电气设备。关于电力变压器安全要求的说法，正确的是（）。,A.油浸式变压器的绝缘材料工作温度应不超过100℃|B.干式变压器所在环境的相对湿度应不超过90%|C.变压器高压边电压偏差应不超过额定值的±10%|D.油浸式变压器的油箱上层油温最高应不超过95℃,D,"本题主要考查的是变压器，属于非高频考点，记忆类知识点。A错误，错在“100℃”。油浸式电力变压器的绝缘材料的最高工作温度不得超过105℃；D正确，B错误，错在“90%”。油箱上层油温最高不得超过95℃,干式变压器所在环境的相对湿度不超过70%～85%；C错误，错在“±10%”。高压边电压偏差不得超过额定值的±5%。故选D。"
单选题,[2024年][河南中安]雷电流幅值是指雷电流到达的最大瞬时值，雷电流陡度是雷电流随时间上升的速度。由于雷电流陡度很大，雷电具有高频特征，放电时间很短，表现出极强的冲击性。下方雷电流波形示意图的雷电流陡度为（）。,A.2KA/us|B.4KA/us|C.40KA/us|D.20kA/us,C,本题主要考查的是雷电流陡度，属于非高频考点。做题思路：掌握计算方式。C正确，雷电流陡度指雷电流随时间上升的速度。104/2.6=40kA/us。故选C。
单选题,[2024年][河南中安]危险化学品一旦泄漏容易发生火灾爆炸事故，应针对其特性采用合适的方式进行处置。关于危险化学品泄漏引发的燃爆事故处置措施的说法，错误的是（）。,A.扑救爆炸物品火灾时，切忌用沙土覆盖，以免增加爆炸物品的爆炸威力|B.扑救易燃液体火灾时，比水轻又不溶于水的液体可用直流水扑救|C.扑救遇湿易燃物品火灾时，可用二氧化碳或干粉灭火剂扑救|D.扑救气体火灾时，在没有采取堵漏措施情况下，必须保持火焰燃烧,B,本题主要考查的是火灾扑救注意事项，属于高频考点。做题思路：区分每一种危险化学品危险性，采取不同的处置措施。A正确，扑救爆炸物品火灾时，切忌用沙土盖压，以免增强爆炸物品的爆炸威力；B错误，错在“可用直流水扑救”。比水轻又不溶于水的液体火灾不能用水扑救；C正确，扑救遇湿易燃物品火灾时，绝对禁止用水、泡沫、酸碱等湿性灭火剂扑救。一般可使用干粉、二氧化碳、卤代烷扑救；D正确，扑救气体类火灾时，切忌盲目扑灭火焰，在没有采取堵漏措施的情况下，必须保持稳定燃烧。故选B。
单选题,[2024年][河南中安]某充装单位采用电解法制取氢气、氧气，由于氢、氧浓度自动测定仪器和报警装置失效，未发现氢、氧浓度比例不当，造成爆炸，当氢气中含氧量或者氧气中含氢量超过限值（体积比）时，应当停止充装作业。该限值是（）。,A.0.5%|B.1%|C.2%|D.5%,A,本题主要考查的是充装特殊规定，属于非高频考点，记忆类知识点。A正确，当氢气中含氧量或者氧气中含氢量超过0.5%（体积比）时，应当停止充装作业。故选A。
单选题,[2024年][河南中安]某企业使用3t叉车装载箱型货物，叉车举升到高点时货物掉落，砸中司机肩部。经调查分析，叉车安全保护部件缺失，是造成司机受伤的主要原因。按规定起升高度超过1.8m的叉车，必须设置保护司机的安全部件是（）。,A.挡货架|B.货物稳定器|C.护顶架|D.稳定支腿,C,本题主要考查的是叉车安全保护和防护装置，属于高频考点，记忆类知识点。C正确，最大起升高度大于1800mm的乘驾式叉车应当安装护顶架。故选C。
单选题,"[2024年][河南中安]燃气管道（GB1级）依据设计压力，分为高压燃气管道、次高燃气管道和中压燃气管道。某公用燃气管道，设计压力0.4MPa,设计温度-19℃〜40℃。根据《压力管道定期检验规定—公用管道》（TSGD7004）,该管道属于（）。",A.Ⅱ级高压燃气管道|B.Ⅱ级次高压燃气管道|C.Ⅴ级中压燃气管道|D.Ⅳ级次高压燃气管道,C,本题主要考查的是压力管道分类，属于非高频考点。C正确，第三条：按照定期检验方式和要求，GB1级管道依据设计压力（P，单位为MPa）划分为以下级别：（一）GB1-Ⅰ级（2.5＜P≤4.0）、GB1-Ⅱ级（1.6＜P≤2.5）高压燃气管道；（二）GB1-Ⅲ级（0.8＜P≤1.6）、GB1-Ⅳ级（0.4＜P≤0.8）次高压燃气管道；（三）GB1-Ⅴ级（0.2＜P≤0.4）、GB1-Ⅵ级（0.1＜P≤0.2）中压燃气管道。故选C。
单选题,[2024年][河南中安]某公司氨制冷系统因连接管腐蚀老化爆裂导致液氨泄漏、企业立即启动应急预案，进行事故处置。在液氨泄漏事故处置过程中，应急人员应佩戴的个体防护用品是（）。,A.头罩式面罩面具|B.直接式面罩面具|C.供气式空气呼吸器|D.双罐式防毒口罩,C,本题主要考查的是劳动防护用品选用原则，属于高频考点。做题思路：根据危害因素不同选用过滤式或隔离式防护用品。ABD均属于过滤式防护用品，主要应用在毒性低，浓度不高于1%的场所；C属于自给式（隔离式）防护用品，主要应用在毒性气体浓度高，毒性不明或缺氧的可移动性作业。故选C。
单选题,[2024年][河南中安]某企业锅炉点火过程中发生爆炸。经调查发现点火前未通风，炉膛及烟道中的可燃物质未被清除，导致爆炸。为防止发生炉膛爆炸，点火前，应保证引风机通或自然通风足够时间，下列对通风时间范围的要求中，正确的是（）。,A.5〜10min|B.3〜5min|C.4〜6min|D.10〜15min,A,"本题主要考查的是点火升压阶段的安全注意事项，属于高频考点。做题思路：掌握锅炉点火过程，记忆数据。防止炉膛爆炸的措施是：点火前，开动引风机给锅炉通风5～10min,没有风机的可自然通风5～10min。故选A。"
单选题,[2024年][河南中安]甲厂冲压车间某冲床平均每3s生产1件零部件。需要操作工人反复投送坯料、取出成品件，操作频率高、工作强度较大，风险较大，为了提升冲压作业的安全水平，提出了下列针对送取料改进措施，其中错误的是（）。,A.设计送取料专用工具|B.增大上下模口间距|C.用机械代替人工操作|D.操作区增加防护装置,B,本题主要考查的是冲压剪切机械安全技术，属于高频考点。做题思路：模口区是冲压机械危险区域。 实现冲压安全的对策：A正确，第一，采用手用工具送取料，避免人的手部伸入模口区；B错误，错在“增大上下模口间距”。第二，设计安全化模具，缩小模口危险区，设置滑块小行程，使人手无法伸进模口区。增加模口间距会更容易使人进入危险区；C正确，第三，提高送、取料的机械化和自动化水平，代替人工送、取料；D正确，第四，在操作区采用安全装置，保障滑块的下行程期间，人手处于危险模口区之外。故选B。
单选题,"[2024年][河南中安]一、单选题
1
标记
收藏
甲省一辆违规混运雷管和炸药的车辆靠近乙省一辆危化品货车，进行违规倒装炸药时发生爆炸。下列该作业过程的违章情形中，不属于事故直接原因的是（ ）。",A.搬运人员未按规定穿戴防静电服|B.运输车辆未进行防静电可靠接地|C.乙省危化品货车押运员离开现场|D.车辆未熄火电路漏电致使车体带电|A.1/2|B.1/3|C.3/4|D.2/3|A.化学品危害预防措施设计的技术依据|B.下游企业进行安全教育的主要内容|C.应急人员进行应急作业的技术指南|D.上游企业制造和安全管理的指导文件|A.水不能用于扑救碳化钙火灾|B.干粉灭火剂可用于轻金属火灾|C.二氧化碳可用于低压电气火灾|D.泡沫灭火器不能用于甲烷火灾|A.最大充装量|B.公称工作压力|C.水压试验压力|D.实际重量|A.筑（压）药过程中，当模具与药剂难以分离时，采用酒精清洗|B.对含有大颗粒的铝、钛、铁粉的烟火药采用筑压作业方式|C.对含笛音药的半成品采用筑压方式进行封口作业|D.每栋笛音药的筑（压）药工房手工作业定量为1.0kg|A.保护接地（接零）措施不能防止间接接触电击|B.触摸开关柜外壳造成的电击是间接接触电击|C.触碰带电接线端子的电击是间接接触电击|D.与带电体距离过近造成的电击是间接接触电击|A.防止臂架前倾的装置|B.防止臂架仰翻的装置|C.臂架高位幅度限位开关|D.臂架低位幅度限位开关|A.安全带是可单独用于运动激烈的大型游乐设施的束缚装置|B.作为主要束缚的安全挡杆具有乘客不能自行打开的功能|C.安全带必须设置具有防止乘客自行打开的保险装置|D.安全压杠的锁放机构可具有乘客自行手动控制的功能|A.圆锯机安装刀轴紧急停车联控装置|B.带锯机设置混凝土减振基础|C.在刨床上安装尘屑收集装置|D.在平刨床唇板上开梳状槽降低噪声|A.是否对水（介）质定期进行化验分析|B.锅炉使用安全与节能管理制度是否有效执行|C.安全附件和仪表、联锁保护装置是否完好|D.燃烧器安全与控制装置是否齐全和完好|A.I级|B.Ⅱ级|C.Ⅲ级|D.Ⅳ级|A.爆炸法|B.化学分解法|C.溶解法|D.熔融固化法|A.初起期，火灾开始发生的阶段，主要特征是冒烟、阴燃|B.发展期，火势由小到大，热释放速率约与时间的平方成正比|C.最盛期，火势较大，轰燃就发生在这个阶段|D.减弱至熄灭期，燃料不足和灭火作用等使燃烧中止|A.10kV变电站不得装设电流速断保护|B.10kV干式变压器不得装设温控保护|C.10kV接地系统应具有绝缘报警功能|D.10kV接地系统应装有零序电流保护|A.二氟一氯一溴甲烷|B.碳酸氢钠|C.磷酸钠|D.氮气|A.采用双重绝缘后设备的外壳应接地|B.工作绝缘的绝缘电阻不得低于3MΩ|C.绝缘电阻应采用380V兆欧表测试|D.保护绝缘的绝缘电阻不得低于5MΩ|A.矩形|B.凹形|C.H形|D.L形|A.旋风除尘器|B.干式除尘器|C.颗粒层除尘器|D.电除尘器|A.硫化氢会影响传送氧的能力，属血液窒息|B.福尔马林会引起哮喘，一般症状为咳嗽|C.四氯化碳会引起肝硬化，降低肝脏功能|D.二氯乙烷会引起肾脏中毒，损害肾脏功能|A.甲-低压断路器|B.乙-刀开关|C.丙-接触器|D.丁-凸轮控制器|A.0.50m|B.0.70m|C.0.35m|D.0.20m|A.爆炸一定伴有放热现象|B.燃烧一定伴有放热现象|C.燃烧与压力无特定关系|D.爆炸与压力紧密相关|A.一定的温度和压力是乙炔发生分解爆炸的内因|B.乙炔分解爆炸所需的发火能比乙烯的发火能低|C.可以用铜含量超过65%的铜合金容器盛装乙炔|D.乙炔分解爆炸所需的能量随压力的升高而增加|A.接地的主要作用是消除导体上的静电|B.抗静电添加剂适合于易产生静电的导体|C.静电消除器主要用来消除非导体的静电|D.增湿不宜用于消除高温绝缘体上的静电|A.装卸后检查紧急切断阀确保处于开启状态|B.装卸用管每年进行1次耐压试验|C.装卸过程中使用随车携带的装卸用管进行充装|D.随车携带液面计指示值与液体容积对照表|A.1级|B.3级|C.2级|D.4级|A.Ⅱ类电气设备|B.I类电气设备|C.Ⅲ类电气设备|D.标“回”的电气设备|A.碳化钙-Ⅱ类包装|B.汽油-Ⅲ类包装|C.乙醇-Ⅱ类包装|D.甲醇-Ⅱ类包装|A.可塑性|B.能动性|C.稳定性|D.灵活性,B,本题主要考查的是典型客运索道事故及预防，属于非高频考点，记忆类知识点。B正确，吊具坠落是由于钢丝绳断裂，或抱索器松脱，或运行小车（对于双线索道而言）脱轨引起的吊具（双线索道中俗称“客车”）从高空坠落。故选B。
单选题,[2024年][河南中安]某企业对所属的数控机床进行检验检测后，拟对存在的安全技术措施缺陷进行整改。下列对机床采用的安全技术措施中，有待改进的是（）。,A.显示器的安装高度距地面为1.5m|B.操作显示器视距为0.25m|C.工作时油雾控制浓度最大值为4.5mg/m³|D.空转条件下最大噪声声压级为80d,B,"本题主要考查的是满足人机工程学的要求，属于高频考点，记忆类知识点。A正确，B错误，错在“显示器视距为0.25m”。显示器的视距应至少为0.3m,安装高度距地面或操作站台应为1.3～2m；C正确，控制油雾浓度最大值不超过5mg/m³；D正确，应采取措施降低机床的噪声和振动对人体健康的影响。在空运转条件下，机床的噪声声压级应符合表1-8的规定。故选B。"
单选题,[2024年][河南中安]大型游乐设施中，同一轨道、滑道、专用车道等有两组以上无人操作的单车或列车运行时，应设置防止相互碰撞的安全装置。下列安全装置中，属于防止相互碰撞的是（）。,A.自动控制装置和缓冲装置|B.锁紧装置和缓冲装置|C.自动控制装置和止逆装置|D.限速装置和限位装置,A,本题主要考查的是防碰撞及缓冲装置，属于非高频考点，记忆类知识点。A正确，同一轨道、滑道、专用车道等有两组以上（含两组）无人操作的单车或列车运行时，应设防止相互碰撞的自动控制装置和缓冲装置。故选A。
单选题,[2024年][河南中安]按自动化程度，人机系统可分为人工操作系统、半自动化系统和自动化系统。人工操作系统的安全性主要取决于（）。,A.人机功能分配的合理性、机器本质安全性及人为失误状况|B.人处于低负荷时的应急反应情况和机器冗余系统运转情况|C.机器的本质安全性和人在低负荷时的应急反应情况|D.人机功能分配的合理性、机器本质安全性和冗余系统运转情况,A,本题主要考查的是人机系统和人机作业环境，属于高频考点。做题思路：分别掌握人工操作系统、半自动化系统和自动化系统的安全性取决于哪些因素。A正确，人工操作系统的安全性取决于：机器的本质安全性、人机功能分配的合理性、人员操作失误等。故选A。
单选题,[2024年][河南中安]《民用爆炸物品品名表》将民用爆炸物品分为工业炸药、工业雷管、工业索类火工品、其他民用爆炸物品、原材料等五大类。依据该品名表，下列民用爆炸物品归类中，正确的是（    ）。,A.梯恩梯属于工业炸药|B.塑料导爆管属于工业雷管|C.起爆药属于原材料|D.继爆管属于工业索类火工品,C,本题主要考查的是民爆物品的归类。属于高频考点。A错误，梯恩梯属于原材料；B错误，塑料导爆管属于工业索类火工品；D错误，继爆管属于工业雷管。故选C。
单选题,[2024年][河南中安]防止混合气体爆炸的一般原则包括：控制可燃气体浓度处于其爆炸极限范围以外，惰性气体取代氧化性气体，控制氧气浓度处于最大安全浓度以下。用氮气作为惰性气体时，使用前应进行气体成分分析，含氧量最高不得超过（    ）。,A.2.0%|B.0.5%|C.1.0%|D.1.5%,A,本题主要考查的是惰性气体内氧含量的界限值。属于高频考点。A正确，氮气等惰性气体在使用前应经过气体分析，其中含氧量不得超过2%。故选A。
单选题,[2024年][河南中安]起重机在吊载重物重量接近或达到额定值，或起吊危险物品（液态金属、有害物、易燃易爆物）时，司机应在吊运前认真检查安全装置，确定吊点位置和捆绑方式。在正式吊运前，应进行（    ）。,A.小高度、短行程试吊|B.小高度、长行程试吊|C.大高度、短行程试吊|D.大高度、长行程试吊,A,本题主要考查的是起重机操作要求。属于高频考点。做题思路：小高短程。A正确，吊载接近或达到额定值，或起吊危险物品（液态金属、有害物、易燃易爆物）时，吊运前认真检查制动器，并用小高度、短行程试吊，确认没有问题后再吊运。故选A。
单选题,[2024年][河南中安]某公司生产过程中高压电缆短路停电，造成某生产车间部分排风设备停止运行，该车间三楼回酸高位罐酸液中的硫化氢从高位罐顶部敞口处逸出，并扩散到楼梯间内，张某在经过楼梯途中，吸入硫化氢中毒。下列预防此类事故发生的安全措施中，不属于控制危化品泄漏扩散措施的是（    ）。,A.为排风设备增设备用电源|B.增设硫化氢气体监测控制系统|C.将高位酸罐进行封闭处理|D.工人使用合适的呼吸防护器具,D,本题主要考查的是控制危化品泄漏的扩散措施。做题思路：和危化品的泄漏源有关，和人体本身没有关系。D不属于，ABC属于。个体防护，能减少与消除危化品泄漏对人体造成的影响。不属于控制危化品泄漏扩散措施。故选D。
单选题,[2024年][河南中安]通过人体的电流对人体伤害的严重程度与电流大小、持续时间、人体阻抗等多种因素有关。人体阻抗是皮肤阻抗与体内阻抗之和。关于人体阻抗的说法，正确的是（    ）。,A.如皮肤长时间浸湿，皮肤阻抗会增大|B.电流持续时间越长，人体阻抗越大|C.通电瞬间，人体阻抗越接近体内阻抗|D.表皮或角质层破损，人体阻抗会增大,C,本题主要考查的是人体阻抗和外界因素的关系。做题思路：汗液是导电的，皮肤随着时间的推移，若被破坏，人体阻抗减小。A错误，错在“增大”。皮肤长时间浸湿则角质层变得松软而饱含水分，皮肤阻抗几乎消失；B错误，错在“越大”。电流持续时间延长，人体阻抗由于出汗等原因而下降；C正确，皮肤长时间浸湿在通电瞬间，人体各部电容由于尚未充电而相当于短路状态。此时的人体阻抗近似等于体内阻抗；D错误，错在“增大”。角质层或表皮破损，也会明显降低人体阻抗。故选C。
单选题,[2024年][河南中安]某公司危险化学品仓库违规混存，引起化学反应而发生火灾和爆炸，火灾蔓延导致连续爆炸，爆炸又促进火势蔓延。根据《危险化学品仓库储存通则》（GB15603），关于危险化学品储存的说法，正确的是（    ）。,A.隔离储存是同一建筑不同房间的储存|B.隔开储存是不同物品在同区分开储存|C.危险化学品堆码高度应不超过3.5m|D.盐酸和氨水采用分离储存的方式,D,本题主要考查的是危化品的储存。属于超纲知识点。做题思路：性质相抵触的物品分开放。A错误，错在“不同房间，少说了同一区域”。隔离贮存是指一种在同一房间或同一区域内，不同的物料之间分开一定的距离；B错误，错在“同区，少说了同一建筑物”隔开储存是在同一建筑物或同一区域内，用隔板或墙，将禁忌物料分开的储存方式。分离储存：储存在不同仓间或者防火分区的储存方式。分开储存：在同一储存空间内，用距离将不同非禁忌物品隔开的储存方式。C错误，错在“3.5m”。堆码应符合包装标志要求：无堆码标志的木箱和200L及以上钢桶包装堆垛高度应不超过3m；纸箱和小铁桶堆垛高度应不超过2.5m；放置托盘上应不超过3m。
单选题,"[2024年][河南中安]一、单选题
67
标记
收藏

在锅炉运行中，应对锅炉水位进行实时监控调整，控制水位在规定范围内。下列对锅炉水位波动范围的要求中，正确的是（    ）。",A.±30mm|B.±50mm|C.±40mm|D.±60mm,B,本题主要考查的是锅炉水位的波动范围。属于数字型题目。B正确，锅炉运行中，运行人员应不间断地通过水位表监督锅内的水位。锅炉水位应经常保持在正常水位线处，并允许在正常水位线上下50mm内波动。故选B。
单选题,[2024年][河南中安]保护接零的原理是当设备某相带电体碰连设备外壳时，通过设备外壳形成相线对保护零线的单相短路，短路电流促使线路上的短路保护迅速动作，消除安全风险。下列4种供电系统中，可用于爆炸和火灾危险场所的是（    ）。,A.B|C.D,D,本题主要考查的是TN-S的适应场所。属于高频考点。同时也是识图题。做题思路：从始至终5根线是TN-S系统。 D正确，TN-S系统可用于有爆炸危险，或火灾危险性较大，或安全要求较高的场所，宜用于有独立附设变电站的车间；A属于TN-C-S系统，宜用于厂内设有总变电站，厂内低压配电的场所及非生产性楼房；B属于TN-C系统，可用于无爆炸危险、火灾危险性不大、用电设备较少、用电线路简单且安全条件较好的场所；C属于TT系统。故选D。
单选题,[2024年][河南中安]甲乙两人同时监控的人机系统，其中甲操作可靠度为0.9.乙操作可靠度为0.8.机器设备可靠度为0.95，该人机系统在正常状况下的可靠度为（    ）。,A.0.931|B.0.855|C.0.684|D.0.760,C,本题主要考查的是人机系统串联时的可靠度。属于高频考点。做题思路：正常状况下的可靠度相当于人机系统串联。正常状况下的可靠度：0.9×0.8×0.95=0.684。故选C。
单选题,[2024年][河南中安]蛙夯、振捣器等是引发触电事故较多的移动式电气设备，为此在使用移动式电气设备时应满足相关安全技术要求。下列移动式电气设备使用的安全技术要求中，错误的是（    ）。,A.移动式电气设备的电源插座和插销应有专用的保护线插孔和插头|B.移动式电气设备在有爆炸和火灾危险的环境中应使用TN-C系统|C.移动式电气设备应采用带有保护芯线的橡皮套软线作为电源线|D.移动式单相电气设备的相线和中性线都应装设双极开关，中性线上不应装有熔断器,B,本题主要考查的是移动式电气设备的安全技术要求。属于高频考点。B错误，错在“TN-C系统”。移动式电气设备在有爆炸和火灾危险的环境中应使用TN-S系统。故选B。
多选题,[2024年][河南中安]火灾探测器的基本功能就是对烟雾、温度、火焰和燃烧气体等火灾参量作出有效反应，通过敏感元件将表征火灾参量的物理量转化为电信号，送达火灾报警控制器，关于各类火灾探测器的说法，错误的有（    ）。,A.感光探测器适用于有阴燃阶段的燃料火灾|B.紫外火焰探测器适用于火灾初期产生烟雾的场所|C.差定温火灾探测器能响应预定温度及温升速率|D.光电式烟感火灾探测器对黑烟的灵敏度非常高 E 定温火灾探测器在环境温度达到预定值即报警,ABD,本题主要考查的是各类火灾探测器的特点。属于高频考点。做题思路：感光无阴燃，紫外无烟雾，光电白，离子黑。A错误，错在“有阴燃阶段”。感光探测器适用于监视有易燃物质区域的火灾发生，特别适用于没有阴燃阶段的燃料火灾（如醇类、汽油、煤气等易燃液体、气体火灾）的早期检测报警；B错误，错在“有烟雾的场所”。紫外火焰探测器适用于有机化合物燃烧的场合，如油井、输油站、飞机库、可燃气罐、液化气罐、易燃易爆品仓库等，特别适用于火灾初期不产生烟雾的场所（如生产储存酒精、石油等场所）；D错误，错在“对黑烟灵敏”。光电式感烟火灾探测器有一个很大的缺点就是对黑烟灵敏度很低，对白烟灵敏度较高。E错误，（不建议选，可对也可错）错在“少了以上两个字”。定温火灾探测器是在火灾现场的环境温度达到预定值及其以上时，即能响应动作，发出火警信号的火灾探测器。故选ABD。
多选题,[2024年][河南中安]爆破片是一种断裂型的安全泄压装置，当设备、容器及系统因某种原因压力超标时，爆破片即被破坏，使过高的压力泄放出来，以防止设备、容器及系统受到破坏。关于图中不同爆破片的说法，正确的有（    ）。,A.反拱鳄齿型爆破片由带有鳄齿的金属环片割开膜片，从而泄放压力|B.平板开缝型爆破片由正拱开缝型爆破片演化而来，用于低压场合|C.双向爆破片可防止储罐超压和真空负压|D.正拱带槽型爆破片，四面处于压力系统的低压侧 E 锅炉烟道用爆破片由防爆板演化而来，用于高温场合,ABC,本题主要考查的是各种爆破片的特点。属于超纲知识点。A正确，反拱鳄齿型爆破片由一层金属膜片和一个金属鳄齿环组成。设备超压时爆破片膜片失稳翻转，被金属鳄齿环割开，从而释放压力，保护设备；B正确，平板开缝型爆破片（‌PF）是由‌正拱开缝型爆破片演化而来，主要用于低压场合，平板型爆破片是指外形为平面的爆破片，超压时因拉伸或剪切强度不足发生破裂；C正确，双向爆破片，为正拱和反拱承压膜片组合的爆破片，可以实现正向超压和负压抽真空双向保护容器不受破坏；D错误，错在“低压侧”。四面处于压力系统的高压侧；E正确，锅炉烟道用爆破片是在防爆板的基础上衍生出来的，用于高温场合的复合型爆破片。故选ABCE。
多选题,[2024年][河南中安]机械制造行业厂区运输网应根据生产流程，充分考虑人和物的合理流向和物料输送的需要进行布置，以满足生产、运输、安装、检修和消防安全等要求。下列厂区道路中，应进行环形布置的有（    ）。,A.主要生产区道路|B.厂区主干道|C.主要仓库区道路|D.主要动力区道路 E 主要车间内通道,ACD,本题主要考查的是厂区道路的环形布置。属于高频考点。做题思路：主要的生产、仓库、动力。ACD正确，厂区道路中主要是生产区、仓库区、动力区的道路，应环形布置。故选ACD。
多选题,[2024年][河南中安]某冶炼厂铸造车间为了改善员工的工作环境，开展降低粉尘和有毒有害气体的技措改造，在部分设备或工序中安装了通风和除尘设施。下列设备中，按照要求必须设置通风或除尘设施的有（    ）。,A.砂处理设备|B.筛分机|C.制芯设备|D.起重设备 E 冲天炉,ABC,本题主要考查的是通风或除尘设施的设置。做题思路：产生粉尘或污染的设置。ABCE正确，（窑（电弧炉、冲天炉）、破碎与碾磨设备、砂处理设备、筛选设备、输送设备、制芯、造型、落砂及清理、铸件表面清理等均应通风除尘。起重机械是运输机械，不会产生污染，不需要按照通风或除尘设施。故选ABCE。
多选题,[2024年][河南中安]放射性危险化学品的主要危险特性在于其放射性。人体受到过量射线的照射，就会产生不同程度的损伤，关于放射伤害的说法，正确的有（    ）。,A.嗜睡、昏迷、痉挛属于对中枢神经和大脑伤害的症状|B.恶心、呕吐、腹泻属于对肠胃伤害的症状|C.脱发、极度憔悴属于对呼吸系统伤害的症状|D.极高剂量放射对中枢神经的伤害在2天内可能致人死亡 E 高剂量放射对肠胃的伤害在2天可能致人死亡,ABD,本题主要考查的是放射性危化品对人体的伤害。属于高频考点。ABD正确，E错误，错在“对肠胃的伤害。（1）对中枢神经和大脑系统的伤害。这种伤害主要表现为虚弱、倦怠、嗜睡、昏迷、震颤、痉挛，可在2天内死。（2）对肠胃的伤害。这种伤害主要表现为恶心、呕吐、腹泻、虚弱和虚脱，症状消失后可出现急性昏迷，通常可在2周内死亡。C错误，错在“呼吸系统。（3）对造血系统的伤害。这种伤害主要表现为恶心、呕吐、腹泻，但很快能好转，经过2～3周无症状之后，出现脱发、经常性流鼻血，再出现腹泻，极度憔悴，通常在2～6周后死亡。故选ABD。
多选题,[2024年][河南中安]危险化学品安全标签粘贴、挂拴或喷印在化学品的外包装或容器上。《化学品安全标签编写规定》（GB15258）对标签内容、制作和使用等作了规定。关于危化学品标签的说法，正确的有（    ）。,A.化学品的标识名称要求醒目，位于标签的中部|B.盛装容器经处理确认危险性基本消失后可撕掉标签|C.用“警告”“危险”两词分别进行危害程度警示|D.90mL的化学品小包装可以简化安全标签要素 E 标签由生产企业在货物出厂前粘贴、挂拴或喷印,CD,本题主要考查的是安全标签。属于高频考点。A错误，错在“中部”。名称要求醒目清晰，位于标签的上方；B错误，错在“基本消失后撕掉标签”。盛装危险化学品的容器或包装在经过处理并确认其危险性完全消除之后，方可撕下标签，否则不能撕下相应的标签；C正确，根据化学品的危险程度和类别，用“危险”“警告”两个词分别进行危害程度的警示；D正确，对于小于或等于100mL的化学品小包装，为方便标签使用，安全标签要素可以简化；E正确，安全标签应由生产企业在货物出厂前粘贴、拴挂、喷印。故选CDE。
多选题,[2024年][河南中安]瓶装气体品种多、性质复杂，具有可燃性、腐蚀性、毒性、窒息性和氧化性等特点，气瓶的贮存场所应符合相关法规的要求。关于气瓶贮存场所的说法，正确的有（    ）。,A.屋顶应为轻型结构，透明玻璃应涂白漆|B.常温贮存实瓶时，应采用喷淋等冷却措施|C.应为单层结构，建筑材料应为防火材料|D.可燃、有毒库房应当装有自动报警装置 E 气瓶库房与其他建筑物保持一定的间距,ACD,本题主要考查的是气瓶贮存的要求。属于高频考点。做题思路：防晒、防泄漏、防燃烧或爆炸、监控报警。A正确，正确气瓶瓶库屋顶应为轻型结构，应有足够的泄压面积，透明的玻璃上应涂白漆；B错误，错在“常温”。如果属超温引起的超压，可通过水喷淋冷却以降温；C正确，气瓶的库房应与其他建筑物保持一定的距离，应为单层建筑，墙壁及屋顶的建筑材料应为防火材料；D正确，可燃、有毒、窒息库房应有自动报警装置；E正确，气瓶的库房应与其他建筑物保持一定的距离。故选ACDE。
多选题,[2024年][河南中安]接地装置是由埋入土中的接地体和连接用的接地线构成的，用以实现电气系统与大地相连接。某企业为实现电气设备的保护接地，设计的接地装置安装示意图如下。下图所示的5个间距（a.b.c.d.e）中，符合安全要求的有（    ）。,A.a=0.2m|B.b=0.7m|C.c=2.0m|D.d=1.0m E e=4.0m,BC,本题主要考查的是接地装置的实际运用。是数字的考点，也属于高频考点。做题思路：600的地，1米的田。避雷3米建筑半。接地体上端离地面深度不应小于0.6m（农田地带不应小于1m），并应在冰冻层以下。接地体宜避开人行道和建筑物出入口附近。接地体的引出导体应引出地面0.3m以上。接地体离独立避雷针接地体之间的地下水平距离不得小于3m；离建筑物墙基之间的地下水平距离不得小于1.5m。故选BCE。
多选题,[2024年][河南中安]直击雷防护台在保护建筑物本身不受雷电损害，以及减弱雷击时巨大的雷电流沿着建筑物泄入大地时对建筑物内部空间产生的各种影响。下列避雷设施中，能起到直击雷防护作用的有（    ）。,A.避雷针|B.避雷带|C.避雷网|D.避雷线 E 避雷器,ABCD,本题主要考查的是外部防雷和内部防雷的装置。做题思路：排除法，内部的避雷器和电涌保护器是内部防雷。其余是外部防雷。装设避雷针、避雷线、避雷网、避雷带是直击雷防护的主要措施。避雷器主要用来保护电力设备和电力线路，也用作防止高电压侵入室内的安全措施。故选ABCD。
多选题,[2024年][河南中安]全面了解并掌握有关危险化学品的安全运输规定，对降低运输危险化学品事故具有重要的意义。下列危险化学品运输的要求中，正确的有（    ）。,A.危险化学品的承运人必须办理有关手续后方可运输|B.禁止用叉车、铲车、翻斗车搬运易燃、易爆液化气体|C.需要添加抑制剂时，承运人应当按照规定添加，并告知使用人相关注意事项|D.运输爆炸物品应事先经当地公安部门批准，按指定路线、时间、速度行驶 E 运输剧毒化学品，托运人应向始发地或目的地县级公安机关申请运输通行证,BD,本题主要考查的是危化品运输的要求。属于高频考点。做题思路：托运人一般是生产经营单位，承运人是运输公司，只负责运输，其他基本上不管。A错误，错在“承运人办理手续”。危险化学品托运人必须办理有关手续后方可运输；B正确，禁止用电瓶车、翻斗车、铲车、自行车等运输爆炸物品。禁止用叉车、铲车、翻斗车搬运易燃、易爆液化气体等危险物品；C错误，错在“承运人添加”。需要添加抑制剂或者稳定剂的，托运人应当按照规定添加，并告知承运人相关注意事项；D正确，运输爆炸物品、易燃易爆化学物品以及剧毒、放射性等危险物品，应事先报经当地公安部门批准，按指定路线、时间、速度行驶；E正确，禁止通过内河封闭水域运输剧毒化学品以及国家规定禁止通过内河运输的其他危险化学品。通过道路运输剧毒化学品的，托运人应当向运输始发地或者目的地的县级人民政府公安机关申请剧毒化学品道路运输通行证。故选BDE。
多选题,[2024年][河南中安]某机械加工厂对全厂冲床进行技术改造，重点针对安全隐患进行治理，增设光电保护装置，提高了安全性能。关于光电保护装置的说法，正确的有（    ）。,A.滑块停止后再启动时，必须按“复位”按钮|B.滑块回程时，光电保护装置不起作用|C.保护范围是保护高度和长度构成的矩形光幕|D.光电保护自检功能启用时，滑块停止运行 E 光电保护装置响应时间不应超过30ms,ABC,本题主要考查的是光电保护装置的功能。属于高频考点。D不建议选。光电保护装置可对自身发生的故障进行检查和控制，使滑块处于停止状态，在故障排除以前不能恢复运行；E错误，错在“30ms，超过了20ms”。光电保护装置可对自身发生的故障进行检查和控制，使滑块处于停止状态，在故障排除以前不能恢复运行。装置响应时间不得超过20ms。故选ABC。
单选题,[2024年][河南中安]变电站是企业的动力枢纽，一旦发生事故，不仅整个生产活动不能正常进行，还可能导致火灾和人身伤亡，因此，变电站的选址必须综合考虑安全性和经济性。关于变电站选址要求的说法，正确的有（    ）。,A.从供电角度考虑，变电站应远离负荷中心|B.从安全角度考虑，变电站宜设在企业的下风侧|C.从经济角度考虑，变电站应设在人员密集场所|D.从生产角度考虑，变电站不应妨碍场内运输 E 从安全角度考虑，变电站应避开易燃易爆场所,D,本题主要考查的是变电站选址要求。A错误，错在“远离负荷中心”。从供电角度考虑，变配电站应深入或接近负荷中心；B错误，错在“下风侧”。E正确，从安全角度考虑，变、配电站应避开易燃易爆场所，并不得设在容易沉积粉尘和纤维的场所；应设置在企业的上风侧；C错误，错在“设在人员密集场所，考虑的角度也不对”。从安全角度考虑；不应设在人员密集的场所；D正确，从生产角度考虑，变、配电站不应妨碍生产和厂内运输；变、配电站本身设备的运输也应当方便。故选DE。
多选题,[2024年][河南中安]爆炸性气体环境根据爆炸性气体混合物出现的频繁程度和持续时间分为0区、1区、2区，危险区域的范围根据释放源的级别和位置、可燃物质的性质、通风条件、障碍物及生产条件综合确定。图示为设在户外地坪上的固定式贮罐，介质为重于空气的可燃物质，关于图中各爆炸危险区域划分的说法，正确的有（    ）。,A.贮罐内液体表面以上的空间为0区|B.以呼吸口为中心1.5m半径范围为0区|C.地坪下堤内罐外的沟内所在范围为1区|D.贮罐罐体外壁周围3m范围内为2区 E 贮罐罐体外壁至堤的范围内为2区,ACD,本题主要考查的是区域的划分。属于高频考点。做题思路：0区频繁长时间，1区可能偶尔现，只有2区最靠谱，偶遇也是短暂见。B错误，以呼吸口为中心1.5m半径范围为1区。故选ACDE。
多选题,[2024年][河南中安]盛装易燃、易爆介质以及毒性程度为中度危害以上（含中度危害）介质的移动式压力容器，其罐体的液相管、气相管接口应当分别装设紧急切断装置。根据《移动式压力容器安全技术监察规程》（TSGR0005），紧急切断阀与罐体液相管、气相管的接口，应当采用的连接形式有（    ）。,A.焊接连接|B.螺纹连接|C.对夹连接|D.自紧连接 E 法兰连接,AB,本题主要考查的是紧急切断阀与罐体液相管、气相管的接口的连接形式。属于超纲知识点。《移动式压力容器安全技术监察规程》：紧急切断阀与罐体液相管、气相管的接口，应当采用螺纹、焊接或者法兰的连接形式。故选ABE。
多选题,[2024年][河南中安]粉尘爆炸是一个瞬间的连锁反应，属于不稳定的气固二相流反应，其爆炸过程比较复杂，爆炸机理可用气相点火和表面非均相点火来解释。下列对粉尘爆炸机理的描述中，正确的有（    ）。,A.粉尘粒子表面主要通过热扩散从热源获得能量，形成可燃气体（蒸气），容易引燃|B.粉尘粒子表面主要通过热辐射从热源获得能量，形成可燃气体（蒸气），容易引燃|C.粉尘在热作用下形成的可燃挥发分与粉尘颗粒周围的含氧气相层混合，容易引燃|D.粉尘粒子表面主要通过热对流从热源获得能量，形成可燃气体（蒸气），容易引燃 E 粉尘在热作用下其挥发分与含氧气相层混合后燃烧使粉尘颗粒加速分解，形成链式连锁反应,BC,本题主要考查的是粉尘爆炸机理。 AD错误，B正确，A错误，错在“热扩散”，D错在“热对流”。有一种观点认为，从最初的粉尘粒子形成到发生爆炸的过程中，粉尘粒子表面通过热传导和热辐射，从火源获得能量，使表面温度急剧升高，达到粉尘粒子加速分解的温度和蒸发温度，形成粉尘蒸气或分解气体，这种气体与空气混合后就容易引起点火；在可燃气体爆炸中，促使温度上升的传热方式主要是热传导，而在粉尘爆炸中热辐射的作用大；C正确，挥发分在粉尘颗粒周围形成气相层，阻止氧气向颗粒表面扩散；最后挥发分点火，并促使粉尘颗粒重新燃烧。因此，对于表面非均相点火过程，氧分子必须先通过扩散作用到达颗粒表面，并吸附在颗粒表面发生氧化反应，然后，反应物质离开表面扩散到周围环境中去；E正确，粉尘爆炸也是一种链式连锁反应。故选BCE。
单选题,[2025年][河南中安]操作人员易接触到的运动零部件是机械设备最危险的部位。例如，对旋式轧辊有可能卷入操作人员的手、臂或身体，进而造成伤害。为了避免这类伤害，应在此类部位安装的防护装置是（ ）。,A.钳型防护罩|B.可调式防护罩|C.联锁防护装置|D.金属防护网,A,本题主要考查的是机械设备的防护装置，属于高频考点。对旋式轧辊：即使相邻轧辊的间距很大，但是操作人员的手、臂以及身体都有可能被卷入。一般采用钳型防护罩进行防护。故选A。
单选题,[2025年][河南中安]机械设备的安全措施包括本质安全设计、安全防护及使用安全信息。本质安全设计是通过改变机器设计或工作特性，减小危险或与危险相关风险的安全措施。下列机械设备安全措施中，属于本质安全设计的是（ ）。,A.限制最大应力|B.隔离动力供应|C.安装保护装置|D.实现急停功能,A,本题主要考查的是本质安全设计。答题思路：本质安全设计措施是指通过改变机器设计或工作特性，来消除危险或减小与危险相关的风险的安全措施。注意与安全防护措施的区别。A正确，本质安全设计措施：1.合理的结构型式；2.限制机械的应力；3.使用本质安全工艺和动图源；4.控制系统的安全设计；5.材料和物质的安全性；6.机械的可靠性设计；7.遵循安全人机工程学的原则。B属于安全防护措施；CD都属于保护措施。故选A。
单选题,[2025年][河南中安]保护装置是通过自身的结构功能限制或防止机器某种危险的装置。常见的有联锁装置、双手操纵装置、能动装置、限制装置等。关于各种保护装置功能的说法，正确的是（ ）。,A.机械式、电气式联锁装置用于防止危险机器功能在特定条件下运行|B.能动装置与启动控制一起使用，在不连续操作时可使机器执行预定功能|C.限制装置是用于防止机器或危险机器状态超过设计载荷限度的装置|D.行程限制装置不与机器控制系统同时作用，以控制机器元件作有限运动,A,本题主要考查的是各种保护装置功能，属于高频考点。答题思路：掌握各种装置功能的不同。A正确，联锁装置。用于防止危险机器功能在特定条件下（通常是指只要保护装置未关闭）运行的装置。可以是机械、电气或其他类型的；B错误，错在“不连续”。能动装置。一种附加手动操纵装置，与启动控制一起使用，并且只有连续操作时，才能使机器执行预定功能；C错误，错在“设计载荷限度”。限制装置。防止机器或危险机器状态超过设计限度（如空间限度、压力限度、载荷限度等）的装置；D错误，错在“不与机器控制系统同时作用”。有限运动控制装置（也称行程限制装置）。与机器控制系统一起作用的，使机器元件做有限运动的控制装置。故选A。
单选题,[2025年][河南中安]某陶瓷公司工人违规横跨磨边机，失足被运行的同步带卷入磨边机。为防止机械正常运行期间人员误入危险区，应采用有效防护措施。下列安全防护装置中，该类场所应优先选用的是（ ）。,A.联锁式防护装置|B.活动式防护装置|C.固定式防护装置|D.可控式防护装置,C,本题主要考查的是安全防护装置的选择。C正确，机械正常运行期间操作者不需要进入危险区的场合，优先考虑选用固定式防护装置，包括进料、取料装置，辅助工作台；适当高度的栅栏，通道防护装置等。故选C。
单选题,"[2025年][河南中安]一、单选题
5
标记
收藏
机械运行状况通常用红、黄、蓝、绿四种颜色表示，以辨识运行状况并及时采取正确的安全措施。下列机械运行状况中，用黄色表示的是（ ）。",A.紧急情况|B.异常情况|C.强制执行|D.正常情况,B,本题主要考查的是安全色，属于高频考点。答题思路：掌握安全色代表的含义。B正确，黄色表示注意、警告的信息，机械/过程状况为异常。故选B。
单选题,[2025年][河南中安]切削机床存在多种危险因素，应采取必要的防护装置，减少潜在的危险因素。切削机床的运动部件在有限滑轨运行或有行程要求时，应设置的防护装置是（ ）。,A.隔离装置|B.平衡装置|C.限位装置|D.缓冲装置,C,本题主要考查的是防护装置，属于高频考点。答题思路：掌握防护装置的定义。C正确，运动部件在有限滑轨运行或有行程距离要求的，应设置可靠的限位装置。故选C。
单选题,[2025年][河南中安]安全泄放装置可防止独立压力系统中的任一部分发生超压事故，安全阀和爆破片是常用的安全泄放装置。关于安全泄放装置的说法，正确的是（ ）。,A.安全阀适用于含固体颗粒、易沉淀结晶等介质的安全泄放|B.安全阀适用于失控放热反应的超压等压力急剧上升的工况|C.爆破片的爆破压力应在系统的最高工作压力与设计压力之间|D.安全泄放装置的额定泄放量应小于系统安全泄放量,C,本题主要考查的是安全泄放装置，属于高频考点。答题思路：注意安全阀与爆破片使用及功能的区别。AB错误，错在“适用”。安全阀是广泛用于固定式压力容器的泄压装置。它的特点是机构简单、紧凑，而且可重新关闭，保持密封状态。但安全阀也有不足之处，如泄压反应慢（因阀的开启具有滞后作用）、对介质的洁净度要求很高、密封性能差（是各类泄压装置中最差的一种）等；C正确，爆破片的设计爆破压力一般不大于该容器的设计压力，并且爆破片的最小爆破压力不得小于该容器的工作压力；D错误，错在“小于”。安全阀、爆破片的排放能力，应当大于或者等于压力容器的安全泄放量。故选C。
单选题,"[2025年][河南中安]一、单选题
1
标记
收藏
操作人员易接触到的运动零部件是机械设备最危险的部位。例如，对旋式轧辊有可能卷入操作人员的手、臂或身体，进而造成伤害。为了避免这类伤害，应在此类部位安装的防护装置是（ ）。",A.钳型防护罩|B.可调式防护罩|C.联锁防护装置|D.金属防护网|A.限制最大应力|B.隔离动力供应|C.安装保护装置|D.实现急停功能|A.机械式、电气式联锁装置用于防止危险机器功能在特定条件下运行|B.能动装置与启动控制一起使用，在不连续操作时可使机器执行预定功能|C.限制装置是用于防止机器或危险机器状态超过设计载荷限度的装置|D.行程限制装置不与机器控制系统同时作用，以控制机器元件作有限运动|A.联锁式防护装置|B.活动式防护装置|C.固定式防护装置|D.可控式防护装置|A.紧急情况|B.异常情况|C.强制执行|D.正常情况|A.隔离装置|B.平衡装置|C.限位装置|D.缓冲装置|A.安全阀适用于含固体颗粒、易沉淀结晶等介质的安全泄放|B.安全阀适用于失控放热反应的超压等压力急剧上升的工况|C.爆破片的爆破压力应在系统的最高工作压力与设计压力之间|D.安全泄放装置的额定泄放量应小于系统安全泄放量|A.关节活动度|B.上臂推举力|C.人体耗氧量|D.人体表面积|A.30km/h|B.40km/h|C.15km/h|D.10km/h|A.炸药的燃烧速率与炸药的组成和物理结构有关，与环境压力无关|B.在炸药中加入少量的二苯胺是为了改善炸药的燃烧特性和安全性|C.炸药的燃烧表面积与炸药表面的粗糙度有关，与几何形状无关|D.许多炸药的氧化剂和还原剂共存于炸药分子内，使爆炸过程极快|A.红热的坯料、锻件及飞溅氧化皮温度高，可造成灼烫|B.红热的坯料、锻件及飞溅氧化皮遇可燃物，可引发火灾|C.锻造作业工作环境恶劣且产生振动，可造成高处坠落|D.锻件或工具被打飞、模具或冲头打崩，可导致机械伤害|A.通过结构设计来解决乳化炸药装药机叶片泵内存有死角的问题|B.输送乳化炸药的装药机在设计制造时采取降低机械摩擦的措施|C.制定能指导乳化炸药生产作业的工艺技术规程和安全操作规程|D.乳化炸药生产车间内的所有防爆电气线路使用厚壁PVC管穿线|A.依危险化学品泄漏情况疏散无关人员|B.任何泄漏应先消除泄漏区域内的火源|C.气体和液体泄漏时应立刻切断泄漏源|D.固体泄漏时用适当的工具收集泄漏物|A.接地线与管道的连接可采用镀铜件螺纹连接|B.接地线穿越建筑物沉降缝时应弯成弧状|C.接地装置地下部分的连接应用抱箍螺纹连接|D.有伸缩缝的自然导体可以直接用作接地线|A.2%|B.3%|C.4%|D.5%|A.工作绝缘|B.绕组绝缘|C.加强绝缘|D.保护绝缘|A.粉尘湿度越大，爆炸危险性越小|B.粉尘粒度越小，爆炸危险性越小|C.粉尘分散度越高，爆炸危险性越小|D.粉尘初始温度越高，爆炸危险性越小|A.作业环境较差的场所，应采用封闭式的配电箱（柜）|B.装设在箱（柜）外表面的电气元件不应加装额外的屏护|C.有导电性粉尘的作业场所，不应安装密闭式箱（柜）|D.落地安装的箱（柜）操作手柄中心高度不宜超过1.6m|A.本质安全型设备，故障状态下产生的火花可点燃爆炸性混合物|B.在爆炸危险环境应尽量使用携带式、移动式设备、室外插销座|C.直流110V及以下的电气设备应保护接零（地），并等电位联结|D.爆炸危险环境有剧烈振动处应选用单股铜芯软线或单股铜芯电缆|A.爆炸均产生高温，可能导致灼烫|B.爆炸均产生冲击，可能导致伤亡|C.爆炸均产生强光，可能导致失明|D.爆炸均产生毒气，可能导致中毒|A.能量特征是标志火药作功能力的参量，一般是指100g火药燃烧时气体产物所作的功|B.力学特性是火药要具有相应的强度，能承受在使用和处理时各种力的作用|C.燃烧特性是标志火药能量释放的能力，取决于火药有效成分的燃烧药量及其燃烧热|D.安定性是指火药在生产、储存、运输和使用过程中，不发生燃烧、爆炸|A.易燃液体-Ⅰ类包装|B.危险性大的自热物质-Ⅱ类包装|C.中等危险性的货物-Ⅲ类包装|D.退敏爆炸品-Ⅲ类包装|A.0区|B.21区|C.1区|D.20区|A.用于防止触电的遮栏总体高度应不小于1.5m|B.用于防止触电的户外栅栏高度应不小于1.2m|C.金属材料制成的屏护装置不应保护接零（地）|D.屏护装置上应有醒目的、正确的警示标示牌|A.危险化学品装卸前，应对运输工具进行必要的通风和清扫|B.危险化学品装卸过程中，不得与普通货物混合堆放|C.当采取可行的安全措施时，可用铁质底板车运输强氧化剂|D.当采取可行的安全措施时，可用翻斗车运输液化石油气罐|A.Ⅰ级|B.Ⅱ级|C.Ⅲ级|D.Ⅳ级|A.25%|B.55%|C.70%|D.40%|A.固定式龙门钩|B.夹具吊钩|C.万向吊钩|D.C型吊钩|A.利用极限位置限制器停车|B.接近人时发出断续铃声示警|C.作业过程中进行检查与维修|D.带载调整变幅机构的制动器|A.可降低金属构件的刚度|B.可破坏金属构件的形状|C.可改善金属零件的功能|D.可降低金属零件的寿命|A.阀门等操作机构润滑状况|B.管道和管件等的腐蚀减薄状况|C.安全阀、压力表等运行状况|D.管线阴极保护装置的运行状况|A.自动断路阀隔爆装置|B.主动式隔爆装置|C.机械阻火器|D.管道换向隔爆装置|A.固定式防护装置不应遮挡剪切线|B.剪板机不应设置单次循环模式|C.剪板机紧急停机按钮应设置在侧面|D.防护装置安全距离应按操作速度确定|A.适用于泄爆易产生二次爆炸的设备|B.适用于对力学强度要求较高的设备|C.适用于无法或不便设泄爆口,A,本题主要考查的是动态参数。答题思路：注意与尺度参数、生理参数、生物力学参数的区别。A属于，动态参数，指人体运动状态下，人体的动作范围，主要包括肢体的活动角度和肢体所能达到的距离两方面的参数，如手臂、腿脚活动时测得的参数等；B属于生物力学参数；CD属于生理参数。故选A。
单选题,"[2025年][河南中安]一、单选题
1
标记
收藏
操作人员易接触到的运动零部件是机械设备最危险的部位。例如，对旋式轧辊有可能卷入操作人员的手、臂或身体，进而造成伤害。为了避免这类伤害，应在此类部位安装的防护装置是（ ）。",A.钳型防护罩|B.可调式防护罩|C.联锁防护装置|D.金属防护网|A.限制最大应力|B.隔离动力供应|C.安装保护装置|D.实现急停功能|A.机械式、电气式联锁装置用于防止危险机器功能在特定条件下运行|B.能动装置与启动控制一起使用，在不连续操作时可使机器执行预定功能|C.限制装置是用于防止机器或危险机器状态超过设计载荷限度的装置|D.行程限制装置不与机器控制系统同时作用，以控制机器元件作有限运动|A.联锁式防护装置|B.活动式防护装置|C.固定式防护装置|D.可控式防护装置|A.紧急情况|B.异常情况|C.强制执行|D.正常情况|A.隔离装置|B.平衡装置|C.限位装置|D.缓冲装置|A.安全阀适用于含固体颗粒、易沉淀结晶等介质的安全泄放|B.安全阀适用于失控放热反应的超压等压力急剧上升的工况|C.爆破片的爆破压力应在系统的最高工作压力与设计压力之间|D.安全泄放装置的额定泄放量应小于系统安全泄放量|A.关节活动度|B.上臂推举力|C.人体耗氧量|D.人体表面积|A.30km/h|B.40km/h|C.15km/h|D.10km/h|A.炸药的燃烧速率与炸药的组成和物理结构有关，与环境压力无关|B.在炸药中加入少量的二苯胺是为了改善炸药的燃烧特性和安全性|C.炸药的燃烧表面积与炸药表面的粗糙度有关，与几何形状无关|D.许多炸药的氧化剂和还原剂共存于炸药分子内，使爆炸过程极快|A.红热的坯料、锻件及飞溅氧化皮温度高，可造成灼烫|B.红热的坯料、锻件及飞溅氧化皮遇可燃物，可引发火灾|C.锻造作业工作环境恶劣且产生振动，可造成高处坠落|D.锻件或工具被打飞、模具或冲头打崩，可导致机械伤害|A.通过结构设计来解决乳化炸药装药机叶片泵内存有死角的问题|B.输送乳化炸药的装药机在设计制造时采取降低机械摩擦的措施|C.制定能指导乳化炸药生产作业的工艺技术规程和安全操作规程|D.乳化炸药生产车间内的所有防爆电气线路使用厚壁PVC管穿线|A.依危险化学品泄漏情况疏散无关人员|B.任何泄漏应先消除泄漏区域内的火源|C.气体和液体泄漏时应立刻切断泄漏源|D.固体泄漏时用适当的工具收集泄漏物|A.接地线与管道的连接可采用镀铜件螺纹连接|B.接地线穿越建筑物沉降缝时应弯成弧状|C.接地装置地下部分的连接应用抱箍螺纹连接|D.有伸缩缝的自然导体可以直接用作接地线|A.2%|B.3%|C.4%|D.5%|A.工作绝缘|B.绕组绝缘|C.加强绝缘|D.保护绝缘|A.粉尘湿度越大，爆炸危险性越小|B.粉尘粒度越小，爆炸危险性越小|C.粉尘分散度越高，爆炸危险性越小|D.粉尘初始温度越高，爆炸危险性越小|A.作业环境较差的场所，应采用封闭式的配电箱（柜）|B.装设在箱（柜）外表面的电气元件不应加装额外的屏护|C.有导电性粉尘的作业场所，不应安装密闭式箱（柜）|D.落地安装的箱（柜）操作手柄中心高度不宜超过1.6m|A.本质安全型设备，故障状态下产生的火花可点燃爆炸性混合物|B.在爆炸危险环境应尽量使用携带式、移动式设备、室外插销座|C.直流110V及以下的电气设备应保护接零（地），并等电位联结|D.爆炸危险环境有剧烈振动处应选用单股铜芯软线或单股铜芯电缆|A.爆炸均产生高温，可能导致灼烫|B.爆炸均产生冲击，可能导致伤亡|C.爆炸均产生强光，可能导致失明|D.爆炸均产生毒气，可能导致中毒|A.能量特征是标志火药作功能力的参量，一般是指100g火药燃烧时气体产物所作的功|B.力学特性是火药要具有相应的强度，能承受在使用和处理时各种力的作用|C.燃烧特性是标志火药能量释放的能力，取决于火药有效成分的燃烧药量及其燃烧热|D.安定性是指火药在生产、储存、运输和使用过程中，不发生燃烧、爆炸|A.易燃液体-Ⅰ类包装|B.危险性大的自热物质-Ⅱ类包装|C.中等危险性的货物-Ⅲ类包装|D.退敏爆炸品-Ⅲ类包装|A.0区|B.21区|C.1区|D.20区|A.用于防止触电的遮栏总体高度应不小于1.5m|B.用于防止触电的户外栅栏高度应不小于1.2m|C.金属材料制成的屏护装置不应保护接零（地）|D.屏护装置上应有醒目的、正确的警示标示牌|A.危险化学品装卸前，应对运输工具进行必要的通风和清扫|B.危险化学品装卸过程中，不得与普通货物混合堆放|C.当采取可行的安全措施时，可用铁质底板车运输强氧化剂|D.当采取可行的安全措施时，可用翻斗车运输液化石油气罐|A.Ⅰ级|B.Ⅱ级|C.Ⅲ级|D.Ⅳ级|A.25%|B.55%|C.70%|D.40%|A.固定式龙门钩|B.夹具吊钩|C.万向吊钩|D.C型吊钩|A.利用极限位置限制器停车|B.接近人时发出断续铃声示警|C.作业过程中进行检查与维修|D.带载调整变幅机构的制动器|A.可降低金属构件的刚度|B.可破坏金属构件的形状|C.可改善金属零件的功能|D.可降低金属零件的寿命|A.阀门等操作机构润滑状况|B.管道和管件等的腐蚀减薄状况|C.安全阀、压力表等运行状况|D.管线阴极保护装置的运行状况|A.自动断路阀隔爆装置|B.主动式隔爆装置|C.机械阻火器|D.管道换向隔爆装置|A.固定式防护装置不应遮挡剪切线|B.剪板机不应设置单次循环模式|C.剪板机紧急停机按钮应设置在侧面|D.防护装置安全距离应按操作速度确定|A.适用于泄爆易产生二次爆炸的设备|B.适用于对力学强度要求较高的设备|C.适用于无法或不便设泄爆口,A,本题主要考查的是观光车行驶速度。根据《场（厂）内专用机动车辆安全技术规程》（TSG 81—2022），2.5.1.3观光车辆在设计时应当明确满载最大爬坡度、最大行驶坡度、最大运行速度等性能参数，且满载最大爬坡度不得小于最大行驶坡度，最大行驶坡度和最大运行速度的取值应当符合表2-1规定。故选A。
单选题,[2025年][河南中安]关于民用爆炸物品燃烧及爆炸特征的说法，正确的是（ ）,A.炸药的燃烧速率与炸药的组成和物理结构有关，与环境压力无关|B.在炸药中加入少量的二苯胺是为了改善炸药的燃烧特性和安全性|C.炸药的燃烧表面积与炸药表面的粗糙度有关，与几何形状无关|D.许多炸药的氧化剂和还原剂共存于炸药分子内，使爆炸过程极快,D,本题主要考查的是民用爆炸物品燃烧及爆炸特征。答题思路：掌握民用爆炸物品燃烧及爆炸特征的定义。A错误，错在“与环境压力无关”。燃烧速率与炸药的组成和物理结构有关，还随初始温度和工作压力的升高而增大。加入增速剂、嵌入金属丝或将炸药制成多孔状，均可提高燃烧速率。加入降速剂，可降低燃烧速率；C错误，错在“与几何形状无关”。燃烧表面积主要取决于炸药的几何形状、尺寸和对表面的处理情况；B错误，错在“燃烧特性和安全性”。安定性。它是指炸药必须在长期储存中保持其物理化学性质的相对稳定。为改善炸药的安定性，一般在炸药中加入少量的化学安定剂，如二苯胺等；D正确，许多炸药的氧化剂和还原剂共存于一个分子内，能够发生快速的逐层传递的化学反应，使爆炸过程以极快的速度进行。故选D。
单选题,[2025年][河南中安]锻造加工过程中由于红热的坯料、机械设备、工具等存在危险有害因素，可能造成人身伤害。关于锻造加工危险有害因素可能造成伤害事故的说法，错误的是（ ）,A.红热的坯料、锻件及飞溅氧化皮温度高，可造成灼烫|B.红热的坯料、锻件及飞溅氧化皮遇可燃物，可引发火灾|C.锻造作业工作环境恶劣且产生振动，可造成高处坠落|D.锻件或工具被打飞、模具或冲头打崩，可导致机械伤害,C,本题主要考查的是锻造加工危险有害因素可能造成伤害事故。答题思路：掌握锻造工艺过程。在锻造生产中易发生的伤害事故，按其原因可分为三种。D正确，（1）机械伤害。锻造加工过程中，机械设备、工具或工件的非正常选择和使用，人的违章操作等，都可导致机械伤害。如锻锤锤头击伤；打飞锻件伤人；辅助工具打飞击伤；模具、冲头打崩、损坏伤人；原料、锻件等在运输过程中造成的砸伤；操作杆打伤、锤杆断裂击伤等。B正确，（2）火灾爆炸。红热的坯料、锻件及飞溅氧化皮等一旦遇到易燃易爆物品，极易引发火灾和爆炸事故。A正确，（3）灼烫。锻造加工坯料常加热至800～1200℃，操作者一旦接触到红热的坯料、锻件及飞溅氧化皮等，必定被烫伤。故选C。
单选题,[2025年][河南中安]某公司乳化炸药生产车间因装药机叶片泵内存有死角，导致装药机转子与物料摩擦，积累的热量使物料中的含油硝铵析晶、热分解、爆炸，导致13人死亡。下列安全措施中，无法有效预防该乳化炸药生产车间爆炸事故的是（ ）。,A.通过结构设计来解决乳化炸药装药机叶片泵内存有死角的问题|B.输送乳化炸药的装药机在设计制造时采取降低机械摩擦的措施|C.制定能指导乳化炸药生产作业的工艺技术规程和安全操作规程|D.乳化炸药生产车间内的所有防爆电气线路使用厚壁PVC管穿线,D,本题主要考查的是预防该乳化炸药生产车间爆炸事故的安全措施。答题思路：爆炸危险场所不能采用PVC管穿线。爆炸危险场所需要采用钢管配线。乳化炸药生产车间属于爆炸危险场所，使用PVC管穿线无法有效预防该乳化炸药生产车间爆炸事故。故选D。
单选题,[2025年][河南中安]下列预案条款中，不符合危险化学品泄漏处置要求的是（ ）,A.依危险化学品泄漏情况疏散无关人员|B.任何泄漏应先消除泄漏区域内的火源|C.气体和液体泄漏时应立刻切断泄漏源|D.固体泄漏时用适当的工具收集泄漏物,B,本题主要考查的是危险化学品泄漏处置要求。答题思路：气体和液体泄漏优先切断泄漏源。（一）泄漏处理A符合，（1）疏散无关人员，隔离泄漏污染区。是否疏散和隔离，视泄漏物毒性和泄漏量的大小而定；B不符合，错在“任何泄漏”。（2）切断火源。如果泄漏物是易燃物，则必须首先消除泄污染区域的点火源；（3）应急人员的个体防护；（4）注意事项：避免泄漏物对周围环境带来的潜在危害；CD符合，（5）泄漏物的处置。根据物质的物态（气、液、固）及其危险性（燃爆特性、毒性）采取合适的处置方法。气体泄漏物，应急人员能做的仅是止住泄漏。如果可能的话，用合理通风和喷雾状水等方法消除其潜在影响。液体泄漏物，在保证安全的前提下切断泄漏源。采用适当的收容方法、覆盖技术和转移工具消除泄漏物。固体泄漏物，用适当的工具收集泄漏物。故选B。
单选题,[2025年][河南中安]关于保护接地装置连接的说法，正确的是（ ）。,A.接地线与管道的连接可采用镀铜件螺纹连接|B.接地线穿越建筑物沉降缝时应弯成弧状|C.接地装置地下部分的连接应用抱箍螺纹连接|D.有伸缩缝的自然导体可以直接用作接地线,B,本题主要考查的是保护接地装置，属于高频考点。A错误，错在“镀铜件”。接地线与管道的连接可采用螺纹连接或抱箍螺纹连接，但必须采用镀锌件，以防止锈蚀；B正确，接地线与建筑物伸缩缝、沉降缝交叉时，应弯成弧状或另加补偿连接件；C错误，错在“抱箍螺纹连接”。接地装置地下部分的连接应采用焊接，并应采用搭焊，不得有虚焊；D错误，错在“直接用作接地线”。利用建筑物的钢结构、起重机轨道、工业管道等自然导体作接地线时，其伸缩缝或接头处应另加跨接线，以保证连续可靠。故选B。
单选题,[2025年][河南中安]气瓶充装前应当逐个检查，包括瓶内介质含量、剩余压力、外观等，经检查不符合气体充装要求的气瓶，要进行相应的处理。对于有残液的气瓶，应称量气瓶内的残液积存量是否超过规定值（残存质量与充装质量之比）。该规定值为（ ）。,A.2%|B.3%|C.4%|D.5%,C,本题主要考查的是气瓶充装前的准备。答题思路：记忆数据。C正确，对于有残液的气瓶，应称量气瓶内残液积存量是否超过规定值。残液积存量超过充装质量4%的气瓶，需要对气瓶进行抽残或抽空处理。故选C。
单选题,"[2025年][河南中安]一、单选题
16
标记
收藏
电气设备按防止间接接触电击条件分为五类，具有双重绝缘的电气设备属于Ⅱ类设备。下列绝缘类型中，与双重绝缘具有相同绝缘水平的是（ ）。",A.工作绝缘|B.绕组绝缘|C.加强绝缘|D.保护绝缘,C,本题主要考查的是双重绝缘，属于高频考点。C正确，加强绝缘是具有与上述双重绝缘相同绝缘水平的单一绝缘。故选C。
单选题,[2025年][河南中安]关于不同因素对粉尘爆炸危险性影响的说法，正确的是（ ）。,A.粉尘湿度越大，爆炸危险性越小|B.粉尘粒度越小，爆炸危险性越小|C.粉尘分散度越高，爆炸危险性越小|D.粉尘初始温度越高，爆炸危险性越小,A,本题主要考查的是粉尘爆炸危险性影响因素，属于高频考点。BCD错误，错在“危险性越小”。粉尘粒度越细，分散度越高，可燃气体和氧的含量越大，点火源强度越大、初始温度越高，湿度越低，惰性粉尘及灰分越少，爆炸极限范围越大，粉尘爆炸危险性也就越大。故选A。
单选题,[2025年][河南中安]关于配电箱（柜）安全要求的说法，正确的是（ ）。,A.作业环境较差的场所，应采用封闭式的配电箱（柜）|B.装设在箱（柜）外表面的电气元件不应加装额外的屏护|C.有导电性粉尘的作业场所，不应安装密闭式箱（柜）|D.落地安装的箱（柜）操作手柄中心高度不宜超过1.6m,A,本题主要考查的是配电箱（柜）安全要求，属于高频考点。答题思路：记忆数据。A正确，触电危险性大或作业环境较差的场所，如铸造车间、锻造车间、热处理车间、锅炉房、木工房等，应安装封闭式箱柜；B错误，错在“不应加装额外的屏护”。箱柜外不得有裸带电体外露，装设在箱柜外表面或配电板上的电气元件必须有可靠的屏护；C错误，错在“不应安装密闭式箱（柜）”。有导电性粉尘或产生易燃易爆气体的危险作业场所，必须安装密闭式或防爆型箱柜；D错误，错在“不宜超过1.6m”。落地安装的箱柜底面应高出地面50～100mm，操作手柄中心高度一般为1.2～1.5m，箱柜前方0.8～1.2m的范围内无障碍物。故选A。
单选题,[2025年][河南中安]爆炸危险环境中的电气设备和电气线路应在使用中防止产生能构成引燃源的火花、电弧或危险温度。关于爆炸危险环境中电气设备和电气线路防火防爆技术措施的说法，正确的是（ ）,A.本质安全型设备，故障状态下产生的火花可点燃爆炸性混合物|B.在爆炸危险环境应尽量使用携带式、移动式设备、室外插销座|C.直流110V及以下的电气设备应保护接零（地），并等电位联结|D.爆炸危险环境有剧烈振动处应选用单股铜芯软线或单股铜芯电缆,C,本题主要考查的是电气设备和电气线路防火防爆技术措施，属于高频考点。A错误，错在“可点燃”。本质安全型设备是正常状态下和故障状态下产生的火花或热效应均不能点燃爆炸性混合物的电气设备；B错误，错在“尽量使用”。在爆炸危险环境应尽量少用携带式设备和移动式设备，应尽量少安装插销座；C正确。从防止触电的角度考虑不要求接地（或接零）的部位，如交流127V及以下直流110V及以下的电气设备也应接地（或接零），并实施等电位联结；D错误，错在“单股”。在有剧烈振动处应选用多股铜芯软线或多股铜芯电缆。故选C。
单选题,"[2025年][河南中安]一、单选题
20
标记
收藏
关于危险化学品爆炸危害的说法，正确的是（ ）。",A.爆炸均产生高温，可能导致灼烫|B.爆炸均产生冲击，可能导致伤亡|C.爆炸均产生强光，可能导致失明|D.爆炸均产生毒气，可能导致中毒,B,本题主要考查的是危险化学品爆炸危害，记忆类知识点。B正确，爆炸几乎总是伴随着冲击波的产生，这是爆炸的一个主要特征。故选B。
单选题,[2025年][河南中安]烟花爆竹的组成决定了其具有燃烧和爆炸的特性主要包括：能量特征、燃烧特性、力学特性、安定性、安全性等。关于烟花爆竹中火药特性的说法，正确的是（ ）,A.能量特征是标志火药作功能力的参量，一般是指100g火药燃烧时气体产物所作的功|B.力学特性是火药要具有相应的强度，能承受在使用和处理时各种力的作用|C.燃烧特性是标志火药能量释放的能力，取决于火药有效成分的燃烧药量及其燃烧热|D.安定性是指火药在生产、储存、运输和使用过程中，不发生燃烧、爆炸,B,本题主要考查的是烟花爆竹中火药的特性。答题思路：区分记忆每一种特性的定义。烟花爆竹的组成决定了它具有燃烧和爆炸的特性。其主要特性如下：A错误，错在“100g”。1）能量特征：它是标志火药做功能力的参量，一般是指1kg火药燃烧时气体产物所做的功；C错误，错在“燃烧药量及其燃烧热”。2）燃烧特性：它标志火药能量释放的能力，主要取决于火药的燃烧速率和燃烧表面积。燃烧速率与火药的组成和物理结构有关，还随初始温度和工作压力的升高而增大。加入增速剂、嵌入金属丝或将火药制成多孔状，均可提高燃烧速率。加入降速剂，可降低燃烧速率。燃烧表面积主要取决于火药的几何形状、尺寸和对表面积的处理情况；B正确，3）力学特性：它是指火药要具有相应的强度，满足在高温下保持不变形、低温下不变脆，能承受在使用和处理时可能出现的各种力的作用，以保证稳定燃烧；D错误，错在“安定性”。4）安全性：由于火药在特定的条件下能发生燃烧、爆炸，甚至爆轰，所以要求在配方设计时必须考虑火药在生产、使用和运输过程中安全可靠。故选B。
单选题,"[2025年][河南中安]一、单选题
22
标记
收藏
下列危险化学品与包装类别中，对应关系正确的是（ ）。",A.易燃液体-Ⅰ类包装|B.危险性大的自热物质-Ⅱ类包装|C.中等危险性的货物-Ⅲ类包装|D.退敏爆炸品-Ⅲ类包装,B,本题主要考查的是危险化学品与包装类别，属于高频考点。答题思路：注意不适用爆炸品，遵循就高不就低原则。 A错误，根据《危险货物运输包装类别划分方法》(GB/T15089)，易燃液体可以有I类、Ⅱ类、Ⅲ类3种包装，按易燃性划分包装类别见下表； B正确，危险性大的自热物质须采用Ⅱ类包装； C错误，《危险货物运输包装通用技术条件》（GB 12463）把危险货物包装分成3类：I类包装适用内装危险性较大的货物；Ⅱ类包装适用内装危险性中等的货物；Ⅲ类包装适用内装危险性较小的货物； D错误，退敏爆炸品根据危险性采用I类或Ⅱ类包装。故选B。
单选题,[2025年][河南中安]某建筑物内配置了抽气通风设施的面粉倒袋站，面粉属于爆炸性粉尘，需要对相关区域进行爆炸危险区级别划分。1-半径3m范围，2-料斗内部，3-抽吸口，4-层板，5-料斗，6-出料口。“2”的区域应划分为（ ）。,A.0区|B.21区|C.1区|D.20区,D,本题主要考查的是爆炸危险区级别划分，属于高频考点。答题思路：粉尘分20、21、22区，粉尘设备内部属于20区。D正确，料斗内部属于20区。故选D。
单选题,[2025年][河南中安]屏护是采用护罩、护盖、栅栏、箱体、遮栏等将带电体与外界隔离的安全防护措施。关于屏护安全要求的说法，正确的是（ ）。,A.用于防止触电的遮栏总体高度应不小于1.5m|B.用于防止触电的户外栅栏高度应不小于1.2m|C.金属材料制成的屏护装置不应保护接零（地）|D.屏护装置上应有醒目的、正确的警示标示牌,D,本题主要考查的是屏护装置的安全条件。做题思路：掌握关于屏扩展装置的相关内容，重点把握数字要求。A错误，错在“1.5m”。遮栏高度不应小于1.7m，下部边缘离地面高度不应大于0.1m；B错误，错在“1.2m”。户内栅栏高度不应小于1.2m，户外栅栏高度不应小于1.5m；C错误，错在“不应保护接零（地）”。凡用金属材料制成的屏护装置，为了防止屏护装置意外带电造成触电事故，必须接地（或接零）；D正确，遮栏、栅栏等屏护装置上应根据被屏护对象挂上“止步!高压危险!”“禁止攀登!”等标示牌。故选D。
单选题,[2025年][河南中安]为了防止危险化学品在运输中发生事故，应严格遵守有关危险化学品的安全运输规定。关于危险化学品运输安全要求的说法，错误的是（ ）。,A.危险化学品装卸前，应对运输工具进行必要的通风和清扫|B.危险化学品装卸过程中，不得与普通货物混合堆放|C.当采取可行的安全措施时，可用铁质底板车运输强氧化剂|D.当采取可行的安全措施时，可用翻斗车运输液化石油气罐,D,本题主要考查的是危险化学品运输安全技术与要求。A正确，危险物品装卸前，应对车（船）搬运工具进行必要的通风和清扫，不得留有残渣，对装有剧毒物品的车（船），卸车（船）后必须洗刷干净；B正确，危险货物装卸过程中，应当根据危险货物的性质轻装轻卸，堆码整齐，防止混杂、撒漏、破损，不得与普通货物混合堆放；C正确，运输强氧化剂、爆炸品及用铁桶包装的一级易燃液体时，没有采取可靠的安全措施时，不得用铁底板车及汽车挂车；题目中明确说明采取可行的安全措施，则可以；D错误，错在“可用翻斗车运输”。禁止用叉车、铲车、翻斗车搬运易燃、易爆液化气体等危险物品。故选D。
单选题,[2025年][河南中安]体力劳动强度分为Ⅰ级、Ⅱ级、Ⅲ级、Ⅳ级。依据体力劳动强度指数I（I=10T·M·S·W）的计算值来确定。其中，T为劳动时间率，M为8h工作日能量代谢率，S为性别系数（男1，女1.3），W为体力劳动方式系数（搬1.00，扛0.40，推/拉0.05），10为计算常数，经测得某男性搬运工的工作日净劳动时间为6h，工作日总工时为8h，8h工作日能量代谢率为4KJ/（min·m2），则该工人的体力劳动强度等级是（ ）。,A.Ⅰ级|B.Ⅱ级|C.Ⅲ级|D.Ⅳ级,D,本题主要考查的是体力劳动强度指数I的计算。做题思路：掌握公式，并能够根据题目背景提供的参数进行计算。I=T·M·S·W·10=6/8×4×1×1×10=30，根据下表可知，属于Ⅳ级劳动。故选D。
单选题,"[2025年][河南中安]某炼铁厂1""高炉用天然气冶炼，周围15m范围内确定为1区。在某次月度安全大检查中发现，操作空低压电力线路的配线总截面积占钢管内径截面积的80%，确定为较大安全隐患。配线总截面积占钢管内径截面积的比例不宜大于（ ）。",A.25%|B.55%|C.70%|D.40%,D,本题主要考查的是配线总截面积的要求。D正确，根据《低压配电设计规范》（GB50054-2011），7.2.14同一路径无妨干扰要求的线路，可敷设于同一金属管或金属槽盒内。金属导轨或金属槽盒内导线额总截面积不宜超过其截面积的40%，且金属槽盒内载流量导线不宜超过30根。故选D。
单选题,"[2025年][河南中安]一、单选题
1
标记
收藏
操作人员易接触到的运动零部件是机械设备最危险的部位。例如，对旋式轧辊有可能卷入操作人员的手、臂或身体，进而造成伤害。为了避免这类伤害，应在此类部位安装的防护装置是（ ）。",A.钳型防护罩|B.可调式防护罩|C.联锁防护装置|D.金属防护网|A.限制最大应力|B.隔离动力供应|C.安装保护装置|D.实现急停功能|A.机械式、电气式联锁装置用于防止危险机器功能在特定条件下运行|B.能动装置与启动控制一起使用，在不连续操作时可使机器执行预定功能|C.限制装置是用于防止机器或危险机器状态超过设计载荷限度的装置|D.行程限制装置不与机器控制系统同时作用，以控制机器元件作有限运动|A.联锁式防护装置|B.活动式防护装置|C.固定式防护装置|D.可控式防护装置|A.紧急情况|B.异常情况|C.强制执行|D.正常情况|A.隔离装置|B.平衡装置|C.限位装置|D.缓冲装置|A.安全阀适用于含固体颗粒、易沉淀结晶等介质的安全泄放|B.安全阀适用于失控放热反应的超压等压力急剧上升的工况|C.爆破片的爆破压力应在系统的最高工作压力与设计压力之间|D.安全泄放装置的额定泄放量应小于系统安全泄放量|A.关节活动度|B.上臂推举力|C.人体耗氧量|D.人体表面积|A.30km/h|B.40km/h|C.15km/h|D.10km/h|A.炸药的燃烧速率与炸药的组成和物理结构有关，与环境压力无关|B.在炸药中加入少量的二苯胺是为了改善炸药的燃烧特性和安全性|C.炸药的燃烧表面积与炸药表面的粗糙度有关，与几何形状无关|D.许多炸药的氧化剂和还原剂共存于炸药分子内，使爆炸过程极快|A.红热的坯料、锻件及飞溅氧化皮温度高，可造成灼烫|B.红热的坯料、锻件及飞溅氧化皮遇可燃物，可引发火灾|C.锻造作业工作环境恶劣且产生振动，可造成高处坠落|D.锻件或工具被打飞、模具或冲头打崩，可导致机械伤害|A.通过结构设计来解决乳化炸药装药机叶片泵内存有死角的问题|B.输送乳化炸药的装药机在设计制造时采取降低机械摩擦的措施|C.制定能指导乳化炸药生产作业的工艺技术规程和安全操作规程|D.乳化炸药生产车间内的所有防爆电气线路使用厚壁PVC管穿线|A.依危险化学品泄漏情况疏散无关人员|B.任何泄漏应先消除泄漏区域内的火源|C.气体和液体泄漏时应立刻切断泄漏源|D.固体泄漏时用适当的工具收集泄漏物|A.接地线与管道的连接可采用镀铜件螺纹连接|B.接地线穿越建筑物沉降缝时应弯成弧状|C.接地装置地下部分的连接应用抱箍螺纹连接|D.有伸缩缝的自然导体可以直接用作接地线|A.2%|B.3%|C.4%|D.5%|A.工作绝缘|B.绕组绝缘|C.加强绝缘|D.保护绝缘|A.粉尘湿度越大，爆炸危险性越小|B.粉尘粒度越小，爆炸危险性越小|C.粉尘分散度越高，爆炸危险性越小|D.粉尘初始温度越高，爆炸危险性越小|A.作业环境较差的场所，应采用封闭式的配电箱（柜）|B.装设在箱（柜）外表面的电气元件不应加装额外的屏护|C.有导电性粉尘的作业场所，不应安装密闭式箱（柜）|D.落地安装的箱（柜）操作手柄中心高度不宜超过1.6m|A.本质安全型设备，故障状态下产生的火花可点燃爆炸性混合物|B.在爆炸危险环境应尽量使用携带式、移动式设备、室外插销座|C.直流110V及以下的电气设备应保护接零（地），并等电位联结|D.爆炸危险环境有剧烈振动处应选用单股铜芯软线或单股铜芯电缆|A.爆炸均产生高温，可能导致灼烫|B.爆炸均产生冲击，可能导致伤亡|C.爆炸均产生强光，可能导致失明|D.爆炸均产生毒气，可能导致中毒|A.能量特征是标志火药作功能力的参量，一般是指100g火药燃烧时气体产物所作的功|B.力学特性是火药要具有相应的强度，能承受在使用和处理时各种力的作用|C.燃烧特性是标志火药能量释放的能力，取决于火药有效成分的燃烧药量及其燃烧热|D.安定性是指火药在生产、储存、运输和使用过程中，不发生燃烧、爆炸|A.易燃液体-Ⅰ类包装|B.危险性大的自热物质-Ⅱ类包装|C.中等危险性的货物-Ⅲ类包装|D.退敏爆炸品-Ⅲ类包装|A.0区|B.21区|C.1区|D.20区|A.用于防止触电的遮栏总体高度应不小于1.5m|B.用于防止触电的户外栅栏高度应不小于1.2m|C.金属材料制成的屏护装置不应保护接零（地）|D.屏护装置上应有醒目的、正确的警示标示牌|A.危险化学品装卸前，应对运输工具进行必要的通风和清扫|B.危险化学品装卸过程中，不得与普通货物混合堆放|C.当采取可行的安全措施时，可用铁质底板车运输强氧化剂|D.当采取可行的安全措施时，可用翻斗车运输液化石油气罐|A.Ⅰ级|B.Ⅱ级|C.Ⅲ级|D.Ⅳ级|A.25%|B.55%|C.70%|D.40%|A.固定式龙门钩|B.夹具吊钩|C.万向吊钩|D.C型吊钩|A.利用极限位置限制器停车|B.接近人时发出断续铃声示警|C.作业过程中进行检查与维修|D.带载调整变幅机构的制动器|A.可降低金属构件的刚度|B.可破坏金属构件的形状|C.可改善金属零件的功能|D.可降低金属零件的寿命|A.阀门等操作机构润滑状况|B.管道和管件等的腐蚀减薄状况|C.安全阀、压力表等运行状况|D.管线阴极保护装置的运行状况|A.自动断路阀隔爆装置|B.主动式隔爆装置|C.机械阻火器|D.管道换向隔爆装置|A.固定式防护装置不应遮挡剪切线|B.剪板机不应设置单次循环模式|C.剪板机紧急停机按钮应设置在侧面|D.防护装置安全距离应按操作速度确定|A.适用于泄爆易产生二次爆炸的设备|B.适用于对力学强度要求较高的设备|C.适用于无法或不便设泄爆口,A,本题主要考查的是吊具的选择。根据《高温熔融金属吊运安全规程》（AQ7011-2018），6.1.2炼钢企业吊运铁水、钢水或液渣，应使用带有固定龙门钩的铸造起重机，铸造起重机额定能力应符合GB50439的规定。故选A。
单选题,"[2025年][河南中安]一、单选题
29
标记
收藏
下列起重机司机的做法中，符合安全操作规程的是（ ）。",A.利用极限位置限制器停车|B.接近人时发出断续铃声示警|C.作业过程中进行检查与维修|D.带载调整变幅机构的制动器,B,本题主要考查的是起重机司机安全操作技术。做题思路：起重机司机安全操作的相关要求。A错误，错在“利用极限位置”。司机在正常操作过程中，不得利用极限位置限制器停车；B正确，开车前，必须鸣铃或示警；操作中接近人时，应给断续铃声或示警；C错误，错在“作业过程中进行”。不得在起重作业过程中进行检査和维修；D错误，错在“带载调整”。不得带载调整起升、变幅机构的制动器，或带载增大作业幅度。故选B。
单选题,"[2025年][河南中安]一、单选题
1
标记
收藏
操作人员易接触到的运动零部件是机械设备最危险的部位。例如，对旋式轧辊有可能卷入操作人员的手、臂或身体，进而造成伤害。为了避免这类伤害，应在此类部位安装的防护装置是（ ）。",A.钳型防护罩|B.可调式防护罩|C.联锁防护装置|D.金属防护网|A.限制最大应力|B.隔离动力供应|C.安装保护装置|D.实现急停功能|A.机械式、电气式联锁装置用于防止危险机器功能在特定条件下运行|B.能动装置与启动控制一起使用，在不连续操作时可使机器执行预定功能|C.限制装置是用于防止机器或危险机器状态超过设计载荷限度的装置|D.行程限制装置不与机器控制系统同时作用，以控制机器元件作有限运动|A.联锁式防护装置|B.活动式防护装置|C.固定式防护装置|D.可控式防护装置|A.紧急情况|B.异常情况|C.强制执行|D.正常情况|A.隔离装置|B.平衡装置|C.限位装置|D.缓冲装置|A.安全阀适用于含固体颗粒、易沉淀结晶等介质的安全泄放|B.安全阀适用于失控放热反应的超压等压力急剧上升的工况|C.爆破片的爆破压力应在系统的最高工作压力与设计压力之间|D.安全泄放装置的额定泄放量应小于系统安全泄放量|A.关节活动度|B.上臂推举力|C.人体耗氧量|D.人体表面积|A.30km/h|B.40km/h|C.15km/h|D.10km/h|A.炸药的燃烧速率与炸药的组成和物理结构有关，与环境压力无关|B.在炸药中加入少量的二苯胺是为了改善炸药的燃烧特性和安全性|C.炸药的燃烧表面积与炸药表面的粗糙度有关，与几何形状无关|D.许多炸药的氧化剂和还原剂共存于炸药分子内，使爆炸过程极快|A.红热的坯料、锻件及飞溅氧化皮温度高，可造成灼烫|B.红热的坯料、锻件及飞溅氧化皮遇可燃物，可引发火灾|C.锻造作业工作环境恶劣且产生振动，可造成高处坠落|D.锻件或工具被打飞、模具或冲头打崩，可导致机械伤害|A.通过结构设计来解决乳化炸药装药机叶片泵内存有死角的问题|B.输送乳化炸药的装药机在设计制造时采取降低机械摩擦的措施|C.制定能指导乳化炸药生产作业的工艺技术规程和安全操作规程|D.乳化炸药生产车间内的所有防爆电气线路使用厚壁PVC管穿线|A.依危险化学品泄漏情况疏散无关人员|B.任何泄漏应先消除泄漏区域内的火源|C.气体和液体泄漏时应立刻切断泄漏源|D.固体泄漏时用适当的工具收集泄漏物|A.接地线与管道的连接可采用镀铜件螺纹连接|B.接地线穿越建筑物沉降缝时应弯成弧状|C.接地装置地下部分的连接应用抱箍螺纹连接|D.有伸缩缝的自然导体可以直接用作接地线|A.2%|B.3%|C.4%|D.5%|A.工作绝缘|B.绕组绝缘|C.加强绝缘|D.保护绝缘|A.粉尘湿度越大，爆炸危险性越小|B.粉尘粒度越小，爆炸危险性越小|C.粉尘分散度越高，爆炸危险性越小|D.粉尘初始温度越高，爆炸危险性越小|A.作业环境较差的场所，应采用封闭式的配电箱（柜）|B.装设在箱（柜）外表面的电气元件不应加装额外的屏护|C.有导电性粉尘的作业场所，不应安装密闭式箱（柜）|D.落地安装的箱（柜）操作手柄中心高度不宜超过1.6m|A.本质安全型设备，故障状态下产生的火花可点燃爆炸性混合物|B.在爆炸危险环境应尽量使用携带式、移动式设备、室外插销座|C.直流110V及以下的电气设备应保护接零（地），并等电位联结|D.爆炸危险环境有剧烈振动处应选用单股铜芯软线或单股铜芯电缆|A.爆炸均产生高温，可能导致灼烫|B.爆炸均产生冲击，可能导致伤亡|C.爆炸均产生强光，可能导致失明|D.爆炸均产生毒气，可能导致中毒|A.能量特征是标志火药作功能力的参量，一般是指100g火药燃烧时气体产物所作的功|B.力学特性是火药要具有相应的强度，能承受在使用和处理时各种力的作用|C.燃烧特性是标志火药能量释放的能力，取决于火药有效成分的燃烧药量及其燃烧热|D.安定性是指火药在生产、储存、运输和使用过程中，不发生燃烧、爆炸|A.易燃液体-Ⅰ类包装|B.危险性大的自热物质-Ⅱ类包装|C.中等危险性的货物-Ⅲ类包装|D.退敏爆炸品-Ⅲ类包装|A.0区|B.21区|C.1区|D.20区|A.用于防止触电的遮栏总体高度应不小于1.5m|B.用于防止触电的户外栅栏高度应不小于1.2m|C.金属材料制成的屏护装置不应保护接零（地）|D.屏护装置上应有醒目的、正确的警示标示牌|A.危险化学品装卸前，应对运输工具进行必要的通风和清扫|B.危险化学品装卸过程中，不得与普通货物混合堆放|C.当采取可行的安全措施时，可用铁质底板车运输强氧化剂|D.当采取可行的安全措施时，可用翻斗车运输液化石油气罐|A.Ⅰ级|B.Ⅱ级|C.Ⅲ级|D.Ⅳ级|A.25%|B.55%|C.70%|D.40%|A.固定式龙门钩|B.夹具吊钩|C.万向吊钩|D.C型吊钩|A.利用极限位置限制器停车|B.接近人时发出断续铃声示警|C.作业过程中进行检查与维修|D.带载调整变幅机构的制动器|A.可降低金属构件的刚度|B.可破坏金属构件的形状|C.可改善金属零件的功能|D.可降低金属零件的寿命|A.阀门等操作机构润滑状况|B.管道和管件等的腐蚀减薄状况|C.安全阀、压力表等运行状况|D.管线阴极保护装置的运行状况|A.自动断路阀隔爆装置|B.主动式隔爆装置|C.机械阻火器|D.管道换向隔爆装置|A.固定式防护装置不应遮挡剪切线|B.剪板机不应设置单次循环模式|C.剪板机紧急停机按钮应设置在侧面|D.防护装置安全距离应按操作速度确定|A.适用于泄爆易产生二次爆炸的设备|B.适用于对力学强度要求较高的设备|C.适用于无法或不便设泄爆口,C,本题主要考查的是金属腐蚀物。做题思路：掌握金属腐蚀物的概念及特点。金属腐蚀物的危害在于腐蚀金属，腐蚀时，在金属的界面上会发生化学或电化学多相反应，使金属转入氧化（离子）状态。这会显著降低金属材料的强度、塑性、韧性等力学性能，破坏金属构件的几何形状，增加零件间的磨损，恶化电学和光学等物理性能，缩短设备的使用寿命，甚至造成火灾、爆炸等灾难性事故。ABD均属于金属腐蚀物对金属的影响。故选C。
单选题,"[2025年][河南中安]一、单选题
31
标记
收藏
下列压力管道检查项目中，不属于巡检项目的是（ ）。",A.阀门等操作机构润滑状况|B.管道和管件等的腐蚀减薄状况|C.安全阀、压力表等运行状况|D.管线阴极保护装置的运行状况,B,本题主要考查的是巡回检查的项目。巡回检查的项目主要有：（1）各项工艺操作指标参数、系统平稳运行情况。（2）管道接头、阀门及各管件密封情况。（3）防腐层、保温层完好情况。（4）管道振动情况。（5）管道支吊架的紧固、腐蚀和支承情况，管架、基础完好情况。（6）阀门等操作机构润滑状况。（7）安全阀、压力表等安全保护装置运行状况。（8）静电跨接、静电接地、抗腐蚀阴极保护装置的运行和完好状况。（9）地表环境情况。（10）其他缺陷。ACD均属于巡回检查的项目，故选B。
单选题,[2025年][河南中安]某饲料加工厂在防爆粉尘隐患整改过程中，按照阻火与隔爆技术要求，拟对其通风除尘管道装设阻火隔爆装置，下列阻火隔爆装置中，该加工厂不宜选用的是（ ）。,A.自动断路阀隔爆装置|B.主动式隔爆装置|C.机械阻火器|D.管道换向隔爆装置,C,本题主要考查的是阻火隔爆装置的选用。做题思路：区分工业阻火器、主动式隔爆装置和被动式隔爆装置的适用条件。C正确，工业阻火器对于纯气体介质才是有效的，对气体中含有杂质（如粉尘、易凝物等）的输送管道，应当选用主动式、被动式隔爆装置为宜。工业阻火器分为机械阻火器、液封和料封阻火器。故选C。
单选题,[2025年][河南中安]关于剪板机及其安全防护装置技术要求的说法，正确的是（ ）。,A.固定式防护装置不应遮挡剪切线|B.剪板机不应设置单次循环模式|C.剪板机紧急停机按钮应设置在侧面|D.防护装置安全距离应按操作速度确定,A,本题主要考查的是剪板机安全技术。做题思路：掌握剪板机的一般安全要求。A正确，固定式防护装置不应阻挡看清剪切线；B错误，错在“不应设置”。剪板机应有单次循环模式。选择单次循环模式后，即使控制装置持续有效，刀架和压料脚也只能工作一个行程；C错误，错在“侧面”。剪板机上必须设置紧急停止按钮，一般应在剪板机的前面和后面分别设置；D错误，错在“按操作速度确定”。安全距离应按照剪板机总响应时间和操作者的速度进行计算确定。故选A。
单选题,"[2025年][河南中安]一、单选题
34
标记
收藏
关于使用化学抑爆技术的说法，错误的是（ ）。",A.适用于泄爆易产生二次爆炸的设备|B.适用于对力学强度要求较高的设备|C.适用于无法或不便设泄爆口的设备|D.适用于所处位置不利于泄爆的设备,B,本题主要考查的是化学抑制防爆装置。做题思路：掌握化学抑爆技术的应用条件。ACD正确，化学抑爆技术适用于泄爆易产生二次爆炸，或无法开设泄爆口的设备以及所处位置不利于泄爆的设备；B错误，错在“对力学强度要求较高”。化学抑爆技术对设备强度的要求较低。故选B。
单选题,[2025年][河南中安]关于隔离变压器安全技术要求的说法，正确的是（ ）。,A.二次边回路线路长度仅影响可靠性，与安全性无关|B.二次边回路线路较长时，应装设过电压监测装置|C.特殊情况下，隔离回路应与其他回路有可靠连接|D.隔离回路中各设备金属外壳间应采取等电位联结,D,本题主要考查的是电气隔离和不导电环境。做题思路：掌握电气隔离回路应符合的条件。A错误，错在“与安全无关”；B错误，错在“过电压监测”；C错误，错在“有可靠连接”。为保证安全，被隔离回路不得与其他回路及大地有任何连接。对于二次边回路线路较长者，应装设绝缘监视装置；D正确，为了防止隔离回路中两台设备的不同相线漏电时的故障电压带来的危险，各台设备的金属外壳之间应采取等电位联结措施。故选D。
单选题,"[2025年][河南中安]一、单选题
1
标记
收藏
操作人员易接触到的运动零部件是机械设备最危险的部位。例如，对旋式轧辊有可能卷入操作人员的手、臂或身体，进而造成伤害。为了避免这类伤害，应在此类部位安装的防护装置是（ ）。",A.钳型防护罩|B.可调式防护罩|C.联锁防护装置|D.金属防护网|A.限制最大应力|B.隔离动力供应|C.安装保护装置|D.实现急停功能|A.机械式、电气式联锁装置用于防止危险机器功能在特定条件下运行|B.能动装置与启动控制一起使用，在不连续操作时可使机器执行预定功能|C.限制装置是用于防止机器或危险机器状态超过设计载荷限度的装置|D.行程限制装置不与机器控制系统同时作用，以控制机器元件作有限运动|A.联锁式防护装置|B.活动式防护装置|C.固定式防护装置|D.可控式防护装置|A.紧急情况|B.异常情况|C.强制执行|D.正常情况|A.隔离装置|B.平衡装置|C.限位装置|D.缓冲装置|A.安全阀适用于含固体颗粒、易沉淀结晶等介质的安全泄放|B.安全阀适用于失控放热反应的超压等压力急剧上升的工况|C.爆破片的爆破压力应在系统的最高工作压力与设计压力之间|D.安全泄放装置的额定泄放量应小于系统安全泄放量|A.关节活动度|B.上臂推举力|C.人体耗氧量|D.人体表面积|A.30km/h|B.40km/h|C.15km/h|D.10km/h|A.炸药的燃烧速率与炸药的组成和物理结构有关，与环境压力无关|B.在炸药中加入少量的二苯胺是为了改善炸药的燃烧特性和安全性|C.炸药的燃烧表面积与炸药表面的粗糙度有关，与几何形状无关|D.许多炸药的氧化剂和还原剂共存于炸药分子内，使爆炸过程极快|A.红热的坯料、锻件及飞溅氧化皮温度高，可造成灼烫|B.红热的坯料、锻件及飞溅氧化皮遇可燃物，可引发火灾|C.锻造作业工作环境恶劣且产生振动，可造成高处坠落|D.锻件或工具被打飞、模具或冲头打崩，可导致机械伤害|A.通过结构设计来解决乳化炸药装药机叶片泵内存有死角的问题|B.输送乳化炸药的装药机在设计制造时采取降低机械摩擦的措施|C.制定能指导乳化炸药生产作业的工艺技术规程和安全操作规程|D.乳化炸药生产车间内的所有防爆电气线路使用厚壁PVC管穿线|A.依危险化学品泄漏情况疏散无关人员|B.任何泄漏应先消除泄漏区域内的火源|C.气体和液体泄漏时应立刻切断泄漏源|D.固体泄漏时用适当的工具收集泄漏物|A.接地线与管道的连接可采用镀铜件螺纹连接|B.接地线穿越建筑物沉降缝时应弯成弧状|C.接地装置地下部分的连接应用抱箍螺纹连接|D.有伸缩缝的自然导体可以直接用作接地线|A.2%|B.3%|C.4%|D.5%|A.工作绝缘|B.绕组绝缘|C.加强绝缘|D.保护绝缘|A.粉尘湿度越大，爆炸危险性越小|B.粉尘粒度越小，爆炸危险性越小|C.粉尘分散度越高，爆炸危险性越小|D.粉尘初始温度越高，爆炸危险性越小|A.作业环境较差的场所，应采用封闭式的配电箱（柜）|B.装设在箱（柜）外表面的电气元件不应加装额外的屏护|C.有导电性粉尘的作业场所，不应安装密闭式箱（柜）|D.落地安装的箱（柜）操作手柄中心高度不宜超过1.6m|A.本质安全型设备，故障状态下产生的火花可点燃爆炸性混合物|B.在爆炸危险环境应尽量使用携带式、移动式设备、室外插销座|C.直流110V及以下的电气设备应保护接零（地），并等电位联结|D.爆炸危险环境有剧烈振动处应选用单股铜芯软线或单股铜芯电缆|A.爆炸均产生高温，可能导致灼烫|B.爆炸均产生冲击，可能导致伤亡|C.爆炸均产生强光，可能导致失明|D.爆炸均产生毒气，可能导致中毒|A.能量特征是标志火药作功能力的参量，一般是指100g火药燃烧时气体产物所作的功|B.力学特性是火药要具有相应的强度，能承受在使用和处理时各种力的作用|C.燃烧特性是标志火药能量释放的能力，取决于火药有效成分的燃烧药量及其燃烧热|D.安定性是指火药在生产、储存、运输和使用过程中，不发生燃烧、爆炸|A.易燃液体-Ⅰ类包装|B.危险性大的自热物质-Ⅱ类包装|C.中等危险性的货物-Ⅲ类包装|D.退敏爆炸品-Ⅲ类包装|A.0区|B.21区|C.1区|D.20区|A.用于防止触电的遮栏总体高度应不小于1.5m|B.用于防止触电的户外栅栏高度应不小于1.2m|C.金属材料制成的屏护装置不应保护接零（地）|D.屏护装置上应有醒目的、正确的警示标示牌|A.危险化学品装卸前，应对运输工具进行必要的通风和清扫|B.危险化学品装卸过程中，不得与普通货物混合堆放|C.当采取可行的安全措施时，可用铁质底板车运输强氧化剂|D.当采取可行的安全措施时，可用翻斗车运输液化石油气罐|A.Ⅰ级|B.Ⅱ级|C.Ⅲ级|D.Ⅳ级|A.25%|B.55%|C.70%|D.40%|A.固定式龙门钩|B.夹具吊钩|C.万向吊钩|D.C型吊钩|A.利用极限位置限制器停车|B.接近人时发出断续铃声示警|C.作业过程中进行检查与维修|D.带载调整变幅机构的制动器|A.可降低金属构件的刚度|B.可破坏金属构件的形状|C.可改善金属零件的功能|D.可降低金属零件的寿命|A.阀门等操作机构润滑状况|B.管道和管件等的腐蚀减薄状况|C.安全阀、压力表等运行状况|D.管线阴极保护装置的运行状况|A.自动断路阀隔爆装置|B.主动式隔爆装置|C.机械阻火器|D.管道换向隔爆装置|A.固定式防护装置不应遮挡剪切线|B.剪板机不应设置单次循环模式|C.剪板机紧急停机按钮应设置在侧面|D.防护装置安全距离应按操作速度确定|A.适用于泄爆易产生二次爆炸的设备|B.适用于对力学强度要求较高的设备|C.适用于无法或不便设泄爆口,B,本题主要考查的是人的心理特性。做题思路：掌握影响能力的因素。影响能力的因素很多，主要有感觉、知觉、观察力、注意力、记忆力、思维想象力和操作能力等。故选B。
单选题,"[2025年][河南中安]一、单选题
37
标记
收藏
某事故现场，检测显示毒性气体的体积浓度在2.5%～3.5%，进入现场救援的人员，应该选择的防毒面具是（ ）。",A.隔离式生氧面具|B.双罐式防毒口罩|C.头罩式过滤面具|D.导管式过滤面罩,A,本题主要考查的是防毒面具的使用范围。做题思路：区分过滤式和隔离式防毒面具的使用范围。BCD均属于过滤式防毒面具，使用范围是毒性气体的体积浓度低，一般不高于1%。故选A。
单选题,"[2025年][河南中安]一、单选题
38
标记
收藏
关于圆锯机分料刀安全技术要求的说法，正确的是（ ）。",A.引导边应设计为圆弧型形状|B.圆弧半径不应大于圆锯片半径|C.刀宽应与锯片厚度保持一致|D.顶部应不低于锯片圆周上的高点,D,本题主要考查的是圆锯片安全防护装置。做题思路：掌握分料刀的安全要求。A错误，错在“圆弧型”。分料刀的引导边应是楔形的，以便于导入；B错误，错在“不应大于”。圆弧半径不应小于圆锯片半径；C错误，错在“与锯片厚度保持一致”。分料刀宽度应介于锯身厚度与锯料宽度之间，在全长上厚度要一致；D正确，分料刀顶部应不低于锯片圆周上的最高点。故选D。
单选题,"[2025年][河南中安]一、单选题
39
标记
收藏
金属切削机床运动部件与运动部件之间、运动部件与静止部件之间存在挤压或剪切危险因素，头部与运动部件之间最小安全距离是（ ）mm。",A.120|B.180|C.300|D.500,C,本题主要考查的是金属切削机床的安全技术措施。做题思路：掌握表格中关于防止挤压的身体部位最小间距要求。运动部件与运动部件之间、运动部件与静止部件（包括墙体等构筑物）之间，不应存在挤压危险和剪切危险，否则应限定避免人体各部位受到伤害的最小安全距离（表1-6）或按有关规定采用防止挤压、剪切的保护装置。故选C。
单选题,"[2025年][河南中安]一、单选题
1
标记
收藏
操作人员易接触到的运动零部件是机械设备最危险的部位。例如，对旋式轧辊有可能卷入操作人员的手、臂或身体，进而造成伤害。为了避免这类伤害，应在此类部位安装的防护装置是（ ）。",A.钳型防护罩|B.可调式防护罩|C.联锁防护装置|D.金属防护网|A.限制最大应力|B.隔离动力供应|C.安装保护装置|D.实现急停功能|A.机械式、电气式联锁装置用于防止危险机器功能在特定条件下运行|B.能动装置与启动控制一起使用，在不连续操作时可使机器执行预定功能|C.限制装置是用于防止机器或危险机器状态超过设计载荷限度的装置|D.行程限制装置不与机器控制系统同时作用，以控制机器元件作有限运动|A.联锁式防护装置|B.活动式防护装置|C.固定式防护装置|D.可控式防护装置|A.紧急情况|B.异常情况|C.强制执行|D.正常情况|A.隔离装置|B.平衡装置|C.限位装置|D.缓冲装置|A.安全阀适用于含固体颗粒、易沉淀结晶等介质的安全泄放|B.安全阀适用于失控放热反应的超压等压力急剧上升的工况|C.爆破片的爆破压力应在系统的最高工作压力与设计压力之间|D.安全泄放装置的额定泄放量应小于系统安全泄放量|A.关节活动度|B.上臂推举力|C.人体耗氧量|D.人体表面积|A.30km/h|B.40km/h|C.15km/h|D.10km/h|A.炸药的燃烧速率与炸药的组成和物理结构有关，与环境压力无关|B.在炸药中加入少量的二苯胺是为了改善炸药的燃烧特性和安全性|C.炸药的燃烧表面积与炸药表面的粗糙度有关，与几何形状无关|D.许多炸药的氧化剂和还原剂共存于炸药分子内，使爆炸过程极快|A.红热的坯料、锻件及飞溅氧化皮温度高，可造成灼烫|B.红热的坯料、锻件及飞溅氧化皮遇可燃物，可引发火灾|C.锻造作业工作环境恶劣且产生振动，可造成高处坠落|D.锻件或工具被打飞、模具或冲头打崩，可导致机械伤害|A.通过结构设计来解决乳化炸药装药机叶片泵内存有死角的问题|B.输送乳化炸药的装药机在设计制造时采取降低机械摩擦的措施|C.制定能指导乳化炸药生产作业的工艺技术规程和安全操作规程|D.乳化炸药生产车间内的所有防爆电气线路使用厚壁PVC管穿线|A.依危险化学品泄漏情况疏散无关人员|B.任何泄漏应先消除泄漏区域内的火源|C.气体和液体泄漏时应立刻切断泄漏源|D.固体泄漏时用适当的工具收集泄漏物|A.接地线与管道的连接可采用镀铜件螺纹连接|B.接地线穿越建筑物沉降缝时应弯成弧状|C.接地装置地下部分的连接应用抱箍螺纹连接|D.有伸缩缝的自然导体可以直接用作接地线|A.2%|B.3%|C.4%|D.5%|A.工作绝缘|B.绕组绝缘|C.加强绝缘|D.保护绝缘|A.粉尘湿度越大，爆炸危险性越小|B.粉尘粒度越小，爆炸危险性越小|C.粉尘分散度越高，爆炸危险性越小|D.粉尘初始温度越高，爆炸危险性越小|A.作业环境较差的场所，应采用封闭式的配电箱（柜）|B.装设在箱（柜）外表面的电气元件不应加装额外的屏护|C.有导电性粉尘的作业场所，不应安装密闭式箱（柜）|D.落地安装的箱（柜）操作手柄中心高度不宜超过1.6m|A.本质安全型设备，故障状态下产生的火花可点燃爆炸性混合物|B.在爆炸危险环境应尽量使用携带式、移动式设备、室外插销座|C.直流110V及以下的电气设备应保护接零（地），并等电位联结|D.爆炸危险环境有剧烈振动处应选用单股铜芯软线或单股铜芯电缆|A.爆炸均产生高温，可能导致灼烫|B.爆炸均产生冲击，可能导致伤亡|C.爆炸均产生强光，可能导致失明|D.爆炸均产生毒气，可能导致中毒|A.能量特征是标志火药作功能力的参量，一般是指100g火药燃烧时气体产物所作的功|B.力学特性是火药要具有相应的强度，能承受在使用和处理时各种力的作用|C.燃烧特性是标志火药能量释放的能力，取决于火药有效成分的燃烧药量及其燃烧热|D.安定性是指火药在生产、储存、运输和使用过程中，不发生燃烧、爆炸|A.易燃液体-Ⅰ类包装|B.危险性大的自热物质-Ⅱ类包装|C.中等危险性的货物-Ⅲ类包装|D.退敏爆炸品-Ⅲ类包装|A.0区|B.21区|C.1区|D.20区|A.用于防止触电的遮栏总体高度应不小于1.5m|B.用于防止触电的户外栅栏高度应不小于1.2m|C.金属材料制成的屏护装置不应保护接零（地）|D.屏护装置上应有醒目的、正确的警示标示牌|A.危险化学品装卸前，应对运输工具进行必要的通风和清扫|B.危险化学品装卸过程中，不得与普通货物混合堆放|C.当采取可行的安全措施时，可用铁质底板车运输强氧化剂|D.当采取可行的安全措施时，可用翻斗车运输液化石油气罐|A.Ⅰ级|B.Ⅱ级|C.Ⅲ级|D.Ⅳ级|A.25%|B.55%|C.70%|D.40%|A.固定式龙门钩|B.夹具吊钩|C.万向吊钩|D.C型吊钩|A.利用极限位置限制器停车|B.接近人时发出断续铃声示警|C.作业过程中进行检查与维修|D.带载调整变幅机构的制动器|A.可降低金属构件的刚度|B.可破坏金属构件的形状|C.可改善金属零件的功能|D.可降低金属零件的寿命|A.阀门等操作机构润滑状况|B.管道和管件等的腐蚀减薄状况|C.安全阀、压力表等运行状况|D.管线阴极保护装置的运行状况|A.自动断路阀隔爆装置|B.主动式隔爆装置|C.机械阻火器|D.管道换向隔爆装置|A.固定式防护装置不应遮挡剪切线|B.剪板机不应设置单次循环模式|C.剪板机紧急停机按钮应设置在侧面|D.防护装置安全距离应按操作速度确定|A.适用于泄爆易产生二次爆炸的设备|B.适用于对力学强度要求较高的设备|C.适用于无法或不便设泄爆口,A,本题主要考查的是电伤的伤害形式。做题思路：区分不同电伤的伤害形式的概念。皮肤金属化是电弧使金属熔化、气化，金属微粒渗入皮肤造成的伤害。故选A。
单选题,"[2025年][河南中安]一、单选题
1
标记
收藏
操作人员易接触到的运动零部件是机械设备最危险的部位。例如，对旋式轧辊有可能卷入操作人员的手、臂或身体，进而造成伤害。为了避免这类伤害，应在此类部位安装的防护装置是（ ）。",A.钳型防护罩|B.可调式防护罩|C.联锁防护装置|D.金属防护网|A.限制最大应力|B.隔离动力供应|C.安装保护装置|D.实现急停功能|A.机械式、电气式联锁装置用于防止危险机器功能在特定条件下运行|B.能动装置与启动控制一起使用，在不连续操作时可使机器执行预定功能|C.限制装置是用于防止机器或危险机器状态超过设计载荷限度的装置|D.行程限制装置不与机器控制系统同时作用，以控制机器元件作有限运动|A.联锁式防护装置|B.活动式防护装置|C.固定式防护装置|D.可控式防护装置|A.紧急情况|B.异常情况|C.强制执行|D.正常情况|A.隔离装置|B.平衡装置|C.限位装置|D.缓冲装置|A.安全阀适用于含固体颗粒、易沉淀结晶等介质的安全泄放|B.安全阀适用于失控放热反应的超压等压力急剧上升的工况|C.爆破片的爆破压力应在系统的最高工作压力与设计压力之间|D.安全泄放装置的额定泄放量应小于系统安全泄放量|A.关节活动度|B.上臂推举力|C.人体耗氧量|D.人体表面积|A.30km/h|B.40km/h|C.15km/h|D.10km/h|A.炸药的燃烧速率与炸药的组成和物理结构有关，与环境压力无关|B.在炸药中加入少量的二苯胺是为了改善炸药的燃烧特性和安全性|C.炸药的燃烧表面积与炸药表面的粗糙度有关，与几何形状无关|D.许多炸药的氧化剂和还原剂共存于炸药分子内，使爆炸过程极快|A.红热的坯料、锻件及飞溅氧化皮温度高，可造成灼烫|B.红热的坯料、锻件及飞溅氧化皮遇可燃物，可引发火灾|C.锻造作业工作环境恶劣且产生振动，可造成高处坠落|D.锻件或工具被打飞、模具或冲头打崩，可导致机械伤害|A.通过结构设计来解决乳化炸药装药机叶片泵内存有死角的问题|B.输送乳化炸药的装药机在设计制造时采取降低机械摩擦的措施|C.制定能指导乳化炸药生产作业的工艺技术规程和安全操作规程|D.乳化炸药生产车间内的所有防爆电气线路使用厚壁PVC管穿线|A.依危险化学品泄漏情况疏散无关人员|B.任何泄漏应先消除泄漏区域内的火源|C.气体和液体泄漏时应立刻切断泄漏源|D.固体泄漏时用适当的工具收集泄漏物|A.接地线与管道的连接可采用镀铜件螺纹连接|B.接地线穿越建筑物沉降缝时应弯成弧状|C.接地装置地下部分的连接应用抱箍螺纹连接|D.有伸缩缝的自然导体可以直接用作接地线|A.2%|B.3%|C.4%|D.5%|A.工作绝缘|B.绕组绝缘|C.加强绝缘|D.保护绝缘|A.粉尘湿度越大，爆炸危险性越小|B.粉尘粒度越小，爆炸危险性越小|C.粉尘分散度越高，爆炸危险性越小|D.粉尘初始温度越高，爆炸危险性越小|A.作业环境较差的场所，应采用封闭式的配电箱（柜）|B.装设在箱（柜）外表面的电气元件不应加装额外的屏护|C.有导电性粉尘的作业场所，不应安装密闭式箱（柜）|D.落地安装的箱（柜）操作手柄中心高度不宜超过1.6m|A.本质安全型设备，故障状态下产生的火花可点燃爆炸性混合物|B.在爆炸危险环境应尽量使用携带式、移动式设备、室外插销座|C.直流110V及以下的电气设备应保护接零（地），并等电位联结|D.爆炸危险环境有剧烈振动处应选用单股铜芯软线或单股铜芯电缆|A.爆炸均产生高温，可能导致灼烫|B.爆炸均产生冲击，可能导致伤亡|C.爆炸均产生强光，可能导致失明|D.爆炸均产生毒气，可能导致中毒|A.能量特征是标志火药作功能力的参量，一般是指100g火药燃烧时气体产物所作的功|B.力学特性是火药要具有相应的强度，能承受在使用和处理时各种力的作用|C.燃烧特性是标志火药能量释放的能力，取决于火药有效成分的燃烧药量及其燃烧热|D.安定性是指火药在生产、储存、运输和使用过程中，不发生燃烧、爆炸|A.易燃液体-Ⅰ类包装|B.危险性大的自热物质-Ⅱ类包装|C.中等危险性的货物-Ⅲ类包装|D.退敏爆炸品-Ⅲ类包装|A.0区|B.21区|C.1区|D.20区|A.用于防止触电的遮栏总体高度应不小于1.5m|B.用于防止触电的户外栅栏高度应不小于1.2m|C.金属材料制成的屏护装置不应保护接零（地）|D.屏护装置上应有醒目的、正确的警示标示牌|A.危险化学品装卸前，应对运输工具进行必要的通风和清扫|B.危险化学品装卸过程中，不得与普通货物混合堆放|C.当采取可行的安全措施时，可用铁质底板车运输强氧化剂|D.当采取可行的安全措施时，可用翻斗车运输液化石油气罐|A.Ⅰ级|B.Ⅱ级|C.Ⅲ级|D.Ⅳ级|A.25%|B.55%|C.70%|D.40%|A.固定式龙门钩|B.夹具吊钩|C.万向吊钩|D.C型吊钩|A.利用极限位置限制器停车|B.接近人时发出断续铃声示警|C.作业过程中进行检查与维修|D.带载调整变幅机构的制动器|A.可降低金属构件的刚度|B.可破坏金属构件的形状|C.可改善金属零件的功能|D.可降低金属零件的寿命|A.阀门等操作机构润滑状况|B.管道和管件等的腐蚀减薄状况|C.安全阀、压力表等运行状况|D.管线阴极保护装置的运行状况|A.自动断路阀隔爆装置|B.主动式隔爆装置|C.机械阻火器|D.管道换向隔爆装置|A.固定式防护装置不应遮挡剪切线|B.剪板机不应设置单次循环模式|C.剪板机紧急停机按钮应设置在侧面|D.防护装置安全距离应按操作速度确定|A.适用于泄爆易产生二次爆炸的设备|B.适用于对力学强度要求较高的设备|C.适用于无法或不便设泄爆口,D,本题主要考查的是锅炉的分类。做题思路：掌握不同压力范围对应的锅炉类别。按锅炉产生的蒸汽压力分为超临界压力锅炉、亚临界压力锅炉、超高压锅炉、高压锅炉、中压锅炉、低压锅炉。①出口蒸汽压力超过水蒸气的临界压力（22.1MPa）的锅炉为超临界压力锅炉。②出口蒸汽压力低于但接近于临界压力，一般为15.7～19.6MPa的锅炉为亚临界压力锅炉。③出口蒸汽压力一般为11.8～14.7MPa的锅炉为超高压锅炉。④出口蒸汽压力一般为7.84～10.8MPa的锅炉为高压锅炉。⑤出口蒸汽压力一般为2.45～4.90.MPa的锅炉为中压锅炉。⑥出口蒸汽压力一般不大于2.45MPa的锅炉为低压锅炉。故选D。
单选题,"[2025年][河南中安]一、单选题
42
标记
收藏
腐蚀性危险化学品按其酸碱性及有机物、无机物可分为八类，下列腐蚀性危险化学品中，属于一级无机酸性腐蚀物质的是（ ）。",A.三氧化硫|B.氢氧化钠|C.甲醇钠|D.乙酸酐,A,本题主要考查的是腐蚀性危险化学品。做题思路：掌握腐蚀性危险化学品的分类。A属于，一级无机酸性腐蚀物质，具有强腐蚀性和酸性。主要是一些具有氧化性的强酸，如氢氟酸、硝酸、硫酸、氯磺酸等。还有遇水能生成强酸的物质，如二氧化氮、二氧化硫、三氧化硫、五氧化二磷等；B氢氧化钠属于无机碱性腐蚀物质；C甲醇钠属于有机碱性腐蚀物质；D乙酸酐属于二级有机酸性腐蚀物质。故选A。
单选题,[2025年][河南中安]关于电气设备运行时产生危险温度的说法，正确的是（ ）。,A.通电后铁芯吸合且长时间正常运行，产生涡流导致危险温度|B.漏电电流沿线路均匀分布，发热量很大，极易产生危险温度|C.电压过低，对于恒定功率负载，电流减小，易产生危险温度|D.理化性能不同的导体连接处易形成氧化层，可导致危险温度,D,本题主要考查的是电气引燃源，属于高频考点。做题思路：掌握危险温度的发生情况。A错误，错在“通电后铁芯吸合”。对于电动机、变压器、接触器等带有铁芯的电气设备，如铁芯短路，或线圈电压过高，或通电后铁芯不能吸合，由于涡流损耗和磁滞损耗增加都将造成铁芯过热并产生危险温度；B错误，错在“极易产生”。漏电电流沿线路均匀分布，发热量分散，一般不会产生危险温度；C错误，错在“电流减小”。电压过低，除使电磁铁吸合不牢或吸合不上外，对于恒定功率负载，还会使电流增大，增加发热；D正确，不同种类导体连接处，由于二者的理化性能不同，接触处极易产生危险温度。故选D。
单选题,[2025年][河南中安]瓶阀是装在气瓶瓶口上，用于控制气体进入或排出气瓶的组合装置，是气瓶的主要附件，其设计的科学性、合理性关系着气瓶的安全性。下列气瓶瓶阀设计的要求中，正确的是（ ）。,A.盛装助燃和不可燃气体的气瓶瓶阀出气口螺纹应为左旋|B.公称容积大于100L的液化石油气瓶使用的液相瓶阀不宜设计成单向|C.与乙炔接触的瓶阀材料，应选用含铜量小于65%的铜合金（质量比）|D.盛装强氧化性气体的气瓶瓶阀的密封材料不得采用非金属材料,C,本题主要考查的是气瓶附件，属于高频考点。做题思路：掌握关于瓶阀的设置要求。A错误，错在“左旋”。盛装助燃和不可燃气体瓶阀的出气口螺纹为右旋，可燃气体瓶阀的出气口螺纹为左旋；B错误，错在“不宜设计成单向”。公称容积大于100L的液化石油气瓶使用的气相瓶阀，宜设计成带有液位限定功能或者带有电子防伪识读功能的直阀或者角阀，液相瓶阀宜设计成单向阀；C正确，与乙炔接触的瓶阀材料，选用含铜量小于65%铜合金（质量比）；D错误，错在“不得采用非金属材料”。盛装氧气或者其他强氧化性气体的气瓶瓶阀的非金属密封材料，具有阻燃性和抗老化性。故选C。
单选题,[2025年][河南中安]下列烟火药制造、烟花爆竹产品生产相关干燥工艺的要求中，正确的是（ ）。,A.药物在干燥后散热时，要适时翻动和及时收取|B.成品、有药半成品的干燥应在专用场所进行|C.采用蒸汽干燥时，烘房温度应不高于80℃|D.热风干燥成品、有药半成品的室温应不高于70℃,B,本题主要考查的是烟花爆竹产品生产过程中的防火防爆措施。做题思路：掌握相关防火防爆措施的具体要求。A错误，错在“适时翻动和及时收取”。在干燥散热时，不应翻动和收取，应冷却至室温时收取；B正确，成品、有药半成品的干燥应在专用场所（晒场、烘房）进行；C错误，错在“不高于80℃”。蒸汽干燥的烘房温度小于或等于75℃。D错误，错在“不高于70℃”。热风干燥成品，有药半成品室温小于或等于60℃。故选B。
单选题,[2025年][河南中安]关于叉车安全保护装置和安全监控装置设置的说法，错误的是（ ）。,A.乘驾式电动叉车应当设置司机坐（站）姿状态感知系统|B.所有叉车应当设置护顶架，保护司机免受因重物坠落而伤害|C.侧面式叉车应当设置后视镜，其货叉侧应设置视频监视装置|D.所有叉车应当设置司机权限信息采集器，以验证司机操作权限,B,本题主要考查的是叉车安全保护和防护装置。做题思路：掌握安全保护和防护装置的相关要求。A正确，乘驾式电动叉车、电液换向的乘驾式内燃平衡重式和侧面式叉车，应当设置司机坐（站）姿状态感知系统；B错误，错在“所有叉车”。最大起升高度大于1800mm的乘驾式叉车应当安装护顶架，以保护司机免受重物落下造成的伤害；C正确，根据《场（厂）内专用机动车辆安全技术规程》（TSG 81-2022），2.5.8.1观光车辆应当在左右各设置一面后视镜，坐驾式平衡重式叉车和侧面式叉车应当设置一个或者多个后视镜。如果采用摄像显示装置代替后视镜，应当能满足后视镜的同等功能；D正确，应当设置司机权限信息采集器。通过指纹、虹膜、人脸特征等生物信息或者磁卡等与个人身份信息唯一绑定的媒介，验证司机操作权限。当该采集器失效、拆除或者司机信息不正确时，车辆不能启动。故选B。
单选题,"[2025年][河南中安]一、单选题
1
标记
收藏
操作人员易接触到的运动零部件是机械设备最危险的部位。例如，对旋式轧辊有可能卷入操作人员的手、臂或身体，进而造成伤害。为了避免这类伤害，应在此类部位安装的防护装置是（ ）。",A.钳型防护罩|B.可调式防护罩|C.联锁防护装置|D.金属防护网|A.限制最大应力|B.隔离动力供应|C.安装保护装置|D.实现急停功能|A.机械式、电气式联锁装置用于防止危险机器功能在特定条件下运行|B.能动装置与启动控制一起使用，在不连续操作时可使机器执行预定功能|C.限制装置是用于防止机器或危险机器状态超过设计载荷限度的装置|D.行程限制装置不与机器控制系统同时作用，以控制机器元件作有限运动|A.联锁式防护装置|B.活动式防护装置|C.固定式防护装置|D.可控式防护装置|A.紧急情况|B.异常情况|C.强制执行|D.正常情况|A.隔离装置|B.平衡装置|C.限位装置|D.缓冲装置|A.安全阀适用于含固体颗粒、易沉淀结晶等介质的安全泄放|B.安全阀适用于失控放热反应的超压等压力急剧上升的工况|C.爆破片的爆破压力应在系统的最高工作压力与设计压力之间|D.安全泄放装置的额定泄放量应小于系统安全泄放量|A.关节活动度|B.上臂推举力|C.人体耗氧量|D.人体表面积|A.30km/h|B.40km/h|C.15km/h|D.10km/h|A.炸药的燃烧速率与炸药的组成和物理结构有关，与环境压力无关|B.在炸药中加入少量的二苯胺是为了改善炸药的燃烧特性和安全性|C.炸药的燃烧表面积与炸药表面的粗糙度有关，与几何形状无关|D.许多炸药的氧化剂和还原剂共存于炸药分子内，使爆炸过程极快|A.红热的坯料、锻件及飞溅氧化皮温度高，可造成灼烫|B.红热的坯料、锻件及飞溅氧化皮遇可燃物，可引发火灾|C.锻造作业工作环境恶劣且产生振动，可造成高处坠落|D.锻件或工具被打飞、模具或冲头打崩，可导致机械伤害|A.通过结构设计来解决乳化炸药装药机叶片泵内存有死角的问题|B.输送乳化炸药的装药机在设计制造时采取降低机械摩擦的措施|C.制定能指导乳化炸药生产作业的工艺技术规程和安全操作规程|D.乳化炸药生产车间内的所有防爆电气线路使用厚壁PVC管穿线|A.依危险化学品泄漏情况疏散无关人员|B.任何泄漏应先消除泄漏区域内的火源|C.气体和液体泄漏时应立刻切断泄漏源|D.固体泄漏时用适当的工具收集泄漏物|A.接地线与管道的连接可采用镀铜件螺纹连接|B.接地线穿越建筑物沉降缝时应弯成弧状|C.接地装置地下部分的连接应用抱箍螺纹连接|D.有伸缩缝的自然导体可以直接用作接地线|A.2%|B.3%|C.4%|D.5%|A.工作绝缘|B.绕组绝缘|C.加强绝缘|D.保护绝缘|A.粉尘湿度越大，爆炸危险性越小|B.粉尘粒度越小，爆炸危险性越小|C.粉尘分散度越高，爆炸危险性越小|D.粉尘初始温度越高，爆炸危险性越小|A.作业环境较差的场所，应采用封闭式的配电箱（柜）|B.装设在箱（柜）外表面的电气元件不应加装额外的屏护|C.有导电性粉尘的作业场所，不应安装密闭式箱（柜）|D.落地安装的箱（柜）操作手柄中心高度不宜超过1.6m|A.本质安全型设备，故障状态下产生的火花可点燃爆炸性混合物|B.在爆炸危险环境应尽量使用携带式、移动式设备、室外插销座|C.直流110V及以下的电气设备应保护接零（地），并等电位联结|D.爆炸危险环境有剧烈振动处应选用单股铜芯软线或单股铜芯电缆|A.爆炸均产生高温，可能导致灼烫|B.爆炸均产生冲击，可能导致伤亡|C.爆炸均产生强光，可能导致失明|D.爆炸均产生毒气，可能导致中毒|A.能量特征是标志火药作功能力的参量，一般是指100g火药燃烧时气体产物所作的功|B.力学特性是火药要具有相应的强度，能承受在使用和处理时各种力的作用|C.燃烧特性是标志火药能量释放的能力，取决于火药有效成分的燃烧药量及其燃烧热|D.安定性是指火药在生产、储存、运输和使用过程中，不发生燃烧、爆炸|A.易燃液体-Ⅰ类包装|B.危险性大的自热物质-Ⅱ类包装|C.中等危险性的货物-Ⅲ类包装|D.退敏爆炸品-Ⅲ类包装|A.0区|B.21区|C.1区|D.20区|A.用于防止触电的遮栏总体高度应不小于1.5m|B.用于防止触电的户外栅栏高度应不小于1.2m|C.金属材料制成的屏护装置不应保护接零（地）|D.屏护装置上应有醒目的、正确的警示标示牌|A.危险化学品装卸前，应对运输工具进行必要的通风和清扫|B.危险化学品装卸过程中，不得与普通货物混合堆放|C.当采取可行的安全措施时，可用铁质底板车运输强氧化剂|D.当采取可行的安全措施时，可用翻斗车运输液化石油气罐|A.Ⅰ级|B.Ⅱ级|C.Ⅲ级|D.Ⅳ级|A.25%|B.55%|C.70%|D.40%|A.固定式龙门钩|B.夹具吊钩|C.万向吊钩|D.C型吊钩|A.利用极限位置限制器停车|B.接近人时发出断续铃声示警|C.作业过程中进行检查与维修|D.带载调整变幅机构的制动器|A.可降低金属构件的刚度|B.可破坏金属构件的形状|C.可改善金属零件的功能|D.可降低金属零件的寿命|A.阀门等操作机构润滑状况|B.管道和管件等的腐蚀减薄状况|C.安全阀、压力表等运行状况|D.管线阴极保护装置的运行状况|A.自动断路阀隔爆装置|B.主动式隔爆装置|C.机械阻火器|D.管道换向隔爆装置|A.固定式防护装置不应遮挡剪切线|B.剪板机不应设置单次循环模式|C.剪板机紧急停机按钮应设置在侧面|D.防护装置安全距离应按操作速度确定|A.适用于泄爆易产生二次爆炸的设备|B.适用于对力学强度要求较高的设备|C.适用于无法或不便设泄爆口,D,本题主要考查的是甲烷的爆炸极限。做题思路：甲烷的爆炸极限为4.9%～15%。D正确，甲烷的爆炸极限为4.9%～15%。在正常气压下，甲烷的爆炸下限（LEL）为5～6%，爆炸上限（UEL）为15～16%；甲烷在空气中的浓度达到9.5%时，就会发生最强烈的爆炸。其中，氧浓度降低时爆炸下限变化不大，而爆炸上限明显降低；当氧浓度低于12%时，混合气体就失去爆炸性。故选D。
单选题,[2025年][河南中安]某生产经营单位涉及易燃易爆气体、粉尘的环境，使用的防爆电气设备既可承受内部的爆炸性混合物发生爆炸的冲击，又不会引发外部爆炸性混合物爆炸。按照防爆电气设备类型划分，该防爆电气设备属于（）。,A.隔爆型|B.正压型|C.油浸型|D.增安型,A,本题主要考查的是防爆电气设备。做题思路：理解不同类型防爆电气设备的定义。A正确，隔爆型设备是具有能承受内部的爆炸性混合物发生爆炸而不致受到破坏，而且通过外壳任何结合面或结构间隙，不致由内部爆炸引起外部爆炸性混合物爆炸的电气设备。故选A。
单选题,"[2025年][河南中安]一、单选题
1
标记
收藏
操作人员易接触到的运动零部件是机械设备最危险的部位。例如，对旋式轧辊有可能卷入操作人员的手、臂或身体，进而造成伤害。为了避免这类伤害，应在此类部位安装的防护装置是（ ）。",A.钳型防护罩|B.可调式防护罩|C.联锁防护装置|D.金属防护网|A.限制最大应力|B.隔离动力供应|C.安装保护装置|D.实现急停功能|A.机械式、电气式联锁装置用于防止危险机器功能在特定条件下运行|B.能动装置与启动控制一起使用，在不连续操作时可使机器执行预定功能|C.限制装置是用于防止机器或危险机器状态超过设计载荷限度的装置|D.行程限制装置不与机器控制系统同时作用，以控制机器元件作有限运动|A.联锁式防护装置|B.活动式防护装置|C.固定式防护装置|D.可控式防护装置|A.紧急情况|B.异常情况|C.强制执行|D.正常情况|A.隔离装置|B.平衡装置|C.限位装置|D.缓冲装置|A.安全阀适用于含固体颗粒、易沉淀结晶等介质的安全泄放|B.安全阀适用于失控放热反应的超压等压力急剧上升的工况|C.爆破片的爆破压力应在系统的最高工作压力与设计压力之间|D.安全泄放装置的额定泄放量应小于系统安全泄放量|A.关节活动度|B.上臂推举力|C.人体耗氧量|D.人体表面积|A.30km/h|B.40km/h|C.15km/h|D.10km/h|A.炸药的燃烧速率与炸药的组成和物理结构有关，与环境压力无关|B.在炸药中加入少量的二苯胺是为了改善炸药的燃烧特性和安全性|C.炸药的燃烧表面积与炸药表面的粗糙度有关，与几何形状无关|D.许多炸药的氧化剂和还原剂共存于炸药分子内，使爆炸过程极快|A.红热的坯料、锻件及飞溅氧化皮温度高，可造成灼烫|B.红热的坯料、锻件及飞溅氧化皮遇可燃物，可引发火灾|C.锻造作业工作环境恶劣且产生振动，可造成高处坠落|D.锻件或工具被打飞、模具或冲头打崩，可导致机械伤害|A.通过结构设计来解决乳化炸药装药机叶片泵内存有死角的问题|B.输送乳化炸药的装药机在设计制造时采取降低机械摩擦的措施|C.制定能指导乳化炸药生产作业的工艺技术规程和安全操作规程|D.乳化炸药生产车间内的所有防爆电气线路使用厚壁PVC管穿线|A.依危险化学品泄漏情况疏散无关人员|B.任何泄漏应先消除泄漏区域内的火源|C.气体和液体泄漏时应立刻切断泄漏源|D.固体泄漏时用适当的工具收集泄漏物|A.接地线与管道的连接可采用镀铜件螺纹连接|B.接地线穿越建筑物沉降缝时应弯成弧状|C.接地装置地下部分的连接应用抱箍螺纹连接|D.有伸缩缝的自然导体可以直接用作接地线|A.2%|B.3%|C.4%|D.5%|A.工作绝缘|B.绕组绝缘|C.加强绝缘|D.保护绝缘|A.粉尘湿度越大，爆炸危险性越小|B.粉尘粒度越小，爆炸危险性越小|C.粉尘分散度越高，爆炸危险性越小|D.粉尘初始温度越高，爆炸危险性越小|A.作业环境较差的场所，应采用封闭式的配电箱（柜）|B.装设在箱（柜）外表面的电气元件不应加装额外的屏护|C.有导电性粉尘的作业场所，不应安装密闭式箱（柜）|D.落地安装的箱（柜）操作手柄中心高度不宜超过1.6m|A.本质安全型设备，故障状态下产生的火花可点燃爆炸性混合物|B.在爆炸危险环境应尽量使用携带式、移动式设备、室外插销座|C.直流110V及以下的电气设备应保护接零（地），并等电位联结|D.爆炸危险环境有剧烈振动处应选用单股铜芯软线或单股铜芯电缆|A.爆炸均产生高温，可能导致灼烫|B.爆炸均产生冲击，可能导致伤亡|C.爆炸均产生强光，可能导致失明|D.爆炸均产生毒气，可能导致中毒|A.能量特征是标志火药作功能力的参量，一般是指100g火药燃烧时气体产物所作的功|B.力学特性是火药要具有相应的强度，能承受在使用和处理时各种力的作用|C.燃烧特性是标志火药能量释放的能力，取决于火药有效成分的燃烧药量及其燃烧热|D.安定性是指火药在生产、储存、运输和使用过程中，不发生燃烧、爆炸|A.易燃液体-Ⅰ类包装|B.危险性大的自热物质-Ⅱ类包装|C.中等危险性的货物-Ⅲ类包装|D.退敏爆炸品-Ⅲ类包装|A.0区|B.21区|C.1区|D.20区|A.用于防止触电的遮栏总体高度应不小于1.5m|B.用于防止触电的户外栅栏高度应不小于1.2m|C.金属材料制成的屏护装置不应保护接零（地）|D.屏护装置上应有醒目的、正确的警示标示牌|A.危险化学品装卸前，应对运输工具进行必要的通风和清扫|B.危险化学品装卸过程中，不得与普通货物混合堆放|C.当采取可行的安全措施时，可用铁质底板车运输强氧化剂|D.当采取可行的安全措施时，可用翻斗车运输液化石油气罐|A.Ⅰ级|B.Ⅱ级|C.Ⅲ级|D.Ⅳ级|A.25%|B.55%|C.70%|D.40%|A.固定式龙门钩|B.夹具吊钩|C.万向吊钩|D.C型吊钩|A.利用极限位置限制器停车|B.接近人时发出断续铃声示警|C.作业过程中进行检查与维修|D.带载调整变幅机构的制动器|A.可降低金属构件的刚度|B.可破坏金属构件的形状|C.可改善金属零件的功能|D.可降低金属零件的寿命|A.阀门等操作机构润滑状况|B.管道和管件等的腐蚀减薄状况|C.安全阀、压力表等运行状况|D.管线阴极保护装置的运行状况|A.自动断路阀隔爆装置|B.主动式隔爆装置|C.机械阻火器|D.管道换向隔爆装置|A.固定式防护装置不应遮挡剪切线|B.剪板机不应设置单次循环模式|C.剪板机紧急停机按钮应设置在侧面|D.防护装置安全距离应按操作速度确定|A.适用于泄爆易产生二次爆炸的设备|B.适用于对力学强度要求较高的设备|C.适用于无法或不便设泄爆口,A,本题主要考查的是客运索道安全装置。做题思路：理解客运索道安全装置的设置要求。A正确，缓冲装置：安装在运行轨道的末端，用于吸收运行小车在到达终点时的动能，防止硬性撞击；B错误，减摆装置：主要用于减少车厢在运行过程中的左右摆动，通常安装在吊架与运行小车之间；C错误，锚固装置：用于固定承载索和张紧索，确保索道的稳定性和安全性；D错误，防旋装置：用于防止承载索或张紧索自行旋转，确保其正常工作。故选A。
单选题,[2025年][河南中安]关于使用兆欧表测量绝缘电阻的说法，正确的是（）。,A.测量额定电压500V以上的线路或设备应采用500V兆欧表|B.测量正常运行中的线路或设备应采用较高电压的兆欧表|C.测量大修后非运行线路或设备应采用较低电压的兆欧表|D.兆欧表的测量连接导线应采用绝缘良好的单股线分开连接,D,本题主要考查的是兆欧表使用。做题思路：掌握兆欧表使用的要求。A错误，错在“500V”。测量500V以上的线路或设备应采用1000V或2500V的兆欧表；B错误，错在“较高电压”。测量运行中的线路或设备应采用较低电压的兆欧表；C错误，错在“较低电压”。测量新的和大修后的线路或设备应采用较高电压的兆欧表；D正确，测量连接导线不得采用双股绝缘线，而应采用绝缘良好单股线分开连接，以免双股线绝缘不良带来测量误差。故选D。
单选题,[2025年][河南中安]关于用水处置危险化学品泄漏及火灾事故的做法，正确的是（）。,A.向泄漏的液氯钢瓶直接喷水，稀释氯气浓度|B.向LPG钢瓶泄漏点喷水，稀释LPG浓度|C.液氨泄漏后采用雾状水喷淋，稀释氨气浓度|D.铝粉、镁粉等金属粉库房火灾，用水灭火,C,本题主要考查的是泄漏处理及火灾控制。做题思路：掌握水防止泄漏及火灾控制的要求。A错误，液氯遇水会生成盐酸和次氯酸，这些物质具有腐蚀性，并且可能加剧泄漏情况；B错误，LPG（液化石油气）泄漏时，喷水并不能有效稀释气体浓度，反而可能导致气体扩散范围扩大；C正确，液氨泄漏时，使用雾状水可以有效地稀释氨气，减少其浓度，降低对人体的危害；D错误，铝粉、镁粉等金属粉末与水反应会释放出大量热量，甚至可能引发爆炸，因此不能用水灭火。故选C。
单选题,"[2025年][河南中安]一、单选题
1
标记
收藏
操作人员易接触到的运动零部件是机械设备最危险的部位。例如，对旋式轧辊有可能卷入操作人员的手、臂或身体，进而造成伤害。为了避免这类伤害，应在此类部位安装的防护装置是（ ）。",A.钳型防护罩|B.可调式防护罩|C.联锁防护装置|D.金属防护网|A.限制最大应力|B.隔离动力供应|C.安装保护装置|D.实现急停功能|A.机械式、电气式联锁装置用于防止危险机器功能在特定条件下运行|B.能动装置与启动控制一起使用，在不连续操作时可使机器执行预定功能|C.限制装置是用于防止机器或危险机器状态超过设计载荷限度的装置|D.行程限制装置不与机器控制系统同时作用，以控制机器元件作有限运动|A.联锁式防护装置|B.活动式防护装置|C.固定式防护装置|D.可控式防护装置|A.紧急情况|B.异常情况|C.强制执行|D.正常情况|A.隔离装置|B.平衡装置|C.限位装置|D.缓冲装置|A.安全阀适用于含固体颗粒、易沉淀结晶等介质的安全泄放|B.安全阀适用于失控放热反应的超压等压力急剧上升的工况|C.爆破片的爆破压力应在系统的最高工作压力与设计压力之间|D.安全泄放装置的额定泄放量应小于系统安全泄放量|A.关节活动度|B.上臂推举力|C.人体耗氧量|D.人体表面积|A.30km/h|B.40km/h|C.15km/h|D.10km/h|A.炸药的燃烧速率与炸药的组成和物理结构有关，与环境压力无关|B.在炸药中加入少量的二苯胺是为了改善炸药的燃烧特性和安全性|C.炸药的燃烧表面积与炸药表面的粗糙度有关，与几何形状无关|D.许多炸药的氧化剂和还原剂共存于炸药分子内，使爆炸过程极快|A.红热的坯料、锻件及飞溅氧化皮温度高，可造成灼烫|B.红热的坯料、锻件及飞溅氧化皮遇可燃物，可引发火灾|C.锻造作业工作环境恶劣且产生振动，可造成高处坠落|D.锻件或工具被打飞、模具或冲头打崩，可导致机械伤害|A.通过结构设计来解决乳化炸药装药机叶片泵内存有死角的问题|B.输送乳化炸药的装药机在设计制造时采取降低机械摩擦的措施|C.制定能指导乳化炸药生产作业的工艺技术规程和安全操作规程|D.乳化炸药生产车间内的所有防爆电气线路使用厚壁PVC管穿线|A.依危险化学品泄漏情况疏散无关人员|B.任何泄漏应先消除泄漏区域内的火源|C.气体和液体泄漏时应立刻切断泄漏源|D.固体泄漏时用适当的工具收集泄漏物|A.接地线与管道的连接可采用镀铜件螺纹连接|B.接地线穿越建筑物沉降缝时应弯成弧状|C.接地装置地下部分的连接应用抱箍螺纹连接|D.有伸缩缝的自然导体可以直接用作接地线|A.2%|B.3%|C.4%|D.5%|A.工作绝缘|B.绕组绝缘|C.加强绝缘|D.保护绝缘|A.粉尘湿度越大，爆炸危险性越小|B.粉尘粒度越小，爆炸危险性越小|C.粉尘分散度越高，爆炸危险性越小|D.粉尘初始温度越高，爆炸危险性越小|A.作业环境较差的场所，应采用封闭式的配电箱（柜）|B.装设在箱（柜）外表面的电气元件不应加装额外的屏护|C.有导电性粉尘的作业场所，不应安装密闭式箱（柜）|D.落地安装的箱（柜）操作手柄中心高度不宜超过1.6m|A.本质安全型设备，故障状态下产生的火花可点燃爆炸性混合物|B.在爆炸危险环境应尽量使用携带式、移动式设备、室外插销座|C.直流110V及以下的电气设备应保护接零（地），并等电位联结|D.爆炸危险环境有剧烈振动处应选用单股铜芯软线或单股铜芯电缆|A.爆炸均产生高温，可能导致灼烫|B.爆炸均产生冲击，可能导致伤亡|C.爆炸均产生强光，可能导致失明|D.爆炸均产生毒气，可能导致中毒|A.能量特征是标志火药作功能力的参量，一般是指100g火药燃烧时气体产物所作的功|B.力学特性是火药要具有相应的强度，能承受在使用和处理时各种力的作用|C.燃烧特性是标志火药能量释放的能力，取决于火药有效成分的燃烧药量及其燃烧热|D.安定性是指火药在生产、储存、运输和使用过程中，不发生燃烧、爆炸|A.易燃液体-Ⅰ类包装|B.危险性大的自热物质-Ⅱ类包装|C.中等危险性的货物-Ⅲ类包装|D.退敏爆炸品-Ⅲ类包装|A.0区|B.21区|C.1区|D.20区|A.用于防止触电的遮栏总体高度应不小于1.5m|B.用于防止触电的户外栅栏高度应不小于1.2m|C.金属材料制成的屏护装置不应保护接零（地）|D.屏护装置上应有醒目的、正确的警示标示牌|A.危险化学品装卸前，应对运输工具进行必要的通风和清扫|B.危险化学品装卸过程中，不得与普通货物混合堆放|C.当采取可行的安全措施时，可用铁质底板车运输强氧化剂|D.当采取可行的安全措施时，可用翻斗车运输液化石油气罐|A.Ⅰ级|B.Ⅱ级|C.Ⅲ级|D.Ⅳ级|A.25%|B.55%|C.70%|D.40%|A.固定式龙门钩|B.夹具吊钩|C.万向吊钩|D.C型吊钩|A.利用极限位置限制器停车|B.接近人时发出断续铃声示警|C.作业过程中进行检查与维修|D.带载调整变幅机构的制动器|A.可降低金属构件的刚度|B.可破坏金属构件的形状|C.可改善金属零件的功能|D.可降低金属零件的寿命|A.阀门等操作机构润滑状况|B.管道和管件等的腐蚀减薄状况|C.安全阀、压力表等运行状况|D.管线阴极保护装置的运行状况|A.自动断路阀隔爆装置|B.主动式隔爆装置|C.机械阻火器|D.管道换向隔爆装置|A.固定式防护装置不应遮挡剪切线|B.剪板机不应设置单次循环模式|C.剪板机紧急停机按钮应设置在侧面|D.防护装置安全距离应按操作速度确定|A.适用于泄爆易产生二次爆炸的设备|B.适用于对力学强度要求较高的设备|C.适用于无法或不便设泄爆口,C,本题主要考查的是大型游乐设施的报废。C正确，《大型游乐设施安全技术规程》（TSG71-2023），6.3.4报废。存在严重事故隐患，无改造、修理价值的大型游乐设施，或者达到安全技术规范规定的报废期限或条件的，应当及时予以报废，运营使用单位应当采取必要措施消除该大型游乐设施的使用功能，至少将设备的电气系统进行去功能化处理，并办理报废手续。故选C。
单选题,"[2025年][河南中安]一、单选题
1
标记
收藏
操作人员易接触到的运动零部件是机械设备最危险的部位。例如，对旋式轧辊有可能卷入操作人员的手、臂或身体，进而造成伤害。为了避免这类伤害，应在此类部位安装的防护装置是（ ）。",A.钳型防护罩|B.可调式防护罩|C.联锁防护装置|D.金属防护网|A.限制最大应力|B.隔离动力供应|C.安装保护装置|D.实现急停功能|A.机械式、电气式联锁装置用于防止危险机器功能在特定条件下运行|B.能动装置与启动控制一起使用，在不连续操作时可使机器执行预定功能|C.限制装置是用于防止机器或危险机器状态超过设计载荷限度的装置|D.行程限制装置不与机器控制系统同时作用，以控制机器元件作有限运动|A.联锁式防护装置|B.活动式防护装置|C.固定式防护装置|D.可控式防护装置|A.紧急情况|B.异常情况|C.强制执行|D.正常情况|A.隔离装置|B.平衡装置|C.限位装置|D.缓冲装置|A.安全阀适用于含固体颗粒、易沉淀结晶等介质的安全泄放|B.安全阀适用于失控放热反应的超压等压力急剧上升的工况|C.爆破片的爆破压力应在系统的最高工作压力与设计压力之间|D.安全泄放装置的额定泄放量应小于系统安全泄放量|A.关节活动度|B.上臂推举力|C.人体耗氧量|D.人体表面积|A.30km/h|B.40km/h|C.15km/h|D.10km/h|A.炸药的燃烧速率与炸药的组成和物理结构有关，与环境压力无关|B.在炸药中加入少量的二苯胺是为了改善炸药的燃烧特性和安全性|C.炸药的燃烧表面积与炸药表面的粗糙度有关，与几何形状无关|D.许多炸药的氧化剂和还原剂共存于炸药分子内，使爆炸过程极快|A.红热的坯料、锻件及飞溅氧化皮温度高，可造成灼烫|B.红热的坯料、锻件及飞溅氧化皮遇可燃物，可引发火灾|C.锻造作业工作环境恶劣且产生振动，可造成高处坠落|D.锻件或工具被打飞、模具或冲头打崩，可导致机械伤害|A.通过结构设计来解决乳化炸药装药机叶片泵内存有死角的问题|B.输送乳化炸药的装药机在设计制造时采取降低机械摩擦的措施|C.制定能指导乳化炸药生产作业的工艺技术规程和安全操作规程|D.乳化炸药生产车间内的所有防爆电气线路使用厚壁PVC管穿线|A.依危险化学品泄漏情况疏散无关人员|B.任何泄漏应先消除泄漏区域内的火源|C.气体和液体泄漏时应立刻切断泄漏源|D.固体泄漏时用适当的工具收集泄漏物|A.接地线与管道的连接可采用镀铜件螺纹连接|B.接地线穿越建筑物沉降缝时应弯成弧状|C.接地装置地下部分的连接应用抱箍螺纹连接|D.有伸缩缝的自然导体可以直接用作接地线|A.2%|B.3%|C.4%|D.5%|A.工作绝缘|B.绕组绝缘|C.加强绝缘|D.保护绝缘|A.粉尘湿度越大，爆炸危险性越小|B.粉尘粒度越小，爆炸危险性越小|C.粉尘分散度越高，爆炸危险性越小|D.粉尘初始温度越高，爆炸危险性越小|A.作业环境较差的场所，应采用封闭式的配电箱（柜）|B.装设在箱（柜）外表面的电气元件不应加装额外的屏护|C.有导电性粉尘的作业场所，不应安装密闭式箱（柜）|D.落地安装的箱（柜）操作手柄中心高度不宜超过1.6m|A.本质安全型设备，故障状态下产生的火花可点燃爆炸性混合物|B.在爆炸危险环境应尽量使用携带式、移动式设备、室外插销座|C.直流110V及以下的电气设备应保护接零（地），并等电位联结|D.爆炸危险环境有剧烈振动处应选用单股铜芯软线或单股铜芯电缆|A.爆炸均产生高温，可能导致灼烫|B.爆炸均产生冲击，可能导致伤亡|C.爆炸均产生强光，可能导致失明|D.爆炸均产生毒气，可能导致中毒|A.能量特征是标志火药作功能力的参量，一般是指100g火药燃烧时气体产物所作的功|B.力学特性是火药要具有相应的强度，能承受在使用和处理时各种力的作用|C.燃烧特性是标志火药能量释放的能力，取决于火药有效成分的燃烧药量及其燃烧热|D.安定性是指火药在生产、储存、运输和使用过程中，不发生燃烧、爆炸|A.易燃液体-Ⅰ类包装|B.危险性大的自热物质-Ⅱ类包装|C.中等危险性的货物-Ⅲ类包装|D.退敏爆炸品-Ⅲ类包装|A.0区|B.21区|C.1区|D.20区|A.用于防止触电的遮栏总体高度应不小于1.5m|B.用于防止触电的户外栅栏高度应不小于1.2m|C.金属材料制成的屏护装置不应保护接零（地）|D.屏护装置上应有醒目的、正确的警示标示牌|A.危险化学品装卸前，应对运输工具进行必要的通风和清扫|B.危险化学品装卸过程中，不得与普通货物混合堆放|C.当采取可行的安全措施时，可用铁质底板车运输强氧化剂|D.当采取可行的安全措施时，可用翻斗车运输液化石油气罐|A.Ⅰ级|B.Ⅱ级|C.Ⅲ级|D.Ⅳ级|A.25%|B.55%|C.70%|D.40%|A.固定式龙门钩|B.夹具吊钩|C.万向吊钩|D.C型吊钩|A.利用极限位置限制器停车|B.接近人时发出断续铃声示警|C.作业过程中进行检查与维修|D.带载调整变幅机构的制动器|A.可降低金属构件的刚度|B.可破坏金属构件的形状|C.可改善金属零件的功能|D.可降低金属零件的寿命|A.阀门等操作机构润滑状况|B.管道和管件等的腐蚀减薄状况|C.安全阀、压力表等运行状况|D.管线阴极保护装置的运行状况|A.自动断路阀隔爆装置|B.主动式隔爆装置|C.机械阻火器|D.管道换向隔爆装置|A.固定式防护装置不应遮挡剪切线|B.剪板机不应设置单次循环模式|C.剪板机紧急停机按钮应设置在侧面|D.防护装置安全距离应按操作速度确定|A.适用于泄爆易产生二次爆炸的设备|B.适用于对力学强度要求较高的设备|C.适用于无法或不便设泄爆口,C,本题主要考查的是雷电特性。做题思路：理解雷电的特性。A错误，错在“不会”。直击雷会产生重复放电；B错误，错在“远离室内”。在雷雨季节，球雷可能从门、窗、烟囱等通道侵入室内；C正确，雷电流幅值可达数十千安至数百千安；D错误，错在“低频特性”。由于雷电流陡度很大，雷电具有高频特征。故选C。
单选题,"[2025年][河南中安]一、单选题
54
标记
收藏
关于铸造工艺安全技术要求的说法，正确的是（）。",A.混砂机应配置密闭罩或防护设施|B.造型工段应布置在自然风通道|C.冲天炉应加萤石以降低炉渣的熔点|D.落砂清理不应采用机器人作业,A,本题主要考查的是铸造工艺安全技术。做题思路：掌握理解铸造工艺安全技术。A正确，混砂机在工作过程中会产生大量粉尘，配置密闭罩或防护设施可以有效减少粉尘的扩散；B错误，错在“布置在自然风通道”。造型、制芯工段应根据风向和采暖情况进行合理布置。在集中采暖地区，应布置在非采暖季节最小频率风向的下风侧；在非集中采暖地区，应位于全年最小频率风向的下风侧；C错误，错在“应加萤石”。冲天炉熔炼不宜加萤石；D错误，错在“不应采用”。落砂清理可以采用机器人作业，这样可以减少人工操作的风险，提高生产效率和安全性。故选A。
单选题,[2025年][河南中安]关于客运缆车安全装置的说法，正确的是（）。,A.制动液压站和张紧液压站不应设置手动泵|B.在有树木的地方应装设检测树倒的装置|C.应配备两套相同类型的进站减速控制装置|D.控制台上应设置紧急安全制动的手动装置,D,本题主要考查的是客运缆车应具备的安全装置。做题思路：理解客运缆车安全装置的设置要求。A错误，错在“不应设置手动泵”。制动液压站和张紧液压站应设有手动泵，当液压系统出现故障时可以用手动泵临时进行工作；B错误，错在“在有树木的地方”。在个别有危树的地方应装设检测树倒的装置，一旦树倒立即报警并停车；C错误，错在“相同类型”。应配备至少两套不同类型、来源及独立控制的进站减速控制装置；每套装置应能可靠减速；D正确，在控制台上应有手动装置通过机械方式或电气方式使安全制动器工作。故选D。
单选题,"[2025年][河南中安]一、单选题
1
标记
收藏
操作人员易接触到的运动零部件是机械设备最危险的部位。例如，对旋式轧辊有可能卷入操作人员的手、臂或身体，进而造成伤害。为了避免这类伤害，应在此类部位安装的防护装置是（ ）。",A.钳型防护罩|B.可调式防护罩|C.联锁防护装置|D.金属防护网|A.限制最大应力|B.隔离动力供应|C.安装保护装置|D.实现急停功能|A.机械式、电气式联锁装置用于防止危险机器功能在特定条件下运行|B.能动装置与启动控制一起使用，在不连续操作时可使机器执行预定功能|C.限制装置是用于防止机器或危险机器状态超过设计载荷限度的装置|D.行程限制装置不与机器控制系统同时作用，以控制机器元件作有限运动|A.联锁式防护装置|B.活动式防护装置|C.固定式防护装置|D.可控式防护装置|A.紧急情况|B.异常情况|C.强制执行|D.正常情况|A.隔离装置|B.平衡装置|C.限位装置|D.缓冲装置|A.安全阀适用于含固体颗粒、易沉淀结晶等介质的安全泄放|B.安全阀适用于失控放热反应的超压等压力急剧上升的工况|C.爆破片的爆破压力应在系统的最高工作压力与设计压力之间|D.安全泄放装置的额定泄放量应小于系统安全泄放量|A.关节活动度|B.上臂推举力|C.人体耗氧量|D.人体表面积|A.30km/h|B.40km/h|C.15km/h|D.10km/h|A.炸药的燃烧速率与炸药的组成和物理结构有关，与环境压力无关|B.在炸药中加入少量的二苯胺是为了改善炸药的燃烧特性和安全性|C.炸药的燃烧表面积与炸药表面的粗糙度有关，与几何形状无关|D.许多炸药的氧化剂和还原剂共存于炸药分子内，使爆炸过程极快|A.红热的坯料、锻件及飞溅氧化皮温度高，可造成灼烫|B.红热的坯料、锻件及飞溅氧化皮遇可燃物，可引发火灾|C.锻造作业工作环境恶劣且产生振动，可造成高处坠落|D.锻件或工具被打飞、模具或冲头打崩，可导致机械伤害|A.通过结构设计来解决乳化炸药装药机叶片泵内存有死角的问题|B.输送乳化炸药的装药机在设计制造时采取降低机械摩擦的措施|C.制定能指导乳化炸药生产作业的工艺技术规程和安全操作规程|D.乳化炸药生产车间内的所有防爆电气线路使用厚壁PVC管穿线|A.依危险化学品泄漏情况疏散无关人员|B.任何泄漏应先消除泄漏区域内的火源|C.气体和液体泄漏时应立刻切断泄漏源|D.固体泄漏时用适当的工具收集泄漏物|A.接地线与管道的连接可采用镀铜件螺纹连接|B.接地线穿越建筑物沉降缝时应弯成弧状|C.接地装置地下部分的连接应用抱箍螺纹连接|D.有伸缩缝的自然导体可以直接用作接地线|A.2%|B.3%|C.4%|D.5%|A.工作绝缘|B.绕组绝缘|C.加强绝缘|D.保护绝缘|A.粉尘湿度越大，爆炸危险性越小|B.粉尘粒度越小，爆炸危险性越小|C.粉尘分散度越高，爆炸危险性越小|D.粉尘初始温度越高，爆炸危险性越小|A.作业环境较差的场所，应采用封闭式的配电箱（柜）|B.装设在箱（柜）外表面的电气元件不应加装额外的屏护|C.有导电性粉尘的作业场所，不应安装密闭式箱（柜）|D.落地安装的箱（柜）操作手柄中心高度不宜超过1.6m|A.本质安全型设备，故障状态下产生的火花可点燃爆炸性混合物|B.在爆炸危险环境应尽量使用携带式、移动式设备、室外插销座|C.直流110V及以下的电气设备应保护接零（地），并等电位联结|D.爆炸危险环境有剧烈振动处应选用单股铜芯软线或单股铜芯电缆|A.爆炸均产生高温，可能导致灼烫|B.爆炸均产生冲击，可能导致伤亡|C.爆炸均产生强光，可能导致失明|D.爆炸均产生毒气，可能导致中毒|A.能量特征是标志火药作功能力的参量，一般是指100g火药燃烧时气体产物所作的功|B.力学特性是火药要具有相应的强度，能承受在使用和处理时各种力的作用|C.燃烧特性是标志火药能量释放的能力，取决于火药有效成分的燃烧药量及其燃烧热|D.安定性是指火药在生产、储存、运输和使用过程中，不发生燃烧、爆炸|A.易燃液体-Ⅰ类包装|B.危险性大的自热物质-Ⅱ类包装|C.中等危险性的货物-Ⅲ类包装|D.退敏爆炸品-Ⅲ类包装|A.0区|B.21区|C.1区|D.20区|A.用于防止触电的遮栏总体高度应不小于1.5m|B.用于防止触电的户外栅栏高度应不小于1.2m|C.金属材料制成的屏护装置不应保护接零（地）|D.屏护装置上应有醒目的、正确的警示标示牌|A.危险化学品装卸前，应对运输工具进行必要的通风和清扫|B.危险化学品装卸过程中，不得与普通货物混合堆放|C.当采取可行的安全措施时，可用铁质底板车运输强氧化剂|D.当采取可行的安全措施时，可用翻斗车运输液化石油气罐|A.Ⅰ级|B.Ⅱ级|C.Ⅲ级|D.Ⅳ级|A.25%|B.55%|C.70%|D.40%|A.固定式龙门钩|B.夹具吊钩|C.万向吊钩|D.C型吊钩|A.利用极限位置限制器停车|B.接近人时发出断续铃声示警|C.作业过程中进行检查与维修|D.带载调整变幅机构的制动器|A.可降低金属构件的刚度|B.可破坏金属构件的形状|C.可改善金属零件的功能|D.可降低金属零件的寿命|A.阀门等操作机构润滑状况|B.管道和管件等的腐蚀减薄状况|C.安全阀、压力表等运行状况|D.管线阴极保护装置的运行状况|A.自动断路阀隔爆装置|B.主动式隔爆装置|C.机械阻火器|D.管道换向隔爆装置|A.固定式防护装置不应遮挡剪切线|B.剪板机不应设置单次循环模式|C.剪板机紧急停机按钮应设置在侧面|D.防护装置安全距离应按操作速度确定|A.适用于泄爆易产生二次爆炸的设备|B.适用于对力学强度要求较高的设备|C.适用于无法或不便设泄爆口,C,本题主要考查的是照明的种类及设置要求。做题思路：相对安全，不是很危险的场所。非工作时间，在车间、营业厅、展厅等大面积场所提供值班照明；为防范需要，在重要厂区、库区等有警戒任务的场所，根据警戒范围要求而设置的警卫照明等。故选C。
单选题,[2025年][河南中安]关于直击雷防护技术的说法，正确的是（）。,A.严禁在装有避雷针的构筑物上架设通信线|B.独立避雷针与建筑物可共用接地装置|C.严禁利用照明灯塔作独立避雷针的支柱|D.壁厚大于4mm的露天接地金属罐需装接闪器,A,本题主要考查的是直击雷防护技术。做题思路：理解直击雷防护要求。A正确，严禁在装有避雷针的构筑物上架设通信线、广播线或低压线；B错误，错在“可共用接地装置”。独立避雷针是离开建筑物单独装设的；C错误，错在“严禁利用”。利用照明灯塔作独立避雷针支柱时，为了防止将雷电冲击电压引进室内，照明电源线必须采用铅皮电缆或穿入铁管，并将铅皮电缆或铁管埋入地下经10m以上（水平距离，埋深0.5～0.8m）才能引进室内。独立避雷针不应设在人经常通行的地方；D错误，错在“需装接闪器”。露天装设的有爆炸危险的金属储罐和工艺装置，当其壁厚不小于4mm时，允许不再装设接闪器，但必须接地。故选A。
单选题,[2025年][河南中安]关于静电危害的说法，正确的是（）。,A.静电电压高但能量小，不会击穿集成电路的绝缘|B.在爆炸性混合物环境，静电火花可能产生燃烧爆炸|C.带静电的人体接近接地导体时不会发生火花放电|D.静电放电造成的瞬间冲击性电击可能致人死亡,B,本题主要考查的是静电危害。做题思路：理解静电的危害及防治。A错误，错在“不会击穿”。静电能量虽然不大，但因其电压很高而容易发生放电。生产过程中产生的静电，可能妨碍生产或降低产品质量。例如，在电子技术领域，生产过程中产生的静电可能引起计算机等设备中电子元件误动作，可能对无线电设备产生干扰，还可能击穿集成电路的绝缘等；B正确，如果所在场所有易燃物质，又有由易燃物质形成的爆炸性混合物，包括爆炸性气体和蒸气，以及爆炸性粉尘等，即可能由静电火花引起爆炸或火灾；C错误，错在“不会发生”。带静电的人体接近接地导体或其他导体时，以及接地的人体接近带电的物体时，均可能发生火花放电，导致爆炸或火灾；D错误，错在“可能致人死亡”。静电电击是静电放电造成的瞬间冲击性的电击。由于生产工艺过程中积累的静电能量不大，静电电击不会使人致命。故选B。
单选题,"[2025年][河南中安]一、单选题
1
标记
收藏
操作人员易接触到的运动零部件是机械设备最危险的部位。例如，对旋式轧辊有可能卷入操作人员的手、臂或身体，进而造成伤害。为了避免这类伤害，应在此类部位安装的防护装置是（ ）。",A.钳型防护罩|B.可调式防护罩|C.联锁防护装置|D.金属防护网|A.限制最大应力|B.隔离动力供应|C.安装保护装置|D.实现急停功能|A.机械式、电气式联锁装置用于防止危险机器功能在特定条件下运行|B.能动装置与启动控制一起使用，在不连续操作时可使机器执行预定功能|C.限制装置是用于防止机器或危险机器状态超过设计载荷限度的装置|D.行程限制装置不与机器控制系统同时作用，以控制机器元件作有限运动|A.联锁式防护装置|B.活动式防护装置|C.固定式防护装置|D.可控式防护装置|A.紧急情况|B.异常情况|C.强制执行|D.正常情况|A.隔离装置|B.平衡装置|C.限位装置|D.缓冲装置|A.安全阀适用于含固体颗粒、易沉淀结晶等介质的安全泄放|B.安全阀适用于失控放热反应的超压等压力急剧上升的工况|C.爆破片的爆破压力应在系统的最高工作压力与设计压力之间|D.安全泄放装置的额定泄放量应小于系统安全泄放量|A.关节活动度|B.上臂推举力|C.人体耗氧量|D.人体表面积|A.30km/h|B.40km/h|C.15km/h|D.10km/h|A.炸药的燃烧速率与炸药的组成和物理结构有关，与环境压力无关|B.在炸药中加入少量的二苯胺是为了改善炸药的燃烧特性和安全性|C.炸药的燃烧表面积与炸药表面的粗糙度有关，与几何形状无关|D.许多炸药的氧化剂和还原剂共存于炸药分子内，使爆炸过程极快|A.红热的坯料、锻件及飞溅氧化皮温度高，可造成灼烫|B.红热的坯料、锻件及飞溅氧化皮遇可燃物，可引发火灾|C.锻造作业工作环境恶劣且产生振动，可造成高处坠落|D.锻件或工具被打飞、模具或冲头打崩，可导致机械伤害|A.通过结构设计来解决乳化炸药装药机叶片泵内存有死角的问题|B.输送乳化炸药的装药机在设计制造时采取降低机械摩擦的措施|C.制定能指导乳化炸药生产作业的工艺技术规程和安全操作规程|D.乳化炸药生产车间内的所有防爆电气线路使用厚壁PVC管穿线|A.依危险化学品泄漏情况疏散无关人员|B.任何泄漏应先消除泄漏区域内的火源|C.气体和液体泄漏时应立刻切断泄漏源|D.固体泄漏时用适当的工具收集泄漏物|A.接地线与管道的连接可采用镀铜件螺纹连接|B.接地线穿越建筑物沉降缝时应弯成弧状|C.接地装置地下部分的连接应用抱箍螺纹连接|D.有伸缩缝的自然导体可以直接用作接地线|A.2%|B.3%|C.4%|D.5%|A.工作绝缘|B.绕组绝缘|C.加强绝缘|D.保护绝缘|A.粉尘湿度越大，爆炸危险性越小|B.粉尘粒度越小，爆炸危险性越小|C.粉尘分散度越高，爆炸危险性越小|D.粉尘初始温度越高，爆炸危险性越小|A.作业环境较差的场所，应采用封闭式的配电箱（柜）|B.装设在箱（柜）外表面的电气元件不应加装额外的屏护|C.有导电性粉尘的作业场所，不应安装密闭式箱（柜）|D.落地安装的箱（柜）操作手柄中心高度不宜超过1.6m|A.本质安全型设备，故障状态下产生的火花可点燃爆炸性混合物|B.在爆炸危险环境应尽量使用携带式、移动式设备、室外插销座|C.直流110V及以下的电气设备应保护接零（地），并等电位联结|D.爆炸危险环境有剧烈振动处应选用单股铜芯软线或单股铜芯电缆|A.爆炸均产生高温，可能导致灼烫|B.爆炸均产生冲击，可能导致伤亡|C.爆炸均产生强光，可能导致失明|D.爆炸均产生毒气，可能导致中毒|A.能量特征是标志火药作功能力的参量，一般是指100g火药燃烧时气体产物所作的功|B.力学特性是火药要具有相应的强度，能承受在使用和处理时各种力的作用|C.燃烧特性是标志火药能量释放的能力，取决于火药有效成分的燃烧药量及其燃烧热|D.安定性是指火药在生产、储存、运输和使用过程中，不发生燃烧、爆炸|A.易燃液体-Ⅰ类包装|B.危险性大的自热物质-Ⅱ类包装|C.中等危险性的货物-Ⅲ类包装|D.退敏爆炸品-Ⅲ类包装|A.0区|B.21区|C.1区|D.20区|A.用于防止触电的遮栏总体高度应不小于1.5m|B.用于防止触电的户外栅栏高度应不小于1.2m|C.金属材料制成的屏护装置不应保护接零（地）|D.屏护装置上应有醒目的、正确的警示标示牌|A.危险化学品装卸前，应对运输工具进行必要的通风和清扫|B.危险化学品装卸过程中，不得与普通货物混合堆放|C.当采取可行的安全措施时，可用铁质底板车运输强氧化剂|D.当采取可行的安全措施时，可用翻斗车运输液化石油气罐|A.Ⅰ级|B.Ⅱ级|C.Ⅲ级|D.Ⅳ级|A.25%|B.55%|C.70%|D.40%|A.固定式龙门钩|B.夹具吊钩|C.万向吊钩|D.C型吊钩|A.利用极限位置限制器停车|B.接近人时发出断续铃声示警|C.作业过程中进行检查与维修|D.带载调整变幅机构的制动器|A.可降低金属构件的刚度|B.可破坏金属构件的形状|C.可改善金属零件的功能|D.可降低金属零件的寿命|A.阀门等操作机构润滑状况|B.管道和管件等的腐蚀减薄状况|C.安全阀、压力表等运行状况|D.管线阴极保护装置的运行状况|A.自动断路阀隔爆装置|B.主动式隔爆装置|C.机械阻火器|D.管道换向隔爆装置|A.固定式防护装置不应遮挡剪切线|B.剪板机不应设置单次循环模式|C.剪板机紧急停机按钮应设置在侧面|D.防护装置安全距离应按操作速度确定|A.适用于泄爆易产生二次爆炸的设备|B.适用于对力学强度要求较高的设备|C.适用于无法或不便设泄爆口,D,本题主要考查的是危险化学晶中毒、污染事故预防控制措施。做题思路：事前不产生污染。目前采取的主要措施是替代、变更工艺、隔离、通风、个体防护和保持卫生。个体防护不能被视为控制危害的主要手段，而只能作为一种辅助性措施。故选D。
单选题,[2025年][河南中安]关于放散管安装要求的说法，正确的是（）。,A.在城镇燃气管网中，放散管不得设在闸井中|B.在城镇燃气管网中，放散管不应安装在阀门之后|C.在有分段阀门的中压燃气干管上，应设在阀门两侧|D.在单向供气的城镇燃气管道上，应安装在阀门之后,C,本题主要考查的是放散管安装要求。做题思路：管网中安装在前后，单向管道安装在前面。A错误，错在“不得设在”。在城镇燃气管网中，放散管一般设在闸井中；BD错误，C正确，在管网中安装在阀门前后，在单向供气的管道上则安装在阀门之前。故选C。
单选题,[2025年][河南中安]感温火灾探测器种类繁多，根据其感热效果和结构型式，可分为定温式、差温式和差定温组合式三类。关于不同种类感温火灾探测器的说法，正确的是（）。,A.差定温火灾探测器既能响应预定温度报警，又能响应预定温升速率报警|B.定温火灾探测器有较好的可靠性和稳定性，响应时间短，灵敏度高|C.差温火灾探测器是当环境温升差值超过预定值时，就能响应的感温探测器|D.差温火灾探测器可分为电子差温探测器和低熔点合金感温探测器,A,本题主要考查的是感温火灾探测器。做题思路：理解掌握感温火灾探测器的性能。A正确，差定温火灾探测器是一种既能响应预定温度报警，又能响应预定温升速率报警的火灾探测器；B错误，错在“响应时间短，灵敏度高”。定温火灾探测器有较好的可靠性和稳定性，保养维修也方便，只是响应过程长些，灵敏度低些；C错误，错在“温升差值”。差温火灾探测器是一种环境升温速率超过预定值，即能响应的感温探测器；D错误，错在“低熔点合金感温探测器”。差温火灾探测器可分为电子差温探测器、膜盒感温探测器等。定温火灾探测器又可分为双金属片定温探测器、热敏电阻定温探测器、低熔点合金探测器等。故选A。
单选题,"[2025年][河南中安]一、单选题
1
标记
收藏
操作人员易接触到的运动零部件是机械设备最危险的部位。例如，对旋式轧辊有可能卷入操作人员的手、臂或身体，进而造成伤害。为了避免这类伤害，应在此类部位安装的防护装置是（ ）。",A.钳型防护罩|B.可调式防护罩|C.联锁防护装置|D.金属防护网|A.限制最大应力|B.隔离动力供应|C.安装保护装置|D.实现急停功能|A.机械式、电气式联锁装置用于防止危险机器功能在特定条件下运行|B.能动装置与启动控制一起使用，在不连续操作时可使机器执行预定功能|C.限制装置是用于防止机器或危险机器状态超过设计载荷限度的装置|D.行程限制装置不与机器控制系统同时作用，以控制机器元件作有限运动|A.联锁式防护装置|B.活动式防护装置|C.固定式防护装置|D.可控式防护装置|A.紧急情况|B.异常情况|C.强制执行|D.正常情况|A.隔离装置|B.平衡装置|C.限位装置|D.缓冲装置|A.安全阀适用于含固体颗粒、易沉淀结晶等介质的安全泄放|B.安全阀适用于失控放热反应的超压等压力急剧上升的工况|C.爆破片的爆破压力应在系统的最高工作压力与设计压力之间|D.安全泄放装置的额定泄放量应小于系统安全泄放量|A.关节活动度|B.上臂推举力|C.人体耗氧量|D.人体表面积|A.30km/h|B.40km/h|C.15km/h|D.10km/h|A.炸药的燃烧速率与炸药的组成和物理结构有关，与环境压力无关|B.在炸药中加入少量的二苯胺是为了改善炸药的燃烧特性和安全性|C.炸药的燃烧表面积与炸药表面的粗糙度有关，与几何形状无关|D.许多炸药的氧化剂和还原剂共存于炸药分子内，使爆炸过程极快|A.红热的坯料、锻件及飞溅氧化皮温度高，可造成灼烫|B.红热的坯料、锻件及飞溅氧化皮遇可燃物，可引发火灾|C.锻造作业工作环境恶劣且产生振动，可造成高处坠落|D.锻件或工具被打飞、模具或冲头打崩，可导致机械伤害|A.通过结构设计来解决乳化炸药装药机叶片泵内存有死角的问题|B.输送乳化炸药的装药机在设计制造时采取降低机械摩擦的措施|C.制定能指导乳化炸药生产作业的工艺技术规程和安全操作规程|D.乳化炸药生产车间内的所有防爆电气线路使用厚壁PVC管穿线|A.依危险化学品泄漏情况疏散无关人员|B.任何泄漏应先消除泄漏区域内的火源|C.气体和液体泄漏时应立刻切断泄漏源|D.固体泄漏时用适当的工具收集泄漏物|A.接地线与管道的连接可采用镀铜件螺纹连接|B.接地线穿越建筑物沉降缝时应弯成弧状|C.接地装置地下部分的连接应用抱箍螺纹连接|D.有伸缩缝的自然导体可以直接用作接地线|A.2%|B.3%|C.4%|D.5%|A.工作绝缘|B.绕组绝缘|C.加强绝缘|D.保护绝缘|A.粉尘湿度越大，爆炸危险性越小|B.粉尘粒度越小，爆炸危险性越小|C.粉尘分散度越高，爆炸危险性越小|D.粉尘初始温度越高，爆炸危险性越小|A.作业环境较差的场所，应采用封闭式的配电箱（柜）|B.装设在箱（柜）外表面的电气元件不应加装额外的屏护|C.有导电性粉尘的作业场所，不应安装密闭式箱（柜）|D.落地安装的箱（柜）操作手柄中心高度不宜超过1.6m|A.本质安全型设备，故障状态下产生的火花可点燃爆炸性混合物|B.在爆炸危险环境应尽量使用携带式、移动式设备、室外插销座|C.直流110V及以下的电气设备应保护接零（地），并等电位联结|D.爆炸危险环境有剧烈振动处应选用单股铜芯软线或单股铜芯电缆|A.爆炸均产生高温，可能导致灼烫|B.爆炸均产生冲击，可能导致伤亡|C.爆炸均产生强光，可能导致失明|D.爆炸均产生毒气，可能导致中毒|A.能量特征是标志火药作功能力的参量，一般是指100g火药燃烧时气体产物所作的功|B.力学特性是火药要具有相应的强度，能承受在使用和处理时各种力的作用|C.燃烧特性是标志火药能量释放的能力，取决于火药有效成分的燃烧药量及其燃烧热|D.安定性是指火药在生产、储存、运输和使用过程中，不发生燃烧、爆炸|A.易燃液体-Ⅰ类包装|B.危险性大的自热物质-Ⅱ类包装|C.中等危险性的货物-Ⅲ类包装|D.退敏爆炸品-Ⅲ类包装|A.0区|B.21区|C.1区|D.20区|A.用于防止触电的遮栏总体高度应不小于1.5m|B.用于防止触电的户外栅栏高度应不小于1.2m|C.金属材料制成的屏护装置不应保护接零（地）|D.屏护装置上应有醒目的、正确的警示标示牌|A.危险化学品装卸前，应对运输工具进行必要的通风和清扫|B.危险化学品装卸过程中，不得与普通货物混合堆放|C.当采取可行的安全措施时，可用铁质底板车运输强氧化剂|D.当采取可行的安全措施时，可用翻斗车运输液化石油气罐|A.Ⅰ级|B.Ⅱ级|C.Ⅲ级|D.Ⅳ级|A.25%|B.55%|C.70%|D.40%|A.固定式龙门钩|B.夹具吊钩|C.万向吊钩|D.C型吊钩|A.利用极限位置限制器停车|B.接近人时发出断续铃声示警|C.作业过程中进行检查与维修|D.带载调整变幅机构的制动器|A.可降低金属构件的刚度|B.可破坏金属构件的形状|C.可改善金属零件的功能|D.可降低金属零件的寿命|A.阀门等操作机构润滑状况|B.管道和管件等的腐蚀减薄状况|C.安全阀、压力表等运行状况|D.管线阴极保护装置的运行状况|A.自动断路阀隔爆装置|B.主动式隔爆装置|C.机械阻火器|D.管道换向隔爆装置|A.固定式防护装置不应遮挡剪切线|B.剪板机不应设置单次循环模式|C.剪板机紧急停机按钮应设置在侧面|D.防护装置安全距离应按操作速度确定|A.适用于泄爆易产生二次爆炸的设备|B.适用于对力学强度要求较高的设备|C.适用于无法或不便设泄爆口,A,本题主要考查的是健康危害的吸入危害分类。A正确，在TDG中，毒性气体是指那些在吸入时对人体有严重毒性的气体；B错误，在TDG中，毒性物质是指固体或液体，而不是气体，它们在吞咽、吸入或皮肤接触时对人体有毒性；C错误，在TDG中，腐蚀性物质是指能够严重损害活组织或金属的物质；D错误，在TDG中，放射性物质是指含有放射性核素的物质。故选A。
单选题,"[2025年][河南中安]一、单选题
1
标记
收藏
操作人员易接触到的运动零部件是机械设备最危险的部位。例如，对旋式轧辊有可能卷入操作人员的手、臂或身体，进而造成伤害。为了避免这类伤害，应在此类部位安装的防护装置是（ ）。",A.钳型防护罩|B.可调式防护罩|C.联锁防护装置|D.金属防护网|A.限制最大应力|B.隔离动力供应|C.安装保护装置|D.实现急停功能|A.机械式、电气式联锁装置用于防止危险机器功能在特定条件下运行|B.能动装置与启动控制一起使用，在不连续操作时可使机器执行预定功能|C.限制装置是用于防止机器或危险机器状态超过设计载荷限度的装置|D.行程限制装置不与机器控制系统同时作用，以控制机器元件作有限运动|A.联锁式防护装置|B.活动式防护装置|C.固定式防护装置|D.可控式防护装置|A.紧急情况|B.异常情况|C.强制执行|D.正常情况|A.隔离装置|B.平衡装置|C.限位装置|D.缓冲装置|A.安全阀适用于含固体颗粒、易沉淀结晶等介质的安全泄放|B.安全阀适用于失控放热反应的超压等压力急剧上升的工况|C.爆破片的爆破压力应在系统的最高工作压力与设计压力之间|D.安全泄放装置的额定泄放量应小于系统安全泄放量|A.关节活动度|B.上臂推举力|C.人体耗氧量|D.人体表面积|A.30km/h|B.40km/h|C.15km/h|D.10km/h|A.炸药的燃烧速率与炸药的组成和物理结构有关，与环境压力无关|B.在炸药中加入少量的二苯胺是为了改善炸药的燃烧特性和安全性|C.炸药的燃烧表面积与炸药表面的粗糙度有关，与几何形状无关|D.许多炸药的氧化剂和还原剂共存于炸药分子内，使爆炸过程极快|A.红热的坯料、锻件及飞溅氧化皮温度高，可造成灼烫|B.红热的坯料、锻件及飞溅氧化皮遇可燃物，可引发火灾|C.锻造作业工作环境恶劣且产生振动，可造成高处坠落|D.锻件或工具被打飞、模具或冲头打崩，可导致机械伤害|A.通过结构设计来解决乳化炸药装药机叶片泵内存有死角的问题|B.输送乳化炸药的装药机在设计制造时采取降低机械摩擦的措施|C.制定能指导乳化炸药生产作业的工艺技术规程和安全操作规程|D.乳化炸药生产车间内的所有防爆电气线路使用厚壁PVC管穿线|A.依危险化学品泄漏情况疏散无关人员|B.任何泄漏应先消除泄漏区域内的火源|C.气体和液体泄漏时应立刻切断泄漏源|D.固体泄漏时用适当的工具收集泄漏物|A.接地线与管道的连接可采用镀铜件螺纹连接|B.接地线穿越建筑物沉降缝时应弯成弧状|C.接地装置地下部分的连接应用抱箍螺纹连接|D.有伸缩缝的自然导体可以直接用作接地线|A.2%|B.3%|C.4%|D.5%|A.工作绝缘|B.绕组绝缘|C.加强绝缘|D.保护绝缘|A.粉尘湿度越大，爆炸危险性越小|B.粉尘粒度越小，爆炸危险性越小|C.粉尘分散度越高，爆炸危险性越小|D.粉尘初始温度越高，爆炸危险性越小|A.作业环境较差的场所，应采用封闭式的配电箱（柜）|B.装设在箱（柜）外表面的电气元件不应加装额外的屏护|C.有导电性粉尘的作业场所，不应安装密闭式箱（柜）|D.落地安装的箱（柜）操作手柄中心高度不宜超过1.6m|A.本质安全型设备，故障状态下产生的火花可点燃爆炸性混合物|B.在爆炸危险环境应尽量使用携带式、移动式设备、室外插销座|C.直流110V及以下的电气设备应保护接零（地），并等电位联结|D.爆炸危险环境有剧烈振动处应选用单股铜芯软线或单股铜芯电缆|A.爆炸均产生高温，可能导致灼烫|B.爆炸均产生冲击，可能导致伤亡|C.爆炸均产生强光，可能导致失明|D.爆炸均产生毒气，可能导致中毒|A.能量特征是标志火药作功能力的参量，一般是指100g火药燃烧时气体产物所作的功|B.力学特性是火药要具有相应的强度，能承受在使用和处理时各种力的作用|C.燃烧特性是标志火药能量释放的能力，取决于火药有效成分的燃烧药量及其燃烧热|D.安定性是指火药在生产、储存、运输和使用过程中，不发生燃烧、爆炸|A.易燃液体-Ⅰ类包装|B.危险性大的自热物质-Ⅱ类包装|C.中等危险性的货物-Ⅲ类包装|D.退敏爆炸品-Ⅲ类包装|A.0区|B.21区|C.1区|D.20区|A.用于防止触电的遮栏总体高度应不小于1.5m|B.用于防止触电的户外栅栏高度应不小于1.2m|C.金属材料制成的屏护装置不应保护接零（地）|D.屏护装置上应有醒目的、正确的警示标示牌|A.危险化学品装卸前，应对运输工具进行必要的通风和清扫|B.危险化学品装卸过程中，不得与普通货物混合堆放|C.当采取可行的安全措施时，可用铁质底板车运输强氧化剂|D.当采取可行的安全措施时，可用翻斗车运输液化石油气罐|A.Ⅰ级|B.Ⅱ级|C.Ⅲ级|D.Ⅳ级|A.25%|B.55%|C.70%|D.40%|A.固定式龙门钩|B.夹具吊钩|C.万向吊钩|D.C型吊钩|A.利用极限位置限制器停车|B.接近人时发出断续铃声示警|C.作业过程中进行检查与维修|D.带载调整变幅机构的制动器|A.可降低金属构件的刚度|B.可破坏金属构件的形状|C.可改善金属零件的功能|D.可降低金属零件的寿命|A.阀门等操作机构润滑状况|B.管道和管件等的腐蚀减薄状况|C.安全阀、压力表等运行状况|D.管线阴极保护装置的运行状况|A.自动断路阀隔爆装置|B.主动式隔爆装置|C.机械阻火器|D.管道换向隔爆装置|A.固定式防护装置不应遮挡剪切线|B.剪板机不应设置单次循环模式|C.剪板机紧急停机按钮应设置在侧面|D.防护装置安全距离应按操作速度确定|A.适用于泄爆易产生二次爆炸的设备|B.适用于对力学强度要求较高的设备|C.适用于无法或不便设泄爆口,A,本题主要考查的是钢制无缝气瓶定期检验项目。根据《钢质无缝气瓶定期检验与评定》GB/T13004-2016，3.3检险项目，气瓶定期检验项目包括外观检查、音响检查、瓶口螺纹检查、内部检查、重量与容积测定，水压试验，瓶阀检验、气密性试验。故选A。
单选题,[2025年][河南中安]关于材质和杂质对静电影响的说法，正确的是（）。,A.杂质有助于电荷的泄漏，可减弱静电积累|B.电阻率1.0×109Ω·m以上的固体不容易积累静电|C.电阻率1.0×108Ω·m以下的液体不容易积累静电|D.容易得失电子且电阻率低的材料容易积累静电,C,本题主要考查的是材质和杂质对静电影响。做题思路：杂质可增强静电、电阻率高容易积累静电。A错误，错在“减弱”。一般情况下杂质有增强静电的趋势；B错误，错在“不容易”。对于固体，电阻率1×107Ω·m以下者，由于泄漏较强而不容易积累静电；电阻率1×109Ω·m以上者，容易积累静电；C正确，对于液体，电阻率1×108Ω·m以下的液体，由于泄漏较强而不容易积累静电；电阻率1×1010Ω·m左右的液体最容易产生静电；电阻率1×1013Ω·m以上的液体由于其分子极性很弱反而不容易产生静电；D错误，错在“电阻率低”。容易得失电子，而且电阻率很高的材料才容易产生和积累静电。故选C。
单选题,"[2025年][河南中安]一、单选题
1
标记
收藏
操作人员易接触到的运动零部件是机械设备最危险的部位。例如，对旋式轧辊有可能卷入操作人员的手、臂或身体，进而造成伤害。为了避免这类伤害，应在此类部位安装的防护装置是（ ）。",A.钳型防护罩|B.可调式防护罩|C.联锁防护装置|D.金属防护网|A.限制最大应力|B.隔离动力供应|C.安装保护装置|D.实现急停功能|A.机械式、电气式联锁装置用于防止危险机器功能在特定条件下运行|B.能动装置与启动控制一起使用，在不连续操作时可使机器执行预定功能|C.限制装置是用于防止机器或危险机器状态超过设计载荷限度的装置|D.行程限制装置不与机器控制系统同时作用，以控制机器元件作有限运动|A.联锁式防护装置|B.活动式防护装置|C.固定式防护装置|D.可控式防护装置|A.紧急情况|B.异常情况|C.强制执行|D.正常情况|A.隔离装置|B.平衡装置|C.限位装置|D.缓冲装置|A.安全阀适用于含固体颗粒、易沉淀结晶等介质的安全泄放|B.安全阀适用于失控放热反应的超压等压力急剧上升的工况|C.爆破片的爆破压力应在系统的最高工作压力与设计压力之间|D.安全泄放装置的额定泄放量应小于系统安全泄放量|A.关节活动度|B.上臂推举力|C.人体耗氧量|D.人体表面积|A.30km/h|B.40km/h|C.15km/h|D.10km/h|A.炸药的燃烧速率与炸药的组成和物理结构有关，与环境压力无关|B.在炸药中加入少量的二苯胺是为了改善炸药的燃烧特性和安全性|C.炸药的燃烧表面积与炸药表面的粗糙度有关，与几何形状无关|D.许多炸药的氧化剂和还原剂共存于炸药分子内，使爆炸过程极快|A.红热的坯料、锻件及飞溅氧化皮温度高，可造成灼烫|B.红热的坯料、锻件及飞溅氧化皮遇可燃物，可引发火灾|C.锻造作业工作环境恶劣且产生振动，可造成高处坠落|D.锻件或工具被打飞、模具或冲头打崩，可导致机械伤害|A.通过结构设计来解决乳化炸药装药机叶片泵内存有死角的问题|B.输送乳化炸药的装药机在设计制造时采取降低机械摩擦的措施|C.制定能指导乳化炸药生产作业的工艺技术规程和安全操作规程|D.乳化炸药生产车间内的所有防爆电气线路使用厚壁PVC管穿线|A.依危险化学品泄漏情况疏散无关人员|B.任何泄漏应先消除泄漏区域内的火源|C.气体和液体泄漏时应立刻切断泄漏源|D.固体泄漏时用适当的工具收集泄漏物|A.接地线与管道的连接可采用镀铜件螺纹连接|B.接地线穿越建筑物沉降缝时应弯成弧状|C.接地装置地下部分的连接应用抱箍螺纹连接|D.有伸缩缝的自然导体可以直接用作接地线|A.2%|B.3%|C.4%|D.5%|A.工作绝缘|B.绕组绝缘|C.加强绝缘|D.保护绝缘|A.粉尘湿度越大，爆炸危险性越小|B.粉尘粒度越小，爆炸危险性越小|C.粉尘分散度越高，爆炸危险性越小|D.粉尘初始温度越高，爆炸危险性越小|A.作业环境较差的场所，应采用封闭式的配电箱（柜）|B.装设在箱（柜）外表面的电气元件不应加装额外的屏护|C.有导电性粉尘的作业场所，不应安装密闭式箱（柜）|D.落地安装的箱（柜）操作手柄中心高度不宜超过1.6m|A.本质安全型设备，故障状态下产生的火花可点燃爆炸性混合物|B.在爆炸危险环境应尽量使用携带式、移动式设备、室外插销座|C.直流110V及以下的电气设备应保护接零（地），并等电位联结|D.爆炸危险环境有剧烈振动处应选用单股铜芯软线或单股铜芯电缆|A.爆炸均产生高温，可能导致灼烫|B.爆炸均产生冲击，可能导致伤亡|C.爆炸均产生强光，可能导致失明|D.爆炸均产生毒气，可能导致中毒|A.能量特征是标志火药作功能力的参量，一般是指100g火药燃烧时气体产物所作的功|B.力学特性是火药要具有相应的强度，能承受在使用和处理时各种力的作用|C.燃烧特性是标志火药能量释放的能力，取决于火药有效成分的燃烧药量及其燃烧热|D.安定性是指火药在生产、储存、运输和使用过程中，不发生燃烧、爆炸|A.易燃液体-Ⅰ类包装|B.危险性大的自热物质-Ⅱ类包装|C.中等危险性的货物-Ⅲ类包装|D.退敏爆炸品-Ⅲ类包装|A.0区|B.21区|C.1区|D.20区|A.用于防止触电的遮栏总体高度应不小于1.5m|B.用于防止触电的户外栅栏高度应不小于1.2m|C.金属材料制成的屏护装置不应保护接零（地）|D.屏护装置上应有醒目的、正确的警示标示牌|A.危险化学品装卸前，应对运输工具进行必要的通风和清扫|B.危险化学品装卸过程中，不得与普通货物混合堆放|C.当采取可行的安全措施时，可用铁质底板车运输强氧化剂|D.当采取可行的安全措施时，可用翻斗车运输液化石油气罐|A.Ⅰ级|B.Ⅱ级|C.Ⅲ级|D.Ⅳ级|A.25%|B.55%|C.70%|D.40%|A.固定式龙门钩|B.夹具吊钩|C.万向吊钩|D.C型吊钩|A.利用极限位置限制器停车|B.接近人时发出断续铃声示警|C.作业过程中进行检查与维修|D.带载调整变幅机构的制动器|A.可降低金属构件的刚度|B.可破坏金属构件的形状|C.可改善金属零件的功能|D.可降低金属零件的寿命|A.阀门等操作机构润滑状况|B.管道和管件等的腐蚀减薄状况|C.安全阀、压力表等运行状况|D.管线阴极保护装置的运行状况|A.自动断路阀隔爆装置|B.主动式隔爆装置|C.机械阻火器|D.管道换向隔爆装置|A.固定式防护装置不应遮挡剪切线|B.剪板机不应设置单次循环模式|C.剪板机紧急停机按钮应设置在侧面|D.防护装置安全距离应按操作速度确定|A.适用于泄爆易产生二次爆炸的设备|B.适用于对力学强度要求较高的设备|C.适用于无法或不便设泄爆口,C,本题主要考查的是惰性气体转换系数。《混合气体的分类第3部分：可燃性分类》GB/T34710.3-2018。转换系数二氧化碳1.5、氦气0.9、氩气0.55。故选C。
单选题,[2025年][河南中安]下列建筑物经受爆炸冲击波作用后破坏等级和破坏程度的对应关系中，正确的是（）。,A.四级破坏-门窗大部分破坏，砖墙有较大裂缝和倾斜|B.一级破坏-门窗玻璃部分或全部破坏，砖墙有小裂缝|C.二级破坏-门窗小部分破坏，砖墙出现小裂缝倾斜|D.三级破坏-门窗小部分破坏，砖墙有较大裂缝和倾斜,A,本题主要考查的是爆炸冲击波作用后破坏等级和破坏程度的对应关系。爆破安全规程GB6722-2014。故选A。
单选题,"[2025年][河南中安]一、单选题
1
标记
收藏
操作人员易接触到的运动零部件是机械设备最危险的部位。例如，对旋式轧辊有可能卷入操作人员的手、臂或身体，进而造成伤害。为了避免这类伤害，应在此类部位安装的防护装置是（ ）。",A.钳型防护罩|B.可调式防护罩|C.联锁防护装置|D.金属防护网|A.限制最大应力|B.隔离动力供应|C.安装保护装置|D.实现急停功能|A.机械式、电气式联锁装置用于防止危险机器功能在特定条件下运行|B.能动装置与启动控制一起使用，在不连续操作时可使机器执行预定功能|C.限制装置是用于防止机器或危险机器状态超过设计载荷限度的装置|D.行程限制装置不与机器控制系统同时作用，以控制机器元件作有限运动|A.联锁式防护装置|B.活动式防护装置|C.固定式防护装置|D.可控式防护装置|A.紧急情况|B.异常情况|C.强制执行|D.正常情况|A.隔离装置|B.平衡装置|C.限位装置|D.缓冲装置|A.安全阀适用于含固体颗粒、易沉淀结晶等介质的安全泄放|B.安全阀适用于失控放热反应的超压等压力急剧上升的工况|C.爆破片的爆破压力应在系统的最高工作压力与设计压力之间|D.安全泄放装置的额定泄放量应小于系统安全泄放量|A.关节活动度|B.上臂推举力|C.人体耗氧量|D.人体表面积|A.30km/h|B.40km/h|C.15km/h|D.10km/h|A.炸药的燃烧速率与炸药的组成和物理结构有关，与环境压力无关|B.在炸药中加入少量的二苯胺是为了改善炸药的燃烧特性和安全性|C.炸药的燃烧表面积与炸药表面的粗糙度有关，与几何形状无关|D.许多炸药的氧化剂和还原剂共存于炸药分子内，使爆炸过程极快|A.红热的坯料、锻件及飞溅氧化皮温度高，可造成灼烫|B.红热的坯料、锻件及飞溅氧化皮遇可燃物，可引发火灾|C.锻造作业工作环境恶劣且产生振动，可造成高处坠落|D.锻件或工具被打飞、模具或冲头打崩，可导致机械伤害|A.通过结构设计来解决乳化炸药装药机叶片泵内存有死角的问题|B.输送乳化炸药的装药机在设计制造时采取降低机械摩擦的措施|C.制定能指导乳化炸药生产作业的工艺技术规程和安全操作规程|D.乳化炸药生产车间内的所有防爆电气线路使用厚壁PVC管穿线|A.依危险化学品泄漏情况疏散无关人员|B.任何泄漏应先消除泄漏区域内的火源|C.气体和液体泄漏时应立刻切断泄漏源|D.固体泄漏时用适当的工具收集泄漏物|A.接地线与管道的连接可采用镀铜件螺纹连接|B.接地线穿越建筑物沉降缝时应弯成弧状|C.接地装置地下部分的连接应用抱箍螺纹连接|D.有伸缩缝的自然导体可以直接用作接地线|A.2%|B.3%|C.4%|D.5%|A.工作绝缘|B.绕组绝缘|C.加强绝缘|D.保护绝缘|A.粉尘湿度越大，爆炸危险性越小|B.粉尘粒度越小，爆炸危险性越小|C.粉尘分散度越高，爆炸危险性越小|D.粉尘初始温度越高，爆炸危险性越小|A.作业环境较差的场所，应采用封闭式的配电箱（柜）|B.装设在箱（柜）外表面的电气元件不应加装额外的屏护|C.有导电性粉尘的作业场所，不应安装密闭式箱（柜）|D.落地安装的箱（柜）操作手柄中心高度不宜超过1.6m|A.本质安全型设备，故障状态下产生的火花可点燃爆炸性混合物|B.在爆炸危险环境应尽量使用携带式、移动式设备、室外插销座|C.直流110V及以下的电气设备应保护接零（地），并等电位联结|D.爆炸危险环境有剧烈振动处应选用单股铜芯软线或单股铜芯电缆|A.爆炸均产生高温，可能导致灼烫|B.爆炸均产生冲击，可能导致伤亡|C.爆炸均产生强光，可能导致失明|D.爆炸均产生毒气，可能导致中毒|A.能量特征是标志火药作功能力的参量，一般是指100g火药燃烧时气体产物所作的功|B.力学特性是火药要具有相应的强度，能承受在使用和处理时各种力的作用|C.燃烧特性是标志火药能量释放的能力，取决于火药有效成分的燃烧药量及其燃烧热|D.安定性是指火药在生产、储存、运输和使用过程中，不发生燃烧、爆炸|A.易燃液体-Ⅰ类包装|B.危险性大的自热物质-Ⅱ类包装|C.中等危险性的货物-Ⅲ类包装|D.退敏爆炸品-Ⅲ类包装|A.0区|B.21区|C.1区|D.20区|A.用于防止触电的遮栏总体高度应不小于1.5m|B.用于防止触电的户外栅栏高度应不小于1.2m|C.金属材料制成的屏护装置不应保护接零（地）|D.屏护装置上应有醒目的、正确的警示标示牌|A.危险化学品装卸前，应对运输工具进行必要的通风和清扫|B.危险化学品装卸过程中，不得与普通货物混合堆放|C.当采取可行的安全措施时，可用铁质底板车运输强氧化剂|D.当采取可行的安全措施时，可用翻斗车运输液化石油气罐|A.Ⅰ级|B.Ⅱ级|C.Ⅲ级|D.Ⅳ级|A.25%|B.55%|C.70%|D.40%|A.固定式龙门钩|B.夹具吊钩|C.万向吊钩|D.C型吊钩|A.利用极限位置限制器停车|B.接近人时发出断续铃声示警|C.作业过程中进行检查与维修|D.带载调整变幅机构的制动器|A.可降低金属构件的刚度|B.可破坏金属构件的形状|C.可改善金属零件的功能|D.可降低金属零件的寿命|A.阀门等操作机构润滑状况|B.管道和管件等的腐蚀减薄状况|C.安全阀、压力表等运行状况|D.管线阴极保护装置的运行状况|A.自动断路阀隔爆装置|B.主动式隔爆装置|C.机械阻火器|D.管道换向隔爆装置|A.固定式防护装置不应遮挡剪切线|B.剪板机不应设置单次循环模式|C.剪板机紧急停机按钮应设置在侧面|D.防护装置安全距离应按操作速度确定|A.适用于泄爆易产生二次爆炸的设备|B.适用于对力学强度要求较高的设备|C.适用于无法或不便设泄爆口,C,本题主要考查的是热剂量对人可造成的伤害。如图280kJ/m²属于二度烧伤。故选C。
单选题,[2025年][河南中安]混合可燃气体的初始压力和温度对其爆炸极限的影响较复杂。下图为某可燃气体在密闭容器中，一定温度下的爆炸极限随压力变化示意图。根据图示，关于该可燃气体的爆炸性能随压力变化的说法，正确的是（）。,A.初始压力减小，爆炸极限范围增大|B.爆炸的临界压力点是a点和i点|C.初始压力与爆炸极限范围呈线性关系|D.压力降到e点以下时，混合气体不会爆炸,D,本题主要考查的是可燃气体的爆炸性能随压力变化的关系。做题思路：掌握识图。A错误，错在“范围增大”。初始压力减小，爆炸极限范围是缩小的；B错误，错在“a点和i点”。爆炸的临界压力点是e点；C错误，错在“呈线性关系”。初始压力与爆炸极限范围并非线性关系；D正确，e点是爆炸临界压力点，压力降到e点以下时，混合气体不会爆炸。故选D。
单选题,[2025年][河南中安]在吊装作业中，钢丝绳端部的绳套采用的绳夹固定方式会影响钢丝绳固定的可靠性固定不当可能造成脱绳或断绳事故。根据《起重机械安全规程第1部分：总则》（GB6067.1），下列钢丝绳夹的固定方式中，正确的是（）。,A.B|C.D,C,本题主要考查的是钢丝绳夹的固定方式。做题思路：钢丝绳受力绳一边。6.2.4钢丝绳夹压板应在钢丝绳受力绳一边，绳夹间距A（图6.2.4不应小于钢丝绳直径的6倍）。故选C。
多选题,[2025年][河南中安]关于安全电源和回路配置安全要求的说法，正确的有（）。,A.安全隔离变压器的一次边和二次边应保持双重绝缘水平|B.具有双重绝缘的电源变压器应设置保护接零（地）|C.安全隔离变压器的一次边和二次边均应设短路保护元件|D.安全电压设备的插销（座）应不带有接零（地）插头（孔） E 安全电压回路的带电部分应不采取保护接零（地）,ACD,本题主要考查的是安全电源和回路配置。做题思路：掌握安全隔离变压器的设置要求。A正确，特低电压边均应与高压边保持双重绝缘的水平；B错误，错在“应设置保护接零（地）”。E正确，安全电压回路的带电部分必须与较高电压的回路保持电气隔离，并不得与大地、保护接零（地）线或其他电气回路连接；C正确，安全隔离变压器的一次边和二次边均应装设短路保护元件；D正确，安全电压设备的插销座不得带有接零或接地插头或插孔。故选ACDE。
多选题,"[2025年][河南中安]一、单选题
1
标记
收藏
操作人员易接触到的运动零部件是机械设备最危险的部位。例如，对旋式轧辊有可能卷入操作人员的手、臂或身体，进而造成伤害。为了避免这类伤害，应在此类部位安装的防护装置是（ ）。",A.钳型防护罩|B.可调式防护罩|C.联锁防护装置|D.金属防护网|A.限制最大应力|B.隔离动力供应|C.安装保护装置|D.实现急停功能|A.机械式、电气式联锁装置用于防止危险机器功能在特定条件下运行|B.能动装置与启动控制一起使用，在不连续操作时可使机器执行预定功能|C.限制装置是用于防止机器或危险机器状态超过设计载荷限度的装置|D.行程限制装置不与机器控制系统同时作用，以控制机器元件作有限运动|A.联锁式防护装置|B.活动式防护装置|C.固定式防护装置|D.可控式防护装置|A.紧急情况|B.异常情况|C.强制执行|D.正常情况|A.隔离装置|B.平衡装置|C.限位装置|D.缓冲装置|A.安全阀适用于含固体颗粒、易沉淀结晶等介质的安全泄放|B.安全阀适用于失控放热反应的超压等压力急剧上升的工况|C.爆破片的爆破压力应在系统的最高工作压力与设计压力之间|D.安全泄放装置的额定泄放量应小于系统安全泄放量|A.关节活动度|B.上臂推举力|C.人体耗氧量|D.人体表面积|A.30km/h|B.40km/h|C.15km/h|D.10km/h|A.炸药的燃烧速率与炸药的组成和物理结构有关，与环境压力无关|B.在炸药中加入少量的二苯胺是为了改善炸药的燃烧特性和安全性|C.炸药的燃烧表面积与炸药表面的粗糙度有关，与几何形状无关|D.许多炸药的氧化剂和还原剂共存于炸药分子内，使爆炸过程极快|A.红热的坯料、锻件及飞溅氧化皮温度高，可造成灼烫|B.红热的坯料、锻件及飞溅氧化皮遇可燃物，可引发火灾|C.锻造作业工作环境恶劣且产生振动，可造成高处坠落|D.锻件或工具被打飞、模具或冲头打崩，可导致机械伤害|A.通过结构设计来解决乳化炸药装药机叶片泵内存有死角的问题|B.输送乳化炸药的装药机在设计制造时采取降低机械摩擦的措施|C.制定能指导乳化炸药生产作业的工艺技术规程和安全操作规程|D.乳化炸药生产车间内的所有防爆电气线路使用厚壁PVC管穿线|A.依危险化学品泄漏情况疏散无关人员|B.任何泄漏应先消除泄漏区域内的火源|C.气体和液体泄漏时应立刻切断泄漏源|D.固体泄漏时用适当的工具收集泄漏物|A.接地线与管道的连接可采用镀铜件螺纹连接|B.接地线穿越建筑物沉降缝时应弯成弧状|C.接地装置地下部分的连接应用抱箍螺纹连接|D.有伸缩缝的自然导体可以直接用作接地线|A.2%|B.3%|C.4%|D.5%|A.工作绝缘|B.绕组绝缘|C.加强绝缘|D.保护绝缘|A.粉尘湿度越大，爆炸危险性越小|B.粉尘粒度越小，爆炸危险性越小|C.粉尘分散度越高，爆炸危险性越小|D.粉尘初始温度越高，爆炸危险性越小|A.作业环境较差的场所，应采用封闭式的配电箱（柜）|B.装设在箱（柜）外表面的电气元件不应加装额外的屏护|C.有导电性粉尘的作业场所，不应安装密闭式箱（柜）|D.落地安装的箱（柜）操作手柄中心高度不宜超过1.6m|A.本质安全型设备，故障状态下产生的火花可点燃爆炸性混合物|B.在爆炸危险环境应尽量使用携带式、移动式设备、室外插销座|C.直流110V及以下的电气设备应保护接零（地），并等电位联结|D.爆炸危险环境有剧烈振动处应选用单股铜芯软线或单股铜芯电缆|A.爆炸均产生高温，可能导致灼烫|B.爆炸均产生冲击，可能导致伤亡|C.爆炸均产生强光，可能导致失明|D.爆炸均产生毒气，可能导致中毒|A.能量特征是标志火药作功能力的参量，一般是指100g火药燃烧时气体产物所作的功|B.力学特性是火药要具有相应的强度，能承受在使用和处理时各种力的作用|C.燃烧特性是标志火药能量释放的能力，取决于火药有效成分的燃烧药量及其燃烧热|D.安定性是指火药在生产、储存、运输和使用过程中，不发生燃烧、爆炸|A.易燃液体-Ⅰ类包装|B.危险性大的自热物质-Ⅱ类包装|C.中等危险性的货物-Ⅲ类包装|D.退敏爆炸品-Ⅲ类包装|A.0区|B.21区|C.1区|D.20区|A.用于防止触电的遮栏总体高度应不小于1.5m|B.用于防止触电的户外栅栏高度应不小于1.2m|C.金属材料制成的屏护装置不应保护接零（地）|D.屏护装置上应有醒目的、正确的警示标示牌|A.危险化学品装卸前，应对运输工具进行必要的通风和清扫|B.危险化学品装卸过程中，不得与普通货物混合堆放|C.当采取可行的安全措施时，可用铁质底板车运输强氧化剂|D.当采取可行的安全措施时，可用翻斗车运输液化石油气罐|A.Ⅰ级|B.Ⅱ级|C.Ⅲ级|D.Ⅳ级|A.25%|B.55%|C.70%|D.40%|A.固定式龙门钩|B.夹具吊钩|C.万向吊钩|D.C型吊钩|A.利用极限位置限制器停车|B.接近人时发出断续铃声示警|C.作业过程中进行检查与维修|D.带载调整变幅机构的制动器|A.可降低金属构件的刚度|B.可破坏金属构件的形状|C.可改善金属零件的功能|D.可降低金属零件的寿命|A.阀门等操作机构润滑状况|B.管道和管件等的腐蚀减薄状况|C.安全阀、压力表等运行状况|D.管线阴极保护装置的运行状况|A.自动断路阀隔爆装置|B.主动式隔爆装置|C.机械阻火器|D.管道换向隔爆装置|A.固定式防护装置不应遮挡剪切线|B.剪板机不应设置单次循环模式|C.剪板机紧急停机按钮应设置在侧面|D.防护装置安全距离应按操作速度确定|A.适用于泄爆易产生二次爆炸的设备|B.适用于对力学强度要求较高的设备|C.适用于无法或不便设泄爆口,ABD,本题主要考查的是压力容器的分类，属于高频考点。做题思路：掌握各种形式的压力容器分类。ABDE正确，C错误。移动式压力容器包括汽车罐车、铁路罐车、罐式集装箱、长管拖车等。故选ABDE。
多选题,[2025年][河南中安]关于砂轮机各组成部分安全技术要求的说法，正确的有（ ）。,A.经第一次修整的砂轮可以不作平衡试验|B.砂轮防护罩总开口角度应不大于60°|C.砂轮主轴端部螺纹旋向应与其工作旋向相反|D.托架与砂轮圆周表面间隙应小于3mm E 一般用途砂轮与卡盘的直径比应大于3,CD,本题主要考查的是砂轮机各组成部分，属于高频考点。做题思路：注意数字类考点的记忆。A错误，错在“可以不作平衡试验”。新砂轮、经第一次修整的砂轮以及发现运转不平衡的砂轮，都应做平衡试验；B错误，错在“不大于60°”。砂轮防护罩的总开口角度应不大于90°；C正确，砂轮主轴端部螺纹应满足防松脱的紧固要求，其旋向须与砂轮工作时旋转方向相反，砂轮机应标明砂轮的旋转方向；D正确，托架台面与砂轮主轴中心线等高，托架与砂轮圆周表面间隙应小于3mm；E错误，错在“直径比应大于3”。一般用途的砂轮卡盘直径不得小于砂轮直径的1/3。故选CD。
多选题,[2025年][河南中安]关于带锯机安全技术要求的说法，正确的有（ ）。,A.带锯条的锯齿应锋利，锯齿深度应不超过锯条宽度的1/4|B.锯条焊段数应不超过3段，接头厚度应略大于锯条厚度|C.上锯轮的机动升降机构应与带锯机启动操纵机构联锁|D.空载运行条件下带锯机产生的噪声声压级应不超过90dB（A） E 上锯轮处于任何位置，防护罩应能罩住锯轮1/2以上表面,ACD,本题主要考查的是带锯机，属于高频考点。做题思路：注意数字类考点的记忆。A正确，带锯条的锯齿应锋利，齿深不得超过锯宽的1/4，锯条厚度应与匹配的带锯轮相适应；B错误，错在“接头厚度应略大于锯条厚度”。锯条焊接应牢固平整，接头不得超过3个，两接头之间长度应为总长的1/5以上，接头厚度应与锯条厚度基本一致；C正确，上锯轮机动升降机构应与锯机启动操纵机构联锁；D正确，应采取降噪、减振措施，在空运转条件下，机床噪声最大声压级不得超过90dB（A）；E错误，错在“防护罩应能罩住锯轮1/2以上表面”。上锯轮处于任何位置，防护罩均应能罩住锯轮3/4以上表面，并在靠锯齿边的适当处设置锯条承受器。故选ACD。
多选题,"[2025年][河南中安]一、单选题
1
标记
收藏
操作人员易接触到的运动零部件是机械设备最危险的部位。例如，对旋式轧辊有可能卷入操作人员的手、臂或身体，进而造成伤害。为了避免这类伤害，应在此类部位安装的防护装置是（ ）。",A.钳型防护罩|B.可调式防护罩|C.联锁防护装置|D.金属防护网|A.限制最大应力|B.隔离动力供应|C.安装保护装置|D.实现急停功能|A.机械式、电气式联锁装置用于防止危险机器功能在特定条件下运行|B.能动装置与启动控制一起使用，在不连续操作时可使机器执行预定功能|C.限制装置是用于防止机器或危险机器状态超过设计载荷限度的装置|D.行程限制装置不与机器控制系统同时作用，以控制机器元件作有限运动|A.联锁式防护装置|B.活动式防护装置|C.固定式防护装置|D.可控式防护装置|A.紧急情况|B.异常情况|C.强制执行|D.正常情况|A.隔离装置|B.平衡装置|C.限位装置|D.缓冲装置|A.安全阀适用于含固体颗粒、易沉淀结晶等介质的安全泄放|B.安全阀适用于失控放热反应的超压等压力急剧上升的工况|C.爆破片的爆破压力应在系统的最高工作压力与设计压力之间|D.安全泄放装置的额定泄放量应小于系统安全泄放量|A.关节活动度|B.上臂推举力|C.人体耗氧量|D.人体表面积|A.30km/h|B.40km/h|C.15km/h|D.10km/h|A.炸药的燃烧速率与炸药的组成和物理结构有关，与环境压力无关|B.在炸药中加入少量的二苯胺是为了改善炸药的燃烧特性和安全性|C.炸药的燃烧表面积与炸药表面的粗糙度有关，与几何形状无关|D.许多炸药的氧化剂和还原剂共存于炸药分子内，使爆炸过程极快|A.红热的坯料、锻件及飞溅氧化皮温度高，可造成灼烫|B.红热的坯料、锻件及飞溅氧化皮遇可燃物，可引发火灾|C.锻造作业工作环境恶劣且产生振动，可造成高处坠落|D.锻件或工具被打飞、模具或冲头打崩，可导致机械伤害|A.通过结构设计来解决乳化炸药装药机叶片泵内存有死角的问题|B.输送乳化炸药的装药机在设计制造时采取降低机械摩擦的措施|C.制定能指导乳化炸药生产作业的工艺技术规程和安全操作规程|D.乳化炸药生产车间内的所有防爆电气线路使用厚壁PVC管穿线|A.依危险化学品泄漏情况疏散无关人员|B.任何泄漏应先消除泄漏区域内的火源|C.气体和液体泄漏时应立刻切断泄漏源|D.固体泄漏时用适当的工具收集泄漏物|A.接地线与管道的连接可采用镀铜件螺纹连接|B.接地线穿越建筑物沉降缝时应弯成弧状|C.接地装置地下部分的连接应用抱箍螺纹连接|D.有伸缩缝的自然导体可以直接用作接地线|A.2%|B.3%|C.4%|D.5%|A.工作绝缘|B.绕组绝缘|C.加强绝缘|D.保护绝缘|A.粉尘湿度越大，爆炸危险性越小|B.粉尘粒度越小，爆炸危险性越小|C.粉尘分散度越高，爆炸危险性越小|D.粉尘初始温度越高，爆炸危险性越小|A.作业环境较差的场所，应采用封闭式的配电箱（柜）|B.装设在箱（柜）外表面的电气元件不应加装额外的屏护|C.有导电性粉尘的作业场所，不应安装密闭式箱（柜）|D.落地安装的箱（柜）操作手柄中心高度不宜超过1.6m|A.本质安全型设备，故障状态下产生的火花可点燃爆炸性混合物|B.在爆炸危险环境应尽量使用携带式、移动式设备、室外插销座|C.直流110V及以下的电气设备应保护接零（地），并等电位联结|D.爆炸危险环境有剧烈振动处应选用单股铜芯软线或单股铜芯电缆|A.爆炸均产生高温，可能导致灼烫|B.爆炸均产生冲击，可能导致伤亡|C.爆炸均产生强光，可能导致失明|D.爆炸均产生毒气，可能导致中毒|A.能量特征是标志火药作功能力的参量，一般是指100g火药燃烧时气体产物所作的功|B.力学特性是火药要具有相应的强度，能承受在使用和处理时各种力的作用|C.燃烧特性是标志火药能量释放的能力，取决于火药有效成分的燃烧药量及其燃烧热|D.安定性是指火药在生产、储存、运输和使用过程中，不发生燃烧、爆炸|A.易燃液体-Ⅰ类包装|B.危险性大的自热物质-Ⅱ类包装|C.中等危险性的货物-Ⅲ类包装|D.退敏爆炸品-Ⅲ类包装|A.0区|B.21区|C.1区|D.20区|A.用于防止触电的遮栏总体高度应不小于1.5m|B.用于防止触电的户外栅栏高度应不小于1.2m|C.金属材料制成的屏护装置不应保护接零（地）|D.屏护装置上应有醒目的、正确的警示标示牌|A.危险化学品装卸前，应对运输工具进行必要的通风和清扫|B.危险化学品装卸过程中，不得与普通货物混合堆放|C.当采取可行的安全措施时，可用铁质底板车运输强氧化剂|D.当采取可行的安全措施时，可用翻斗车运输液化石油气罐|A.Ⅰ级|B.Ⅱ级|C.Ⅲ级|D.Ⅳ级|A.25%|B.55%|C.70%|D.40%|A.固定式龙门钩|B.夹具吊钩|C.万向吊钩|D.C型吊钩|A.利用极限位置限制器停车|B.接近人时发出断续铃声示警|C.作业过程中进行检查与维修|D.带载调整变幅机构的制动器|A.可降低金属构件的刚度|B.可破坏金属构件的形状|C.可改善金属零件的功能|D.可降低金属零件的寿命|A.阀门等操作机构润滑状况|B.管道和管件等的腐蚀减薄状况|C.安全阀、压力表等运行状况|D.管线阴极保护装置的运行状况|A.自动断路阀隔爆装置|B.主动式隔爆装置|C.机械阻火器|D.管道换向隔爆装置|A.固定式防护装置不应遮挡剪切线|B.剪板机不应设置单次循环模式|C.剪板机紧急停机按钮应设置在侧面|D.防护装置安全距离应按操作速度确定|A.适用于泄爆易产生二次爆炸的设备|B.适用于对力学强度要求较高的设备|C.适用于无法或不便设泄爆口,CD,本题主要考查的是三相鼠笼异步电动机。做题思路：掌握三相鼠笼异步电动机的防爆要求。ABE错误，CD正确。气体、蒸气爆炸危险环境的低压电气设备的选型见表2－18至表2－20。表中，“○”表示适用，“△”表示尽量避免采用，“×”表示不适用，“—”表示一般不用。故选CD。
多选题,[2025年][河南中安]关于非公路旅游观光车安全驾驶的说法，正确的有（ ）,A.确保观光车停稳后方可允许上下乘客|B.在坡面上不得调头和横跨坡道|C.单行线行驶时一律不得按喇叭|D.行车中应适时探出头部观察胎压 E 车辆下坡时不应空档滑行,AB,本题主要考查的是非公路旅游观光车安全驾驶。做题思路：按普通机动车驾驶常识回答即可。A正确：观光车停稳前，不允许乘客上、下车；B正确，不应在坡面上调头，不应横跨坡道运行；C错误，错在“一律不得按喇叭”。观光车行驶在十字路口和视线受阻的地段或其他危险场合，应降低车速，鸣笛示警通过；D错误，错在“探出头部观察胎压”。观光车行驶过程中，应告知乘客不应离开座位，不应将身体探出车体轮廓之外；E正确，下坡时不应空挡滑行。故选ABE。
多选题,[2025年][河南中安]关于电力变压器运行安全技术要求的说法，正确的有（ ）。,A.油浸式电力变压器的绝缘材料工作温度应不超过105℃|B.为减缓变压器油变质，油箱上层油温应不超过85℃|C.△/yn11接法变压器低压中性线电流应不超过额定电流的75%|D.干式电力变压器所在环境的相对湿度应不超过90% E Y/yn0接法变压器低压中性线电流应不超过额定电流的25%,ABC,本题主要考查的是变压器运行。做题思路：掌握变压器运行中应注意的问题。A正确，油浸式电力变压器的绝缘材料的最高工作温度不得超过105℃；B正确，油箱上层油温最高不得超过95℃，但为了减缓变压器油变质，上层油温最高一般不应超过85℃；C正确，△/ynll接法者低压中性线最大电流不得超过额定电流的75%；D错误，错在“不超过90%”。干式变压器所在环境的相对湿度不超过70%~85%；E正确，Y/yn0接法者低压中性线最大电流不得超过额定电流的25%。故选ABCE。
多选题,[2025年][河南中安]关于防雷装置安全技术要求的说法，正确的有（ ）。,A.外部防雷装置应包括接闪器、引下线和接地装置|B.防雷用接闪器的截面锈蚀超30%时，应予更换|C.用作接闪器的金属屋面板之间搭接应不小于10cm|D.不得选用避雷带、避雷网、避雷线作为接闪器 E 电涌保护器宜用于配电系统高压侧雷电过电压保护,ABC,本题主要考查的是防雷装置。做题思路：掌握不同防雷装置的相关要求。A正确，外部防雷装置由接闪器、引下线和接地装置组成；B正确，接闪器截面锈蚀30%以上时应予更换；C正确，用金属屋面作接闪器时，金属板之间的搭接长度不得小于100mm；D错误，错在“不得选用”。避雷针（接闪杆）、避雷线、避雷网和避雷带都可作为接闪器，建筑物的金属屋面可作为第一类防雷建筑物以外其他各类建筑物的接闪器；E错误，错在“高压侧”。电涌保护器（SPD）通常用于低压配电系统的过电压保护。故选ABC。
多选题,[2025年][河南中安]关于烟花爆竹生产过程防火防爆措施和要求的说法，正确的有（ ）。,A.含有较大颗粒的铝、钛、铁粉的烟火药，不应筑压|B.当筒体变形、效果件变形时，应整形后再装入烟火药|C.用于蘸（点）药的各类药物干涸时，应用专用工具清理后再溶解使用|D.结鞭时应除去半成品上粘附的药尘，结鞭爆竹分割工具宜用锋利单刃刀片 E 礼花弹安装定时引线时，应使用竹签、铜钎轻轻刺破中心管的纱纸,AD,本题主要考查的是烟花爆竹产品生产过程中的防火防爆措施。做题思路：掌握相关防火防爆措施的具体要求。A正确，含有较大颗粒的铝、钛、铁粉的烟火药，不应筑压；B错误，错在“整形后再装入烟火药”。当筒体变形、筒体内壁不洁净或效果件变形时，按废弃物处理，不应将药物（效果件）强行装入；C错误，错在“清理后再溶解使用”。用于蘸（点）药的各类药物干涸后不应对其刮、铲、撞击，应用相应的溶剂，充分溶解后清洗；D正确，结鞭时，应除去半成品上粘附的药尘；结鞭爆竹分割工具应锋利，宜用单刃刀片；E正确，礼花弹安装定时引线时，应使用竹、铜钎轻轻刺破中心管的砂纸。故选ADE。
单选题,[2025年][河南中安]关于自动灭火系统的说法，正确的有（ ）。,A.自动气体灭火系统的适用范围是由气体灭火剂的使用量决定|B.自动水灭火系统包括室内外消火栓、自动喷水、水幕和水喷雾灭火系统|C.自动气体灭火系统的灭火剂应具有不导电、毒性低、腐蚀性小等特性|D.自动泡沫灭火系统的发泡倍数是泡沫表面积与泡沫溶液体积之比 E 自动泡沫灭火系统按发泡倍数分为低倍、中倍和高倍数泡沫灭火系统,C,本题主要考查的是自动灭火系统。做题思路：区分不同自动灭火系统的概念及设置要求。A错误，错在“气体灭火剂的使用量决定”。自动气体灭火系统的使用范围是由气体灭火剂的灭火性质决定的；B错误，错在“自动水灭火系统”。水灭火系统包括室内外消火栓系统、自动喷水灭火系统、水幕和水喷雾灭火系统。这里不是自动水灭火系统；C正确，灭火剂应当具有的特性是：化学稳定性好，耐储存、腐蚀性小、不导电、毒性低，蒸发后不留痕迹，适用于扑救多种类型火灾；D错误，错在“泡沫表面积”。发泡倍数是泡沫体积与构成该泡沫的泡沫溶液体积的比值；E正确，按发泡倍数泡沫系统可分为低倍泡沫灭火系统、中倍泡沫灭火系统和高倍泡沫灭火系统。故选CE。
多选题,[2025年][河南中安]关于安全阀安装和使用要求的说法，正确的有（）。,A.新安全阀安装前应复校合格后加铅封方可安装|B.安装在安全阀入口处的隔断阀应保持常开状态|C.室内设备的安全阀出口可引出室外直接放空|D.压力容器的安全阀宜直接装设在容器本体上 E 液化气体容器上的安全阀应安装于气相部分,ABD,本题主要考查的是安全电源和回路配置，属于高频考点。做题思路：掌握安全隔离变压器的设置要求。A正确，新装安全阀，应有产品合格证；安装前应由安装单位进行复校后加铅封，并出具安全阀校验报告；B正确，当安全阀的入口处装有隔断阀时，隔断阀必须保持常开状态并加铅封；C错误，错在“引出室外直接放空”。室内的设备，如蒸馏塔、可燃气体压缩机的安全阀、放空口宜引出房顶，并高于房顶2m以上；D正确，压力容器的安全阀最好直接装设在容器本体上；E正确，液化气体容器上的安全阀应安装于气相部分，防止排出液体物料，发生事故。故选ABDE。
多选题,[2025年][河南中安]关于危险化学品存放的做法，正确的有（）。,A.将氧化性化学品与还原性化学品分开存放|B.将酸性化学品与碱性化学品分开存放|C.将氢气钢瓶与氮气钢瓶一起存放|D.将有机物与无机物分开存放 E 将甲烷钢瓶和一氧化氮钢瓶一起存放,ABCD,本题主要考查的是安全电源和回路配置，属于高频考点。做题思路：掌握安全隔离变压器的设置要求。A正确，氧化性化学品与还原性化学品分开存放；B正确，酸与碱分开放；C正确，氢气是易燃气体，氮气是惰性气体，二者不发生反应，可以一起存放；D正确，有机物与无机物分开放；E错误，错在“甲烷钢瓶和一氧化氮钢瓶一起存放”。甲烷是易燃气体，一氧化氮是助燃气体，不可以一起存放。故选ABCD。
多选题,"[2025年][河南中安]一、单选题
1
标记
收藏
操作人员易接触到的运动零部件是机械设备最危险的部位。例如，对旋式轧辊有可能卷入操作人员的手、臂或身体，进而造成伤害。为了避免这类伤害，应在此类部位安装的防护装置是（ ）。",A.钳型防护罩|B.可调式防护罩|C.联锁防护装置|D.金属防护网|A.限制最大应力|B.隔离动力供应|C.安装保护装置|D.实现急停功能|A.机械式、电气式联锁装置用于防止危险机器功能在特定条件下运行|B.能动装置与启动控制一起使用，在不连续操作时可使机器执行预定功能|C.限制装置是用于防止机器或危险机器状态超过设计载荷限度的装置|D.行程限制装置不与机器控制系统同时作用，以控制机器元件作有限运动|A.联锁式防护装置|B.活动式防护装置|C.固定式防护装置|D.可控式防护装置|A.紧急情况|B.异常情况|C.强制执行|D.正常情况|A.隔离装置|B.平衡装置|C.限位装置|D.缓冲装置|A.安全阀适用于含固体颗粒、易沉淀结晶等介质的安全泄放|B.安全阀适用于失控放热反应的超压等压力急剧上升的工况|C.爆破片的爆破压力应在系统的最高工作压力与设计压力之间|D.安全泄放装置的额定泄放量应小于系统安全泄放量|A.关节活动度|B.上臂推举力|C.人体耗氧量|D.人体表面积|A.30km/h|B.40km/h|C.15km/h|D.10km/h|A.炸药的燃烧速率与炸药的组成和物理结构有关，与环境压力无关|B.在炸药中加入少量的二苯胺是为了改善炸药的燃烧特性和安全性|C.炸药的燃烧表面积与炸药表面的粗糙度有关，与几何形状无关|D.许多炸药的氧化剂和还原剂共存于炸药分子内，使爆炸过程极快|A.红热的坯料、锻件及飞溅氧化皮温度高，可造成灼烫|B.红热的坯料、锻件及飞溅氧化皮遇可燃物，可引发火灾|C.锻造作业工作环境恶劣且产生振动，可造成高处坠落|D.锻件或工具被打飞、模具或冲头打崩，可导致机械伤害|A.通过结构设计来解决乳化炸药装药机叶片泵内存有死角的问题|B.输送乳化炸药的装药机在设计制造时采取降低机械摩擦的措施|C.制定能指导乳化炸药生产作业的工艺技术规程和安全操作规程|D.乳化炸药生产车间内的所有防爆电气线路使用厚壁PVC管穿线|A.依危险化学品泄漏情况疏散无关人员|B.任何泄漏应先消除泄漏区域内的火源|C.气体和液体泄漏时应立刻切断泄漏源|D.固体泄漏时用适当的工具收集泄漏物|A.接地线与管道的连接可采用镀铜件螺纹连接|B.接地线穿越建筑物沉降缝时应弯成弧状|C.接地装置地下部分的连接应用抱箍螺纹连接|D.有伸缩缝的自然导体可以直接用作接地线|A.2%|B.3%|C.4%|D.5%|A.工作绝缘|B.绕组绝缘|C.加强绝缘|D.保护绝缘|A.粉尘湿度越大，爆炸危险性越小|B.粉尘粒度越小，爆炸危险性越小|C.粉尘分散度越高，爆炸危险性越小|D.粉尘初始温度越高，爆炸危险性越小|A.作业环境较差的场所，应采用封闭式的配电箱（柜）|B.装设在箱（柜）外表面的电气元件不应加装额外的屏护|C.有导电性粉尘的作业场所，不应安装密闭式箱（柜）|D.落地安装的箱（柜）操作手柄中心高度不宜超过1.6m|A.本质安全型设备，故障状态下产生的火花可点燃爆炸性混合物|B.在爆炸危险环境应尽量使用携带式、移动式设备、室外插销座|C.直流110V及以下的电气设备应保护接零（地），并等电位联结|D.爆炸危险环境有剧烈振动处应选用单股铜芯软线或单股铜芯电缆|A.爆炸均产生高温，可能导致灼烫|B.爆炸均产生冲击，可能导致伤亡|C.爆炸均产生强光，可能导致失明|D.爆炸均产生毒气，可能导致中毒|A.能量特征是标志火药作功能力的参量，一般是指100g火药燃烧时气体产物所作的功|B.力学特性是火药要具有相应的强度，能承受在使用和处理时各种力的作用|C.燃烧特性是标志火药能量释放的能力，取决于火药有效成分的燃烧药量及其燃烧热|D.安定性是指火药在生产、储存、运输和使用过程中，不发生燃烧、爆炸|A.易燃液体-Ⅰ类包装|B.危险性大的自热物质-Ⅱ类包装|C.中等危险性的货物-Ⅲ类包装|D.退敏爆炸品-Ⅲ类包装|A.0区|B.21区|C.1区|D.20区|A.用于防止触电的遮栏总体高度应不小于1.5m|B.用于防止触电的户外栅栏高度应不小于1.2m|C.金属材料制成的屏护装置不应保护接零（地）|D.屏护装置上应有醒目的、正确的警示标示牌|A.危险化学品装卸前，应对运输工具进行必要的通风和清扫|B.危险化学品装卸过程中，不得与普通货物混合堆放|C.当采取可行的安全措施时，可用铁质底板车运输强氧化剂|D.当采取可行的安全措施时，可用翻斗车运输液化石油气罐|A.Ⅰ级|B.Ⅱ级|C.Ⅲ级|D.Ⅳ级|A.25%|B.55%|C.70%|D.40%|A.固定式龙门钩|B.夹具吊钩|C.万向吊钩|D.C型吊钩|A.利用极限位置限制器停车|B.接近人时发出断续铃声示警|C.作业过程中进行检查与维修|D.带载调整变幅机构的制动器|A.可降低金属构件的刚度|B.可破坏金属构件的形状|C.可改善金属零件的功能|D.可降低金属零件的寿命|A.阀门等操作机构润滑状况|B.管道和管件等的腐蚀减薄状况|C.安全阀、压力表等运行状况|D.管线阴极保护装置的运行状况|A.自动断路阀隔爆装置|B.主动式隔爆装置|C.机械阻火器|D.管道换向隔爆装置|A.固定式防护装置不应遮挡剪切线|B.剪板机不应设置单次循环模式|C.剪板机紧急停机按钮应设置在侧面|D.防护装置安全距离应按操作速度确定|A.适用于泄爆易产生二次爆炸的设备|B.适用于对力学强度要求较高的设备|C.适用于无法或不便设泄爆口,BC,本题主要考查的是安全电源和回路配置，属于高频考点。做题思路：掌握安全隔离变压器的设置要求。ADE错误，BC正确。过苯甲酸是一种有机化合物，具有一定的腐蚀性和刺激性。处理方法主要有分解，烧毁，填埋。故选BC。
多选题,[2025年][河南中安]某人机系统的构成如图所示。机器工作时可靠度为0.95。系统中存在两名对机器进行监控的操作人员，手中均有一个开关，可靠度均为0.90。当操作人员发现机器异常，且工作人员正常可靠时均可以切断电源。下列在不同状况下可靠度的计算中，正确的有（）。,A.正常状况时，操作人员不切断电源的可靠度为0.8100|B.异常状况时，操作人员切断电源的可靠度为0.9900|C.正常状况时，两人监控的人机系统的可靠度为0.7695|D.异常状况时，两人监控的人机系统的可靠度为0.9405 E 任何状况下，两人监控的人机系统的可靠度为0.9905,ABCD,本题主要考查的是安全电源和回路配置，属于高频考点。做题思路：掌握安全隔离变压器的设置要求。A正确，正常状况下，操作人员不切断电源，即两个开关都可靠不动作，可靠度为0.90×0.90＝0.8100；B正确，异常状况时，操作人员切断电源，只需至少一个开关动作即可。可靠度为1－（1－0.90）（1－0.90）＝0.99；C正确，正常状况时，人机系统可靠度为“机器可靠且人员不切断电源”，即0.95×0.8100＝0.7695；D正确，异常状况时，人机系统可靠度为“机器故障或人员切断电源”，即0.99×0.95＝0.9405；E错误，错在“任何状况下”。任何状况下系统可靠度需结合正常和异常状况，并非简单计算。故选ABCD。
多选题,[2025年][河南中安]根据《化学品安全技术说明书内容和项目顺序》（GB/T16483）和《全球化学品统一分类和标签制度》（GHS），化学品安全技术说明书（MSDS）需涵盖化学品全生命周期管理信息，包括理化特性、其在技术说明书的16大项内容。下列MSDS的信息中，属于GB/T16483和GHS要求的有（）。,A.应列明生产过程中涉及的主要化学品原料的供应商信息|B.包含化学品的UN编号、运输包装类别及国际运输合规指引|C.提供化学品生产企业的碳排放数据及环境管理体系认证信息|D.明确职业接触限值、工程控制措施及呼吸防护器具选型标准 E 供海关核查的进口化学品GHS标签合规性的技术依据,BD,本题主要考查的是化学品安全技术说明书（MSDS）。做题思路：掌握化学品安全技术说明书（MSDS）的内容。BDE正确，C错误，错在“碳排放数据及环境管理体系认证信息”。碳排放数据、环境管理体系认证信息是企业自身环保管理相关内容，并非化学品本身的安全技术信息，不属于MSDS强制涵盖项；安全技术说明书的16大项内容中第6项为供应商标识，具体内容是供应商名称、地址、邮编和电话等。该供应商可以是生产企业或贸易企业，原料供应商通常不强制要求标注‌，除非涉及特定法规或特殊化学品，故A选项不建议选。故选BDE。
